,run,topic,terms,p
,9.350226509053175e-05
1,1,0,solvent_molecule_dimethylformamide,8.585351486992325e-05
2,1,0,x_ray_interferometer,8.562120086878277e-05
3,1,0,racemic_mixture,8.335883351752321e-05
4,1,0,prime_glycine,8.297965060367784e-05
5,1,0,vm_asymmetric_unit_molecule,8.270713728848915e-05
6,1,0,methylate_dna_repair_dna,8.262193412126276e-05
7,1,0,c_axis,8.209084120571784e-05
8,1,0,coii_atom,8.208554533660839e-05
9,1,0,clathrin_recruitment,8.207838140766074e-05
10,1,1,electron_delocalization,8.9172912201975e-05
11,1,1,a_factor_regulatory_cascade,8.63180675381571e-05
12,1,1,insect_cell,8.461773053954073e-05
13,1,1,hydration_water_molecule,8.433028840845025e-05
14,1,1,electron_accelerator,8.426852371634115e-05
15,1,1,crystallographic_symmetry_anion,8.236800088808517e-05
16,1,1,specie_oligomeriz,8.231504956115179e-05
17,1,1,chemistry_geometry_role,8.224213784819784e-05
18,1,1,cobalt_hydrogenpyrophosphate_dihydrate,8.211565337439961e-05
19,1,1,conjoint_ring,8.155145794447529e-05
20,1,2,dppm_ligand,8.55964554639986e-05
21,1,2,adjacent_mononuclear_unit,8.487207217858739e-05
22,1,2,electronic_density,8.439866688551305e-05
23,1,2,rmerge_value,8.391117445018576e-05
24,1,2,slow_evaporation_method,8.312601437184172e-05
25,1,2,standard_bragg_angle,8.28469175527753e-05
26,1,2,phase_approximation,8.27394608737684e-05
27,1,2,factor_temperature,8.243804495895623e-05
28,1,2,inky_cap,8.240509649999267e-05
29,1,2,scatter_measurement,8.201921031882543e-05
30,1,3,gyration_r_radius,8.735821801204558e-05
31,1,3,pyrimidine_ring_centre_lie,8.570188217673382e-05
32,1,3,datum_detwin_sufficient_information,8.447480735524636e-05
33,1,3,synchrotron_radiation_source,8.42010315859786e-05
34,1,3,inhibitor_transferase,8.405974019042747e-05
35,1,3,catalytic_process,8.31274784149652e-05
36,1,3,trigonal_form,8.309629170852628e-05
37,1,3,mononucleotide_dependent_manner,8.308469781021711e-05
38,1,3,certain_general_algebraic_formula,8.278394361540623e-05
39,1,3,parameter_study_microreactor,8.267409844321163e-05
40,1,4,o_c_aring_h,8.758318314668153e-05
41,1,4,ni_presence,8.473805265690671e-05
42,1,4,dimensional_sheet_structure,8.433600854044289e-05
43,1,4,s_bond_length,8.367228848137832e-05
44,1,4,vivo_activity,8.316372072566324e-05
45,1,4,deep_study,8.241472997366385e-05
46,1,4,fuse_benzene_ring_substituent,8.218779316791866e-05
47,1,4,prime_ligand_nitrogen_donor,8.195172399831779e-05
48,1,4,polyamine_metal_cation,8.19478583769004e-05
49,1,4,low_rim,8.182385697475233e-05
50,1,5,cyanide_group_c_atom,8.81376885358249e-05
51,1,5,dimeric_n_protein_structure,8.406697125551237e-05
52,1,5,phase_error_estimate,8.377017171473072e-05
53,1,5,x_ray_reflectivity,8.326600110273291e-05
54,1,5,pressure_band_gap_increase,8.321514209772377e-05
55,1,5,conformational_corner,8.271280029961591e-05
56,1,5,deg_lead,8.251486879588249e-05
57,1,5,distort_octahedral_coordination_geometry,8.235948314162523e-05
58,1,5,molecule_planar_cavity,8.117910636704689e-05
59,1,5,main_dimension,8.108303898440033e-05
60,1,6,ligand_bind_pocket,8.735220926115399e-05
61,1,6,formal_coordination_polyhedron,8.417694076375898e-05
62,1,6,different_crystal_form,8.40242903195357e-05
63,1,6,chelate_acetate_ligand,8.386539104016646e-05
64,1,6,classical_hydrogen_bond,8.326325303777115e-05
65,1,6,real_space_structure,8.208208838246551e-05
66,1,6,different_conformation,8.203296067270808e-05
67,1,6,anion_structure,8.198814739121661e-05
68,1,6,cation_sphere,8.184650848186496e-05
69,1,6,terminal_helix,8.147168633881169e-05
70,1,7,half_occupancy_special_position,8.476034645643054e-05
71,1,7,glycerol_fermentation,8.411812307074786e-05
72,1,7,se_peak_wavelength,8.41033781111385e-05
73,1,7,position_butylamine_chain_skeleton,8.332101179502634e-05
74,1,7,charge_interpolation_method,8.226204346496251e-05
75,1,7,net_dimensional_lattice,8.21131498037179e-05
76,1,7,broaden_size,8.201678427256635e-05
77,1,7,usp_ecr_subunit,8.186250494237239e-05
78,1,7,lonsdaleite_dimensional_diamond,8.12904319085736e-05
79,1,7,d_ring_envelope,8.048774191659145e-05
80,1,8,seiv_ion_lone_pair,8.457439874237417e-05
81,1,8,x_ray_exposure,8.321194450809512e-05
82,1,8,gatenet_module,8.318121015419429e-05
83,1,8,anion_f_atom,8.28252178582507e-05
84,1,8,n_h_form_plane,8.176077759523792e-05
85,1,8,anomalous_scatter_term,8.171120670271452e-05
86,1,8,cysteine_catabolism,8.170831535235595e-05
87,1,8,molecular_mask_derivation,8.151455393531933e-05
88,1,8,large_molecule_crystallography,8.150965253600632e-05
89,1,8,integration_project,8.134134779882553e-05
90,1,9,minus_w_mm,8.422325620844103e-05
91,1,9,zeolite_like_borosilicate,8.374609598582215e-05
92,1,9,potassium_cobalt_hydrogenpyrophosphate_dihydrate,8.344042435461253e-05
93,1,9,equine_arteritis_virus,8.326530482311697e-05
94,1,9,conjoint_ring_motif,8.275254134053647e-05
95,1,9,cellular_signal,8.205466752470571e-05
96,1,9,aring_resolution,8.165379036774654e-05
97,1,9,phenyl_ring_pyrazole_ring,8.15872404848941e-05
98,1,9,ferroelectric_oxide_bismuth_titanate,8.158176041290702e-05
99,1,9,trhepd_station,8.113694166128374e-05
100,1,10,minus_nbsp,8.938121764685588e-05
101,1,10,initial_crystallographic_result,8.645421647154633e-05
102,1,10,crystal_single_enantiomer,8.344461081898515e-05
103,1,10,pd_s_distance,8.279335996303187e-05
104,1,10,great_motional_freedom,8.277278653453999e-05
105,1,10,reconstruct_surface,8.241574276118408e-05
106,1,10,malonyl_recombinant_oks_molecule,8.209003881364964e-05
107,1,10,case_twin_operation,8.139954671692692e-05
108,1,10,general_interest_question,8.129693906312986e-05
109,1,10,lang_projection,8.105499602139888e-05
110,1,11,nucleoside_diphosphate_phosphorylation,8.557906358883412e-05
111,1,11,three_v,8.533793365141288e-05
112,1,11,beam_intensity,8.523464988153792e-05
113,1,11,rna_bind_domain,8.42073404808444e-05
114,1,11,crystal_type,8.352150120498834e-05
115,1,11,deg_rotation,8.352027976464144e-05
116,1,11,carbon_dichlorobenzene_isonicotinamide,8.248629717893776e-05
117,1,11,type_ii_crystal,8.247103407225561e-05
118,1,11,modify_overlap_sphere_method,8.236127642447232e-05
119,1,11,monochromatic_neutron,8.20780472332171e-05
120,1,12,free_base,8.897586186668526e-05
121,1,12,bridge_thiocyanate,8.574091773194637e-05
122,1,12,unique_molecule,8.476525242677122e-05
123,1,12,fix_phasis,8.470703458448781e-05
124,1,12,asymmetric_dinuclear,8.404973795245567e-05
125,1,12,background_intensity,8.378000590111114e-05
126,1,12,x_ray_diffract_crystal,8.302824685441591e-05
127,1,12,real_space,8.272198237112916e-05
128,1,12,holmium_derivative,8.247206653003336e-05
129,1,12,structural_characterisation,8.234582552218692e-05
130,1,13,quantum_tunnel,8.53539349324513e-05
131,1,13,white_radiation,8.516341173841535e-05
132,1,13,flack_parameter_resonant_scatter,8.35337082962856e-05
133,1,13,femtosecond_nanocrystallography_experiment,8.3276785347025e-05
134,1,13,magnetic_domain_pair_domain,8.285642828078571e-05
135,1,13,aring_non_h_atom,8.19119985608383e-05
136,1,13,r_distance_appropriate_integer,8.1888072558847e-05
137,1,13,li_ion_battery_generation,8.129500686315692e-05
138,1,13,anisotropic_scale_matrix_component,8.111850506936672e-05
139,1,13,oxime_group_e_configuration,8.09925833141686e-05
140,1,14,williopsis_mrakii_killer_toxin,8.639769338821132e-05
141,1,14,appropriate_multiscale_approach,8.426991876863141e-05
142,1,14,correspond_topographic_dislocation_image,8.401451357524113e-05
143,1,14,distinct_interaction,8.255696010159293e-05
144,1,14,orthorhombic_rubrene,8.249610026519426e-05
145,1,14,isoquinoline_ring_system,8.241195521241368e-05
146,1,14,general_mathematical_problem,8.238050559662221e-05
147,1,14,ortho_methyl,8.226342444887569e-05
148,1,14,thickness_close_region,8.177000717982912e-05
149,1,14,quench_electrophilic_lithiation,8.16666357347712e-05
150,1,15,rotation_axis_element_precision,8.466212463634539e-05
151,1,15,graph_set_pattern_form,8.405402584797416e-05
152,1,15,ring_steroid,8.399620385778855e-05
153,1,15,bismuth_titanate,8.324569964809084e-05
154,1,15,osx_conserve_fragment,8.30838183336319e-05
155,1,15,emission_line_radiation,8.235006061218932e-05
156,1,15,plane_parallel_sample,8.196694007718552e-05
157,1,15,therapeutic_approach,8.132063544509613e-05
158,1,15,dengue_infection_chemotherapy_protease,8.117950020008112e-05
159,1,15,urea_molecule_water,8.079499668365688e-05
160,1,16,pi_pi_pi,8.354095690206578e-05
161,1,16,different_wavelength_phase_capability,8.279978246494019e-05
162,1,16,seven_concentric_group,8.26616544675553e-05
163,1,16,ir_bond,8.228215502095692e-05
164,1,16,conventional_expression_failure,8.192942535550671e-05
165,1,16,phase_merit_likely_figure,8.174340920013991e-05
166,1,16,inverse_gross_physical_property,8.143235312278685e-05
167,1,16,simple_apparatus,8.11328861590887e-05
168,1,16,peer_review_score,8.096290525042046e-05
169,1,16,asymmetric_unit_dimer,8.094551660849011e-05
170,1,17,require_deg_rotation,8.955751733117922e-05
171,1,17,manning_condensation_theory_prediction,8.639103949623443e-05
172,1,17,closely_comparable_geometry,8.629865702383435e-05
173,1,17,hrsvn_previous_structure_contrast,8.311219267274076e-05
174,1,17,twin_operation,8.290934451598836e-05
175,1,17,start_model,8.287692684963956e-05
176,1,17,layer_linkage,8.264547781702297e-05
177,1,17,structural_insight,8.224077293345155e-05
178,1,17,common_use,8.194513906598277e-05
179,1,17,hirudin_c_terminal_peptide,8.158672478104027e-05
180,1,18,complex_sample_element_speciation,8.68680297261137e-05
181,1,18,different_molecular_fragment,8.600181960495733e-05
182,1,18,unsmooth_scatter_datum,8.554298168170498e-05
183,1,18,molecule_pair,8.44484558185037e-05
184,1,18,pdf_investigate_real_space,8.399383112895402e-05
185,1,18,p_bond,8.380273115679118e-05
186,1,18,deaminase_product,8.269555085756358e-05
187,1,18,pichia_pastoris,8.235633256370488e-05
188,1,18,comprehensive_characterization,8.190974533204633e-05
189,1,18,mix_ligand,8.185646054610848e-05
190,1,19,plusmn_bth_result,8.580066640918161e-05
191,1,19,statistical_model,8.408935757472214e-05
192,1,19,radiation_k_alpha_line,8.407766628295397e-05
193,1,19,anomalous_diffraction_datum,8.365628410131395e-05
194,1,19,x_ray_induce_change,8.362584135531022e-05
195,1,19,si_wafer,8.318336482941445e-05
196,1,19,classical_static_structural_characterisation,8.297111983094595e-05
197,1,19,trimethylphenyl_ring,8.174806378107443e-05
198,1,19,aspergillus_aculeatus,8.165754449124636e-05
199,1,19,cluster_size,8.154971899277321e-05
0,2,0,nanoparticle_advective_motion,8.472226772645333e-05
1,2,0,superspace_group_gamma,8.433517711941379e-05
2,2,0,unambiguous_sequence_assignment,8.41306666210737e-05
3,2,0,wide_range,8.400153068804692e-05
4,2,0,line_defect,8.372122148432695e-05
5,2,0,square_pyramidal_arrangement,8.341515675346306e-05
6,2,0,aring_set_datum,8.278897605059103e-05
7,2,0,tem_transmission_electron_microscopy,8.265454904739303e-05
8,2,0,generator_group,8.258464535109358e-05
9,2,0,anticipate_value,8.241299981229137e-05
10,2,1,oxetane_ring,8.368400692292725e-05
11,2,1,shoulder_girdle,8.299611721035956e-05
12,2,1,datum_angular_increment,8.292673650396797e-05
13,2,1,subtype_b,8.25776468000925e-05
14,2,1,open_phenomenon_problem,8.230745277522921e-05
15,2,1,ybiii_atom,8.209804383274107e-05
16,2,1,similar_device,8.187021727528166e-05
17,2,1,petn_know_require_transferase,8.158470445689485e-05
18,2,1,carbazolyl_fragment,8.148081494734337e-05
19,2,1,ergotamine_epimerization_reaction,8.125840481713291e-05
20,2,2,tpsi_phase_structure_invariant,8.998592181728688e-05
21,2,2,single_line_defect,8.593729871541666e-05
22,2,2,thorough_study,8.490548244151033e-05
23,2,2,zwitterionic_form,8.46931712160372e-05
24,2,2,range_distance,8.439737582568428e-05
25,2,2,sulfadiazine_s_atom,8.391349311268901e-05
26,2,2,tetrahedron_bridge,8.238529527114688e-05
27,2,2,dimensional_search_small_set,8.226417857535074e-05
28,2,2,photographic_method,8.156949588140426e-05
29,2,2,hps_crystal_dissolution,8.153048558266926e-05
30,2,3,uncertainty_reflection_intensity_estimate,8.772124824940071e-05
31,2,3,different_pair,8.484662081337829e-05
32,2,3,r_know_configuration,8.437616052899371e-05
33,2,3,organic_nature,8.386290239384666e-05
34,2,3,cubic_langbeinite_type_structure,8.32286074226868e-05
35,2,3,crystal_contact,8.290195883292022e-05
36,2,3,remain_atom,8.25376778573124e-05
37,2,3,middot_isomer,8.24057968796891e-05
38,2,3,coherent_inelastic_cross_section,8.236016768931053e-05
39,2,3,noncoordinated_thiourea_molecule,8.229663215562827e-05
40,2,4,crystal_cation_distribution_determination,8.473975541590965e-05
41,2,4,size_artifact,8.469185988510493e-05
42,2,4,nonspecific_cross_link_complex,8.45179384946238e-05
43,2,4,generate_pulse,8.386296981613208e-05
44,2,4,total_numb,8.365733196461891e-05
45,2,4,reliability_factor,8.356008643783128e-05
46,2,4,imidazole_molecule,8.327603165252482e-05
47,2,4,new_phosphate_crystal_structure,8.319775083092392e-05
48,2,4,focal_spot,8.296181451314151e-05
49,2,4,moir_theory,8.209110212773771e-05
50,2,5,ambient_pressure,8.456734905302165e-05
51,2,5,complete_model,8.286710920329351e-05
52,2,5,label_vector,8.282896616018198e-05
53,2,5,stoe_furnace,8.251693685805078e-05
54,2,5,molecular_mean_field_model,8.24507106711972e-05
55,2,5,different_temperature,8.188931664551835e-05
56,2,5,incident_neutron_wavelength,8.180073443539413e-05
57,2,5,general_pack_property_determination,8.165172464306805e-05
58,2,5,f_link,8.164689291348715e-05
59,2,5,stoe_stadi_p_powder,8.164606620694849e-05
60,2,6,cell_length,8.795946485769703e-05
61,2,6,columnar_arrangement_organization,8.686762092293372e-05
62,2,6,anion_one_f_atom,8.565287226589727e-05
63,2,6,obtain_result,8.502072585990667e-05
64,2,6,acid_gene_product,8.416256835127925e-05
65,2,6,image_bragg_reflection,8.403983871547447e-05
66,2,6,microdefect_inclusion,8.40268975656251e-05
67,2,6,beta_sheet,8.400086827334741e-05
68,2,6,bridge_nature,8.369019728283476e-05
69,2,6,spallation_neutron_source,8.328932222832503e-05
70,2,7,carbonyl_methylamino,8.483874776431147e-05
71,2,7,escherichia_coli_clone_expression,8.325209472235039e-05
72,2,7,alpha_structure_type,8.324968203411079e-05
73,2,7,phosphonoacetate_carbonyl,8.286842436550463e-05
74,2,7,powder_speciman,8.283214272892682e-05
75,2,7,malonate_dianion_contain,8.219734578318301e-05
76,2,7,prime_imidazole,8.185571496960658e-05
77,2,7,catalysis_view_point_interest,8.176854879372943e-05
78,2,7,hydrogen_bond_system,8.163843709399202e-05
79,2,7,be_bdc_ligand,8.153816490495401e-05
80,2,8,triazole_group,8.740301439224277e-05
81,2,8,mnii_cation,8.59792211231647e-05
82,2,8,vector_representative,8.51943144798354e-05
83,2,8,loop_form_cleave_complex,8.508430918639887e-05
84,2,8,terminal_phenyl_phenylene_ring,8.431595456316391e-05
85,2,8,dynamic_beam,8.360693058812144e-05
86,2,8,systematic_perturbation,8.351651148317312e-05
87,2,8,quinohaemoprotein_alcohol,8.348746055951736e-05
88,2,8,anhydrous_hemihydrate_paroxetine_arrangement,8.344758299404512e-05
89,2,8,ribbon_like_structure,8.327527051158773e-05
90,2,9,n_terminal_jmjc_domain,8.566825847020092e-05
91,2,9,phosphate_ribosyl,8.46512515391607e-05
92,2,9,short_hydrogen,8.44730497929159e-05
93,2,9,main_difference,8.347005710988098e-05
94,2,9,gel_filtration,8.24070570164764e-05
95,2,9,m_edge_study,8.190234530512294e-05
96,2,9,be_bdc_ligand,8.184758811884798e-05
97,2,9,basal_plane,8.154249775257092e-05
98,2,9,volume_twin_domain,8.140907274814677e-05
99,2,9,specific_hear,8.094959856033048e-05
100,2,10,delta_c_h,9.084749607582563e-05
101,2,10,topological_relation,8.584853751752103e-05
102,2,10,parallel_gold_like_lattice,8.545178049612126e-05
103,2,10,input_datum,8.487138080683918e-05
104,2,10,free_electron,8.42834232259035e-05
105,2,10,tetragonal_space_group,8.358788015795483e-05
106,2,10,bidentate_chelate_sulfate_ligand,8.278341615246113e-05
107,2,10,foil_unit_area_mass,8.261787522129767e-05
108,2,10,syncytial_virus,8.214748520089481e-05
109,2,10,r_minus,8.145245468868489e-05
110,2,11,fully_occupy_deg,8.338275998380845e-05
111,2,11,crystal_in_o_h,8.301468537058682e-05
112,2,11,cortistatin_bioactive_natural_product,8.239371066982583e-05
113,2,11,molecule_anion,8.22695570505476e-05
114,2,11,line_width,8.194621493070242e-05
115,2,11,prime_ligand_nitrogen_donor,8.159752498934528e-05
116,2,11,useful_precursor,8.153886553199334e-05
117,2,11,microbial_gaba_transaminase,8.152277628450563e-05
118,2,11,ordinary_imperfect_crystal,8.137347837960292e-05
119,2,11,poly_cins_polycrystal,8.134936609240326e-05
120,2,12,nitro_group_atom,9.032573971190856e-05
121,2,12,c_h_n,8.591224085084955e-05
122,2,12,crystal_time_nucleus,8.493903997836106e-05
123,2,12,weak_intermolecular_pyrimidine,8.395405328178068e-05
124,2,12,relatively_fast_measurement,8.31154326617806e-05
125,2,12,specificity_confer_likely_residue,8.307046586687982e-05
126,2,12,tetrahedral_coordination_environment,8.295074007418791e-05
127,2,12,bowman_birk_type_inhibitor,8.286528535227997e-05
128,2,12,benzene_ring_c_atom,8.26002142244031e-05
129,2,12,ewald_method_general_principle,8.256230981672397e-05
130,2,13,distort_octahedral_coordination,8.892037806378808e-05
131,2,13,silicon_nitride_nanocrystalline_powder,8.731270735683578e-05
132,2,13,bond_angle_bond_distance,8.522344595802918e-05
133,2,13,class_b_acid_phosphatase,8.438560473902014e-05
134,2,13,search_space,8.395255858433474e-05
135,2,13,hrsvn_previous_structure,8.392054360337146e-05
136,2,13,l_edge_spectroscopy,8.304608799045637e-05
137,2,13,coordinate_methanol_molecule,8.241968287932387e-05
138,2,13,fortran_iv,8.208283991691373e-05
139,2,13,phenylene_ring,8.199426263630172e-05
140,2,14,phenyl_ring_pyrazoline_ring,9.031503058563443e-05
141,2,14,dysprosium_trinitrate,8.777390899233437e-05
142,2,14,aring_o_bond,8.769661662872384e-05
143,2,14,ti_k_a_edge,8.682869069761036e-05
144,2,14,linac_linear_electron_accelerator,8.564488886516705e-05
145,2,14,low_content_component,8.512349333758864e-05
146,2,14,ubiquitin_proteasome_system,8.452811893419839e-05
147,2,14,high_temperature_phase,8.452192949331668e-05
148,2,14,regular_near_neighbour_order,8.425445137100299e-05
149,2,14,drop_crystal,8.407428688633654e-05
150,2,15,expression_pattern,8.883094647716028e-05
151,2,15,c_c_chain,8.714020043782562e-05
152,2,15,local_cs_symmetry,8.421694138287157e-05
153,2,15,aring_deviation,8.394783517426627e-05
154,2,15,o_h_intramolecular_molecule,8.359693423348253e-05
155,2,15,crystal_system,8.280382683260194e-05
156,2,15,paris_edinburgh_press,8.266936074970751e-05
157,2,15,minor_twin_component,8.25329642868182e-05
158,2,15,primary_imine,8.200401321270526e-05
159,2,15,butylamine_chain_skeleton,8.195680913297423e-05
160,2,16,nitrogen_boron_heterocycle,8.432660869535137e-05
161,2,16,symmetry_role,8.4044354550025e-05
162,2,16,uncoordinated_o_atom,8.259891130167068e-05
163,2,16,detail_discussion,8.194705911532301e-05
164,2,16,close_interaction,8.192268096024053e-05
165,2,16,extend_structure_stabilization,8.186956064160463e-05
166,2,16,troika_concept,8.169497977235315e-05
167,2,16,benzopyranone_ring,8.148876333726554e-05
168,2,16,close_position,8.112138542850655e-05
169,2,16,host_framework,8.091844715121548e-05
170,2,17,quinolizidine_moiety,8.763725058951955e-05
171,2,17,methyl_ester_chain,8.685511309203484e-05
172,2,17,mass_fractal_dimension,8.224685290005162e-05
173,2,17,extend_chain,8.210590387057301e-05
174,2,17,programme_problem,8.173971902859267e-05
175,2,17,iron_large_abundance,8.160136289555312e-05
176,2,17,new_derivative,8.113511172018446e-05
177,2,17,previous_theoretical_experimental_value,8.109150873199688e-05
178,2,17,bifunctional_ligand,8.103066064365213e-05
179,2,17,average_structure,8.09595584873603e-05
180,2,18,pi_pyrazine_pyrazine,8.58198281999693e-05
181,2,18,borazine_ring_atom,8.538349014218105e-05
182,2,18,extensive_hydrogen_bond_pattern,8.452537181339592e-05
183,2,18,salmonella_enterica_serovar,8.386949535772492e-05
184,2,18,sample_grain_orientation,8.31686414302327e-05
185,2,18,macroscopic_scale,8.292656530830073e-05
186,2,18,detergent_presence,8.244090021894689e-05
187,2,18,square_pyramidal_configuration,8.107900358187475e-05
188,2,18,beamline_angular_acceptance,8.099720174519874e-05
189,2,18,rh_n_bond_length,8.082963085905336e-05
190,2,19,nitrate_anion,8.584250114276286e-05
191,2,19,tensile_test,8.57694417837636e-05
192,2,19,chemical_shift,8.498684291378633e-05
193,2,19,simple_trigonometric_form,8.483330894752433e-05
194,2,19,deprotonat_ligand,8.360443430343928e-05
195,2,19,terpyridine_transition_metal_complex,8.30086671705546e-05
196,2,19,substrate_dutp,8.293582799824266e-05
197,2,19,vehicle_alternative_fuel_source,8.249766880812019e-05
198,2,19,large_ribosome_crystal,8.231657343585311e-05
199,2,19,drop_quality,8.193759115035074e-05
200,2,20,single_crystal_diffraction,8.817966426696652e-05
201,2,20,type_ii_merohedry,8.597091096904726e-05
202,2,20,influenza_virus,8.466393079151935e-05
203,2,20,tool_algorithm,8.438520473662003e-05
204,2,20,bone_formation_critical_step,8.428100073494012e-05
205,2,20,planar_chemical_structure_conformation,8.417795542234503e-05
206,2,20,centrosymmetric_pair_compose_layer,8.39937790077292e-05
207,2,20,primary_ammonium_salt,8.361326305468452e-05
208,2,20,benzimidazole_ring,8.340764677991738e-05
209,2,20,lead_intermolecular_c_h,8.306140705380713e-05
210,2,21,key_active_site_residue,8.749546079070979e-05
211,2,21,neighbour_picrate,8.657357047155438e-05
212,2,21,polarization_state,8.644760812679186e-05
213,2,21,form_membered_metal_cycle,8.584834654862081e-05
214,2,21,fad_degradative_pathway,8.39998366238292e-05
215,2,21,normal_access,8.377291419351346e-05
216,2,21,b_cell_parameter,8.324736606583038e-05
217,2,21,carboxy_group_hydrogen_bond,8.314941844838735e-05
218,2,21,relate_xylanas,8.196673538104467e-05
219,2,21,significant_conformational_flexibility,8.151439349201865e-05
220,2,22,isopropanol_acetone_ethanol,8.493200506385865e-05
221,2,22,dimensional_space,8.460372800149436e-05
222,2,22,minor_component,8.37674488704225e-05
223,2,22,practical_set,8.281554573149103e-05
224,2,22,diffract_intensity_new_expression,8.261425814986832e-05
225,2,22,n_terminal_tail,8.211108491471046e-05
226,2,22,beamline_angular_acceptance,8.190157600162557e-05
227,2,22,bridge_pair,8.18851121390968e-05
228,2,22,weak_pi,8.168801331547278e-05
229,2,22,de_novo_ncs_average,8.144172907359226e-05
230,2,23,hydrido_ligand,8.47074312354446e-05
231,2,23,five_example,8.466651815717746e-05
232,2,23,partially_occupy_molecule_deg,8.421694654913087e-05
233,2,23,phase_relation,8.400537187690162e-05
234,2,23,porphyrin_molecule,8.301405101888058e-05
235,2,23,probabilistic_estimate,8.283177792751179e-05
236,2,23,simulate_datum_set,8.250554047513582e-05
237,2,23,square_pyramidal_coordination_environment,8.246546247109446e-05
238,2,23,short_n_n_bond,8.20844765716124e-05
239,2,23,molecule_conformation,8.202225506102555e-05
240,2,24,mix_ligand_specie_evidence,8.979763306369432e-05
241,2,24,mu_n,8.502219708985458e-05
242,2,24,theoretical_myoglobin,8.474579731259706e-05
243,2,24,neutron_path,8.348057380929874e-05
244,2,24,three_v_atom,8.347568256041896e-05
245,2,24,pi_s_pi,8.327679945224736e-05
246,2,24,atom_paucity,8.313186299500142e-05
247,2,24,novel_modification,8.294001811651987e-05
248,2,24,new_phase_method_basis,8.271000266967615e-05
249,2,24,ideal_orientation,8.26748741708534e-05
250,2,25,reflection_intensity,8.558032579090318e-05
251,2,25,mirror_symmetric_array,8.387832617992016e-05
252,2,25,thorough_analysis,8.387151236231914e-05
253,2,25,holz_line,8.374936837409978e-05
254,2,25,membrane_proximal,8.3459345469511e-05
255,2,25,monoclinic_space_group,8.337160856037628e-05
256,2,25,pseudomonas_putida,8.304424331024826e-05
257,2,25,ho_gly_oh,8.287496226320451e-05
258,2,25,dpno_moiety,8.278634892187292e-05
259,2,25,additional_stabilization,8.236957401333694e-05
260,2,26,topo_tomography_method,8.630290440794116e-05
261,2,26,incline_exo,8.3361228770719e-05
262,2,26,self_embed_intersection,8.320143318078842e-05
263,2,26,small_objective_aperture,8.288815325314601e-05
264,2,26,laue_spot_split,8.247962996873687e-05
265,2,26,extensive_dimensional_network,8.237234083945459e-05
266,2,26,macroscopic_deformation,8.22217930400524e-05
267,2,26,imidazolidine_ring,8.221934122995727e-05
268,2,26,pack_molecule,8.186819145003537e-05
269,2,26,ring_system_dihedral_angle,8.163799712921704e-05
270,2,27,effective_local_symmetry,8.773326302824344e-05
271,2,27,pi_interaction,8.736817239593219e-05
272,2,27,ribitol_ribose,8.580040597905666e-05
273,2,27,sugar_residue,8.542326266432644e-05
274,2,27,unknown_functional_significance_domain,8.489306809569743e-05
275,2,27,fluorobenzene_ring,8.410307417333345e-05
276,2,27,urea_molecule,8.392412062544498e-05
277,2,27,near_future,8.318951859072874e-05
278,2,27,rcconstruct_polyalanine_model,8.291794075790714e-05
279,2,27,synchrotron_radiation_aring_resolution,8.282768017923102e-05
280,2,28,molecular_detail,9.135757738755075e-05
281,2,28,antimicrobial_peptide_resistance,8.596249060616046e-05
282,2,28,ring_strain,8.39510226000573e-05
283,2,28,minus_ring,8.392203052431547e-05
284,2,28,aring_cu_distance,8.342133315309081e-05
285,2,28,widely_decade_depression_treatment,8.338869445627721e-05
286,2,28,dichloroethylamine_reaction,8.331851169283419e-05
287,2,28,function_definition_range,8.25049258645067e-05
288,2,28,amorphous_phase,8.21363717170994e-05
289,2,28,auger_electron_decay,8.192477811202223e-05
290,2,29,ratio_orientation,8.517295973216001e-05
291,2,29,oxetane_ring_planarity_deviate,8.484329003366947e-05
292,2,29,benzimidazole_cation,8.34920712633159e-05
293,2,29,datum_set_systematic_difference,8.319150693180167e-05
294,2,29,restrict_rotation,8.313471569278837e-05
295,2,29,atomic_scatter,8.250086957363044e-05
296,2,29,distortion_character,8.22306501636152e-05
297,2,29,mer_arrangement,8.202173876742344e-05
298,2,29,fuel_source,8.195285854767287e-05
299,2,29,sin_phiv,8.177333334794395e-05
300,2,30,neighbour_oxalate_anion,8.498897702820924e-05
301,2,30,fragment_dihedral_angle_deg,8.475583313001207e-05
302,2,30,biomolecular_simulation,8.324828847932124e-05
303,2,30,simple_combinatorial_type_number,8.300850005376806e-05
304,2,30,one_solution,8.267200368612501e-05
305,2,30,numerical_analytic_solution,8.249969929653182e-05
306,2,30,datum_analysis,8.207154270860898e-05
307,2,30,close_contact,8.20173053743125e-05
308,2,30,interstitial_water_molecule,8.192584483759436e-05
309,2,30,near_infrared_excitation,8.190749710599245e-05
310,2,31,discrete_cation,8.692294703779278e-05
311,2,31,undulator_period_numb,8.624720359686943e-05
312,2,31,anion_link,8.546993172548238e-05
313,2,31,imine_c_n_bond,8.538473057481773e-05
314,2,31,group_coordinate_ligand_oxidation,8.515345597219326e-05
315,2,31,double_crystal_silicon_monochromator,8.487636824407494e-05
316,2,31,graph_set_pattern,8.359851874270475e-05
317,2,31,toru_parameter,8.356026137288442e-05
318,2,31,cavity_water_molecule_rearrangement,8.310108898441317e-05
319,2,31,prime_prime_bridge_ligand,8.296602651035789e-05
320,2,32,soft_material,8.575919345364057e-05
321,2,32,anomalous_dispersion,8.542027738501686e-05
322,2,32,salt_bridge_formation_disruption,8.516674949903929e-05
323,2,32,cation_coordination_geometry,8.501268332808355e-05
324,2,32,carbonylthiourea_group_ring,8.467829395837667e-05
325,2,32,methanol_methylene_chloride,8.374037936020874e-05
326,2,32,thin_atomic_focuser_crystal,8.34948503532475e-05
327,2,32,crystal_equilibrium,8.345600944712579e-05
328,2,32,rsa_reverse_saturable_absorption,8.285504533984235e-05
329,2,32,broad_range,8.213062737124315e-05
330,2,33,electron_transport_component,9.051973354086583e-05
331,2,33,magnetic_structural_property,8.524130039267115e-05
332,2,33,strain_influence,8.257187153760674e-05
333,2,33,robl_rossendorf_beamline,8.2550457373258e-05
334,2,33,test_measurement_result,8.224154939860699e-05
335,2,33,biosynthesis_purine_de_novo,8.173807458245287e-05
336,2,33,lambda_alpha,8.150561458761512e-05
337,2,33,dimensional_parallel_layer,8.148915032480213e-05
338,2,33,sample_solution,8.135128732627863e-05
339,2,33,profile_shape,8.129549406430742e-05
340,2,34,additional_group,9.308405430043517e-05
341,2,34,layer_form_dication,9.036609312339778e-05
342,2,34,geometrical_isomer,8.700106208268623e-05
343,2,34,molecular_replacement_model,8.442757128195093e-05
344,2,34,although_chlorpropamide_polymorphic_property,8.383464850215331e-05
345,2,34,topo_tomography,8.333303991488009e-05
346,2,34,crystallographic_screw_axis,8.318790796706032e-05
347,2,34,regulate_proteolysis_important_role,8.29971147983728e-05
348,2,34,high_pressure,8.288379142140157e-05
349,2,34,soil_bacterium,8.219824756078672e-05
0,3,0,mu_middot_dihydrate,8.162801191759268e-05
1,3,0,novel_mu_n_ring,8.061475995452056e-05
2,3,0,uncoordinated_coordinate_water_molecule,8.0069920814435e-05
3,3,0,design_technique,8.001311023178234e-05
4,3,0,symmetry_relate_pair,7.945549535034114e-05
5,3,0,cyclopentyl_ring,7.943920416622921e-05
6,3,0,intermolecular_interaction_involvement,7.922874721773812e-05
7,3,0,glucose_isomerase_structure,7.846234403843843e-05
8,3,0,crystalline_inclusion_gas_clathrate,7.823605734842133e-05
9,3,0,monoclinic_crystal,7.821175262816126e-05
10,3,1,elastic_constant,8.307183222447875e-05
11,3,1,equatorial_position_cl_atom,8.125490278955522e-05
12,3,1,xu_amp,8.107917903767291e-05
13,3,1,g_similar_density,8.08660219965035e-05
14,3,1,test_measurement,8.044690747385433e-05
15,3,1,intra_ligand_bridge_group,7.912268258403986e-05
16,3,1,capsid_form_domain,7.909779327280468e-05
17,3,1,high_similarity,7.865073685537376e-05
18,3,1,external_reflection,7.833162767753612e-05
19,3,1,scale_module,7.822535207408374e-05
20,3,2,nm_ellipse_axis,8.429703179365012e-05
21,3,2,future_test_possible_material,8.0370752235206e-05
22,3,2,crystallographic_symmetry_molecule,8.022808978193965e-05
23,3,2,silicon_crystal_performance_test,7.94178870848635e-05
24,3,2,plane_bc,7.933236617294531e-05
25,3,2,k_l,7.930626993633353e-05
26,3,2,bacterial_disulfide_catalytic_process,7.908336497269878e-05
27,3,2,barbituric_acid,7.899270069534336e-05
28,3,2,complete_kinetic_arrest,7.869235663920407e-05
29,3,2,reference_photon_energy,7.853955875780407e-05
30,3,3,sequence_motif,8.388780628046942e-05
31,3,3,water_sheet_network,8.304557885892657e-05
32,3,3,needle_type,8.130174663357579e-05
33,3,3,c_o_pi,7.959015127493335e-05
34,3,3,methanol_ligand,7.9501853587049e-05
35,3,3,absolute_stereochemistry,7.918634307516001e-05
36,3,3,imidazole_ligand,7.896040229753201e-05
37,3,3,substrate_access,7.882949245841773e-05
38,3,3,bind_c_type_lectin,7.855182898549036e-05
39,3,3,chromium_vanadium_titanium_dihalide,7.838820292582436e-05
0,4,0,minus_system,7.852527546145765e-05
1,4,0,crystal_position_k,7.36042977733681e-05
2,4,0,in_middot_niii_ion,7.349197442384053e-05
3,4,0,ibm_system,7.303622852068843e-05
4,4,0,azimuthal_scan,7.296784156725686e-05
5,4,0,forward_diffract_perfect_crystal,7.285326698256067e-05
6,4,0,powder_diffraction_pattern,7.241466428268256e-05
7,4,0,certain_limitation,7.220692107786729e-05
8,4,0,develope_crystal_growth,7.20983575869088e-05
9,4,0,ring_system_pi_interaction,7.20687785420378e-05
