,run,topic,terms,p
ion,8.808346672566248e-05
1,1,0,high_energy_synchrotron,8.44409755200569e-05
2,1,0,ring_system_plane,8.41167832268513e-05
3,1,0,m_edge_study,8.311281393597367e-05
4,1,0,benzene_ring_system_acridine,8.268850183734073e-05
5,1,0,molecular_clip,8.260866552233984e-05
6,1,0,methanol_methylene_chloride,8.242885563134809e-05
7,1,0,water_methanol_solvate_molecule,8.208528679662121e-05
8,1,0,c_o_c,8.193326526647058e-05
9,1,0,new_academic_course,8.157272963560586e-05
10,1,1,image_plate_base_detector,8.681107520140526e-05
11,1,1,dilute_silica_dynamic,8.519116061478486e-05
12,1,1,metallic_cluster_nature,8.371205740125897e-05
13,1,1,b_dna,8.367440968730245e-05
14,1,1,anionic_schiff_base_ligand,8.276477266964544e-05
15,1,1,kinematic_approach,8.231269259817118e-05
16,1,1,core_shell_structure,8.209568924421893e-05
17,1,1,new_method,8.187115307845826e-05
18,1,1,helix_repeat,8.184096829105124e-05
19,1,1,direct_neutron_stream,8.137232668686906e-05
20,1,2,equatorial_position_cl_atom,8.557797492943107e-05
21,1,2,very_little_change,8.508154381864651e-05
22,1,2,small_deviation,8.424758303065996e-05
23,1,2,detail_analysis,8.412243689109302e-05
24,1,2,in_complex_binuclear,8.35315332149093e-05
25,1,2,central_cuii_ion,8.298495080435807e-05
26,1,2,x_ray_microscope,8.297097146796975e-05
27,1,2,define_examination_temperature,8.269849245169786e-05
28,1,2,holmium_isomorphous_substitution,8.253584050058929e-05
29,1,2,glide_plane_screw_axis,8.236988254325317e-05
30,1,3,oxazoline_ring,8.643200607007141e-05
31,1,3,slight_distortion,8.398341585830603e-05
32,1,3,non_crystallographic_symmetry,8.28279057852122e-05
33,1,3,l_gamma,8.278850855892523e-05
34,1,3,cubic_modification,8.264681472715229e-05
35,1,3,butanaminium_bromide_propanol,8.230078808298725e-05
36,1,3,phosphatidylinositide_pi_substrate,8.226761480281806e-05
37,1,3,disulphide_bond,8.226294808537231e-05
38,1,3,fluorobenzene_ring,8.193079338386865e-05
39,1,3,mode_mu_metal_atom,8.173960620026548e-05
40,1,4,deaminase_product,8.405583930604046e-05
41,1,4,finally_development,8.361210272484568e-05
42,1,4,molecule_structure,8.29723592266195e-05
43,1,4,pyridine_ring_n_atom,8.270173387235418e-05
44,1,4,polymer_battery,8.257053611788798e-05
45,1,4,chloride_reaction,8.232142348874754e-05
46,1,4,btb_domain,8.223556102602674e-05
47,1,4,cl_te,8.199456841161499e-05
48,1,4,deprotonat_form,8.194978133696173e-05
49,1,4,ideal_eclipse_conformation_deg,8.184898205546383e-05
50,1,5,methoxyphenyl_group,8.495669654262004e-05
51,1,5,underlie_parent_structure,8.476754006664593e-05
52,1,5,important_drug_target,8.450965969509357e-05
53,1,5,high_know_energy_density,8.440035598449159e-05
54,1,5,important_receptor,8.439709313980369e-05
55,1,5,environmental_material,8.312709458538516e-05
56,1,5,deaminase_product,8.274373658615835e-05
57,1,5,monomeric_in_cu_atom,8.20500230993705e-05
58,1,5,strength_proportional,8.194272598971132e-05
59,1,5,mm_pbsa_method,8.185650548792072e-05
60,1,6,diffraction_datum_process,8.377697449253817e-05
61,1,6,sm_content,8.344999538567198e-05
62,1,6,absolute_stereochemistry,8.222667650792564e-05
63,1,6,x_ray_crystallization,8.217326762315321e-05
64,1,6,elliptical_shape,8.215811651078421e-05
65,1,6,calculate_intensity,8.171460889382731e-05
66,1,6,hydrogen_bond_acceptor_property,8.142636230773986e-05
67,1,6,boat_conformation,8.128976251392295e-05
68,1,6,theoretical_community,8.120810228339212e-05
69,1,6,large_angle_x_ray,8.116900968766687e-05
70,1,7,crystal_domain,8.512784967103772e-05
71,1,7,ionic_interaction,8.431719384784693e-05
72,1,7,group_f_atom,8.396501226095529e-05
73,1,7,pnpoxs_oxidase,8.312923201723325e-05
74,1,7,strong_n_h,8.247518330506538e-05
75,1,7,remain_ring_atom,8.211490471737704e-05
76,1,7,unary_form,8.185995224111509e-05
77,1,7,increase_mill_time,8.148797460511004e-05
78,1,7,be_bdc_ligand,8.144867114504969e-05
79,1,7,anion_feiii_atom,8.141765085843881e-05
80,1,8,beta_phase,8.71770127045621e-05
81,1,8,direct_inspection_method,8.378757595327257e-05
82,1,8,alcohol_solvent_vapor,8.319081331145968e-05
83,1,8,small_secrete_fungal_protein,8.218863177579685e-05
84,1,8,nbsp_time_atom,8.201937359709644e-05
85,1,8,recent_year,8.17409124508686e-05
86,1,8,naturally_occur_polymorphism,8.151803956193332e-05
87,1,8,c_br,8.147615900659964e-05
88,1,8,extensive_computer_program,8.142946244950664e-05
89,1,8,dimensional_extend_chain,8.138366295167376e-05
90,1,9,glucose_isomerase,8.730821793876146e-05
91,1,9,activation_loop,8.514900317251007e-05
92,1,9,non_aromatic_ring,8.454398033920171e-05
93,1,9,exactly_equivariant_type,8.432473851913249e-05
94,1,9,planar_geometry,8.240757372116064e-05
95,1,9,bind_site,8.15603310860061e-05
96,1,9,thrombin_peptide,8.107007993624066e-05
97,1,9,polyunsaturat_fatty_acid,8.097207753123193e-05
98,1,9,delaney_symbol,8.08110282774935e-05
99,1,9,coordination_bond_length,8.067862506078091e-05
100,1,10,plane_parallel_dimensional_network,8.58755194766308e-05
101,1,10,life_archaeal_domain,8.418084883933661e-05
102,1,10,food_paper,8.171050458370436e-05
103,1,10,inversion_center_locate_molecule,8.166633067780893e-05
104,1,10,substrate_bind_form,8.156580929217884e-05
105,1,10,unique_pathway,8.121074358012123e-05
106,1,10,particular_case,8.085653404599384e-05
107,1,10,equal_double_bond_character,8.044822278496654e-05
108,1,10,know_small_protein,8.035806016782304e-05
109,1,10,resolution_shell,8.023079882911945e-05
110,1,11,unmerged_sad_datum,8.725110275564127e-05
111,1,11,nh_group,8.44624965698264e-05
112,1,11,oxide_block_copolymer_series,8.430781725232264e-05
113,1,11,rfree_r,8.405100245678686e-05
114,1,11,specific_pattern,8.401445126025693e-05
115,1,11,ncs_matrix,8.233680657230468e-05
116,1,11,poly_cins_polycrystal,8.232595479932207e-05
117,1,11,charge_oxidation_state_radius,8.188740277538913e-05
118,1,11,electron_density_correlation,8.168253799503515e-05
119,1,11,simple_idealize_case,8.14779215928367e-05
120,1,12,forward_diffract_perfect_crystal,8.372364097778506e-05
121,1,12,segment_cross_undulator,8.321314880086318e-05
122,1,12,tert_butyl_isocyanide_group,8.237911184226674e-05
123,1,12,key_role,8.218566490284544e-05
124,1,12,c_bond,8.216097576091768e-05
125,1,12,qian_han_amp,8.088665094414399e-05
126,1,12,hydrogen_cyanide,8.084157908109007e-05
127,1,12,cytochrome_interaction,8.081291501128594e-05
128,1,12,alpha_beta,8.077958989843603e-05
129,1,12,chemical_probe,8.052819977991616e-05
130,1,13,structure_indole_ring_system,8.558288184199395e-05
131,1,13,simple_combinatorial_type,8.55551782691817e-05
132,1,13,vertical_parallel_direction,8.37139821618455e-05
133,1,13,zero_angle_peak_manifest,8.36842754029795e-05
134,1,13,single_diffraction,8.351519454438965e-05
135,1,13,solid_helium,8.348055083039733e-05
136,1,13,surface_orientation,8.181988513904059e-05
137,1,13,therapy_design_protein_function,8.174675006814098e-05
138,1,13,ptprq_disorder_loop,8.16144963073226e-05
139,1,13,squarate_dianion,8.151912116955866e-05
140,1,14,quality_control,9.01544756563751e-05
141,1,14,intermolecular_pi,8.743900810221057e-05
142,1,14,dimensional_ag_bipy_chain,8.687895863623558e-05
143,1,14,in_middot_middot_minus,8.583947867229722e-05
144,1,14,cu_k_alpha,8.259222326811618e-05
145,1,14,anomalous_scatter_effect_magnitude,8.208146486782697e-05
146,1,14,solar_cell,8.205538638570369e-05
147,1,14,gmp_binase_complex,8.177250533549392e-05
148,1,14,kinase_inhibitor,8.147379553788943e-05
149,1,14,steric_crowd,8.129068969035531e-05
150,1,15,quantum_mechanical_calculation,8.744804211085745e-05
151,1,15,respiratory_disorder_treatment_pharmaceutical,8.35908977032044e-05
152,1,15,synchrotron_source_modern_detector,8.23782566342477e-05
153,1,15,perovskite_base_structure,8.170860481223381e-05
154,1,15,atomic_composition,8.128188174481075e-05
155,1,15,beam_criterion,8.100812349731044e-05
156,1,15,tetramer_interface_vicinity,8.083391836949097e-05
157,1,15,asymmetric_unit,8.033668703955812e-05
158,1,15,small_objective_aperture,7.981727052338142e-05
159,1,15,thc_case,7.977144522430642e-05
160,1,16,distort_trigonal_biyramid,8.718981376751824e-05
161,1,16,research_sample,8.291919916730115e-05
162,1,16,alkyl_hydride,8.262541129236135e-05
163,1,16,si_atom_coordination,8.1452629025682e-05
164,1,16,crystal_structure_dimensional_connection,8.07376555458702e-05
165,1,16,experimental_total_function,8.071925507936495e-05
166,1,16,x_ray_tomography,8.039654306945248e-05
167,1,16,geometric_parameter_unusual_value,8.02824008958992e-05
168,1,16,high_photon,8.027885463967421e-05
169,1,16,organic_solvent,8.026718466529228e-05
170,1,17,isopropyl_molecule,9.063697917286473e-05
171,1,17,uncertainty_estimate_associate_intensity,8.820283118383218e-05
172,1,17,distort_pentagonal_bipyramidal_geometry,8.40124202884202e-05
173,1,17,m_mg_acetate,8.374395032008433e-05
174,1,17,amino_bind_hole,8.355447614144565e-05
175,1,17,undulator_radiation,8.282557977512089e-05
176,1,17,pyrazole_ring_plane,8.280527400252629e-05
177,1,17,phenyl_dimethoxyphenyl,8.244572516981279e-05
178,1,17,euclidean_space_imposition,8.216402230983372e-05
179,1,17,twist_molecule,8.191797864938586e-05
180,1,18,kishne_reduction,8.589318933285424e-05
181,1,18,planar_chemical_structure_conformation,8.54760060251088e-05
182,1,18,water_molecule_adp_atom,8.507334278455191e-05
183,1,18,phospho_serine,8.441617258302902e-05
184,1,18,anion_sniv_atom,8.433564251364053e-05
185,1,18,thf_hexane_solution,8.292407437104893e-05
186,1,18,crystallization_sample,8.270562589949018e-05
187,1,18,biological_activity,8.179751448147675e-05
188,1,18,amino_n_atom,8.156522247880336e-05
189,1,18,acid_dihydrate_cocrystal,8.12789591415169e-05
190,1,19,thiocyanate_unit,8.675444285451458e-05
191,1,19,additional_pi_pi_contact,8.534139647244668e-05
192,1,19,abc_ring_system,8.470007185603173e-05
193,1,19,supramolecular_array,8.438544380972104e-05
194,1,19,unit_thickness_ray,8.378766491244599e-05
195,1,19,kda_pyruvate,8.3780126190287e-05
196,1,19,molecule_form,8.288537484402416e-05
197,1,19,electron_crystallography,8.256774402311169e-05
198,1,19,lysine_methylation,8.246506788702516e-05
199,1,19,diffraction_phase_determination,8.178858222038005e-05
0,2,0,anion_benzene_ring,8.969788279330453e-05
1,2,0,coii_complex,8.958996869614359e-05
2,2,0,substitute_benzene_ring,8.856661800149725e-05
3,2,0,thioredoxin_tag,8.748423144324307e-05
4,2,0,k_shell,8.59100479842117e-05
5,2,0,fortran_iv,8.556141897624595e-05
6,2,0,bacterium_periplasm,8.493167858434562e-05
7,2,0,ammonium_amino,8.467141951574354e-05
8,2,0,valency_requirement,8.428234783106906e-05
9,2,0,square_tetrahedral_pyramidal,8.419779696469864e-05
10,2,1,solvent_influence,9.057192713598316e-05
11,2,1,highly_absorb_pinhole,8.805160542128084e-05
12,2,1,halometallate_system,8.61920658635151e-05
13,2,1,close_form_solution,8.568551769305107e-05
14,2,1,beta_protein,8.329659316625296e-05
15,2,1,niii_complex_cation,8.312756729897442e-05
16,2,1,find_distance,8.23248475937433e-05
17,2,1,mn_complex,8.188108843593025e-05
18,2,1,deaminase_domain,8.182476723614558e-05
19,2,1,fashion_direction,8.180655673974913e-05
20,2,2,correspond_methyl_acetate_group,8.861391433719756e-05
21,2,2,substitute_unsubstituted_cp_ring,8.402699557966654e-05
22,2,2,ed_x_ray_diffraction,8.308427620092188e-05
23,2,2,unit_cell_parameter_function,8.288946091404987e-05
24,2,2,carbon_carbon_bond_cleavage,8.25937044209302e-05
25,2,2,pharmaceutical_formulation,8.238736418947218e-05
26,2,2,lattice_crystal_real_model,8.23376820196772e-05
27,2,2,neutron_diffraction_study,8.22680918693284e-05
28,2,2,cupt_alloy,8.217047421568677e-05
29,2,2,stability_because_understand_order,8.192949749500416e-05
30,2,3,crystal_spatial_distribution,8.757301366649376e-05
31,2,3,chiral_c_atom,8.503661731488014e-05
32,2,3,ligand_hydrogen,8.491063647215727e-05
33,2,3,chain_atom,8.393727169665514e-05
34,2,3,middot_middot,8.354860549932869e-05
35,2,3,direct_correlation,8.30568557854671e-05
36,2,3,cpg_methylat_cytosine,8.29756594738257e-05
37,2,3,fluorescent_radiation_component,8.22359436054696e-05
38,2,3,toru_parameter_wide_range,8.178331638749175e-05
39,2,3,short_separation_overlap_arrangement,8.158083832264427e-05
40,2,4,excellent_model,8.716588264742e-05
41,2,4,ab_plane_parallel_layer,8.537342467546208e-05
42,2,4,fourier_amplitude,8.403896515704108e-05
43,2,4,o_hydrogen_bond_bond,8.382282013498477e-05
44,2,4,peripheral_ring_deg,8.266325537124163e-05
45,2,4,high_similarity,8.250387224730453e-05
46,2,4,human_body,8.212325264393255e-05
47,2,4,hemidrate_anhydrous_chloride_form,8.15453900053163e-05
48,2,4,overall_geometry,8.140196659540714e-05
49,2,4,accumulate_dislocation_numb,8.118301432068584e-05
50,2,5,para_substituent_additive_influence,8.617888300943054e-05
51,2,5,de_novo_biosynthesis,8.505158378673182e-05
52,2,5,twist_chair_conformation_ring,8.474032290688774e-05
53,2,5,main_interest,8.460488917985712e-05
54,2,5,intact_crystal_habit,8.394977416758031e-05
55,2,5,crystallization_condition_relative_stability,8.381600860661256e-05
56,2,5,triplet_probability_distribution,8.321304971595488e-05
57,2,5,antiparallel_orientation,8.316981578744862e-05
58,2,5,iucr_unesco_openlab,8.310030804411356e-05
59,2,5,c_c,8.242507119147337e-05
60,2,6,dilution_refrigerator_two_set,8.809269274847185e-05
61,2,6,full_length,8.571879120168434e-05
62,2,6,oppositely_charge_partner,8.494016742435115e-05
63,2,6,highly_orient_lamellar_microdomain,8.395591921114879e-05
64,2,6,functional_theory_method,8.33847428560713e-05
65,2,6,slightly_distort_boat_conformation,8.321638750066063e-05
66,2,6,cuii_square_pyramidal_coordination,8.282120030191398e-05
67,2,6,bind_affinity,8.263396510702488e-05
68,2,6,er_enter_unfold_protein,8.259102393511551e-05
69,2,6,orn_bind_domain,8.243913897977386e-05
70,2,7,molecular_geometry_library,8.650528370195719e-05
71,2,7,smiii_atom,8.639872100772532e-05
72,2,7,deg_effective_cone_angle,8.635495852192262e-05
73,2,7,aromatic_ring_dihydroxyboryl_group,8.441691443288659e-05
74,2,7,k_range,8.386563811074023e-05
75,2,7,c_h_combination,8.317281877538486e-05
76,2,7,effective_electronegativity,8.276869619362645e-05
77,2,7,molecule_benzene_ring,8.276497500432498e-05
78,2,7,respective_van,8.24173651375338e-05
79,2,7,incident_beam_respect,8.228866784610953e-05
80,2,8,n_ethyl_oxamate_group,8.869982605072153e-05
81,2,8,substitute_benzene_ring,8.689840096333967e-05
82,2,8,screw_boat,8.64396503110959e-05
83,2,8,escherichia_coli_expression,8.494022292830747e-05
84,2,8,microstrain_broaden,8.396547785638891e-05
85,2,8,jmjc_domain,8.310161353650845e-05
86,2,8,ferredoxin_oxidoreductase,8.279886133554702e-05
87,2,8,spot_shape,8.214668346109346e-05
88,2,8,post_refinement,8.207161408070657e-05
89,2,8,photon_correlation,8.197381399525035e-05
90,2,9,respectively_deg,9.133524762642058e-05
91,2,9,low_valent_titanium_reagent,8.760190397295526e-05
92,2,9,flexible_beta,8.690208284565897e-05
93,2,9,great_deviation,8.644945793720606e-05
94,2,9,mechanical_behaviour,8.517708462114167e-05
95,2,9,central_cuii_atom,8.453761079511939e-05
96,2,9,picric_acid,8.452318150259456e-05
97,2,9,th___plusmn,8.409926268057068e-05
98,2,9,synthesize_sample,8.378045693543132e-05
99,2,9,arm_form,8.325858137040391e-05
100,2,10,sheet_structure_rise,8.805821324921484e-05
101,2,10,cu_cl,8.490292023588144e-05
102,2,10,z_scan_technique,8.437937283002195e-05
103,2,10,complex_dimensional_framework_structure,8.417250565444317e-05
104,2,10,different_proportion_atom,8.358550610743289e-05
105,2,10,range_distance,8.274451371025773e-05
106,2,10,additional_c_h,8.243750578040382e-05
107,2,10,polyethylene_glycol,8.211505554202138e-05
108,2,10,bc_plane_parallel,8.191858283964891e-05
109,2,10,mnii_ion,8.12603672679843e-05
110,2,11,perpendicular_distance,8.789019160047949e-05
111,2,11,pd_atom,8.666425504960399e-05
112,2,11,p_k_edge,8.628589708513136e-05
113,2,11,high_order_oligomerization,8.381444851156246e-05
114,2,11,fit_mean_plane,8.345374858548908e-05
115,2,11,mm_cadmium,8.329447888805429e-05
116,2,11,kinetic_experiment,8.321944293070832e-05
117,2,11,axial_hg_cl_contact,8.314940422285465e-05
118,2,11,growth_nucleation_phasis,8.299123530360706e-05
119,2,11,femtosecond_crystallography,8.293728639840293e-05
120,2,12,proteasome_system,8.73873193684139e-05
121,2,12,sample_exchange,8.473970675220601e-05
122,2,12,darwin_curve_tail,8.455044190677456e-05
123,2,12,strong_n_h_pair,8.446747063955469e-05
124,2,12,dianionic_o_atom,8.404910010689656e-05
125,2,12,holmium_derivative_liii_edge,8.404596641980203e-05
126,2,12,weak_intermolecular_pi,8.349103745999778e-05
127,2,12,self_reduction_product_assembly,8.323031864980179e-05
128,2,12,membered_ring_envelope_conformation,8.322516259569987e-05
129,2,12,minus_salt_cation,8.251435673677624e-05
130,2,13,limit_understand,9.003336259086725e-05
131,2,13,significantly_different_structure_model,8.6396461511218e-05
132,2,13,peak_intensity,8.634646287603189e-05
133,2,13,pyridinium_benzene_ring,8.570375939307669e-05
134,2,13,azide_group,8.564596078564065e-05
135,2,13,minus_molecule,8.547258043809972e-05
136,2,13,mononuclear_structure,8.475748579255678e-05
137,2,13,oxide_block_copolymer,8.320288777884671e-05
138,2,13,zero_position_value,8.2791656606509e-05
139,2,13,pendant_benzene_ring_deg,8.277450406101731e-05
140,2,14,protonated_nh_group,8.54140693986228e-05
141,2,14,fhv_whnv_protein,8.473979138514449e-05
142,2,14,growth_band,8.422797886135904e-05
143,2,14,anion_excess,8.400719951049867e-05
144,2,14,ethyl_chain,8.370975036367324e-05
145,2,14,charge_oxidation_state_radius,8.357872121231188e-05
146,2,14,group_mn_atom,8.357826591354591e-05
147,2,14,homology_high_level,8.334792346319296e-05
148,2,14,scoliosis_individual_spine,8.325309750707792e-05
149,2,14,temperature_dependent_phase_transition,8.295154536001123e-05
150,2,15,cellular_process,8.900914282391943e-05
151,2,15,osulfonate_bond,8.582339342528174e-05
152,2,15,viral_replication,8.444349382934022e-05
153,2,15,nh_c_segment,8.334324870965845e-05
154,2,15,empirical_solvent_content_datum,8.303722623236938e-05
155,2,15,molecular_guest,8.250332889607863e-05
156,2,15,carbonyl_group,8.22930590203977e-05
157,2,15,l_carboxypeptidase,8.22197868688291e-05
158,2,15,tensor_component_sign_change,8.20345053168736e-05
159,2,15,crystallographic_b_axis_chain,8.202843854542455e-05
160,2,16,carboxyl_group_plane,8.409120937126389e-05
161,2,16,deg_tran_angle,8.37298721324395e-05
162,2,16,molecular_replacement,8.285206974747308e-05
163,2,16,protein_particle,8.281621702289865e-05
164,2,16,low_content,8.259081953977204e-05
165,2,16,powder_diffractometer_guinier_camera,8.241947859673262e-05
166,2,16,n_attractive_interaction,8.219087736175254e-05
167,2,16,piezoelectric_property,8.187909319791314e-05
168,2,16,previous_structure_resolution,8.187336989892478e-05
169,2,16,high_pressure_crystal,8.180128405492674e-05
170,2,17,observe_polyhedron,8.735148472323513e-05
171,2,17,equal_bi_n_bond,8.62912895738365e-05
172,2,17,metal_atom,8.620601871565937e-05
173,2,17,rna_recognition_motif,8.556134985773962e-05
174,2,17,k_room_temperature,8.506144273467544e-05
175,2,17,mu_aring_cu_c,8.395570820916219e-05
176,2,17,low_temperature_datum,8.371296474522684e-05
177,2,17,membrane_protein,8.327930955748122e-05
178,2,17,normal_hydrogen_bond,8.291010725853379e-05
179,2,17,layer_sequence,8.267818163226398e-05
180,2,18,gem_diol_inhibitor_complex,8.799420371855563e-05
181,2,18,c_o_h,8.617086424411797e-05
182,2,18,space_group_type,8.589909570881683e-05
183,2,18,ethanol_solvent,8.563358443796745e-05
184,2,18,hydrogen_site,8.397570578944954e-05
185,2,18,large_unit_cell,8.358612951445265e-05
186,2,18,n_s_h,8.326428031424395e-05
187,2,18,lot_method,8.307870157687088e-05
188,2,18,overall_modulation,8.30375845220176e-05
189,2,18,c_torsion,8.275039301313555e-05
190,2,19,compute_scheme,8.424298420178628e-05
191,2,19,essential_protein,8.415427162978111e-05
192,2,19,distance_stack_interplanar_interaction,8.382833963519095e-05
193,2,19,n_c_bond,8.340294088382583e-05
194,2,19,sphere_orthorhombic_packing,8.326956538423644e-05
195,2,19,monomer_hexamer_trimeric_form,8.310447217964292e-05
196,2,19,n_h_group,8.238181848007036e-05
197,2,19,n_c_disorder,8.224393742835467e-05
198,2,19,ultra_small_angle,8.224228357630293e-05
199,2,19,hydroxyl_o_atom_carbonyl,8.201722965528966e-05
200,2,20,differential_scan_calorimetry_measurement,8.858754179840819e-05
201,2,20,optimal_sample,8.763283232480438e-05
202,2,20,pressure_function_pseudosymmetry,8.705194486124292e-05
203,2,20,pterodon_polygalaeflorus,8.688157222268698e-05
204,2,20,helical_line,8.622816221340878e-05
205,2,20,nanocrystalline_powder,8.468595145843772e-05
206,2,20,p_tsoh_presence,8.463781254416191e-05
207,2,20,grignard_reaction,8.410618288972964e-05
208,2,20,bridge_dication,8.388785360691942e-05
209,2,20,hrsvn_structure,8.290173318584203e-05
210,2,21,calpha_polyalanine_model,8.718576139080502e-05
211,2,21,s_layer,8.565408885395823e-05
212,2,21,indole_alkaloid,8.545823574596524e-05
213,2,21,psgr_phiv_goniometer,8.495910842138692e-05
214,2,21,solvent_exchange,8.423494062081134e-05
215,2,21,internal_micelle_structure,8.412294196727243e-05
216,2,21,cite_reason,8.404363193954728e-05
217,2,21,small_angle_x_ray,8.372505597328534e-05
218,2,21,liquid_phase_diagram,8.361530100997903e-05
219,2,21,structure_different_anion_incorporation,8.351291530030449e-05
220,2,22,porod_behaviour,8.917137505008144e-05
221,2,22,certain_quantity,8.635733987570942e-05
222,2,22,aichi_virus,8.400071236797885e-05
223,2,22,cell_component,8.319663226676072e-05
224,2,22,individual_spine,8.317758106428804e-05
225,2,22,comparative_structural_biology_aim,8.314252044559577e-05
226,2,22,weak_pi,8.273055827948113e-05
227,2,22,n_methylpropionamide,8.26737508149537e-05
228,2,22,omega_term_order_treatment,8.216859300480852e-05
229,2,22,precession_photograph,8.201256568105073e-05
230,2,23,nearly_ideal_performance,8.724031601878191e-05
231,2,23,complex_integration,8.713841578426225e-05
232,2,23,new_optical_system,8.690804274683182e-05
233,2,23,saxs_intensity_distribution_function,8.576191979744651e-05
234,2,23,sigma_spatial_resolution,8.574130270088553e-05
235,2,23,crystallographically_independent_octahedron,8.56197639655429e-05
236,2,23,bulk_solvent_model_parameter,8.475472607574676e-05
237,2,23,c_terminal_whth_domain,8.475469650134042e-05
238,2,23,cl_te_te_c,8.455438143560306e-05
239,2,23,cylindrical_pore,8.446785462606314e-05
240,2,24,steric_measure,8.789420459139333e-05
241,2,24,efficient_material,8.770213949655383e-05
242,2,24,market_detector,8.698321924125832e-05
243,2,24,energy_save_key_technology,8.577041238067797e-05
244,2,24,gmp_binase_complex,8.56508034999881e-05
245,2,24,ring_steroid,8.532114575440108e-05
246,2,24,significant_plastic_strain,8.452813375205736e-05
247,2,24,bond_distance_deviation,8.378957644279194e-05
248,2,24,isomerization_state_prolyl_phosphorylation,8.324884162460329e-05
249,2,24,rna_dna_edit_deaminas,8.319432909507082e-05
250,2,25,unambiguous_rapid_way,9.14093325145807e-05
251,2,25,metallic_alloy,8.580049555066283e-05
252,2,25,map_mitogen_activate_protein,8.442397278831593e-05
253,2,25,fault_structure,8.403266332310438e-05
254,2,25,molecular_layer,8.373180517696306e-05
255,2,25,general_tensor,8.271028343885245e-05
256,2,25,detection_system,8.224802995992543e-05
257,2,25,model_uniqueness,8.212102115383551e-05
258,2,25,quantitative_comparison,8.210452029077738e-05
259,2,25,elaboration_process_geometry,8.192860290355448e-05
260,2,26,membered_cyclohexene_ring,9.173423572491131e-05
261,2,26,investigate_material_physical_property,8.80850241406653e-05
262,2,26,k_beta_radiation,8.350830755474262e-05
263,2,26,solution_specie_distribution,8.34044756362868e-05
264,2,26,nucleoid_associate_protein,8.249881986016772e-05
265,2,26,kinetic_experiment,8.17261439665176e-05
266,2,26,incline_case,8.136435348360746e-05
267,2,26,atomic_focuser_crystal,8.126663201719737e-05
268,2,26,benzene_ring_dihedral_angle,8.12278688830322e-05
269,2,26,seven_coordinate,8.107579581835225e-05
270,2,27,storage_system_realization,8.693525128790477e-05
271,2,27,if_g,8.621327711612106e-05
272,2,27,shoulder_girdle_spine,8.55632151354243e-05
273,2,27,transcriptional_factor,8.534204036201615e-05
274,2,27,h_o_n,8.476059658537994e-05
275,2,27,organic_ligand,8.412132982490597e-05
276,2,27,epimerization_reaction,8.348951031439376e-05
277,2,27,parallel_trajectory,8.284103719103075e-05
278,2,27,bath_conformation,8.17308759099432e-05
279,2,27,linac_base_positron_beam,8.162254101936986e-05
280,2,28,crystal_screen,8.882537715353176e-05
281,2,28,slightly_ureido_ring_plane,8.680516375087803e-05
282,2,28,o_enol,8.616085487130779e-05
283,2,28,zeolite_mixture,8.564228187627864e-05
284,2,28,iucr_unesco_openlab,8.47628460589618e-05
285,2,28,signal_protein,8.441564641498347e-05
286,2,28,doubly_bridge_o_atom,8.416272125017437e-05
287,2,28,octahedral_hg_atom,8.416204633113622e-05
288,2,28,coordinate_geometry,8.408382781082415e-05
289,2,28,zircon_space_group_structure,8.379013988281602e-05
290,2,29,essential_virulence_factor,8.881890614736782e-05
291,2,29,co_mn_analogue,8.800933851759741e-05
292,2,29,hypothetical_acetyltransferase_pfgnat,8.73609361843889e-05
293,2,29,catechol_ligand_involve_bond,8.631528051303265e-05
294,2,29,finite_emittance,8.631098846092487e-05
295,2,29,helical_associate,8.462759962249378e-05
296,2,29,g_mu_microgravity,8.454616883292319e-05
297,2,29,variable_length,8.441771936136338e-05
298,2,29,datum_mine,8.428265330217796e-05
299,2,29,atom_c_gamma,8.423603735136798e-05
300,2,30,slight_tetrahedral_distortion,8.721338238384481e-05
301,2,30,stomach_survival,8.676611618527733e-05
302,2,30,short_separation_overlap_arrangement,8.57293846280009e-05
303,2,30,thiourea_fragment,8.392437349839179e-05
304,2,30,static_structure,8.282282832930967e-05
305,2,30,well_advantage,8.259409231762833e-05
306,2,30,ex_situ_sample,8.201826912534133e-05
307,2,30,glycouril_framework_respect,8.158397797799189e-05
308,2,30,ferritin_solution,8.151300347296352e-05
309,2,30,hydroxymethyl_group,8.141635271425542e-05
310,2,31,overall_temperature_parameter,8.712647455834242e-05
311,2,31,correspond_hydroperoxide,8.635126590068964e-05
312,2,31,xfel_pulse,8.599016949100578e-05
313,2,31,complex_dimensional_framework_structure,8.551159390587721e-05
314,2,31,o_tridentate_ligand_atom,8.449762336237334e-05
315,2,31,a_factor_regulatory_cascade,8.374372929741489e-05
316,2,31,tetrahedral_geometry,8.356129498718589e-05
317,2,31,methylene_group,8.34392400089166e-05
318,2,31,n_h_type,8.312494852156073e-05
319,2,31,sulfone_o_atom,8.309154208788781e-05
320,2,32,solution_crystal,8.910922896517392e-05
321,2,32,nucleic_acid,8.508879307517706e-05
322,2,32,atomic_composition,8.468273683578751e-05
323,2,32,domain_dependent_oligomerization,8.426968878972778e-05
324,2,32,centroid_centroid_interplanar,8.400585918749609e-05
325,2,32,key_challenge,8.280019156549707e-05
326,2,32,anti_configuration,8.270783219857056e-05
327,2,32,exocyclic_dysprosium,8.256136134728664e-05
328,2,32,si_phasis,8.236558788166921e-05
329,2,32,n_minus_cdii_cation,8.135716704880032e-05
330,2,33,translation_mechanism_important_insight,8.705557548470276e-05
331,2,33,complex_structure,8.389842896102886e-05
332,2,33,dynamic_range,8.38544363750786e-05
333,2,33,polymorph_binary_mixture,8.353675981110532e-05
334,2,33,dimensional_hydrogen_bond_network,8.34260948664604e-05
335,2,33,silicon_zero_thermal_expansion,8.335123344434045e-05
336,2,33,short_n,8.240356545189011e-05
337,2,33,adjacent_chain_n_interaction,8.237825892318591e-05
338,2,33,nm_lambda_alpha,8.229975901650913e-05
339,2,33,aring_planarity,8.20443581175005e-05
340,2,34,mean_square_translational_displacement,8.657797139028533e-05
341,2,34,product_bind_form,8.58753413785754e-05
342,2,34,tentative_phase,8.563529234069618e-05
343,2,34,o_hydrogen_bond_interaction,8.554592011149587e-05
344,2,34,d_mannose,8.478080657240751e-05
345,2,34,growth_temperature,8.469339792468884e-05
346,2,34,dithiocarbamate_ligand,8.384927060697466e-05
347,2,34,minimal_principle_mathematical_formulation,8.348291193428443e-05
348,2,34,large_size,8.30800175976359e-05
349,2,34,mir_datum,8.201207989307561e-05
350,2,35,beta_aring_nbsp,8.54594452523678e-05
351,2,35,catabolic_pathway,8.470639494476664e-05
352,2,35,domain_interface_structure,8.407944713266895e-05
353,2,35,emerge_crystal_delivery_method,8.371268855567006e-05
354,2,35,complex_ribg,8.314616878909944e-05
355,2,35,bipyramidal_coordination,8.284379209326182e-05
356,2,35,exocyclic_imine_function,8.228955623415815e-05
357,2,35,c_pi_h,8.228006235113041e-05
358,2,35,middot_oh_minus,8.22663331491667e-05
359,2,35,mechanical_vibration,8.155724026005857e-05
360,2,36,pi_pi_pi,8.779639506329004e-05
361,2,36,angle_set,8.695389022783502e-05
362,2,36,antivirulence_drug,8.64732510699626e-05
363,2,36,multilayer_optic,8.643307109329244e-05
364,2,36,graphic_explanation,8.4855978030316e-05
365,2,36,final_refinement,8.440582954023562e-05
366,2,36,cubic_space_group,8.419728194462008e-05
367,2,36,single_thiocyanate_bridge,8.396353774850292e-05
368,2,36,structural_study,8.245837320864812e-05
369,2,36,dianionic_complex_minus,8.230127143828238e-05
370,2,37,thione_form,9.22400158681568e-05
371,2,37,thiono_s_atom,8.911924300667762e-05
372,2,37,space_group_type_reflection,8.851022106124765e-05
373,2,37,profile_fit,8.329151230812635e-05
374,2,37,jahn_form,8.30351541773499e-05
375,2,37,active_proposal,8.246580858095517e-05
376,2,37,aromatic_ring_centroid,8.243866645017121e-05
377,2,37,lattice_parameter_difference,8.212820573082522e-05
378,2,37,length_f,8.212041070130682e-05
379,2,37,saxs_method,8.158957947225547e-05
380,2,38,bacterial_quinol_oxidase,8.877853044582859e-05
381,2,38,material_mass_density,8.406615614920666e-05
382,2,38,si_wafer_centre,8.377520674623143e-05
383,2,38,typically_aring_diffract_crystal,8.367149589586065e-05
384,2,38,sulfate_ligand,8.28781183048366e-05
385,2,38,keto_form,8.27966961811023e-05
386,2,38,chloroform_solvent_molecule,8.273534063421119e-05
387,2,38,vizier_workshop_report,8.263294231779295e-05
388,2,38,n_h_extend_chain,8.247834727571082e-05
389,2,38,drive_force,8.191563776829067e-05
390,2,39,lipid_interface,8.674782706944355e-05
391,2,39,signal_periplasm_transduction,8.600990337053801e-05
392,2,39,correspond_methyl_acetate_group,8.55810482743967e-05
393,2,39,synthetic_study,8.383259452965154e-05
394,2,39,crystal_distribution,8.377732278396374e-05
395,2,39,bear_approximation,8.363890562634079e-05
396,2,39,substantially_genome_differ,8.360717335349393e-05
397,2,39,electrostatic_interaction_interaction,8.284856106841913e-05
398,2,39,pyrimidine_imidazole_ring,8.21935158308235e-05
399,2,39,natural_olivine,8.193935231514996e-05
400,2,40,tungsten_atom_octahedral_arrangement,8.72599133133634e-05
401,2,40,elastic_constant,8.488628299704641e-05
402,2,40,stabilization_play_role,8.480545002029211e-05
403,2,40,large_angle,8.476202574770075e-05
404,2,40,pyrene_anthracene_durene,8.403467940199682e-05
405,2,40,know_require_transferase,8.39247547572911e-05
406,2,40,bragg_brentano_geometry,8.369656759480306e-05
407,2,40,robl_experimental_hutch,8.342544273678618e-05
408,2,40,apo_vatd_crystal,8.326650477475705e-05
409,2,40,disulfide_cross_link_strategy,8.299664346253363e-05
410,2,41,i_dianion,8.979552470314648e-05
411,2,41,crystallographic_direction,8.971438709639556e-05
412,2,41,x_ray_diffract_crystal,8.651394503300662e-05
413,2,41,pkc_relate_kinase,8.620919742753953e-05
414,2,41,experimental_result_problem,8.468842793790092e-05
415,2,41,quinone_pqq_cofactor_ring,8.367709995908226e-05
416,2,41,component_limit_combination,8.329818523071227e-05
417,2,41,s_triphenylmethyl,8.311737489277176e-05
418,2,41,dimensional_incommensurate_modulation,8.26610753769491e-05
419,2,41,good_route_precursor,8.239801656630661e-05
420,2,42,furan_ring,8.871558695407902e-05
421,2,42,scatter_enhance_image,8.437944318543247e-05
422,2,42,present_investigation,8.386458158625841e-05
423,2,42,elastic_tensor,8.307285380782973e-05
424,2,42,polar_interior,8.269032840808229e-05
425,2,42,food_allergy,8.233342958748581e-05
426,2,42,deg_mutually_tran,8.17906781573583e-05
427,2,42,local_behaviour,8.164437583046621e-05
428,2,42,useful_positive_relation,8.120945817668451e-05
429,2,42,alluaudite_like_structure,8.097317148847283e-05
430,2,43,phasis_domain,8.356168664049257e-05
431,2,43,complete_cation,8.315140174945241e-05
432,2,43,planar_macrocycle,8.266313777455445e-05
433,2,43,dynamic_interaction,8.255195943032226e-05
434,2,43,aring_o_minus_bond,8.246336667839818e-05
435,2,43,instead_powder,8.244885613796683e-05
436,2,43,methoxyphenyl_group,8.208465869627055e-05
437,2,43,dynamical_image,8.206915949159257e-05
438,2,43,anomalous_scatter_term,8.168062573777285e-05
439,2,43,newly_create_stereogenic_centre,8.139400586076599e-05
440,2,44,cedrus_atlantica_atlas_cedar,8.763028814256321e-05
441,2,44,extra_reflexion,8.568576597306188e-05
442,2,44,heterocyclic_ring_component_atom,8.412166523653326e-05
443,2,44,ceptc_eptc_catalytic_domain,8.331953781138255e-05
444,2,44,charge_interpolation_method,8.246669369135455e-05
445,2,44,racemic_twin,8.237704257880593e-05
446,2,44,genre_icetexane,8.226664796921848e-05
447,2,44,protein_crystallization_growth_state,8.204055817565855e-05
448,2,44,dimensional_array_produce_interaction,8.201199103739695e-05
449,2,44,ammonium_h_atom,8.183089994589522e-05
450,2,45,bicyclic_ring_system,8.576459345873224e-05
451,2,45,pincer_complex,8.445217705615771e-05
452,2,45,pyromellitate_anion,8.409100965532594e-05
453,2,45,crystallization_purification_expression,8.39477588788642e-05
454,2,45,coordination_crystal_structure,8.380134402578314e-05
455,2,45,map_mitogen_activate_protein,8.343545163448509e-05
456,2,45,texturized_polycrystal,8.28979334627658e-05
457,2,45,non_covalent_interaction,8.284152844047691e-05
458,2,45,spallation_source,8.267195910661903e-05
459,2,45,octahedral_fashion,8.255089438428647e-05
460,2,46,isomorphous_replacement_method,8.400646803779856e-05
461,2,46,b_axis,8.356640640079845e-05
462,2,46,transcription_regulation_combinatorial_mechanism,8.346965976247626e-05
463,2,46,beta_alpha,8.336554423862786e-05
464,2,46,benzoxazole_ring,8.33149546754958e-05
465,2,46,uv_light,8.329736650601502e-05
466,2,46,growth_temperature,8.27328821557189e-05
467,2,46,minor_twin_fraction,8.257422996666439e-05
468,2,46,catalytic_centre_rotation,8.209658064323604e-05
469,2,46,bacterial_cytochrome,8.206244890322899e-05
470,2,47,b_factor,8.663877224677429e-05
471,2,47,hydropyrimidine_ring_mean_plane,8.559277077566042e-05
472,2,47,nucleotide_bind,8.526491040132174e-05
473,2,47,inelastic_cross,8.463126097126245e-05
474,2,47,decarboxylation_disulphide_bond,8.417102906363971e-05
475,2,47,seven_coordinate_k_atom,8.394289070572854e-05
476,2,47,protein_crystal_characterization,8.374527176506163e-05
477,2,47,c_nbsp_aring_nbsp,8.352486142700181e-05
478,2,47,structure_refinement_parameter_correlation,8.247718243640152e-05
479,2,47,symmetrize_harmonic,8.243953156556183e-05
480,2,48,detail_structural_analysis,8.88561768815313e-05
481,2,48,field_emission_gun,8.820765666527602e-05
482,2,48,alter_fluctuation,8.766936799433604e-05
483,2,48,rotate_phenylene_ring_deg,8.6623684108225e-05
484,2,48,conformational_chirality,8.590767423529435e-05
485,2,48,bacterial_abstract_complex,8.398868299616937e-05
486,2,48,cis_chloride,8.382048540957164e-05
487,2,48,homogeneous_intensity_distribution,8.30420165509876e-05
488,2,48,food_paper,8.302610343538573e-05
489,2,48,translation_function_effect,8.188802021267713e-05
490,2,49,recently_synthesize_quasicrystal_comparison,8.669513725283813e-05
491,2,49,different_crystallization_environment,8.64437953187788e-05
492,2,49,weak_c_h_anion,8.615857776094691e-05
493,2,49,poly_coordination_polymer,8.483074087559954e-05
494,2,49,spherical_average,8.391080814184689e-05
495,2,49,substantial_difference,8.372418256461172e-05
496,2,49,benzene_furan,8.367558358722523e-05
497,2,49,extracellular_signal_regulate_kinase,8.328889379311318e-05
498,2,49,diffraction_dispersion_surface,8.299968938887926e-05
499,2,49,binase_bacillus_intermedius_ribonuclease,8.291955702273769e-05
500,2,50,nonparametric_kernel_density_estimator,8.847973664431077e-05
501,2,50,c_n_bond,8.573723329540851e-05
502,2,50,crystallographically_characterize,8.462515220818057e-05
503,2,50,anion_excess_fluorite_example,8.437874029529144e-05
504,2,50,dihedral_angle,8.378851403819035e-05
505,2,50,direction_parallel,8.369583780045669e-05
506,2,50,triazole_group_n_atom,8.359589624534204e-05
507,2,50,sodium_cobalt_phosphate,8.32879584908964e-05
508,2,50,phalacrocorax_carbo_haemoglobin,8.325996622161392e-05
509,2,50,mandelic_acid_acid_unit,8.257469779965939e-05
510,2,51,high_peer_review_score,8.64990212905451e-05
511,2,51,equine_pathogen,8.480449088760248e-05
512,2,51,hepatitis_virus,8.443111103695852e-05
513,2,51,drastic_variation,8.309613557316011e-05
514,2,51,prime_bpy_ligand,8.282045039310162e-05
515,2,51,latent_variable_space,8.23213562950495e-05
516,2,51,theoretical_experimental_value,8.223190595458677e-05
517,2,51,key_cellular_protein,8.218768739941508e-05
518,2,51,negative_strand_rna_synthesis,8.153492265699639e-05
519,2,51,qualitatively_direct_comparison,8.142372600449625e-05
520,2,52,diffraction_dispersion,8.981707731961973e-05
521,2,52,important_example,8.654418265236268e-05
522,2,52,decrease_range,8.553144473330155e-05
523,2,52,ultra_thin_tray,8.495214460334392e-05
524,2,52,prime_polymorph,8.468812185854111e-05
525,2,52,dimeric_cluster_family,8.45143148307968e-05
526,2,52,theoretical_formula,8.443458213645562e-05
527,2,52,protein_synthesis,8.436696198290738e-05
528,2,52,monocyclic_analogue,8.373003005417368e-05
529,2,52,pattern_decomposition,8.35595297666592e-05
530,2,53,polyhedron_dimensional_network,8.674184363235126e-05
531,2,53,high_degree,8.648067976376645e-05
532,2,53,h_datum_acquisition,8.604090063018169e-05
533,2,53,growth_dissolution,8.529503375899853e-05
534,2,53,obtain_pattern_improve_ratio,8.496855250542184e-05
535,2,53,static_light_scatter,8.468941829702084e-05
536,2,53,benzyloxy_group_benzene_ring,8.431821766749903e-05
537,2,53,double_pinhole_experiment,8.4302110216013e-05
538,2,53,enteric_pathogen,8.383129712610136e-05
539,2,53,crystallite_orientation_distribution_function,8.36423627485811e-05
540,2,54,r_phenyl,8.508917697867664e-05
541,2,54,double_crystal_measurement,8.487151482753588e-05
542,2,54,cap_prime_oligonucleotide_primer,8.461473724778298e-05
543,2,54,datum_collection_strategy,8.399313403393546e-05
544,2,54,material_chemistry_science,8.345847506483374e-05
545,2,54,imidazole_ring_inhibitor,8.277311502560612e-05
546,2,54,powder_neutron_diffraction_experiment,8.262154335485205e-05
547,2,54,protein_model_portal_model,8.248617739844416e-05
548,2,54,concordance_rate,8.23680674269103e-05
549,2,54,hdak_card,8.222169990706599e-05
550,2,55,terpyridine_transition_metal_complex,8.800552452970765e-05
551,2,55,diethyl_intramolecular_cyclization,8.671275174405164e-05
552,2,55,magnetic_field_presence,8.528662812224508e-05
553,2,55,catalytic_triad_serine_hydroxyl,8.388578469231156e-05
554,2,55,beryllium_monochromator_crystal,8.3460034159739e-05
555,2,55,kernel_density_estimator,8.345062438145462e-05
556,2,55,cycle_conformation_change,8.28260305019607e-05
557,2,55,transmit_intensity,8.22513946130279e-05
558,2,55,round_robin_experiment,8.22475043880033e-05
559,2,55,layer_ternary,8.20296582437723e-05
560,2,56,phenone_o_atom,8.77127812827608e-05
561,2,56,network_flexibility,8.497670544863623e-05
562,2,56,pseudo_square_pyramidal_coordination,8.469536273794254e-05
563,2,56,negative_strand_rna_synthesis,8.426668056578341e-05
564,2,56,near_planarity,8.367368129735214e-05
565,2,56,tbba_sample,8.332495104998532e-05
566,2,56,coordinate_oxychloride,8.308587877174158e-05
567,2,56,huge_molecular_weight,8.306478507341896e-05
568,2,56,c_c_bond,8.294476413986405e-05
569,2,56,flat_molecule_structure,8.288444432508546e-05
570,2,57,x_ray_wideband,8.747869690327552e-05
571,2,57,coordination_environment,8.694327223302766e-05
572,2,57,total_function,8.583066334550122e-05
573,2,57,pair_set,8.522616331112396e-05
574,2,57,putative_methyltransferase_gene,8.447221634111335e-05
575,2,57,low_anti_chi,8.435940472991783e-05
576,2,57,biosynthesis_purine_de_novo,8.435062759867824e-05
577,2,57,single_force_function,8.285570149872451e-05
578,2,57,unmerged_sad_datum,8.220800144596566e-05
579,2,57,substitute_cyclopentadienyl_ring,8.217126316706642e-05
580,2,58,incline_case,8.504753067291399e-05
581,2,58,powerful_bridge,8.495438954449063e-05
582,2,58,overall_b_factor,8.459385180285909e-05
583,2,58,methylene_lactam,8.441736677030946e-05
584,2,58,proteasome_form_barrel_shape,8.379991435483705e-05
585,2,58,strontium_site_calcium_solubility,8.318817518608583e-05
586,2,58,resorcinol_formaldehyde_gel,8.305522857310385e-05
587,2,58,refinement_statistic,8.30253611067601e-05
588,2,58,porod_behaviour,8.28297094927203e-05
589,2,58,anneal_experiment,8.27302996391254e-05
590,2,59,essentially_planar_ligand,8.48288505975552e-05
591,2,59,sls_contrast,8.453043331980848e-05
592,2,59,titanium_peak,8.3704514455539e-05
593,2,59,mean_accuracy,8.357514287145406e-05
594,2,59,deg_average_error,8.336208410719776e-05
595,2,59,advance_research,8.329912767154512e-05
596,2,59,ceramic_oxide_material,8.277787491224558e-05
597,2,59,numerical_examination,8.193690122727585e-05
598,2,59,nitrite_ion,8.190936844787988e-05
599,2,59,mm_period,8.186485601966569e-05
600,2,60,model_structure,8.781613067606723e-05
601,2,60,k_alpha_line,8.659398282528001e-05
602,2,60,ligase_abundant_class,8.560825713943354e-05
603,2,60,recent_epidemic,8.530215079229783e-05
604,2,60,probabilistic_formula,8.357425207364144e-05
605,2,60,zero_position_value,8.333643937963919e-05
606,2,60,terminal_helix,8.32888980465478e-05
607,2,60,square_planar_geometry,8.312697110865714e-05
608,2,60,hydrate_form,8.304922230725013e-05
609,2,60,candidate_vaccine,8.291464450773684e-05
610,2,61,organic_phase,8.890210166531531e-05
611,2,61,unique_induce_fit_mechanism,8.416363823443792e-05
612,2,61,layer_structure,8.344266722410007e-05
613,2,61,transcription_regulation_combinatorial_mechanism,8.221765203849399e-05
614,2,61,intestinal_colonization_important_process,8.219701261373483e-05
615,2,61,nucleotide_sequence_specificity,8.208017246001079e-05
616,2,61,racemic_crystal,8.20094489955366e-05
617,2,61,molecular_determinant,8.193972910615408e-05
618,2,61,absolute_scale,8.19098595499211e-05
619,2,61,cq_common_antimalarial_chloroquine,8.180605626337773e-05
620,2,62,cornell_electron,8.893893983554391e-05
621,2,62,equivoltage_partition_existence,8.69618427332648e-05
622,2,62,stuff_tridymite_large_family,8.64253515887365e-05
623,2,62,unique_characterization,8.639027224449892e-05
624,2,62,w_mm,8.624064862858375e-05
625,2,62,add_effect,8.590259453112802e-05
626,2,62,x_ray_diffraction_method,8.569931836836034e-05
627,2,62,antagonist_agonist,8.476005552864801e-05
628,2,62,methoxybenzoyl_group,8.47153826289542e-05
629,2,62,anomeric_effect,8.395125434534541e-05
630,2,63,beta_octamolybdate_anion,8.790960520770586e-05
631,2,63,water_solution,8.632064879230847e-05
632,2,63,indispensable_process,8.60957423090212e-05
633,2,63,convenient_extension,8.357038625469673e-05
634,2,63,similar_seven_membered_ring,8.315568503855908e-05
635,2,63,aring_resolution_high_completeness,8.294717805404879e-05
636,2,63,hps_crystal_dissolution,8.278281940461435e-05
637,2,63,overcorrection_size,8.276865771440872e-05
638,2,63,viral_nucleocapsid,8.214286569410162e-05
639,2,63,btb_domain,8.188460616523281e-05
640,2,64,ninety_active_tube,8.776798501006181e-05
641,2,64,nearby_n_terminal,8.531805169213144e-05
642,2,64,final_statistical_parameter,8.500793944486091e-05
643,2,64,dodecyl_chain,8.446852807768296e-05
644,2,64,substrate_recognition,8.420113036806866e-05
645,2,64,minus_unit,8.400207858027514e-05
646,2,64,correction_function,8.383555509880296e-05
647,2,64,glycouril_framework_respect,8.354998311961113e-05
648,2,64,ionic_interaction,8.351846025149703e-05
649,2,64,dimer_two_family,8.30900523192351e-05
650,2,65,middot_complex_mononuclear,8.83850052906103e-05
651,2,65,local_structure,8.611323927640718e-05
652,2,65,macromolecular_crystal_structure_determination,8.569528624252541e-05
653,2,65,diffraction_equation,8.383306466885272e-05
654,2,65,crystallographic_asymmetric_unit_complex,8.304391316575857e-05
655,2,65,dppe_p_prime_p,8.300385391040483e-05
656,2,65,soluble_melt_solid,8.285859964582529e-05
657,2,65,dabt_ligand,8.217931398347361e-05
658,2,65,c_br,8.212748582691526e-05
659,2,65,phenolate_o_atom,8.20932165765137e-05
660,2,66,total_function,9.032532434167954e-05
661,2,66,high_resolution_instrument,8.543752298566534e-05
662,2,66,zero_angle_peak,8.512366386262613e-05
663,2,66,c_angle,8.470151885759952e-05
664,2,66,stirling_interpolation_formula,8.469313106161117e-05
665,2,66,pseudo_square_pyramidal,8.231356436413524e-05
666,2,66,squaric_acid,8.230667748672569e-05
667,2,66,order_variant,8.164522300912655e-05
668,2,66,enzyme_ligand_hydrogen_bond,8.150834916640376e-05
669,2,66,helix_selection_rule,8.128195491881568e-05
670,2,67,fuse_benzene,8.926880760604484e-05
671,2,67,r_s_configuration,8.871323964323156e-05
672,2,67,aring_non_h_atom,8.655344895961388e-05
673,2,67,multi_nucleus,8.59717013968206e-05
674,2,67,aerobic_oxidation,8.573826097704867e-05
675,2,67,middot_minus_middot_minus,8.492160327609692e-05
676,2,67,distort_pyramidal_geometry,8.428659250967355e-05
677,2,67,tetramer_shape_difference_account,8.367711054915232e-05
678,2,67,event_mode_datum_acquisition,8.299168007155484e-05
679,2,67,evaporation_induce_self_assembly,8.286366498325033e-05
680,2,68,pyrene_ring,9.127052431127857e-05
681,2,68,twin_structure_occurrence,8.914835161750719e-05
682,2,68,endoplasmic_reticulum,8.853154191836569e-05
683,2,68,water_molecule_acceptor,8.814591301087154e-05
684,2,68,osx_dependent_gene_expression,8.756001954245006e-05
685,2,68,substituent_type,8.560319912410384e-05
686,2,68,peptidyl_trna_hydrolase,8.47032328777289e-05
687,2,68,direct_observation,8.433630919179627e-05
688,2,68,multi_body,8.344289209566488e-05
689,2,68,si_bond,8.335586050919473e-05
690,2,69,s_p_tolyl,8.667403793464244e-05
691,2,69,o_bidentate_schiff_base,8.59187148276624e-05
692,2,69,experimental_technique,8.454313602426647e-05
693,2,69,anion_sublattice,8.404174010692418e-05
694,2,69,magnetic_scatter_length_profile,8.363021942291981e-05
695,2,69,crystal_chemical_reaction,8.361640737168323e-05
696,2,69,sole_carbon_source,8.335323197622859e-05
697,2,69,microfibrillar_structure,8.210684123826641e-05
698,2,69,crystal_main_cluster_type,8.177545486275575e-05
699,2,69,quantum_chemical_calculation,8.152303560662705e-05
700,2,70,biological_implication,8.926911017484488e-05
701,2,70,high_pressure_crystal,8.612783226102898e-05
702,2,70,thrombin_position,8.597804841915947e-05
703,2,70,stuff_tridymite,8.5457381492067e-05
704,2,70,coordinate_oxychloride,8.49908091699304e-05
705,2,70,naphthalene_ring_centroid,8.463225941986422e-05
706,2,70,pentacoordinat_cd_centre,8.45728362615645e-05
707,2,70,rietveld_refinement_program,8.422415294413778e-05
708,2,70,bias_gaussian_probability_distribution,8.376912146327918e-05
709,2,70,gas_liquid_type_transition,8.346802769716381e-05
710,2,71,growth_nucleation_imperfection,8.818794370543277e-05
711,2,71,different_metal_substitute_form,8.516352602953547e-05
712,2,71,zero_angle,8.31115386894063e-05
713,2,71,glycosyl_torsion,8.302822653658754e-05
714,2,71,net_density,8.285003151738284e-05
715,2,71,thermophilus_tag,8.283918683864411e-05
716,2,71,xray_crystallography,8.279822682732276e-05
717,2,71,occupancy_position,8.272372871003966e-05
718,2,71,promise_condition,8.219800720941431e-05
719,2,71,dimethylammonium_cation,8.166683708872309e-05
720,2,72,probable_solvent_content,8.928681429861099e-05
721,2,72,high_salt,8.70984377442557e-05
722,2,72,atomic_focuser,8.700595455632546e-05
723,2,72,entire_n_terminus,8.362871042833094e-05
724,2,72,halometallate_system,8.330268147035539e-05
725,2,72,metal_atom_polyhedron,8.329873161688585e-05
726,2,72,chlorine_atom,8.312154087099973e-05
727,2,72,gauche_conformation,8.262321489273009e-05
728,2,72,molecule_central_membered_ring,8.252964405135067e-05
729,2,72,crystal_structure_net_realization,8.239284905827454e-05
730,2,73,barbituric_acid_ring,9.034720241218962e-05
731,2,73,high_dose_protein_structure,8.592508900666299e-05
732,2,73,development_advance_research,8.556808109029063e-05
733,2,73,form_dimer_hydrogen_bond,8.522559924686185e-05
734,2,73,hydrogen_compatible_gas_loader,8.507750826978143e-05
735,2,73,estimate_weight,8.503574309885792e-05
736,2,73,magnitude_order,8.433209676058996e-05
737,2,73,short_br_numb,8.366433308567343e-05
738,2,73,individual_experiment_reflection,8.309593434208987e-05
739,2,73,neutral_cluster,8.272828191922124e-05
740,2,74,n_terminal_math_domain,8.504324079886157e-05
741,2,74,ferroelectric_phase_distinct_symmetry,8.475903977391826e-05
742,2,74,phenylalanine_conformation,8.441966203256471e-05
743,2,74,pyrrole_ring,8.431987652640192e-05
744,2,74,complete_structure,8.429407513062898e-05
745,2,74,native_datum,8.376891640597284e-05
746,2,74,kishne_reduction,8.337640813501174e-05
747,2,74,ester_methoxyimino,8.326471971634344e-05
748,2,74,catena_mu,8.250497912547679e-05
749,2,74,correlation_length,8.233966975069906e-05
750,2,75,base_dianion,8.710822093420896e-05
751,2,75,debye_waller_factor,8.68510214180887e-05
752,2,75,residue_build,8.513059758491201e-05
753,2,75,acid_middot,8.434969460026774e-05
754,2,75,methine_c_atom,8.42540740819741e-05
755,2,75,different_crystallographic_site,8.386622088800887e-05
756,2,75,motility_flagellar_assembly_promote,8.384026901884893e-05
757,2,75,different_ligand,8.318738280027199e-05
758,2,75,f_link,8.305754818767253e-05
759,2,75,dominate_primary_model,8.301171822624785e-05
760,2,76,anomalous_multiplicity,8.663083637978213e-05
761,2,76,nonchelating_diimine,8.576925010008623e-05
762,2,76,account_order,8.511448280008795e-05
763,2,76,protein_structural_characterization,8.468374002098957e-05
764,2,76,molecular_conformation,8.378978541975111e-05
765,2,76,thiohydantoin_ring,8.343031146401228e-05
766,2,76,error_measure_propagation,8.316494658601552e-05
767,2,76,only_minor_conformational_change,8.297666465229391e-05
768,2,76,molecular_similarity,8.236678086326976e-05
769,2,76,numerical_analysis,8.227229853636762e-05
770,2,77,py_ring,8.958108903467618e-05
771,2,77,semet_contain_native_crystal,8.705629525198172e-05
772,2,77,p_tsoh,8.524340203079019e-05
773,2,77,additional_experimental_datum,8.489454674483314e-05
774,2,77,dextrorotatory_alpha,8.485710210967085e-05
775,2,77,vertex_polyhedron_add_atom,8.425053438099482e-05
776,2,77,beta_region,8.38151380891903e-05
777,2,77,central_benzene_ring_deg,8.338345697519065e-05
778,2,77,zinc_ion_bridge,8.242806721107627e-05
779,2,77,crystallization_robot,8.235654889913062e-05
780,2,78,thrombin_exosite,8.987100451703347e-05
781,2,78,positron_converter_moderator_assembly,8.577633627787711e-05
782,2,78,hg_atom,8.548623011393541e-05
783,2,78,homogeneous_sphere_packing,8.477400822468361e-05
784,2,78,riboflavin_biosynthesis,8.447869231099332e-05
785,2,78,cls_canadian_light_source,8.442073920723597e-05
786,2,78,kolbeckite_structural_report,8.396481463563683e-05
787,2,78,pseudo_dimer,8.38456286855631e-05
788,2,78,inorganic_layer,8.37323158082104e-05
789,2,78,salt_asymetric_unit,8.360498230137766e-05
790,2,79,c_h_perchlorate_anion,8.673972075957482e-05
791,2,79,saxs_datum,8.622532358345577e-05
792,2,79,user_operation,8.450017035764663e-05
793,2,79,network_structure,8.421351805317084e-05
794,2,79,benzofuran_ring,8.385799055500175e-05
795,2,79,dcdp_bind_interaction_heat,8.36159829372957e-05
796,2,79,major_byproduct,8.347232940617163e-05
797,2,79,sn_o,8.329248140284576e-05
798,2,79,dxxxsmg_orn_bind_motif,8.273536403402737e-05
799,2,79,aring_n_s_distance,8.229806442359502e-05
800,2,80,rubber_nanoparticle_addition,8.658338344000964e-05
801,2,80,sulfonyl_substituent_phenyl_ring,8.517753449224928e-05
802,2,80,global_instability_index,8.36625858445348e-05
803,2,80,nbsp_deg,8.350466266927054e-05
804,2,80,correspond_derivative,8.28383099025755e-05
805,2,80,membered_ring_formation_result,8.269830875302709e-05
806,2,80,dataflow_software,8.269059542540066e-05
807,2,80,benzyloxy_group,8.217372994552025e-05
808,2,80,radiographic_image,8.170404868586936e-05
809,2,80,alternate_fashion,8.152730852653136e-05
810,2,81,macromolecular_x_ray_crystallography,8.764732994341384e-05
811,2,81,k_structure_substantial_difference,8.420083229043218e-05
812,2,81,cm_nm_magnitude_order,8.402945006295617e-05
813,2,81,normalize_lattice_parameter,8.249578588917857e-05
814,2,81,molecule_in_sniv_atom,8.221753210870313e-05
815,2,81,ir_crystallize,8.185138981108758e-05
816,2,81,main_facility,8.170835173098193e-05
817,2,81,orientation_information_texture,8.149578094541351e-05
818,2,81,indifferent_organic_solvent,8.148953995908963e-05
819,2,81,molecule_form,8.137163633161899e-05
820,2,82,individual_ion,8.705165693313177e-05
821,2,82,chloride_anion_cation,8.633524088905193e-05
822,2,82,shannon_channel,8.607358357331428e-05
823,2,82,future_test,8.482380168357526e-05
824,2,82,methoxymethyl_phenyl_ether,8.404118209066292e-05
825,2,82,dimensional_framework_formation,8.389956104755624e-05
826,2,82,general_position,8.298857148363633e-05
827,2,82,dimensional_supramolecular_structure_interaction,8.287509330970051e-05
828,2,82,detail_structural_analysis,8.281111074370182e-05
829,2,82,infinite_dimensional_network_rise,8.225189511923357e-05
830,2,83,crystal_pack_turn,8.84755657297105e-05
831,2,83,molecule_angle_bond_length,8.816549342354013e-05
832,2,83,important_step,8.62592846069398e-05
833,2,83,o_h_bond,8.596064132073188e-05
834,2,83,c_like_domain,8.434154071026303e-05
835,2,83,unknown_structure,8.427465776148337e-05
836,2,83,ellipsoidal_shape,8.300434632306392e-05
837,2,83,inversion_center_relate_ion,8.29194229034025e-05
838,2,83,thiourea_fragment,8.269045447418414e-05
839,2,83,kda_protein,8.232799801962457e-05
840,2,84,owater_h,8.81411026701119e-05
841,2,84,turkish_plant,8.594473115128591e-05
842,2,84,sulfonate_group_water_molecule,8.493893739927533e-05
843,2,84,split_facet,8.430048013971136e-05
844,2,84,horse_breed_industry,8.394086676081583e-05
845,2,84,tim_barrel_interaction,8.306885295017907e-05
846,2,84,fe_s_fe_plane,8.255107041026833e-05
847,2,84,amino_group_place,8.247433485653943e-05
848,2,84,wild_mutant_type_enzyme,8.232347059546427e-05
849,2,84,nanopillar_like_structure,8.216620327386956e-05
850,2,85,fiber_identity_period,8.757516910694375e-05
851,2,85,metric_parameter_difference,8.57275525216637e-05
852,2,85,literature_report_different_hypothesis,8.413243399463708e-05
853,2,85,gravitational_influence_independent_indicator,8.38304740380679e-05
854,2,85,carboxyl_protonated_amino,8.362258252302247e-05
855,2,85,speciman_edge_parallel_direction,8.306707221509524e-05
856,2,85,beta_hydrate,8.289545121278371e-05
857,2,85,photon_flux,8.275484749072434e-05
858,2,85,experimental_rock_curve,8.258400085287342e-05
859,2,85,crystal_rotational_symmetry,8.244242396067311e-05
860,2,86,facial_position_occupy_group,8.914978574345691e-05
861,2,86,dissolution_crystal_growth,8.394788721863702e-05
862,2,86,experimental_assessment,8.392362759738537e-05
863,2,86,new_xylanas,8.34367774858951e-05
864,2,86,detectable_change,8.278214864303135e-05
865,2,86,area_detector,8.215741948439135e-05
866,2,86,separate_ring,8.20153722877877e-05
867,2,86,electron_diffraction_datum,8.196883613010799e-05
868,2,86,close_contact,8.190830475628843e-05
869,2,86,structural_parameter,8.18721178748661e-05
870,2,87,whole_powder,9.139655066548103e-05
871,2,87,magnetic_field_response,8.909028337671393e-05
872,2,87,dash_structure_solution_program,8.673332297335661e-05
873,2,87,tetrahedrally_coordinate_p_atom,8.620056210070091e-05
874,2,87,cleavage_efficiency,8.457135899935768e-05
875,2,87,square_pyramidal_geometry,8.430253302730905e-05
876,2,87,achieve_method,8.422668055606378e-05
877,2,87,crystal_chemical_reaction,8.33588569766428e-05
878,2,87,acryloyloxy_acetyl_group,8.236027108911266e-05
879,2,87,gram_positive_bacterium,8.215040284683718e-05
880,2,88,planar_cavity,8.998850899198016e-05
881,2,88,hdak_card_interaction,8.849555140243123e-05
882,2,88,intermolecular_n_h,8.672192618744801e-05
883,2,88,butanaminium_bromide_propanol,8.422235398375552e-05
884,2,88,protox_inhibitor_know,8.40400695206259e-05
885,2,88,weak_phase_power,8.397355845872464e-05
886,2,88,hydrogen_bond,8.365491248562068e-05
887,2,88,polycapillary_monocapillary_design,8.354660173494096e-05
888,2,88,oxamate_group,8.270879696548637e-05
889,2,88,tran_cis,8.240395088660465e-05
890,2,89,extremal_value,8.628559967258572e-05
891,2,89,volume_fraction,8.349983919800598e-05
892,2,89,sb_ras_integration_project,8.302536211511197e-05
893,2,89,multiple_scatter_multiphonon_component,8.265123615032525e-05
894,2,89,gauche_torsion,8.250672449292412e-05
895,2,89,weak_c_br,8.210235620229662e-05
896,2,89,theoretical_value_good_agreement,8.196435379062862e-05
897,2,89,d_phase,8.175186936909666e-05
898,2,89,plus_photoelectric_absorption,8.172894850003507e-05
899,2,89,dispersion_curve,8.145584508967044e-05
900,2,90,possible_strategy,8.597161172648352e-05
901,2,90,future_implementation,8.590296584703818e-05
902,2,90,system_connectivity,8.539983828091118e-05
903,2,90,methanol_water_solvent_molecule,8.331338961944561e-05
904,2,90,anion_link_ligand,8.300775869971698e-05
905,2,90,satisfactory_result,8.296704044231941e-05
906,2,90,mu_racemic_cation,8.285980015085839e-05
907,2,90,crystallography_relate_field,8.274409525382636e-05
908,2,90,refine_parameter,8.271284432597235e-05
909,2,90,formally_specie_oligomeriz,8.248782446941685e-05
910,2,91,agi_atom,8.655391695624186e-05
911,2,91,pharmaceutical_ingredient,8.402703038431453e-05
912,2,91,especially_africa_development_science,8.366353034714551e-05
913,2,91,ni_atom_geometry,8.339677973605643e-05
914,2,91,indole_ring,8.325977782963964e-05
915,2,91,borazine_ring_atom_deviation,8.274345812186323e-05
916,2,91,oxetane_ring_planarity_deviate,8.202434721372876e-05
917,2,91,require_datum,8.194901567664877e-05
918,2,91,system_substitute_phenyl_ring,8.181077910275414e-05
919,2,91,molecular_mechanism,8.176467068956092e-05
920,2,92,methyl_h,8.805600504046403e-05
921,2,92,numerical_analytic_solution,8.560728987472218e-05
922,2,92,error_magnitude,8.470554554184127e-05
923,2,92,etc_soft_shell,8.452951044004798e-05
924,2,92,beta_aring_nbsp,8.450631100445185e-05
925,2,92,autonomous_zone,8.424206946267355e-05
926,2,92,nonpolar_hydrocarbon_exterior,8.41794903537012e-05
927,2,92,nucleotide_find_sugar_kind,8.412863131850938e-05
928,2,92,test_nbsp_case_numb,8.385676164071761e-05
929,2,92,macrocyclic_ligand,8.341665957254211e-05
930,2,93,bind_orn_analog,8.734809303600417e-05
931,2,93,phenylphosphonate_group,8.59177626072683e-05
932,2,93,pdii_atom,8.41862548929071e-05
933,2,93,histidinium_cation,8.379177602648683e-05
934,2,93,correction_proper_evaluation,8.273583286733052e-05
935,2,93,hydrogen_bond_molecule,8.251319269627823e-05
936,2,93,remote_access,8.217848907182706e-05
937,2,93,thermal_melt,8.210687652767367e-05
938,2,93,lattice_model,8.20538445117923e-05
939,2,93,silica_clathrasil,8.190637033177782e-05
940,2,94,uncoordinated_pyridine_molecule,8.714762980039348e-05
941,2,94,pyrazolidinone_ring_thiophene,8.577251251487332e-05
942,2,94,stoe_furnace,8.573820477821734e-05
943,2,94,drop_vapor_diffusion_method,8.446378004060103e-05
944,2,94,pap_polymerase,8.344618683451636e-05
945,2,94,moir_eacute,8.29416006211122e-05
946,2,94,middot_hydrate,8.25221210417037e-05
947,2,94,sodium_dicyanamide_dafo,8.225955729212126e-05
948,2,94,gnomonic_stereographic_projection_production,8.214303115208044e-05
949,2,94,crystal_datum,8.213564740874548e-05
950,2,95,acetate_ligand,8.766934991346184e-05
951,2,95,direction_crystallographic_screw_axis,8.620921806708427e-05
952,2,95,tetrahydrofuran_methyl,8.567743406729609e-05
953,2,95,relatively_large_deviation,8.561131872513434e-05
954,2,95,time_crystal,8.383485264979091e-05
955,2,95,san_technique,8.278021993848958e-05
956,2,95,rock_curve,8.2589200899388e-05
957,2,95,family_member_similar_manner,8.242292748104397e-05
958,2,95,routine_h_position_definition,8.239233945989489e-05
959,2,95,zigzag_chain,8.212749439220421e-05
960,2,96,anisotropic_scale,8.60265974799749e-05
961,2,96,solvent_polymer,8.559019256540515e-05
962,2,96,attach_dimethoxyphenyl_residue,8.495408073113116e-05
963,2,96,deg_cl_cu_cl,8.49110614382981e-05
964,2,96,btb_domain_mediate_dimerization,8.489784309309084e-05
965,2,96,hodgson_amp,8.402278657678355e-05
966,2,96,direction_crystallographic_screw_axis,8.373270082981853e-05
967,2,96,ac_plane,8.23393815419585e-05
968,2,96,aichi_virus,8.205214928185555e-05
969,2,96,cbed_disc,8.205177256567318e-05
970,2,97,estimate_cluster_size,8.787106979265927e-05
971,2,97,free_energy_calculation,8.611752200792352e-05
972,2,97,nitrate_dissimilation,8.55667855170303e-05
973,2,97,neutral_specie_hydrogen_bond,8.52687840577139e-05
974,2,97,oxalyl_o_c_c,8.470109684735596e-05
975,2,97,anomalous_diffraction_method,8.460359241131266e-05
976,2,97,iron_nitride,8.363056471391603e-05
977,2,97,methoxybenzoyl_group,8.341928348009013e-05
978,2,97,symmetry_centre_atom,8.332871838032148e-05
979,2,97,sulfur_contain_ring,8.27220486334974e-05
980,2,98,sn_c,8.74251886042515e-05
981,2,98,achieve_performance,8.660045396622495e-05
982,2,98,future_test_possible_material,8.406023738649789e-05
983,2,98,horizontal_thgr,8.384303410355778e-05
984,2,98,minus_cl_bridge_anion,8.361337469272834e-05
985,2,98,x_ray_wideband_holography,8.301108481601315e-05
986,2,98,monoclinic_structure,8.256807517151787e-05
987,2,98,sb_o,8.209161989925936e-05
988,2,98,ion_sulfate_nucleotide_bind,8.177112218886238e-05
989,2,98,oscillation_wedge,8.158414542769202e-05
990,2,99,x_ray_crystallite,8.764308917691405e-05
991,2,99,short_time,8.66780451402754e-05
992,2,99,plane_misorientation,8.569416983770096e-05
993,2,99,dental_carie,8.56851548978845e-05
994,2,99,solvent_content_space_group,8.477022682686945e-05
995,2,99,conventional_r_factor,8.440725336088683e-05
996,2,99,ab_plane_parallel_sheet,8.436934727081778e-05
997,2,99,kegg_database,8.401880622792621e-05
998,2,99,tetragonal_structure_type,8.33727265397393e-05
999,2,99,facial_position_occupy_group,8.332302510765441e-05
1000,2,100,substituent_low_effectivity,8.653819176005669e-05
1001,2,100,salicylic_phenyl_ring,8.533242941496149e-05
1002,2,100,tran_dispose_acetonitrile_ligand,8.485371636417213e-05
1003,2,100,aring_cu_s_distance,8.484550909045648e-05
1004,2,100,structural_dynamic,8.430205406437148e-05
1005,2,100,figure_dioxygen,8.428532511639069e-05
1006,2,100,monocapped_trigonal_prismatic_geometry,8.399180644919902e-05
1007,2,100,series_expansion,8.351155622921135e-05
1008,2,100,low_index_zone_axis,8.324587914674093e-05
1009,2,100,additional_local_disorder,8.279242987340821e-05
1010,2,101,trans_a_b,8.98624354043522e-05
1011,2,101,ex_situ_sample,8.976650888086275e-05
1012,2,101,hexadentate_ligand_potential,8.620748630603839e-05
1013,2,101,beta_group_nucleophilic_reaction,8.609357814785899e-05
1014,2,101,rfree_r,8.582824990364798e-05
1015,2,101,aqua_o_atom,8.574321975470999e-05
1016,2,101,elemental_analysis,8.456749366585616e-05
1017,2,101,test_measurement,8.452440427795078e-05
1018,2,101,network_form_axis,8.42768888810777e-05
1019,2,101,accurate_intensity_measurement_purpose,8.427147626686219e-05
1020,2,102,covalent_bond_table,8.81369352991832e-05
1021,2,102,vibrational_datum,8.777681092822639e-05
1022,2,102,salt_like_adduct,8.552496862893286e-05
1023,2,102,symmetry_centre,8.504802077278418e-05
1024,2,102,specific_tensor_property,8.468211772395076e-05
1025,2,102,partially_occupy_molecule_deg,8.37589449886413e-05
1026,2,102,detector_unit,8.374160465540372e-05
1027,2,102,drop_crystal,8.36791496890516e-05
1028,2,102,investigate_phalanx_individual_finger,8.266878937243149e-05
1029,2,102,o_electrostatic_interaction,8.250715690866991e-05
1030,2,103,layer_like_structure,8.68821447036137e-05
1031,2,103,kato_fringe_visibility,8.547907572044985e-05
1032,2,103,equine_arteritis_virus,8.467463339249168e-05
1033,2,103,os_os_bond_parameter,8.35769830188486e-05
1034,2,103,important_question,8.339346489180339e-05
1035,2,103,minor_component_occupancy,8.331044924301216e-05
1036,2,103,light_source,8.308473250259046e-05
1037,2,103,guest_specie,8.304089182548437e-05
1038,2,103,case_handle,8.233903606330811e-05
1039,2,103,revise_space_group,8.224512529988837e-05
1040,2,104,aring_resolution_crystal_structure,8.585408069465127e-05
1041,2,104,cocrystallization_method,8.559221915557473e-05
1042,2,104,process_biological_molecule,8.552386424865875e-05
1043,2,104,datum_analysis_graphic_capability,8.450748841506207e-05
1044,2,104,final_value,8.41293610491187e-05
1045,2,104,distort_trigonal_bipyramidal_environment,8.335399216421815e-05
1046,2,104,essential_dengue_virus,8.314656046897534e-05
1047,2,104,spectral_line,8.311877228226997e-05
1048,2,104,oryza_rice,8.304975058025735e-05
1049,2,104,important_tool,8.287082518664381e-05
1050,2,105,vm_value,8.815776808427898e-05
1051,2,105,ring_open,8.726766998452712e-05
1052,2,105,sustainability_scientific_enterprise_innovation,8.607259915163993e-05
1053,2,105,psgr_phiv_goniometer,8.500149713678403e-05
1054,2,105,layer_pack,8.381009991333505e-05
1055,2,105,mm_cadmium_chloride,8.380512955141131e-05
1056,2,105,x_sime,8.377662612008576e-05
1057,2,105,yeast_eubacterial_ribg,8.281447608682191e-05
1058,2,105,symmetry_relate_hexamethylphosphosphoramide,8.277020827638561e-05
1059,2,105,agi_ion,8.27536108102869e-05
1060,2,106,iii_ii_geometrical_isomer,8.65537222267756e-05
1061,2,106,hmtpo_neutral_molecule,8.567005990891288e-05
1062,2,106,isopropanol_acetone_ethanol,8.354942009521119e-05
1063,2,106,distort_tetrahedral_environment,8.328363928098268e-05
1064,2,106,si_phasis,8.313664760029086e-05
1065,2,106,nuclear_receptor,8.289792827626424e-05
1066,2,106,p_phosphoru,8.288159548164843e-05
1067,2,106,tran_hydrocarbon_skeleton,8.280837808281152e-05
1068,2,106,topological_relation,8.275415961373816e-05
1069,2,106,lamella_average_thickness,8.204813520284165e-05
1070,2,107,rhomboedric_z,8.684907442024759e-05
1071,2,107,c_terminal_peptide,8.570612497783217e-05
1072,2,107,gst_fusion_protein,8.508259150447962e-05
1073,2,107,point_group_symmetry_octahedron,8.47757061754431e-05
1074,2,107,graphical_user_interface,8.393125568704592e-05
1075,2,107,hydroxyphenyl_ring,8.347978012995321e-05
1076,2,107,coefficient_r,8.340258742346596e-05
1077,2,107,automorphism_group_order_respect,8.268679805297626e-05
1078,2,107,rei_centre_geometry,8.263855231182888e-05
1079,2,107,wilson_plot_method,8.259047225839719e-05
1080,2,108,attach_pyridyl_ring_plane,8.716584403359061e-05
1081,2,108,amino_h,8.658838172288051e-05
1082,2,108,refinement_refmac_follow_warp,8.584114167783589e-05
1083,2,108,cupt_alloy,8.569357730057451e-05
1084,2,108,octahedral_hg_atom,8.495582682133541e-05
1085,2,108,hexameric_unit,8.38893859618223e-05
1086,2,108,sample_environment_range,8.359255035598483e-05
1087,2,108,droplet_formation,8.341493750719233e-05
1088,2,108,disulfide_bond,8.331855429816186e-05
1089,2,108,s_bond_length,8.298719600500271e-05
1090,2,109,central_ob_fold,8.900138605086934e-05
1091,2,109,pkc_relate_kinase,8.825734785255525e-05
1092,2,109,co_atom,8.751165769028179e-05
1093,2,109,structural_investigation,8.548303701206031e-05
1094,2,109,substitution_feature_diazaborinane_series,8.50280080264483e-05
1095,2,109,ligand_dppm_contain_complex,8.488092919245598e-05
1096,2,109,cu_atom_coordinate,8.44349129305297e-05
1097,2,109,cm_nm_magnitude,8.343405252114177e-05
1098,2,109,rapid_loss,8.324859723241566e-05
1099,2,109,viral_infection,8.316494987982888e-05
1100,2,110,crystallographic_nc_net,8.814523165570241e-05
1101,2,110,aromatic_c_c_bond,8.696191030235769e-05
1102,2,110,absorption_crystal,8.597487267872644e-05
1103,2,110,waclawik_amp,8.519790394046639e-05
1104,2,110,distort_octahedral_coordinate_configuration,8.481864569015801e-05
1105,2,110,yeast_proteasome_structure,8.45539054838797e-05
1106,2,110,visual_match,8.453471340919194e-05
1107,2,110,ph_precipitant,8.385895137129236e-05
1108,2,110,decrease_range,8.385643969331812e-05
1109,2,110,ordinary_dynamical_theory,8.294559698656551e-05
1110,2,111,deformation_density,8.692947922269353e-05
1111,2,111,laboratory_x_ray_analysis,8.678991081043499e-05
1112,2,111,mesenchymal_stem_cell,8.649039117409315e-05
1113,2,111,membrane_deletion_construct,8.567854532056543e-05
1114,2,111,correct_calculate_intensity,8.441484985207185e-05
1115,2,111,incident_wave_effective_width,8.375556626082218e-05
1116,2,111,aiip_peak_intensity_use,8.362406074384828e-05
1117,2,111,intramolecular_hydrogen_bond_system,8.354811032231032e-05
1118,2,111,x_sigma,8.340918605274279e-05
1119,2,111,general_aim,8.247515964954712e-05
0,3,0,asymmetric_unit,7.332531995671044e-05
1,3,0,gamma_ring,7.280060197791654e-05
2,3,0,be_symmetry_site,7.22969310322431e-05
3,3,0,pyrazoline_ring,7.155095200480575e-05
4,3,0,coordinate_water_molecule,7.146342967715489e-05
5,3,0,oxalate_ion_o_atom,7.145231147892023e-05
6,3,0,order_superstucture,7.133264825098044e-05
7,3,0,low_contrast,7.132729893695867e-05
8,3,0,neutron_advantage,7.130879889548337e-05
9,3,0,considerable_variability,7.122217550330865e-05
