,run,topic,terms,p
8.47534927193018e-05
1,1,0,niiii_atom,8.107469943449432e-05
2,1,0,aniline_benzene_ring,8.099698034932205e-05
3,1,0,x_ray_diffraction_method,8.052884559758392e-05
4,1,0,xu_amp,8.047208055255978e-05
5,1,0,cationic_organic_layer,8.015820220602103e-05
6,1,0,tungsten_atom,7.926655202302592e-05
7,1,0,infinite_linear,7.925200444801335e-05
8,1,0,phosphide_pentanickel_tetraphosphide,7.913550647047588e-05
9,1,0,calcium_accumulation,7.889110221976838e-05
10,1,1,levelut_guini_camera_applicability,8.409595262346298e-05
11,1,1,n_iodide_methylcocaine,8.263757219873395e-05
12,1,1,optical_system,8.197311425974649e-05
13,1,1,uncertainty_reflection_intensity,8.15169663218766e-05
14,1,1,z_dna_structure,8.151199483110558e-05
15,1,1,reformatsky_reaction,8.031022801704225e-05
16,1,1,lattice_sum_crystal_symmetry,7.978011994304379e-05
17,1,1,individual_volume_fraction,7.961186742635082e-05
18,1,1,mpr_membrane_proximal_region,7.930601330512056e-05
19,1,1,direction_align_ring,7.900582780328758e-05
20,1,2,net_density,8.594815045421689e-05
21,1,2,rhiii_atom,8.165980374671598e-05
22,1,2,o_h_s,8.115499173950598e-05
23,1,2,centrosymmetrically_relate_molecule,8.096887483644354e-05
24,1,2,resolution_temperature_dependence,8.063683686147716e-05
25,1,2,previous_model,8.0595295816667e-05
26,1,2,neutron_diffraction_instrument,7.999050088759367e-05
27,1,2,unique_ability,7.963086873118669e-05
28,1,2,ligand_substitution_pattern,7.960533777226528e-05
29,1,2,endoplasmic_reticulum,7.919257712260091e-05
30,1,3,antibiotic_treatment,8.330054250797643e-05
31,1,3,thus_mutant_activity_decrease,8.307277309880144e-05
32,1,3,property_tensor,8.177067332189617e-05
33,1,3,palladium_complex,8.142347118501143e-05
34,1,3,lone_pair_orbital,8.044848130953266e-05
35,1,3,structure_functionality_relationship,8.02828297318688e-05
36,1,3,pylorus_crystal_structure,7.982172082235621e-05
37,1,3,c_angle,7.959930972891162e-05
38,1,3,structure_function_relation,7.94872792007016e-05
39,1,3,elemental_manganese,7.942994205827648e-05
40,1,4,macroscopic_crystal,8.295645572326704e-05
41,1,4,pcxxc_signature,8.124483022964684e-05
42,1,4,benzimidazole_ring_system,8.073586668365248e-05
43,1,4,tran_aring_p_tran,8.007000230969588e-05
44,1,4,calcium_accumulation_autonomous_zone,7.991435380992745e-05
45,1,4,micrometre_range,7.988462381437874e-05
46,1,4,planar_conformation_guanidinium_cation,7.941316053761052e-05
47,1,4,cluster_particle,7.920191023267256e-05
48,1,4,biological_speciman,7.896408860558015e-05
49,1,4,sulfite_reductase,7.893522064125096e-05
0,2,0,iron_atom,8.099888711269115e-05
1,2,0,i_sigma,7.988114046341099e-05
2,2,0,categorization_process,7.956731906635116e-05
3,2,0,gel_filtration_follow_chromatography,7.877128401693128e-05
4,2,0,aromatic_phenyl_ring,7.833051715589464e-05
5,2,0,structural_basis,7.802211291970888e-05
6,2,0,beta_alpha_ring,7.794558761646135e-05
7,2,0,pyrene_anthracene_durene_benzene,7.769426368678434e-05
8,2,0,niii_complex_cation,7.742795919983504e-05
9,2,0,hexafluoridophosphate_anion_cation,7.738892432327714e-05
10,2,1,alpha_deoxyribose_uracil_interaction,7.804482110848504e-05
11,2,1,develope_crystal_growth_direction,7.733017238859509e-05
12,2,1,silicon_rich_zeolite,7.703924508081317e-05
13,2,1,lattice_molecule_pack,7.698404309764568e-05
14,2,1,time_time_approximate_dimension,7.681648953853419e-05
15,2,1,base_pair,7.678912842155727e-05
16,2,1,dimeric_state,7.672929678136922e-05
17,2,1,l_arginine,7.664004158722826e-05
18,2,1,multiple_interaction,7.653961302251576e-05
19,2,1,good_agreement,7.65237456719043e-05
20,2,2,study_spite,7.949421276640711e-05
21,2,2,planarity_slightly_deviate,7.764644228325567e-05
22,2,2,main_group,7.760856323853419e-05
23,2,2,oxide_ligand,7.708021124531277e-05
24,2,2,different_degree,7.669188825246732e-05
25,2,2,complexity_protein_low_resolution,7.660571582590154e-05
26,2,2,plane_crystal,7.646230821627023e-05
27,2,2,interchain_hydrogen_bond,7.645503373967875e-05
28,2,2,probabilistic_approach,7.638045506920385e-05
29,2,2,approximate_structure_factor_magnitude,7.616969819675284e-05
0,3,0,crystallographica_section_e,7.386641890590203e-05
1,3,0,van_der_waals_one,7.336449316159106e-05
2,3,0,riboflavin_biosynthesis,7.311214819806951e-05
3,3,0,great_crystal,7.28543172771412e-05
4,3,0,quantitative_fit,7.265682807789452e-05
5,3,0,datum_collection_aspect,7.265337936246085e-05
6,3,0,o_h_plane_parallel,7.239092981739069e-05
7,3,0,solution_heterogeneity,7.205012073990229e-05
8,3,0,formalism_arise_difficulty,7.200519053621785e-05
9,3,0,inorganic_organic_layer,7.182361911514777e-05
