,run,topic,terms,p
bolism,8.982775837251285e-05
1,1,0,identical_condition_diffraction,8.752463879440927e-05
2,1,0,sheet_like_entity,8.65889872156339e-05
3,1,0,robotic_sample_changer_numb,8.568235130514066e-05
4,1,0,s_dibenzyl_dithiophosphate,8.469358441552469e-05
5,1,0,finite_order_form,8.431833378318905e-05
6,1,0,bond_angle_distortion,8.392529936487395e-05
7,1,0,overcorrection_increase_peak,8.386488597802133e-05
8,1,0,instrument_concept,8.344793532482679e-05
9,1,0,dimethylammonium_cation,8.340575921692788e-05
10,1,1,isoquinoline_ring_system,8.617039797255054e-05
11,1,1,energy_produce_process,8.497704013376899e-05
12,1,1,hydroxyl_o_atom,8.450376277127819e-05
13,1,1,significant_difference_bi,8.404418374065244e-05
14,1,1,molecule_form,8.349034681271338e-05
15,1,1,solubility_microscopy_measurement,8.334245411591209e-05
16,1,1,examine_structure_dianion,8.308659642846738e-05
17,1,1,nlo_susceptibility_chi,8.276812792104532e-05
18,1,1,bragg_diffraction_general_case,8.26239314313269e-05
19,1,1,suitable_description,8.250125128999265e-05
20,1,2,recent_experiment,8.838766812667923e-05
21,1,2,residual_electron_density,8.545709650536931e-05
22,1,2,ncs_relate_part,8.469948885245244e-05
23,1,2,rubbery_material,8.468865238135894e-05
24,1,2,cl_ion_displacement,8.43980427169549e-05
25,1,2,incline_case,8.38578924969665e-05
26,1,2,available_crystal_form_analysis,8.370898775399185e-05
27,1,2,x_ray_diffraction_method,8.350456890439911e-05
28,1,2,c_n_double_bond,8.346834199247296e-05
29,1,2,anomalous_scatter_curve,8.317187207838266e-05
30,1,3,n_h_h,8.764961434497372e-05
31,1,3,acryloyloxy_acetyl_group,8.462240328366649e-05
32,1,3,hppd_like_domain,8.358659536950754e-05
33,1,3,desire_oxidation_state,8.31076049349993e-05
34,1,3,hps_hydrogen_bond_direction,8.304395825111561e-05
35,1,3,present_study,8.279340852054148e-05
36,1,3,thf_hexane,8.272160952714727e-05
37,1,3,chemical_calculation,8.268954172972864e-05
38,1,3,macromolecular_structure_principle,8.215104605624436e-05
39,1,3,heat_shock_protein,8.203003027201574e-05
40,1,4,dithiocarbamate_ligand,8.983815788487502e-05
41,1,4,l_ligand,8.880998832532337e-05
42,1,4,double_crystal_silicon_monochromator,8.646655093794142e-05
43,1,4,absolute_structure,8.63512838366717e-05
44,1,4,cone_series,8.486528611625026e-05
45,1,4,protein_interaction,8.456522547736401e-05
46,1,4,mm_cadmium,8.444638096592292e-05
47,1,4,predict_inner_membrane_metalloenzyme,8.42240051879013e-05
48,1,4,noncoordinat_nitrate,8.323796506571461e-05
49,1,4,research_proposal_approval,8.25731156231643e-05
50,1,5,mammalian_cytochrome,8.968262973181608e-05
51,1,5,endothermic_desolvation_process,8.652663835959348e-05
52,1,5,local_scale,8.651093161300715e-05
53,1,5,middot_single_crystal,8.52769266674229e-05
54,1,5,outstanding_feature,8.511543053699614e-05
55,1,5,half_width,8.472445564641152e-05
56,1,5,widely_application,8.445123244200753e-05
57,1,5,base_presence,8.389615224420174e-05
58,1,5,diffraction_geometry_fringe_eacute,8.328212642578193e-05
59,1,5,megabyte_store,8.307270200860565e-05
60,1,6,regular_tetrahedron,8.408484446216361e-05
61,1,6,ultra_rapid_change,8.394437628149198e-05
62,1,6,complex_sample,8.380631425868821e-05
63,1,6,metabolic_energy,8.349882924892363e-05
64,1,6,new_material_find_goal,8.307694728421914e-05
65,1,6,unit_ligand_molecule,8.267724840320512e-05
66,1,6,crystalline_state,8.233406443377315e-05
67,1,6,tunnel_junction,8.128714622813101e-05
68,1,6,benzene_unit,8.127873830523573e-05
69,1,6,novel_aspect,8.123609309628722e-05
70,1,7,chloride_ligand,8.648742163912723e-05
71,1,7,trustful_relevant_result,8.608115192771863e-05
72,1,7,software_package,8.545752598929908e-05
73,1,7,monomer_hexamer_trimeric_form,8.326375949810578e-05
74,1,7,active_site_geometry,8.295657479164398e-05
75,1,7,crystal_delivery,8.289582740703087e-05
76,1,7,gldn_olf_domain,8.288971638857987e-05
77,1,7,extensive_network,8.284157182087661e-05
78,1,7,previously_report_complex,8.279448842356317e-05
79,1,7,advance_research,8.24701529715344e-05
80,1,8,waals_one,8.5540637386923e-05
81,1,8,x_ray_crystallographic_structure,8.526098089318973e-05
82,1,8,general_position_occupy,8.497395574319575e-05
83,1,8,crystal_structure_direct_observation,8.46197686780841e-05
84,1,8,collagen_model,8.343884070442376e-05
85,1,8,minus_structure,8.34080535178023e-05
86,1,8,isomerization_state_prolyl_phosphorylation,8.324365870024389e-05
87,1,8,geometry_distortion,8.287707247328738e-05
88,1,8,vizier_workshop_report,8.206208293612407e-05
89,1,8,triclinic_system_crystallize,8.200513527532441e-05
90,1,9,bridge_br_atom,8.41362525252824e-05
91,1,9,double_chain_structure,8.381097917055392e-05
92,1,9,acid_molecule,8.380764558721091e-05
93,1,9,robotic_sample_changer_numb,8.344364298412819e-05
94,1,9,aring_wavelength_s,8.339906771533194e-05
95,1,9,reference_wide_range,8.292985006430537e-05
96,1,9,lambda_delta,8.264333923176692e-05
97,1,9,refinement_statistic_datum_quality,8.229242769175939e-05
98,1,9,catalytic_triad_serine_hydroxyl,8.224539210790167e-05
99,1,9,simple_sign_relationship,8.206644166473736e-05
100,1,10,substantial_interest,8.485306476211213e-05
101,1,10,mu_core,8.43783465088355e-05
102,1,10,large_distance,8.355213315168144e-05
103,1,10,quinoline_ring_mean_plane,8.327472495726748e-05
104,1,10,triphenylphosphine_ligand_p_atom,8.270809560627231e-05
105,1,10,hpmt_middot_middot,8.234590236775021e-05
106,1,10,absorption_edge,8.202664417050177e-05
107,1,10,depression_treatment,8.175018472988534e-05
108,1,10,broaden_size,8.166915559361496e-05
109,1,10,rlml_gene,8.147823284971655e-05
110,1,11,cmethyl_torsion,8.616154421578149e-05
111,1,11,foil_unit_area,8.437516261983938e-05
112,1,11,inorganic_perpendicular_layer,8.436081041701346e-05
113,1,11,relative_wilson_plot,8.402728703549661e-05
114,1,11,sn_c_c,8.35332025233703e-05
115,1,11,dimensional_position_sensitive_detector,8.293974407499782e-05
116,1,11,all_n_o_atom,8.248114772180553e-05
117,1,11,bridge_ligand,8.205208897891798e-05
118,1,11,strain_level,8.20484502359043e-05
119,1,11,translation_function_rotation,8.19804486716266e-05
120,1,12,abrahams_gamma_correction_extension,8.979762268427275e-05
121,1,12,multi_tube_area,8.777338957753159e-05
122,1,12,o_h_aring_n,8.687295078238249e-05
123,1,12,correspond_element,8.424215517827152e-05
124,1,12,human_disease_cell_differentiation,8.407274098776025e-05
125,1,12,chlorpropamide_polymorphic_property,8.367743928029158e-05
126,1,12,loop_arrangement,8.344056582144574e-05
127,1,12,important_synthon,8.333039394966285e-05
128,1,12,heavy_element,8.310418290906593e-05
129,1,12,pyrococcus_horikoshii_kh_domain,8.261655688781768e-05
130,1,13,crystalline_system,8.724362924077733e-05
131,1,13,ribonucleotide_deoxy_bind,8.67358198339826e-05
132,1,13,derivative_crystal,8.665590607488896e-05
133,1,13,profound_influence,8.343304590313219e-05
134,1,13,chiral_angle_special_value,8.324090367939958e-05
135,1,13,graphite_examination,8.296782039660734e-05
136,1,13,corona_model_parameter,8.292113722153936e-05
137,1,13,rubbery_material,8.270936624748543e-05
138,1,13,distant_member,8.230047373100972e-05
139,1,13,crystallographica_section_e,8.2108911851606e-05
140,1,14,proteasome_form_barrel_shape,8.539298775618164e-05
141,1,14,c_c_o_segment,8.471459083550094e-05
142,1,14,protein_limit_trypsin_digestion,8.360230598293952e-05
143,1,14,doubly_deprotonat_ligand,8.3190624200337e-05
144,1,14,extensive_hydrogen_bond_interaction,8.317926983052545e-05
145,1,14,b_dna_decamer_crystal,8.28864773074576e-05
146,1,14,sphere_pack,8.195700338675731e-05
147,1,14,severe_developmental_defect_cancer,8.190332770557393e-05
148,1,14,clock_oscillator,8.164579140648209e-05
149,1,14,intensity_dislocation,8.147941570924883e-05
150,1,15,bone_tissue_change,8.817643892127345e-05
151,1,15,lattice_sum,8.48644629016916e-05
152,1,15,prime_o_prime_kappa,8.401072930805892e-05
153,1,15,planar_seven_membered_ring,8.298415953730825e-05
154,1,15,diblock_copolymer,8.273722722752876e-05
155,1,15,aring_apical_distance,8.242580048753736e-05
156,1,15,positive_construction,8.21748342885696e-05
157,1,15,genetic_introduction,8.207764594180445e-05
158,1,15,elastic_domain,8.17030638095531e-05
159,1,15,unfavorable_eclipse_conformation,8.161428747564687e-05
160,1,16,acetylsalicylic_acid,8.725954198411938e-05
161,1,16,rietveld_refinement,8.577994426696964e-05
162,1,16,anabolic_ornithine_transcarbamoylase,8.57054105681098e-05
163,1,16,use_extend_record,8.486083780294411e-05
164,1,16,maleonitriledithiolate_ligand_s_atom,8.389956748186204e-05
165,1,16,symmetry_relate_thiocyanate_ligand,8.3712976987802e-05
166,1,16,base_molecule,8.359805321219169e-05
167,1,16,hybrid_organic_inorganic_nanocomposite,8.339543631116105e-05
168,1,16,attach_phenyl_ring,8.277103285188545e-05
169,1,16,assembly_pattern,8.253007505148807e-05
170,1,17,membrane_deletion,8.904388260401511e-05
171,1,17,gas_load_setup,8.767149105007768e-05
172,1,17,phenol_thienyl_ring,8.44707377667651e-05
173,1,17,manning_condensation_theory,8.424431157107744e-05
174,1,17,separate_determination,8.354648553624291e-05
175,1,17,absorption_edge,8.334885681324834e-05
176,1,17,methanol_methylene_chloride,8.305593580497774e-05
177,1,17,iodide_anion,8.193187339537677e-05
178,1,17,different_method,8.179235930111419e-05
179,1,17,shannon_channel,8.178387820390964e-05
180,1,18,dimer_structure,8.457670830743579e-05
181,1,18,carbazole_position,8.433483890058742e-05
182,1,18,nickel_divalent_iron,8.41754336291692e-05
183,1,18,angular_displacement,8.411330771709535e-05
184,1,18,form_inversion,8.366355321910272e-05
185,1,18,approximately_planar_triangular_geometry,8.362001557334298e-05
186,1,18,environmental_material_sample,8.36031147685599e-05
187,1,18,critical_case,8.324556626612559e-05
188,1,18,crystallite_size_distribution,8.263094248125573e-05
189,1,18,neighbor_molecule,8.228439703613295e-05
190,1,19,pharmaceutical_ingredient,8.619351397651702e-05
191,1,19,facility_user,8.558117492156128e-05
192,1,19,contrast_variation,8.50936355857731e-05
193,1,19,calculate_absorb,8.460089994175428e-05
194,1,19,speed_accuracy,8.264375595749818e-05
195,1,19,salt_formation,8.248764733772917e-05
196,1,19,clathrate_form_system,8.236551078121325e-05
197,1,19,pd_p,8.177427551841176e-05
198,1,19,respiratory_disorder_treatment,8.169597621116426e-05
199,1,19,usans_measurement_pressure_temperature,8.147949685568073e-05
200,1,20,methanol_ligand,8.616364815835825e-05
201,1,20,sniv_atom,8.51967472681429e-05
202,1,20,plant_pathogenic_bacterium,8.356841461369717e-05
203,1,20,molecule_corrugate_sheet,8.291085929554085e-05
204,1,20,fuse_ring_molecule,8.281042098319979e-05
205,1,20,low_nucleotide_sequence_specificity,8.277530749653439e-05
206,1,20,aring_size,8.275143520602274e-05
207,1,20,screen_condition,8.271155828989375e-05
208,1,20,eos_parameter,8.225485084712213e-05
209,1,20,periodic_dimensional_net,8.224024810711798e-05
210,1,21,laser_host,8.648165689165023e-05
211,1,21,dimethyl_sulfide_molecule,8.50512937891335e-05
212,1,21,acridine_cation,8.453750494114667e-05
213,1,21,axial_position,8.394180868711356e-05
214,1,21,excitation_state,8.354461258212969e-05
215,1,21,similar_manner,8.334948423232608e-05
216,1,21,o_hydrogen_bond,8.333825083584318e-05
217,1,21,multiple_wavelength_method,8.291521247591363e-05
218,1,21,symmetry_element,8.239982023085076e-05
219,1,21,value_plusmn,8.204311287812225e-05
220,1,22,dedicate_source,8.788619305420952e-05
221,1,22,main_class,8.538012809419725e-05
222,1,22,thiopeptide_family,8.383902334344378e-05
223,1,22,induction_time,8.361751548385541e-05
224,1,22,fac_adpm_complex,8.307643605793964e-05
225,1,22,high_resolution_ribosome_structure,8.275002700277082e-05
226,1,22,crystal_domain,8.269976476432309e-05
227,1,22,hg_atom_mmm_symmetry,8.249285193295355e-05
228,1,22,moderate_c,8.247699585389663e-05
229,1,22,chiral_angle,8.210987556125205e-05
230,1,23,r_distance,8.767859385266231e-05
231,1,23,important_receptor_conformational_flexibility,8.605360973412049e-05
232,1,23,general_formula_family,8.472580864548472e-05
233,1,23,free_binase,8.450004372626533e-05
234,1,23,ed_spectrum,8.334944798981544e-05
235,1,23,efficient_way,8.328623042909218e-05
236,1,23,planar_deviation_formation,8.327553848365002e-05
237,1,23,bone_formation_critical_step,8.322826606805425e-05
238,1,23,relative_wilson_plot,8.305428497119327e-05
239,1,23,thiourea_molecule,8.285706328204605e-05
240,1,24,delta_c_h,8.87562375893766e-05
241,1,24,protein_homology_high_level,8.548536721388759e-05
242,1,24,calibration_alignment_measurement_stop,8.464769938587871e-05
243,1,24,hydrophobic_column,8.416394317153012e-05
244,1,24,intramolecular_c_h_deg,8.368744599474755e-05
245,1,24,membered_dihydropyrazole_ring,8.347695561253695e-05
246,1,24,benefit_practice,8.287133843691102e-05
247,1,24,detailed_analysis,8.274892842410234e-05
248,1,24,o_h_atom,8.24670330409975e-05
249,1,24,complementary_characterization_technique,8.217850875099612e-05
250,1,25,high_pressure,9.16821924922645e-05
251,1,25,x_ray_tomography_combination,8.669314847346814e-05
252,1,25,different_conformation,8.451570121852694e-05
253,1,25,reaction_induce_self_assembly,8.439493370223287e-05
254,1,25,crystallography_relate_field,8.359641655002154e-05
255,1,25,tight_range,8.29903359100358e-05
256,1,25,molecule_significant_twist,8.285232739350975e-05
257,1,25,x_ray_quality_crystal,8.248872481011641e-05
258,1,25,crystal_delivery_method,8.23083296651107e-05
259,1,25,s_atom,8.224402073393319e-05
260,1,26,centrosymmetric_naphthoquinone_moiety,9.14449930820278e-05
261,1,26,define_initiator,8.511030577981116e-05
262,1,26,different_space_group,8.469254279947065e-05
263,1,26,clathrin_recruitment,8.353453787375938e-05
264,1,26,scatter_theory,8.348999246849569e-05
265,1,26,channel_structure,8.338345209464193e-05
266,1,26,dutp_alpha_beta_phosphodiester,8.324663212843388e-05
267,1,26,classical_protein_tyrosine_phosphatase,8.309897101468472e-05
268,1,26,delivery_nozzle,8.302447580595786e-05
269,1,26,prime_bpy_ligand,8.237567999028245e-05
270,1,27,surface_loop_residue_calcium,9.039970468749301e-05
271,1,27,x_ray_nanotomography,9.008826144952048e-05
272,1,27,protein_crystal_characterization,8.752999180359584e-05
273,1,27,neighbour_methoxy_o_atom,8.626429753930125e-05
274,1,27,previously_report_type,8.607276867933382e-05
275,1,27,mars_surface,8.512920316699545e-05
276,1,27,ultra_low_temperature,8.211376729585387e-05
277,1,27,or_b,8.182042757869305e-05
278,1,27,triazole_group_n_atom,8.178688808048245e-05
279,1,27,terminal_helix,8.170320959395923e-05
280,1,28,de_novo_biosynthesis,8.850729088636915e-05
281,1,28,specific_radiation_damage,8.642578092667706e-05
282,1,28,bromopentoxy_chain,8.59750551868203e-05
283,1,28,total_angular_range,8.548916146945137e-05
284,1,28,steric_congestion,8.374099696160808e-05
285,1,28,saxs_curve,8.37355042445574e-05
286,1,28,aring_mn_distance,8.313052382997816e-05
287,1,28,crystal_diffraction,8.304603472688519e-05
288,1,28,focus_device,8.297264852249094e-05
289,1,28,high_relative_energy,8.19566805749738e-05
290,1,29,pylorus_infection,8.365579792608475e-05
291,1,29,phnz_structure,8.35735589416927e-05
292,1,29,two_thiocyanate,8.31862600138242e-05
293,1,29,pure_silica_analogue,8.31457228390047e-05
294,1,29,one_solvent_molecule,8.224592784752731e-05
295,1,29,weak_intermolecular_o_h,8.161416921275107e-05
296,1,29,vme_board,8.15135329701708e-05
297,1,29,sigma_phiv,8.147458205089962e-05
298,1,29,programme_algorithm,8.143334355246269e-05
299,1,29,x_ray_area_detector,8.12724431388591e-05
300,1,30,iodine_molecule_form,8.902509592926943e-05
301,1,30,post_edge,8.886726997756864e-05
302,1,30,pinonic_acid,8.795036117387708e-05
303,1,30,eigenvalue_spectrum,8.589730537127505e-05
304,1,30,additional_c,8.566067650198135e-05
305,1,30,dynamic_dimension,8.528980804403642e-05
306,1,30,membered_pyran_ring,8.500188953661643e-05
307,1,30,monomer_model,8.490858016102322e-05
308,1,30,dimensional_network_polymer,8.444694444139401e-05
309,1,30,deviation_group_phenyl_ring,8.431009741163202e-05
310,1,31,hydrogen_bond_kind,8.859244835275002e-05
311,1,31,large_time,8.601709466974723e-05
312,1,31,ptp_prime_prime_prime,8.54245684407765e-05
313,1,31,aryloxide_alkoxide_complex,8.52109813243037e-05
314,1,31,eugenol_ring_acetylsalicylic_acid,8.228471607027988e-05
315,1,31,new_refinement_strategy,8.228423484487295e-05
316,1,31,slow_motion,8.211332592686536e-05
317,1,31,mu_racemic_cation,8.181574463506875e-05
318,1,31,z_prime,8.17815476313301e-05
319,1,31,naphthylene_ring_system,8.177388239530823e-05
320,1,32,membered_chelate,9.011906915470685e-05
321,1,32,synchrotron_datum,8.500542385557639e-05
322,1,32,emission_line_radiation,8.311491218684877e-05
323,1,32,cation_ion,8.304306720551883e-05
324,1,32,bear_approximation,8.300358994416225e-05
325,1,32,bragg_angle,8.282920769336671e-05
326,1,32,fourier_transformation_sample_theorem,8.274365209439135e-05
327,1,32,seven_topological_family,8.191848313421155e-05
328,1,32,secondary_structural_feature,8.18697689797371e-05
329,1,32,terminal_sulfur_atom,8.17910343880424e-05
330,1,33,peptidyl_trnas,8.615463760138956e-05
331,1,33,electron_density_function,8.571560360433257e-05
332,1,33,heterocyclic_ring_respect,8.468094835761571e-05
333,1,33,boat_chair_conformation,8.369743024040348e-05
334,1,33,n_h_amine_amide,8.32088310046294e-05
335,1,33,useful_phase_tool,8.317121783150455e-05
336,1,33,lithium_ion,8.242566720973794e-05
337,1,33,fe_distance,8.231920326336994e-05
338,1,33,lactone_ring_pucker,8.208413082269828e-05
339,1,33,fill_rubber_microscopic_description,8.204878060760895e-05
340,1,34,differ_coordination_geometry,8.687219179336841e-05
341,1,34,dimer_two_family,8.447838605933812e-05
342,1,34,chain_motif_cdii_atom,8.397464245820155e-05
343,1,34,be_pitch_strip,8.35471497751995e-05
344,1,34,catalytic_triad,8.293836204863072e-05
345,1,34,dichloro_trans,8.251317627852232e-05
346,1,34,atomic_structure,8.208730732988118e-05
347,1,34,cuii_complex_cation,8.160305545810814e-05
348,1,34,slightly_disorder_chair_conformation,8.159573416259612e-05
349,1,34,unfold_protein,8.144061448370198e-05
350,1,35,ncs_matrix,8.622610651914227e-05
351,1,35,net_quotient_graph,8.553434723890789e-05
352,1,35,arteriviridae_family,8.52489875934164e-05
353,1,35,pair_correlation_function,8.289559628014909e-05
354,1,35,centrosymmetric_n_h,8.236647334506466e-05
355,1,35,distance_stack_interplanar,8.213392133724744e-05
356,1,35,schiff_base_pyridine_ring,8.19194332711675e-05
357,1,35,nucleic_acid,8.17030180875622e-05
358,1,35,c_g_s,8.139588780756156e-05
359,1,35,cubic_space_group,8.121231715189956e-05
360,1,36,mnii_cation,8.959541211608664e-05
361,1,36,cd_atom,8.833748114916786e-05
362,1,36,final_model,8.75051219320777e-05
363,1,36,bridge_bond,8.746152090992923e-05
364,1,36,molecular_dynamic_md_simulation,8.634514030278975e-05
365,1,36,n_minus_cdii_cation,8.515668617018261e-05
366,1,36,possible_phase_transition,8.460161323376216e-05
367,1,36,angular_displacement,8.44120758430929e-05
368,1,36,central_component,8.347623508872596e-05
369,1,36,laboratory_setup,8.295353206215341e-05
370,1,37,beta_gamma,8.618034705016913e-05
371,1,37,typical_selenomethionine_protein_crystal,8.59585764615936e-05
372,1,37,examination_temperature,8.466016827572816e-05
373,1,37,molecule_experimental_electrostatic_potential,8.373750182476725e-05
374,1,37,solvent_hydrophobic_interaction,8.268544513742917e-05
375,1,37,flap_dynamic,8.260633463346867e-05
376,1,37,cerium_complex,8.252715414386181e-05
377,1,37,problem_essential_feature,8.230736021740068e-05
378,1,37,middot_minus,8.20162724055631e-05
379,1,37,present_value,8.186115959986053e-05
380,1,38,present_value,8.903904449966831e-05
381,1,38,observe_diffraction_pattern,8.868740569894297e-05
382,1,38,n_h_extend_chain,8.829461466616637e-05
383,1,38,alpha_molecule,8.61147698514022e-05
384,1,38,phenolic_o_atom,8.452327239513476e-05
385,1,38,anharmonic_atomic_displacement,8.369331402762571e-05
386,1,38,model_build,8.316676630889406e-05
387,1,38,experimental_measurement,8.30245365309114e-05
388,1,38,bipyramidal_configuration,8.229023436179916e-05
389,1,38,se_atom,8.16180500236717e-05
390,1,39,cl_ligand,8.993323295296609e-05
391,1,39,te_c_o,8.666321116504305e-05
392,1,39,n_acetyltransferase_domain,8.400653113985676e-05
393,1,39,sphalerite_type,8.381952355190854e-05
394,1,39,sugar_detect_software,8.334059736655675e-05
395,1,39,tran_cis_geometry,8.277483306330877e-05
396,1,39,three_n_acetylglucosamine,8.26005352234026e-05
397,1,39,methyl_group_exception,8.207759727741952e-05
398,1,39,pnma_space_group,8.162413775988879e-05
399,1,39,different_technique,8.148052949545985e-05
400,1,40,diffraction_image,8.49559146933434e-05
401,1,40,deg_tran_angle,8.426145025349424e-05
402,1,40,wurtzite_type,8.413636698003885e-05
403,1,40,immunosuppressant_synthetic_study,8.33977746033528e-05
404,1,40,eukaryotic_cell_protein_ubiquitination,8.305228279769519e-05
405,1,40,generate_hydrogen_bond,8.253842751142973e-05
406,1,40,space_group_polar_structure,8.244024936947021e-05
407,1,40,peer_review_article,8.204344348376549e-05
408,1,40,mean_square_deviation,8.176269117196246e-05
409,1,40,electron_accelerator,8.17286839113533e-05
410,1,41,equatorial_plane_water_molecule,8.870058187165873e-05
411,1,41,crystal_physical_property_term,8.805827037843662e-05
412,1,41,highly_anisotropic_crystal_dissolution,8.547657973015164e-05
413,1,41,away_orient_methyl_group,8.399404913337891e-05
414,1,41,capillary_concentrator,8.399295301865773e-05
415,1,41,significant_peak,8.32935149106669e-05
416,1,41,prevail_type_stack,8.304771227863216e-05
417,1,41,rapid_graphical_evaluation,8.250077519337114e-05
418,1,41,fully_extend_tran_conformation,8.223791466854291e-05
419,1,41,fiat_sample_surface,8.181069325620229e-05
420,1,42,phase_phase_calculation_extension,8.47940572563232e-05
421,1,42,dimensional_supramolecular_structure_formation,8.466170471652245e-05
422,1,42,modest_c_h,8.406479263942886e-05
423,1,42,isostructuralism_evidence,8.312018533253925e-05
424,1,42,pi_pi_interaction,8.276220654953223e-05
425,1,42,electron_density_profile,8.23949144625039e-05
426,1,42,indefinite_period,8.239046694017929e-05
427,1,42,inhibitor_configuration,8.234311581103221e-05
428,1,42,addition_facial_selectivity,8.214107198710299e-05
429,1,42,numerical_fit_procedure,8.204800800069007e-05
430,1,43,x_ray_powder_diffraction,8.461258453441476e-05
431,1,43,approximately_mm,8.431669089700604e-05
432,1,43,secondary_structure_barrel,8.342519311825012e-05
433,1,43,vacuum_ultraviolet_range,8.337745059952336e-05
434,1,43,enzyme_phosphoethanolamine,8.325814228602574e-05
435,1,43,protein_native_form,8.317540104860153e-05
436,1,43,non_merohedral_component_twin,8.298126465428652e-05
437,1,43,crystal_distribution,8.277775749712354e-05
438,1,43,tetrahedral_environment_ligand,8.264658412854433e-05
439,1,43,paper_error,8.235788408482718e-05
440,1,44,n_prime,8.842052156757446e-05
441,1,44,space_group_inversion_centre,8.658214685463359e-05
442,1,44,correspond_free_base_metallation,8.582857427359212e-05
443,1,44,anomalous_scatter_term_magnitude,8.412094487528536e-05
444,1,44,occupancy_factor,8.40902601562082e-05
445,1,44,rsv_rna_genome,8.352574262436303e-05
446,1,44,membered_fuse_ring,8.292574768509564e-05
447,1,44,pyrene_cuprous_chloride,8.242565537844327e-05
448,1,44,owater_bond,8.215083066193231e-05
449,1,44,intensity_distribution_analysis,8.196661640034711e-05
450,1,45,isochroman_isocoumarin,8.69785004806432e-05
451,1,45,strong_constraint,8.663541402686361e-05
452,1,45,potassium_dihydrogen,8.467985805093217e-05
453,1,45,particular_in_pseudosymmetry_decrease,8.403346111327895e-05
454,1,45,h_atom_donor,8.348950883253585e-05
455,1,45,rich_naphthalene_contain_polyether,8.346556832647086e-05
456,1,45,appropriate_beamline,8.300075428339707e-05
457,1,45,salt_concentration,8.284296463719065e-05
458,1,45,bragg_case_beam_diffraction,8.272721484678322e-05
459,1,45,centrosymmetric_ring_type,8.272501940076624e-05
460,1,46,wavelength_anomalous_scatter_term,9.099169145079526e-05
461,1,46,energy_carbon_source,8.531031896465412e-05
462,1,46,yeast_eubacterial_ribg,8.530465390619382e-05
463,1,46,complex_family,8.428610715322966e-05
464,1,46,detuning_technique,8.42403221863995e-05
465,1,46,axis_stack_cl_interaction,8.404977819663626e-05
466,1,46,catalyst_particle_evolve,8.279374506731666e-05
467,1,46,space_group_structure,8.265563058616083e-05
468,1,46,position_sensitive_detector,8.26095491578864e-05
469,1,46,relate_different_polymorph,8.251666200588968e-05
470,1,47,oxygenase_component,9.248815598627354e-05
471,1,47,different_cleavage_site,8.574772761891288e-05
472,1,47,amine_group,8.568716089371444e-05
473,1,47,diamond_anvil,8.440873291965006e-05
474,1,47,trhepd_station,8.428398973681833e-05
475,1,47,cl_bond_length,8.344869679817084e-05
476,1,47,domain_structure,8.329400178656057e-05
477,1,47,triazine_n_atom,8.24206686518379e-05
478,1,47,reaction_mechanism,8.23371776312296e-05
479,1,47,eigenvalue_spectrum,8.192315939741699e-05
480,1,48,melaminium_cation,8.639833094128213e-05
481,1,48,growth_process,8.43028394214128e-05
482,1,48,geometric_solution,8.400633825537652e-05
483,1,48,prolyl_phosphorylation,8.3684547905814e-05
484,1,48,reconstruct_surface,8.347894498826065e-05
485,1,48,static_distortion,8.238036098060175e-05
486,1,48,pathogenic_bacterium,8.208794074108364e-05
487,1,48,slightly_different_orientation,8.20757423458818e-05
488,1,48,nbsp_deg,8.197823227959249e-05
489,1,48,small_molecule_structure,8.193767149892748e-05
490,1,49,relate_observe_dimer,8.606949306345488e-05
491,1,49,native_form,8.581638790881732e-05
492,1,49,distort_tran_geometry,8.523526413391685e-05
493,1,49,s_atom_o_atom,8.314070309619389e-05
494,1,49,atom_n,8.306562788070413e-05
495,1,49,wide_energy_range,8.27786978475217e-05
496,1,49,powder_diffractometer_guinier_camera,8.25400256378822e-05
497,1,49,abrahams_gamma_correction_extension,8.249635943002939e-05
498,1,49,detergent_free_micelle,8.22337402894625e-05
499,1,49,rubbery_material_production,8.222809357925486e-05
0,2,0,small_bite_angle,8.06686062022504e-05
1,2,0,natural_olivine,7.993657480579686e-05
2,2,0,crystallization_purification_expression,7.982496746153154e-05
3,2,0,impressive_comparison,7.844312552573731e-05
4,2,0,anthracene_molecule,7.837169609547123e-05
5,2,0,lead_asymptotic_term,7.760036165816638e-05
6,2,0,cis_manner,7.741260164662447e-05
7,2,0,axis_infinite_strand,7.6977376312829e-05
8,2,0,hydrogen_bond_layer,7.695680224261483e-05
9,2,0,small_single_crystal,7.692199619365181e-05
10,2,1,membered_metal_cycle_conformation,7.994161110211085e-05
11,2,1,aring_cl_bond,7.892195975909402e-05
12,2,1,methionine_point,7.876363027469901e-05
13,2,1,selenomethionine_protein_crystal,7.869028163954633e-05
14,2,1,amino_acid,7.845231156837822e-05
15,2,1,triplet_phasis,7.823656646762399e-05
16,2,1,macrocyclic_boronic_ester_cavity,7.789096020683746e-05
17,2,1,soft_x_ray,7.779530975444628e-05
18,2,1,generalize_scale_factor,7.707425630378549e-05
19,2,1,chain_conformation,7.69162597085109e-05
20,2,2,fuse_membered_ring,8.022406494748555e-05
21,2,2,respectively_deg_dihedral_angle,7.995160132080442e-05
22,2,2,pi_contact_form,7.954074498209239e-05
23,2,2,sulfonate_ligand_hydroxy_group,7.920210633003923e-05
24,2,2,glycosyl_torsion,7.725158808860601e-05
25,2,2,topoisomerase_cytotoxicity,7.714484873553437e-05
26,2,2,partially_occupy_molecule_deg,7.701085389163247e-05
27,2,2,silicon_thin_specimen,7.6964988444188e-05
28,2,2,pdb_archive_remediation,7.695054005044887e-05
29,2,2,molecule_fragment,7.671754924626794e-05
