,run,topic,terms,p
eter,8.554890549501858e-05
1,1,0,anion_result,8.533971356240073e-05
2,1,0,mutant_activity_decrease,8.367313272348118e-05
3,1,0,diffraction_optic_little_account,8.364189619277961e-05
4,1,0,rsr_procedure,8.29400969533544e-05
5,1,0,adjacent_pi,8.240027700979926e-05
6,1,0,ligand_nitrate,8.231393949691406e-05
7,1,0,functional_material,8.155284792299224e-05
8,1,0,n_h_form_plane,8.142602846402834e-05
9,1,0,background_intensity,8.095915081194284e-05
10,1,1,scatter_method,8.478005211123714e-05
11,1,1,exact_expression,8.357784135700696e-05
12,1,1,azo_n_atom,8.330840375602371e-05
13,1,1,c_h_type,8.209470089236847e-05
14,1,1,chloride_ion,8.204793757440147e-05
15,1,1,rotate_anode_generator,8.176816230471799e-05
16,1,1,oh_group,8.1616891010235e-05
17,1,1,crystallographic_result,8.14407625653786e-05
18,1,1,nonlinear_optical_nlo_property,8.134232741301369e-05
19,1,1,experimental_total_function,8.122907159040749e-05
20,1,2,focal_shift,8.638895155353052e-05
21,1,2,putative_dihydroorotate_dehydrogenase,8.545316934752276e-05
22,1,2,collagen_model_polypeptide,8.456504613128263e-05
23,1,2,perovskite_type_slab,8.381769518696523e-05
24,1,2,pyridine_n_atom,8.368280940105221e-05
25,1,2,functional_relevance,8.312059972392035e-05
26,1,2,possible_use,8.300341030652402e-05
27,1,2,proton_donor,8.264232433766449e-05
28,1,2,osteoblast_differentiation,8.261043940818446e-05
29,1,2,helical_shape,8.260022329672137e-05
30,1,3,peptidoglycan_hydrolase,8.702563740103546e-05
31,1,3,electron_delocalization,8.508338294733019e-05
32,1,3,e_isomer,8.408978942354083e-05
33,1,3,b_factor,8.320084440963467e-05
34,1,3,terminal_phenyl_phenylene,8.27608613545153e-05
35,1,3,o_bidentate_schiff_base,8.173238593849585e-05
36,1,3,n_h_s,8.156030741824694e-05
37,1,3,principal_reflection_bragg_angle,8.148982916464738e-05
38,1,3,quotient_graph,8.09435075260449e-05
39,1,3,hitherto_unknown_fold,8.093497777267769e-05
40,1,4,ion_numb,8.589879285258993e-05
41,1,4,weak_pi_pi_way,8.589084612425555e-05
42,1,4,monocapp_tetragonal_antiprism_polyhedron,8.587987373918645e-05
43,1,4,helical_arrangement,8.491909417842987e-05
44,1,4,screw_boat_conformation,8.302548167008205e-05
45,1,4,linac_coherent_light_source,8.245119745159514e-05
46,1,4,initial_model,8.220065190696106e-05
47,1,4,quality_management_production_control,8.216393812441438e-05
48,1,4,chain_fragment,8.193625076540492e-05
49,1,4,chain_atom,8.190270581146878e-05
50,1,5,co_nanocluster_organization,8.897555073051358e-05
51,1,5,severe_developmental_defect_cancer,8.681816331465471e-05
52,1,5,boundary_condition,8.557133574617993e-05
53,1,5,lattice_distortion,8.442009854671157e-05
54,1,5,single_particle_additional_measurement,8.384700195425422e-05
55,1,5,b_sime,8.346291003729885e-05
56,1,5,hydrogen_bond_infinite_chain,8.320326906621027e-05
57,1,5,donor_molecule,8.285527972644828e-05
58,1,5,imidazole_ring_plane,8.272878772932305e-05
59,1,5,isomorphous_crystal,8.267575926050967e-05
60,1,6,pseudo_mm_symmetry,8.583072594357043e-05
61,1,6,butanaminium_bromide_propanol,8.546163965687325e-05
62,1,6,antiparallel_orientation,8.527993285393533e-05
63,1,6,ligand_dppm,8.461671901840382e-05
64,1,6,identical_type_metal_atom,8.433753613169129e-05
65,1,6,cryogenic_cool_system,8.394259340585552e-05
66,1,6,crystallographic_result,8.337343149794968e-05
67,1,6,c_axis_molecule_pair,8.27960922137679e-05
68,1,6,fully_occupy_deg,8.277776861038118e-05
69,1,6,dsc_tga_analysis,8.199732436000421e-05
70,1,7,asymmetric_unit_dimer,8.418549788518356e-05
71,1,7,benzene_ring_coplanarity,8.3271128942142e-05
72,1,7,sufficient_quality,8.277245446755712e-05
73,1,7,problematic_small_molecule_structure,8.265872402001918e-05
74,1,7,effective_drug_treatment_vaccine,8.238457707758494e-05
75,1,7,beam_criterion,8.207739045187607e-05
76,1,7,oxalate_ligand,8.177954359384205e-05
77,1,7,wide_energy_range,8.155654203495542e-05
78,1,7,neighbor_molecule,8.137644126074579e-05
79,1,7,s_angle,8.124724905144465e-05
80,1,8,zi_type,8.767850335864872e-05
81,1,8,salt_solvate,8.515268316412697e-05
82,1,8,vice_versa_octahedron_vertex,8.314608451626606e-05
83,1,8,x_ray_phase,8.30719859741467e-05
84,1,8,terminal_chloride,8.253739064823452e-05
85,1,8,dabt_diaminobithiazole,8.235150818005304e-05
86,1,8,crystal_structure_interest_feature,8.213615591106225e-05
87,1,8,centrosymmetric_space,8.187584396912111e-05
88,1,8,pendant_benzene_ring,8.167351846511802e-05
89,1,8,bay_area,8.141157473539001e-05
90,1,9,fast_response_time,8.603545215329632e-05
91,1,9,ultra_rapid_change,8.543658358719577e-05
92,1,9,waal_interaction,8.507774229611224e-05
93,1,9,melt_linear_polyethylene_crystallization,8.417218032960408e-05
94,1,9,essential_virulence_factor_pathogen,8.369916046192615e-05
95,1,9,developmental_defect,8.361783637831878e-05
96,1,9,pseudo_mm_symmetry,8.336590608067867e-05
97,1,9,aaa_tran_conformation,8.324857841703149e-05
98,1,9,transition_temperature,8.2389738386671e-05
99,1,9,hrsvn_previous_structure_contrast,8.205036081804703e-05
100,1,10,biophysical_technique_combination,8.495761690396681e-05
101,1,10,magnetic_scatter_length_profile,8.451447064568448e-05
102,1,10,enzyme_substrate_recognition_mechanism,8.445240356704501e-05
103,1,10,weak_c_h_addition,8.299501682032751e-05
104,1,10,darwin_curve_tail,8.285976792377456e-05
105,1,10,low_temperature_phasis,8.22902005034407e-05
106,1,10,neighbour_pyridine_ring,8.217466196454237e-05
107,1,10,cd_centre,8.210821636030365e-05
108,1,10,epigenetic_regulation,8.1922045259696e-05
109,1,10,bragg_reflection,8.174865978039895e-05
110,1,11,monoprotonated_ethanediamine_molecule,8.464758300738346e-05
111,1,11,kinase_domain,8.239591700185962e-05
112,1,11,min_short_time,8.142606448417083e-05
113,1,11,pumilus_acetylxylan,8.11825571916977e-05
114,1,11,sodium_sulfate,8.10022506385301e-05
115,1,11,distortion_kind,8.085590544506193e-05
116,1,11,thermotropic_liquid_crystal,8.05546468716955e-05
117,1,11,atomic_form_factor,8.046098756584582e-05
118,1,11,substitute_cyclopentadienyl,8.036286307088604e-05
119,1,11,lorentzian_profile,8.035986584663553e-05
120,1,12,deg_mean_accuracy,8.383629410118622e-05
121,1,12,whnv_protein,8.369992528475469e-05
122,1,12,aaa_tran_conformation,8.357263041156607e-05
123,1,12,crystallization_phase,8.318362998695245e-05
124,1,12,excess_ion,8.291636825968921e-05
125,1,12,geometrical_aberration,8.264496444820618e-05
126,1,12,new_x_ray_camera,8.221294298664648e-05
127,1,12,enol_form,8.202159093607227e-05
128,1,12,residual_electron_density,8.190440566744197e-05
129,1,12,curve_crystal,8.185281482334304e-05
130,1,13,middot_triazole_ring,8.49471531285649e-05
131,1,13,smear_unsmooth_scatter_datum,8.39294683371802e-05
132,1,13,air_ray,8.372789085739845e-05
133,1,13,water_solvent_molecule,8.323174824439837e-05
134,1,13,zero_thermal_expansion,8.32286666419895e-05
135,1,13,thiocyanate_ligand,8.293679529891297e-05
136,1,13,nmr_time_scale,8.275739103736768e-05
137,1,13,aring_resolution_diffractometry,8.226650721170498e-05
138,1,13,manning_condensation_theory,8.204818982878816e-05
139,1,13,bond_one_short_h,8.195584090382315e-05
140,1,14,heterocyclic_ring_component_atom,8.440392430983795e-05
141,1,14,powder_sample,8.413875044417616e-05
142,1,14,widely_application,8.290354916646612e-05
143,1,14,sample_grain_orientation,8.283909244199355e-05
144,1,14,operate_pattern,8.276257811010497e-05
145,1,14,crystallographic_registry,8.194636409820988e-05
146,1,14,such_reaction,8.177024974670137e-05
147,1,14,report_scheme,8.168991769894584e-05
148,1,14,simple_organism,8.156005047367469e-05
149,1,14,cadmium_ion,8.148495306232648e-05
150,1,15,figure_aspartate,8.861323196418245e-05
151,1,15,positive_strand_rna_virus,8.616056313789985e-05
152,1,15,absolute_optical_chirality,8.515600190825878e-05
153,1,15,test_machine,8.480039809181105e-05
154,1,15,test_measurement_result,8.417738529042729e-05
155,1,15,molecular_mask,8.340445504071608e-05
156,1,15,barycentric_representation_vertex_collision,8.289880551626794e-05
157,1,15,cleavage_efficiency,8.251033760904166e-05
158,1,15,atlas_cedar,8.237141548247736e-05
159,1,15,metal_porphyrin_coordinate_complex,8.213673313615499e-05
160,1,16,attach_benzene_ring,8.833712206764613e-05
161,1,16,regulatory_factor,8.451346032147822e-05
162,1,16,morawiec_appl_give_omega,8.402685157552403e-05
163,1,16,initial_phasis,8.399570767775754e-05
164,1,16,triazole_ring,8.364548866768228e-05
165,1,16,rh_n_bond_length,8.325249266246483e-05
166,1,16,optical_enrichment,8.292400856373735e-05
167,1,16,calixarene_unit,8.282569338905832e-05
168,1,16,crystal_study_racemic_twin,8.168319640952429e-05
169,1,16,aring_resolution_x_ray,8.15557435797021e-05
170,1,17,plane_lie_chi_axis,8.717574077948112e-05
171,1,17,tricyclic_core,8.680283873436007e-05
172,1,17,structure_vacancy_cation,8.397100477812112e-05
173,1,17,small_bite_angle,8.391155796428312e-05
174,1,17,bear_approximation,8.390036584080138e-05
175,1,17,centrosymmetric_dimer_molecule,8.333325147303896e-05
176,1,17,zr_k_edge,8.33250526592543e-05
177,1,17,post_growth,8.293752876977984e-05
178,1,17,complex_hirudin_peptide,8.280880451644439e-05
179,1,17,sulfinyl_group,8.260369206271186e-05
180,1,18,cls_canadian_light_source,8.462583116493588e-05
181,1,18,neighbor_acridinium_cation,8.389958092062481e-05
182,1,18,mycobacterium_tuberculosis_enzyme,8.387611811155471e-05
183,1,18,envelope_sofa,8.375850301852753e-05
184,1,18,enhance_solubility,8.323359881390175e-05
185,1,18,x_ray_neutron,8.30977107059106e-05
186,1,18,isomerization_state_prolyl_phosphorylation,8.24639917442763e-05
187,1,18,present_triglyceride,8.212789864132668e-05
188,1,18,arbitrary_size,8.207606847336835e-05
189,1,18,hg_atom_mmm_symmetry,8.190736380312586e-05
190,1,19,asymmetric_unit_independent_molecule,8.648070849702508e-05
191,1,19,distort_octahedral_geometry_coordinate,8.545170544765738e-05
192,1,19,o_h_donor,8.497849520479835e-05
193,1,19,dislocation_model,8.444990669553405e-05
194,1,19,correspond_free_base,8.27380898707113e-05
195,1,19,primary_beam_intensity_distribution,8.22332109111802e-05
196,1,19,thione_hydrogen_bond,8.220607645038612e-05
197,1,19,seven_o_atom,8.212295572748149e-05
198,1,19,anion_bridge_nature,8.190297259376424e-05
199,1,19,inter_particle_interaction,8.178975359429097e-05
200,1,20,half_uncoordinated_water_molecule,8.705017251434764e-05
201,1,20,methyl_h,8.648931643876041e-05
202,1,20,fourier_transform_infrared_spectroscopy,8.638997945435851e-05
203,1,20,previous_model,8.625025887272364e-05
204,1,20,middot_complex_mononuclear,8.608836881159417e-05
205,1,20,area_detector,8.465700779687583e-05
206,1,20,problematic_small_molecule_structure,8.38120994538257e-05
207,1,20,half_occupancy,8.28912084386133e-05
208,1,20,substrate_uptake,8.284549805397081e-05
209,1,20,multiple_lattice,8.250267661297248e-05
210,1,21,hexagonal_material,9.119046142186762e-05
211,1,21,t_value,8.698946973395021e-05
212,1,21,low_efficient_cost,8.471760232475837e-05
213,1,21,transcription_replication,8.448165599403961e-05
214,1,21,entire_complex,8.401661409523201e-05
215,1,21,lot_method,8.38321656905258e-05
216,1,21,asymmetric_unit_molecule_crystal,8.362160627252325e-05
217,1,21,unique_pathway,8.3278379875761e-05
218,1,21,central_c,8.319636671909076e-05
219,1,21,arteriviridae_family,8.289482686936762e-05
220,1,22,guest_specie_structural_organisation,8.651046617973668e-05
221,1,22,differentiation_structure,8.35622751813332e-05
222,1,22,alpha_beta_beta_alpha,8.294173812672548e-05
223,1,22,motif_form_inversion_dimer,8.281688132533315e-05
224,1,22,aring_h_pi_distance,8.265124930022709e-05
225,1,22,human_body_vulnificus,8.248774214602522e-05
226,1,22,x_ray_emission,8.239943947916066e-05
227,1,22,physiological_dimer_interface,8.221538105685152e-05
228,1,22,b_axis_direction,8.159870476354822e-05
229,1,22,recent_year,8.151375993506452e-05
230,1,23,gly_glycine,8.523046406967953e-05
231,1,23,br_pi,8.510276245236691e-05
232,1,23,natural_olivine,8.500308693476048e-05
233,1,23,ultra_high_resolution_image,8.457383169375539e-05
234,1,23,intermolecular_pi_pi,8.444344485077502e-05
235,1,23,commercial_access,8.415962872367294e-05
236,1,23,wide_range,8.371418053590103e-05
237,1,23,er_luminal_domain,8.28975883623512e-05
238,1,23,redesign_construct,8.274254949843998e-05
239,1,23,nitro_amino,8.268371292188755e-05
240,1,24,efficient_comprehensive_phase_procedure,8.512784806464272e-05
241,1,24,iron_acquire_ability,8.467279131406959e-05
242,1,24,perovskite_base_structure_oxide,8.444963385937703e-05
243,1,24,alpha_chair_conformation,8.377443421705829e-05
244,1,24,aring_cu_s_distance,8.30479041731041e-05
245,1,24,quinohaemoprotein_alcohol_similar_feature,8.288743925225894e-05
246,1,24,g_plusmn,8.181252163958359e-05
247,1,24,orthorhombic_system,8.17745126575679e-05
248,1,24,independent_vibrational_datum,8.143413089169178e-05
249,1,24,bidentate_n_atom,8.127824823160182e-05
250,1,25,c_c_n,8.603665263928281e-05
251,1,25,hydrogen_bond_phosphate_group,8.521615395997432e-05
252,1,25,component_twin,8.475159880589493e-05
253,1,25,affinity_tag,8.468902276106867e-05
254,1,25,investigate_phalanx,8.40189587994891e-05
255,1,25,anisotropic_square_refinement,8.369282131948283e-05
256,1,25,vapour_diffusion,8.334731433662041e-05
257,1,25,mer_arrangement,8.302346820219306e-05
258,1,25,diffraction_datum_process,8.283240581299083e-05
259,1,25,hydrogen_bond_assembly,8.218735523025511e-05
260,1,26,temperature_parameter,8.495470979070577e-05
261,1,26,japan_tokai_research_reactor,8.45113538074222e-05
262,1,26,diastereoselectivity_high_degree,8.383061079144341e-05
263,1,26,binuclear_complex,8.360142310105938e-05
264,1,26,hydrogen_bond_high_degree,8.289625198373691e-05
265,1,26,lorentzian_profile,8.288012347644733e-05
266,1,26,imidazole_ligand_n_atom,8.280141811967232e-05
267,1,26,tetradecaaquatetrasodium_crystal_inversion_centre,8.272235547374199e-05
268,1,26,ring_plane_maximum_deviation,8.256380734218917e-05
269,1,26,pendant_benzene_ring_deg,8.233868824915914e-05
270,1,27,sphalerite_type,8.563704077791722e-05
271,1,27,independent_cation,8.49050435749717e-05
272,1,27,observe_plasticity,8.461497993523742e-05
273,1,27,weak_van,8.456270266039175e-05
274,1,27,pseudoxanthomonas_mexicana,8.443722857177799e-05
275,1,27,hydroxide_ion,8.396217214139461e-05
276,1,27,unique_chain,8.342463583179327e-05
277,1,27,vapor_phase,8.297262654434774e-05
278,1,27,helical_region,8.267563110547354e-05
279,1,27,ribosome_structure,8.236849278605152e-05
280,1,28,atomic_interaction,8.780664007607952e-05
281,1,28,cell_adhesion,8.54557844640676e-05
282,1,28,significant_association,8.535285131670147e-05
283,1,28,dimensional_hydrogen_bond_network,8.533169998506957e-05
284,1,28,protein_fragment_database_use,8.501467329127834e-05
285,1,28,detail_structural_analysis,8.451380629274083e-05
286,1,28,modern_diffraction_methodology,8.413715271284874e-05
287,1,28,peo_corona_pep_core,8.343687082772008e-05
288,1,28,novel_aspect,8.312942043596653e-05
289,1,28,seco_dammarane,8.309349943573123e-05
290,1,29,large_ribosome_crystal,8.755687881630112e-05
291,1,29,biphenyl_fragment,8.637443344249359e-05
292,1,29,aqueous_ethaneamine_solution,8.453693822039304e-05
293,1,29,ligand_hydrogen,8.40783607932668e-05
294,1,29,large_molecule,8.398418231871277e-05
295,1,29,benzenesulfonic_chloride_sulfonylation_reaction,8.365402875577642e-05
296,1,29,molecule_in_p_atom,8.313542433802489e-05
297,1,29,build_fragment,8.292970160306127e-05
298,1,29,dimensional_search_small_set,8.20674634247292e-05
299,1,29,cyclohexyl_group,8.202696457813066e-05
300,1,30,o_atom_involve_hydroxide,8.676861178716927e-05
301,1,30,b_ring,8.644107983936371e-05
302,1,30,ethanol_acid_reaction,8.642998274313059e-05
303,1,30,numerical_technique,8.625058749846677e-05
304,1,30,water_molecule_anion_minus,8.452212546697965e-05
305,1,30,pairwise_comparison,8.412507186317268e-05
306,1,30,current_antibiotic_treatment_enhancement,8.372590222287341e-05
307,1,30,intensity_loss,8.36702425770598e-05
308,1,30,standard_cyclophane,8.351178071794383e-05
309,1,30,c_axis_molecule,8.34759341373634e-05
310,1,31,terminal_n_atom,8.804129241375317e-05
311,1,31,f_protein,8.771193888645277e-05
312,1,31,asymmetric_geometry,8.689255460212256e-05
313,1,31,bind_cap,8.643578829684702e-05
314,1,31,decision_declaration,8.637528220012671e-05
315,1,31,blade_normal_vector,8.56416619573559e-05
316,1,31,n_n_n_prime,8.545024021127142e-05
317,1,31,single_particle_additional_measurement,8.523911655063148e-05
318,1,31,thermal_expansion,8.345965059967094e-05
319,1,31,refine_carbohydrate_structure_database,8.313080044583887e-05
320,1,32,iii_middot_ii_i,8.474631599765463e-05
321,1,32,neutron_path_length,8.464438351348663e-05
322,1,32,benzimidazole_core,8.433672498264899e-05
323,1,32,fe_s_fe_plane,8.404508311588429e-05
324,1,32,perovskite_type_slab,8.344772071358182e-05
325,1,32,cylindrical_shape,8.27637030709599e-05
326,1,32,antiprismatic_geometry,8.228341818780517e-05
327,1,32,kh_domain,8.199119507164149e-05
328,1,32,web_site,8.170255980288567e-05
329,1,32,deaminase_product,8.166208218325585e-05
330,1,33,infinite_strand,8.924552006605817e-05
331,1,33,spin_density,8.677910112021764e-05
332,1,33,tetrahedral_framework_cavity,8.350228644396959e-05
333,1,33,single_crystal_photograph,8.345638682133112e-05
334,1,33,final_solid_product,8.332103154305171e-05
335,1,33,x_ray_beamline,8.209117652970197e-05
336,1,33,paper_introduce_new_method,8.19780239375226e-05
337,1,33,main_chain_torsion_angle,8.19514859996638e-05
338,1,33,minus_aring_minus_s,8.168692954317077e-05
339,1,33,modify_version,8.159777031644179e-05
340,1,34,triazene_ligand,8.643137246403895e-05
341,1,34,propagate_generate_chain,8.480799891000638e-05
342,1,34,refine_structure,8.442777730723255e-05
343,1,34,concordance_rate_human_expert,8.354439751256866e-05
344,1,34,hippuric_acid_anion,8.345205855953069e-05
345,1,34,minus_sigma_final_value,8.202447324618772e-05
346,1,34,proton_transfer_chloride_dihydrate,8.174074460772181e-05
347,1,34,theoretical_formula,8.150029377959652e-05
348,1,34,diphosphate_kinase,8.135299648448121e-05
349,1,34,approximately_aring_contact_pi,8.098681286425e-05
350,1,35,close_contact,9.03678342804334e-05
351,1,35,tetrachloridoferrate_anion_cation,8.885055375128547e-05
352,1,35,aromatic_substituent,8.425682510279235e-05
353,1,35,interior_angle_parallelogram,8.407925711791289e-05
354,1,35,previous_work,8.328151534086956e-05
355,1,35,isonicotinamide_ligand,8.274604384565524e-05
356,1,35,phosphide_pentanickel_tetraphosphide,8.26116527251413e-05
357,1,35,chemist_structural_biology,8.229572250054226e-05
358,1,35,hexagonal_material,8.202573814286739e-05
359,1,35,polycrystalline_specimen,8.170001588028962e-05
360,1,36,mean_value,8.743419953046487e-05
361,1,36,piperidine_n_substituent,8.594051840525696e-05
362,1,36,middot_minus_salt,8.502568464732253e-05
363,1,36,partial_pi,8.471643128832087e-05
364,1,36,noncrystallographic_symmetry_molecular_replacement,8.29644280224331e-05
365,1,36,crystallographic_datum,8.291532393255166e-05
366,1,36,tunnel_junction,8.26813619204982e-05
367,1,36,mill_initial_stage,8.223293593007101e-05
368,1,36,cu_aring_distance,8.210148237919933e-05
369,1,36,nacnac_ligand,8.203204459131834e-05
370,1,37,dense_connect_silicate,8.565782903916732e-05
371,1,37,n_methylethanolamine,8.526827584405318e-05
372,1,37,ligand_phen,8.436025044268899e-05
373,1,37,synchrotron_radiation_production,8.426877482424205e-05
374,1,37,methodological_interest,8.413381809150243e-05
375,1,37,acetate_group_pyridine_ring,8.403010118502757e-05
376,1,37,oks_octaketide_synthase,8.374752978835808e-05
377,1,37,bi_base_material,8.357433186466274e-05
378,1,37,nuclear_fuel,8.275244984314552e-05
379,1,37,line_weissenberg_camera,8.246434281380514e-05
380,1,38,r_value,8.625974925087833e-05
381,1,38,polar_interaction,8.49555717563123e-05
382,1,38,neutron_instrument,8.406627563478251e-05
383,1,38,crystallography_bayesian_method_rise,8.403672369757621e-05
384,1,38,l_threonine_dihydrate,8.374207482669864e-05
385,1,38,numerical_result,8.220757894266924e-05
386,1,38,electron_density_wavelet_transform,8.210629592608736e-05
387,1,38,c_axis_dimensional_structure,8.205210777244417e-05
388,1,38,bacterium_oxidative_fold,8.201139916531744e-05
389,1,38,dissimilatory_sulfite_reductase,8.174141297473872e-05
390,1,39,simultaneous_diffraction_effect_magnitude,9.293218087101125e-05
391,1,39,line_weissenberg_camera,8.693087515737463e-05
392,1,39,amino_methyl_group,8.37897336690471e-05
393,1,39,b_ring,8.351739794358114e-05
394,1,39,beta_dominate_film,8.336312844156044e-05
395,1,39,time_time,8.240520199305013e-05
396,1,39,reciprocal_lattice,8.215552264673713e-05
397,1,39,methoxyamino_h_atom_replacement,8.199803185740798e-05
398,1,39,carbohydrate_model,8.198308007903073e-05
399,1,39,function_definition,8.19386348665398e-05
400,1,40,atp_dependent_dihydroxyacetone_phosphorylation,8.693828599297374e-05
401,1,40,order_zone_size,8.635811467250127e-05
402,1,40,crystallite_orientation_distribution_function,8.55024948123974e-05
403,1,40,sequence_identity,8.512753515489667e-05
404,1,40,tls_obtain_component,8.485812452137057e-05
405,1,40,blende_type,8.46627093356839e-05
406,1,40,crystallographic_study,8.439221815839386e-05
407,1,40,loop_disorder,8.405648998827906e-05
408,1,40,fluctuation_different_kind,8.389123673453507e-05
409,1,40,high_eukaryote,8.315061128348947e-05
410,1,41,original_composition,8.718946264069361e-05
411,1,41,high_temperature,8.67871383118362e-05
412,1,41,wavelength_anomalous_scatter_term,8.647893122344765e-05
413,1,41,molecular_skeleton,8.62985780355483e-05
414,1,41,cis_o_atom,8.581914294429846e-05
415,1,41,tran_position_ligand,8.566524585272686e-05
416,1,41,binase_molecule,8.547307427704483e-05
417,1,41,oversampl_different_degree,8.267334678037162e-05
418,1,41,methylphenyl_ring,8.230820737285108e-05
419,1,41,phase_angle,8.202557161727981e-05
420,1,42,single_crystal_diffraction_pattern,8.731096225620197e-05
421,1,42,dedicate_readout_system,8.529171309244858e-05
422,1,42,crystallography_education,8.4398709041763e-05
423,1,42,librational_translational_motion,8.407851978494274e-05
424,1,42,ammonium_amino,8.354116406751507e-05
425,1,42,asymmetric_unit_dimer,8.308234343673794e-05
426,1,42,group_subgroup,8.293305977351044e-05
427,1,42,symmetrical_tile,8.27569011804579e-05
428,1,42,flap_methine_c_atom,8.254510854925002e-05
429,1,42,serine_phosphorylation,8.240479025945802e-05
430,1,43,growth_sector,8.67432661668475e-05
431,1,43,coordination_mode,8.627243002672098e-05
432,1,43,isocyanate_reagent,8.399642438370518e-05
433,1,43,exact_random_walk_technique,8.350534988328945e-05
434,1,43,hydrophobic_interaction,8.334402007875758e-05
435,1,43,temperature_b_factor,8.29633416180622e-05
436,1,43,atomic_site_symmetry,8.270866239558048e-05
437,1,43,dimercaptoethylenedicarbonitrilate_ligand_s_atom,8.268045743421387e-05
438,1,43,scatter_pattern,8.258376086210802e-05
439,1,43,domain_potential_application,8.221003915829321e-05
440,1,44,mr_molecular_replacement,8.759322332498607e-05
441,1,44,cap_bind_domain,8.539457068653763e-05
442,1,44,complex_main_dimension,8.530711258629146e-05
443,1,44,c_gamma_atom,8.530315913244564e-05
444,1,44,wave_shape_chain_structure,8.417006224265625e-05
445,1,44,isolate_octahedron,8.371955320556557e-05
446,1,44,borazine_ring_atom_deviation,8.34647958620154e-05
447,1,44,needle_type,8.343454578155144e-05
448,1,44,wikipedia_scoliosis,8.258931592858358e-05
449,1,44,method_use,8.216884998778376e-05
450,1,45,distinct_pyridyltetrazolate_anion,8.526874375175042e-05
451,1,45,main_dimension,8.508345914845167e-05
452,1,45,optimization_technique,8.444308153175437e-05
453,1,45,unfold_procedure,8.363356901887053e-05
454,1,45,pseudosymmetry_decrease,8.323982251469589e-05
455,1,45,group_quinoxaline_dioxide,8.3141065275065e-05
456,1,45,ligand_bind_domain,8.282658419618165e-05
457,1,45,morpholine_ring_c_atom,8.272483497910882e-05
458,1,45,scatter_curve,8.267305966076376e-05
459,1,45,hydrogen_storage_material,8.227016127083058e-05
460,1,46,octahedron_acidic_pyrophosphate_group,8.699664641501961e-05
461,1,46,trinuclear_zinc,8.579719331671178e-05
462,1,46,group_coordinate_ligand_oxidation,8.38215251944463e-05
463,1,46,robotic_sample,8.360391967596503e-05
464,1,46,naphthylene_ring_system,8.3267476330674e-05
465,1,46,correspond_solvent_content,8.321765495517913e-05
466,1,46,ground_beam_line,8.320675260547118e-05
467,1,46,single_diffraction_frame,8.255173726151082e-05
468,1,46,l_phenylalanine_molecule,8.224140444715373e-05
469,1,46,additional_local_disorder,8.217957737214937e-05
470,1,47,protein_intramolecular_motion,8.563848140953335e-05
471,1,47,type_stack,8.50236504689224e-05
472,1,47,minus_f_prime_minus,8.387223103373983e-05
473,1,47,new_instrument,8.380259560733317e-05
474,1,47,nitrophenoxy_group_benzene_ring,8.328079243424332e-05
475,1,47,fe_linkage,8.32186942390786e-05
476,1,47,screen_condition,8.309110001708415e-05
477,1,47,dilute_silica_dynamic,8.269509012788464e-05
478,1,47,cation_ion,8.220776390255153e-05
479,1,47,benzene_substituent_result,8.209865002399909e-05
480,1,48,benzene_ring_mean_plane,8.986851466835759e-05
481,1,48,gross_physical_property,8.56407013482513e-05
482,1,48,isobutyl_substituent,8.54002491464679e-05
483,1,48,phosphonium_substitute_hydrazone,8.45531218950979e-05
484,1,48,cyclopentane_ring,8.41691480416659e-05
485,1,48,molecular_mask,8.348296620015611e-05
486,1,48,stock_solution_crystallization_cocktail,8.31118692154766e-05
487,1,48,stock_solution,8.307693273845081e-05
488,1,48,angular_annulation,8.28648727749459e-05
489,1,48,foreign_particle,8.23060485057051e-05
490,1,49,ag_tube,8.842815203391612e-05
491,1,49,dirubidium_dicalcium_single_crystal,8.625813124079265e-05
492,1,49,n_torsion,8.594583430996292e-05
493,1,49,crystallite_orientation,8.5146472804276e-05
494,1,49,approximate_dimension,8.458659197502902e-05
495,1,49,metal_pincer_complex_case,8.386681265606554e-05
496,1,49,clock_oscillator,8.366631539152012e-05
497,1,49,thermal_melt,8.296957791545034e-05
498,1,49,morpholine_ring,8.211068466894155e-05
499,1,49,amine_group,8.187469989058033e-05
0,2,0,profile_technique,8.792328166707145e-05
1,2,0,diffraction_future_success,8.507417690225584e-05
2,2,0,anion_excess_fluorite,8.348674183950735e-05
3,2,0,w_foil,8.312499599064685e-05
4,2,0,electron_single_bunch,8.212683436046207e-05
5,2,0,moderate_complexity_structure,8.192877217696474e-05
6,2,0,monoprotonat_form,8.145495236692032e-05
7,2,0,customize_crystallization_cocktail,8.117169910363109e-05
8,2,0,middot_crystal_structure,8.080159047706466e-05
9,2,0,znii_atom_bridge_ligand,8.028675440841853e-05
10,2,1,this_poster,8.329929044993329e-05
11,2,1,geometrical_relation,8.151733089095912e-05
12,2,1,bragg_case_beam_diffraction,8.141087704862544e-05
13,2,1,p_loop_presence,8.086660359716587e-05
14,2,1,molecular_geometry_library,8.07931145730657e-05
15,2,1,trigonal_bipyramidal_environment,8.067642940053516e-05
16,2,1,pseudo_middot_polymorph,8.065008953697355e-05
17,2,1,material_alignment,8.05307798868417e-05
18,2,1,investigator_instruction,8.044816640726693e-05
19,2,1,cl_hydrogen_bond,8.030665328904469e-05
20,2,2,short_interaction,8.334754227467074e-05
21,2,2,spine_standard_sample_holder,8.217526538535106e-05
22,2,2,mix_ligand_specie_evidence,8.200463568693466e-05
23,2,2,wild_mutant_type_enzyme,8.178637737720012e-05
24,2,2,particle_shape_drastic_change,8.125637472750456e-05
25,2,2,high_temperature_phase_transition,8.089514089274096e-05
26,2,2,glycouril_framework_respect_tran,8.0762917503284e-05
27,2,2,hirshfeld_surface_analysis,8.038611702647636e-05
28,2,2,yeast_proteasome,8.023963880082365e-05
29,2,2,tetrahydropyrimidine_ring,8.016072713124847e-05
30,2,3,bulky_phosphane_ligand,8.677109146662277e-05
31,2,3,highly_perfect_silicon_crystal,8.57370430253268e-05
32,2,3,know_organic_phase,8.444378621470778e-05
33,2,3,electron_density_correlation,8.432913717995305e-05
34,2,3,dsb_protein,8.384345787441044e-05
35,2,3,hydration_dehydration_behavior,8.358129203518729e-05
36,2,3,correction_factor,8.110828631257561e-05
37,2,3,objective_aperture,8.106420863334404e-05
38,2,3,benzene_solvent_molecule,8.103277476342657e-05
39,2,3,n_triphenylmethylamine,8.090546467435733e-05
40,2,4,easily_computable_volume_interaction,8.376490630710888e-05
41,2,4,disorder_aromatic_ring,8.346552553219487e-05
42,2,4,novel_approach,8.306170610584282e-05
43,2,4,pi_pi_stack_interaction,8.272263882998137e-05
44,2,4,pi_intermolecular_aromatic_pi,8.237873805928786e-05
45,2,4,c_axis_zigzag_chain,8.221798171193141e-05
46,2,4,luminescent_material,8.210605966531894e-05
47,2,4,point_group_symmetry,8.169664001662874e-05
48,2,4,phosphoryl_ethanol,8.131276756746075e-05
49,2,4,catalysis_view,8.130092466413584e-05
50,2,5,different_polymorph_lot,8.480887451102995e-05
51,2,5,beam_bragg_reflection,8.47302815032251e-05
52,2,5,distortion_apical_bond,8.261391722029679e-05
53,2,5,middot_cocrystal,8.169703245025964e-05
54,2,5,crystallographic_laboratory,8.108812498972088e-05
55,2,5,metallic_ion,8.091539194698319e-05
56,2,5,calixarene_unit,8.0859187618955e-05
57,2,5,monochromatic_mo_k_alpha,8.079607809667992e-05
58,2,5,great_crystal,8.07360959022157e-05
59,2,5,silicon_strip_sensor,8.035836947020231e-05
60,2,6,elfstr_ouml,8.263209638214419e-05
61,2,6,in_complex_binuclear,8.236092926236273e-05
62,2,6,axial_divergence,8.185225496973565e-05
63,2,6,nonparametric_kernel,8.15646262118323e-05
64,2,6,twist_minus_ring,8.13304108509998e-05
65,2,6,high_x_ray_absorption,8.073180164093242e-05
66,2,6,ho_atom,8.07115309762744e-05
67,2,6,wild_type_complex,8.070102658376047e-05
68,2,6,nonchelating_diimine,8.063394497958899e-05
69,2,6,pyridinium_oxide,8.050033062996998e-05
70,2,7,chlorophenyl_ring_deg,8.389076037983476e-05
71,2,7,resonant_scatter_curve,8.384852332909486e-05
72,2,7,gmp_binase_complex,8.301105161027329e-05
73,2,7,pdf_calculation_experiment,8.276047976013224e-05
74,2,7,tin_halide,8.17066616046884e-05
75,2,7,monochromatic_powder,8.134917614209395e-05
76,2,7,alpha_alpha,8.115854559326426e-05
77,2,7,waste_liquor,8.103003148809244e-05
78,2,7,trifluoromethyl_group_f_atom,8.060994598156657e-05
79,2,7,amide_group_plane,8.036847146933348e-05
80,2,8,n_c,8.762251498122269e-05
81,2,8,bacterial_cytoplasm,8.366130727702381e-05
82,2,8,cell_size,8.308030659835869e-05
83,2,8,conical_scroll_structure_identification,8.152265229779241e-05
84,2,8,deg_gamma,8.142108813557533e-05
85,2,8,borane_h,8.114511227165063e-05
86,2,8,high_pressure_research_sample,8.112159905590937e-05
87,2,8,crystallographically_relate_ligand,8.102565891173587e-05
88,2,8,aring_neighbour_molecule,8.102175413227079e-05
89,2,8,individual_profile_fit_technique,8.09203640777275e-05
90,2,9,neon_par,8.438212713838445e-05
91,2,9,model_build,8.433180897287576e-05
92,2,9,chelate_molecule_n_atom,8.22872943935269e-05
93,2,9,ba_atom,8.219641291166405e-05
94,2,9,significant_twist,8.200010799665379e-05
95,2,9,function_correction,8.168433502300406e-05
96,2,9,red_light,8.128247468027833e-05
97,2,9,synthetic_polymorph_mineral,8.10928535397455e-05
98,2,9,board_storage_requirement,8.089586226834928e-05
99,2,9,central_polysubstituted_benzene_ring,8.080149393368776e-05
0,3,0,design_target,8.409737667489919e-05
1,3,0,calcium_accumulation,8.101001040645441e-05
2,3,0,x_ray_diffraction_analysis,8.066157812270863e-05
3,3,0,traverse_technique,8.039883687423233e-05
4,3,0,self_reduction_product_assembly,8.0053543468756e-05
5,3,0,result_species,7.987619540934034e-05
6,3,0,double_molecular_salt,7.986416152591847e-05
7,3,0,beamline_experience_train_personnel,7.933836984738348e-05
8,3,0,interior_angle,7.895114507187878e-05
9,3,0,asymmetric_unit_molecule_crystal,7.834504132297265e-05
10,3,1,wavelength_anomalous_dispersion_experiment,8.311715010170416e-05
11,3,1,central_ob_fold,8.069621665069679e-05
12,3,1,pd_cl,8.044429617252289e-05
13,3,1,chloroform_solvent_molecule,7.9787954618432e-05
14,3,1,single_crystal_formation,7.924253309912968e-05
15,3,1,independent_na_atom,7.908557949182202e-05
16,3,1,circular_symmetry,7.84077521200408e-05
17,3,1,peptidoglycan_uncrosslinked_tripeptide_bond,7.83765152900204e-05
18,3,1,limit_factor,7.805257898955406e-05
19,3,1,chemical_formula,7.789687403758784e-05
20,3,2,significant_association,8.131617920264315e-05
21,3,2,acceptor_hydrogen_bond_donor,7.984935744678016e-05
22,3,2,pseudomonas_putida_soil_bacterium,7.975759969853752e-05
23,3,2,carboxy_group_hydrogen_bond,7.972063975227011e-05
24,3,2,phase_constraint,7.939960542536491e-05
25,3,2,intermolecular_pi_pi,7.868770104715055e-05
26,3,2,approximately_deg_dihedral_angle,7.867461650108335e-05
27,3,2,deg_range_lie,7.831003036021945e-05
28,3,2,stability_because_understand_order,7.79180403268346e-05
29,3,2,angle_analysis_bond_length,7.789070029731645e-05
30,3,3,immunoaffinity_metal_affinity_chromatography,8.321202967677557e-05
31,3,3,general_interest_question,8.054387685206717e-05
32,3,3,system_connectivity,7.987587676769035e-05
33,3,3,nuclear_fuel,7.978459593960109e-05
34,3,3,mail_in_datum,7.957134086109997e-05
35,3,3,organometallic_complex,7.945983049527091e-05
36,3,3,deg_n_torsion_angle,7.90433865332487e-05
37,3,3,translate_ribosome,7.893238550327617e-05
38,3,3,small_portion,7.815918540869784e-05
39,3,3,pyrimidinone_intermolecular_pyrimidine,7.815506904151686e-05
0,4,0,scroll_structure,7.33300061383259e-05
1,4,0,enzyme_class_ability,7.286933052838612e-05
2,4,0,ultra_high_resolution,7.27999133817234e-05
3,4,0,structure_factor_dw_factor,7.23252439790079e-05
4,4,0,cell_surface,7.221806461402801e-05
5,4,0,anharmonic_effect,7.209180135282299e-05
6,4,0,symmetrically_coordinate_acetate_ligand,7.202724823779435e-05
7,4,0,prime_n_kappa,7.188378795871168e-05
8,4,0,thermus_thermophilus_thermophilic_bacterium,7.173770185822545e-05
9,4,0,k_alpha_line,7.16712174518677e-05
