,run,topic,terms,p
ndence,8.904682125079578e-05
1,1,0,cardo_r_ferredoxin_reductase,8.34887817945467e-05
2,1,0,tetrahedral_framework_cavity,8.241291389380171e-05
3,1,0,thiocyanate_n_atom,8.218221716880213e-05
4,1,0,cubic_crystal_form,8.193315556630954e-05
5,1,0,optically_active_absolute_configuration,8.179337061035914e-05
6,1,0,basal_plane_carboxylate_group,8.173088570453224e-05
7,1,0,nm_lambda_alpha,8.160642121978918e-05
8,1,0,lactone_matricarin,8.160219835362654e-05
9,1,0,ow_hydrogen_bond_interaction,8.112472437174418e-05
10,1,1,single_force_function,8.935386063729947e-05
11,1,1,one_h_atom,8.864216185996183e-05
12,1,1,principal_symmetry,8.782174787204917e-05
13,1,1,tetradentate_ligand,8.652386980740127e-05
14,1,1,clear_physical_mean,8.609234985961838e-05
15,1,1,silicon_single_crystal_wafer,8.520117190288526e-05
16,1,1,phosphoprotein_addition,8.4143118766361e-05
17,1,1,dimer_destabilize_property,8.375532853329481e-05
18,1,1,c_aring_h,8.36695907173781e-05
19,1,1,chlorobenzene_residue,8.312177856068151e-05
20,1,2,modern_detector,8.432864427898972e-05
21,1,2,xylan_xylose_backbone,8.425844671839565e-05
22,1,2,serine_protease_inhibitor,8.304921442730806e-05
23,1,2,approximate_structure_factor,8.30201005678579e-05
24,1,2,general_scatter_theory,8.288406304047088e-05
25,1,2,reconstruct_surface,8.27708291846431e-05
26,1,2,classical_approach_point_detector,8.26338020583811e-05
27,1,2,ring_lang,8.197763839659056e-05
28,1,2,expose_atom,8.176126998045999e-05
29,1,2,previous_work,8.123263370266966e-05
30,1,3,ctd_characterize_modification,8.838133099664725e-05
31,1,3,widespread_perception,8.711844394532687e-05
32,1,3,pyrimidine_deamination,8.650097404182372e-05
33,1,3,osmium_derivative,8.546945491113788e-05
34,1,3,phenolate_o_atom,8.358633255188712e-05
35,1,3,intermolecular_hydrogen_bond_contact,8.293615830620055e-05
36,1,3,important_physical_property,8.288918328361775e-05
37,1,3,atom_aliphatic_chain,8.261461312653295e-05
38,1,3,perfluorophenyl_group_thiophene,8.203291122895022e-05
39,1,3,secondary_structural_feature,8.200013915882563e-05
40,1,4,close_form_solution,8.828960213190629e-05
41,1,4,previous_model,8.48696736456552e-05
42,1,4,n_terminal_affinity_tag,8.387897155152562e-05
43,1,4,deoxy_bind,8.378035897494275e-05
44,1,4,chlorine_atom,8.336419257600851e-05
45,1,4,ligand_molecule,8.300253636571087e-05
46,1,4,dxxxsmg_orn_bind_motif,8.29108554968117e-05
47,1,4,phthalimide_ring_system,8.250155403049072e-05
48,1,4,exafs_analysis,8.235785624494693e-05
49,1,4,cu_group,8.182002911918414e-05
50,1,5,catabolic_pathway,8.47584648341191e-05
51,1,5,aring_resolution_range_reflection,8.459341387519127e-05
52,1,5,methyl_h_atom,8.32555155675184e-05
53,1,5,metal_metal_bond,8.301943117992434e-05
54,1,5,valine_chain,8.244566756240195e-05
55,1,5,putative_bacterial_quinol_oxidase,8.243114943703952e-05
56,1,5,generate_pulse,8.239370033632033e-05
57,1,5,sn_atom,8.210842650748967e-05
58,1,5,monocapped_trigonal_prismatic_geometry,8.192493393624668e-05
59,1,5,methodology_routine_application,8.173297629559486e-05
60,1,6,a_type_site,8.413988600319495e-05
61,1,6,sample_changer,8.331831830709927e-05
62,1,6,rietveld_method,8.323639030332331e-05
63,1,6,dengue_infection_chemotherapy,8.322719972595479e-05
64,1,6,displace_pdii_atom_planar,8.248238763011827e-05
65,1,6,zeta_mutagenesis_structural_study,8.242632362826209e-05
66,1,6,stack_effect,8.145369319351308e-05
67,1,6,t_film_result,8.139962097656619e-05
68,1,6,loop_residue,8.139373907871611e-05
69,1,6,nearby_have_shell,8.119243789706722e-05
70,1,7,quasiharmonic_free_energy_calculation,8.759331225970156e-05
71,1,7,r_minus,8.456808892211885e-05
72,1,7,transition_pattern,8.344090797708652e-05
73,1,7,scatter_system,8.339964040774831e-05
74,1,7,absorption_fine_structure,8.296366451226265e-05
75,1,7,corona_model,8.267469777636043e-05
76,1,7,estimate_standard_deviation,8.259676491242583e-05
77,1,7,individual_profile_fit_technique,8.248846540897727e-05
78,1,7,trigonal_prismatic_coordination,8.2422405674524e-05
79,1,7,distort_bipyramidal_geometry,8.215591244800234e-05
80,1,8,vacancy_cation,8.700023283326634e-05
81,1,8,deformation_pure_rotation_component,8.494134974162486e-05
82,1,8,academic_user,8.395495303984014e-05
83,1,8,quantum_mechanical_calculation,8.293351813171013e-05
84,1,8,antifungal_agent_class,8.290332001795993e-05
85,1,8,symmetry_equivalent_ligand,8.241758138656433e-05
86,1,8,effective_vibrational_frequency,8.23139110844131e-05
87,1,8,continuous_chlorine_bridge_chain,8.19389277355918e-05
88,1,8,direct_hydrogen_bond_chain,8.172634735367846e-05
89,1,8,backbone_torsion_angle,8.156459223659461e-05
90,1,9,experiment_good_fit,8.951512451081916e-05
91,1,9,horse_spleen_ferritin_solution,8.583259752226496e-05
92,1,9,valence_angle,8.420827513188742e-05
93,1,9,fe_atom,8.278572521122854e-05
94,1,9,solar_cell_component,8.247651035916067e-05
95,1,9,proliferate_cell_nuclear_antigen,8.236879249782363e-05
96,1,9,dhod_crystal,8.217394690753232e-05
97,1,9,aluminium_barium,8.168312098588584e-05
98,1,9,kev_inverse_beam_protocol,8.138701530489271e-05
99,1,9,mu_mu_new,8.125221037734985e-05
100,1,10,anion_sublattice,8.757306670997834e-05
101,1,10,polymer_battery,8.419935426975768e-05
102,1,10,syn_orientation,8.221802947333749e-05
103,1,10,d_mannose,8.221284844297606e-05
104,1,10,bone_formation,8.130938152162109e-05
105,1,10,h_b,8.09931654799183e-05
106,1,10,kappa_p_chloride,8.048338331699981e-05
107,1,10,attenuation_coefficient,8.042524755794232e-05
108,1,10,direct_observation,8.034160856353815e-05
109,1,10,x_ray_tomography,8.020872592757267e-05
110,1,11,molecular_reference_frame_conversion,8.888358934896496e-05
111,1,11,k_structure_substantial_difference,8.375115290696119e-05
112,1,11,heterocycle_majority,8.354859393377511e-05
113,1,11,isatin_n_atom,8.352442683102095e-05
114,1,11,mr_triclinic,8.330602269666752e-05
115,1,11,trans_configuration_water_molecule,8.311986579681453e-05
116,1,11,multipole_model,8.311338907515691e-05
117,1,11,respectively_deg_interplanar_angle,8.275061876079892e-05
118,1,11,needle_type,8.26758931715544e-05
119,1,11,autonomous_zone,8.2537874775257e-05
120,1,12,asymptotic_exact_result_discrepancy,8.705060266212889e-05
121,1,12,cyclooctane_ring,8.536101060381078e-05
122,1,12,minus_zwitterionic_form,8.423740075783263e-05
123,1,12,volume_fraction,8.331324090859865e-05
124,1,12,water_molecule_o_atom,8.281557971926578e-05
125,1,12,neutral_molecule,8.258590686109996e-05
126,1,12,bridge_sulfido,8.257217782279946e-05
127,1,12,form_spherulite,8.230667806897794e-05
128,1,12,displacement_mode,8.21084332283622e-05
129,1,12,fungal_lectin,8.205552660475253e-05
130,1,13,dissolution_correspond_anisotropy,9.046996608787339e-05
131,1,13,key_technology,8.335011750811235e-05
132,1,13,yamashita_kato_amp,8.228183341030417e-05
133,1,13,round_robin_experiment,8.199292808292149e-05
134,1,13,osmium_cluster,8.179703688067449e-05
135,1,13,single_diamondoid_network,8.150691053549137e-05
136,1,13,scatter_experiment,8.149279534341e-05
137,1,13,molecule_in_sniv_atom,8.143521423099284e-05
138,1,13,prime_prime_prime_ligand,8.133122395638088e-05
139,1,13,sheet_structure,8.087121021929994e-05
140,1,14,inhibitor_transferase,8.68330962902982e-05
141,1,14,forward_diffract,8.64469952621119e-05
142,1,14,avian_haemoglobin_functional_diversity,8.569188765770319e-05
143,1,14,large_influence,8.454725498152633e-05
144,1,14,diffraction_future_success,8.421540669910994e-05
145,1,14,slightly_distort_tetrahedral_geometry,8.287042938119124e-05
146,1,14,san_measurement,8.204470025394294e-05
147,1,14,infinite_sheet,8.162838434407387e-05
148,1,14,effective_vibrational_frequency,8.133343815514199e-05
149,1,14,bridge_group,8.12336465290209e-05
150,1,15,charge_density_distribution,8.405617364319273e-05
151,1,15,monomeric_ngal_crystal,8.381853447215263e-05
152,1,15,mg_atom,8.293680441284967e-05
153,1,15,essentially_planar,8.282979826224983e-05
154,1,15,neighbour_molecule_benzene_ring,8.281060828550976e-05
155,1,15,dislocation_structure,8.222324524057888e-05
156,1,15,pi_s_pi,8.210697597105316e-05
157,1,15,self_practice_assessment_test,8.204266553724905e-05
158,1,15,metal_support,8.203645182916822e-05
159,1,15,cuii_ion,8.183517831730128e-05
160,1,16,methylsulfanyl_group,8.608556074184498e-05
161,1,16,resolution_phase,8.277197646031684e-05
162,1,16,prime_n_kappa,8.26917365589924e-05
163,1,16,cellular_signal,8.244586235400299e-05
164,1,16,base_local_shape,8.221558761397453e-05
165,1,16,stuff_ray,8.217907036236168e-05
166,1,16,relative_wilson_plot_method,8.203438545273803e-05
167,1,16,van_intramolecular_hydrogen_bond,8.201075339528219e-05
168,1,16,er_enter_unfold_protein,8.093979038144244e-05
169,1,16,n_atom_o_atom,8.077094433118741e-05
170,1,17,segment_cross_undulator,8.537369374628291e-05
171,1,17,local_disorder,8.490497425041508e-05
172,1,17,uncertainty_estimate_associate_intensity,8.348583230530327e-05
173,1,17,simultaneous_diffraction_effect_incidence,8.311239081927766e-05
174,1,17,malonyl_recombinant_oks_molecule,8.276213301894314e-05
175,1,17,finally_development,8.241764441761128e-05
176,1,17,c_c_bond_length,8.222895619690251e-05
177,1,17,occupancy_factor,8.215174542202573e-05
178,1,17,global_minimum_energy_structure,8.198590757628712e-05
179,1,17,cuprophilic_interaction,8.190799543931769e-05
180,1,18,hypersphere_pack,8.400765831653168e-05
181,1,18,thermus_thermophilus_thermophilic_bacterium,8.384147488582902e-05
182,1,18,alkaloid_ring,8.367536330113612e-05
183,1,18,metal_ion_interaction_sequence,8.297767970120193e-05
184,1,18,scatter_geometry,8.255511013282533e-05
185,1,18,phase_power,8.218451159298194e-05
186,1,18,terminal_step,8.212511737638981e-05
187,1,18,cd_atom_seven_coordinate,8.175802203801476e-05
188,1,18,potential_antiprotozoal_drug,8.113433851522061e-05
189,1,18,short_range,8.106800367151886e-05
190,1,19,ptp_minus_time,8.722361577850256e-05
191,1,19,bowman_birk_type_inhibitor,8.486055603632165e-05
192,1,19,partially_order_crystal,8.412350543727014e-05
193,1,19,beta_hydrolysis,8.346504393350694e-05
194,1,19,essential_role,8.273710344669287e-05
195,1,19,mu_time_resolution,8.253262822830697e-05
196,1,19,hydrogen_bond_kind,8.222328917024175e-05
197,1,19,polymeric_crystal_structure,8.181746729079503e-05
198,1,19,biological_function_understand,8.174408059508437e-05
199,1,19,c_n_bond_centre,8.110574803919186e-05
0,2,0,potential_problem,7.364484610532014e-05
1,2,0,density_map,7.330330567269964e-05
2,2,0,combine_effect,7.324324284650186e-05
3,2,0,kegg_database_streptococcus_mutan,7.305697865530838e-05
4,2,0,large_molecule,7.29326720783711e-05
5,2,0,average_ring_size,7.287768021796603e-05
6,2,0,humidity_volatile_organic_sense,7.256939091980825e-05
7,2,0,previously_propose_method,7.248842115970688e-05
8,2,0,image_feature_extraction,7.184267872854511e-05
9,2,0,normal_bond,7.184164812190364e-05
