,run,topic,terms,p
ction_effect,8.86571191520034e-05
1,1,0,cl_ion,8.719117153706451e-05
2,1,0,rlml_gene,8.60154221190253e-05
3,1,0,double_crystal_topography,8.568834562057401e-05
4,1,0,c_o_pi,8.512017074696988e-05
5,1,0,catalyst_preparation,8.474163066060849e-05
6,1,0,waller_factor_effect,8.442647913337144e-05
7,1,0,orientation_cloud,8.365258428271286e-05
8,1,0,antibiotic_treatment,8.326338981081765e-05
9,1,0,x_ray_diffract_crystal,8.308136402335134e-05
10,1,1,cell_survival,8.658741598607233e-05
11,1,1,rrna_methyltransferase,8.611704694819314e-05
12,1,1,high_dose,8.45655139486146e-05
13,1,1,catalyst_define_initiator_development,8.339220072182558e-05
14,1,1,imino_n_atom,8.320559233923437e-05
15,1,1,aminomethyl_group,8.304989664786401e-05
16,1,1,isocyanate_reagent,8.30033284446391e-05
17,1,1,minus_f_prime_minus,8.271106389606865e-05
18,1,1,single_shoot_methodology,8.254780180581939e-05
19,1,1,nonpolar_hydrocarbon_exterior,8.245822900839385e-05
20,1,2,bone_growth,8.506629263798191e-05
21,1,2,o_interaction,8.419611252796795e-05
22,1,2,correct_intensity_statistical_error,8.401473166218833e-05
23,1,2,protein_tyrosine,8.360006527290158e-05
24,1,2,closely_comparable_geometry,8.302996394438038e-05
25,1,2,smectic_phase,8.26763791109565e-05
26,1,2,agi_atom,8.230124085015122e-05
27,1,2,pseudo_mm_symmetry_element,8.218097541115545e-05
28,1,2,overall_u_shape,8.202910239918204e-05
29,1,2,monohydrated_phase,8.191425574302375e-05
30,1,3,direction_dimensional_chain_dimer,8.670511462596068e-05
31,1,3,triclinic_unit,8.642370314852626e-05
32,1,3,direction_parallel,8.593098101349292e-05
33,1,3,equivoltage_partition,8.528806200550662e-05
34,1,3,middot_middot_minus,8.486536244137929e-05
35,1,3,dimensional_sheet_structure,8.37067693800105e-05
36,1,3,central_piperidone_plane,8.309567485548926e-05
37,1,3,polymorph_binary_mixture,8.290111164757348e-05
38,1,3,chemically_order_beta,8.213207385498485e-05
39,1,3,x_as_p,8.193857729993537e-05
40,1,4,o_h_formation,8.689385617403419e-05
41,1,4,antimicrobial_peptide,8.588869770521046e-05
42,1,4,surface_loop_residue_calcium,8.47112258415526e-05
43,1,4,function_analysis,8.379012845890384e-05
44,1,4,programme_problem,8.358118027671318e-05
45,1,4,benzo_ring,8.322562875725792e-05
46,1,4,srm_silicon_standard_term,8.303559697797715e-05
47,1,4,ammonium_cation,8.299836295894642e-05
48,1,4,analogue_computer_display,8.22949350760581e-05
49,1,4,convergent_beam_diffraction_pattern,8.226511133119979e-05
50,1,5,equatorial_plane_position,8.639155589167409e-05
51,1,5,site_occupancy_value,8.510437191552938e-05
52,1,5,iii_middot,8.50482746261521e-05
53,1,5,high_resolution_spot,8.417665292890729e-05
54,1,5,domain_crystal_lattice_orientation,8.4175856831694e-05
55,1,5,discard_experimental_datum,8.292030580647522e-05
56,1,5,scientific_community_consensus,8.23883583536659e-05
57,1,5,host_framework,8.227082147057491e-05
58,1,5,important_cosmoceutical_property,8.133762388222794e-05
59,1,5,dose_calculation_phenomenon,8.130590547703508e-05
60,1,6,p_prime,8.500050411848782e-05
61,1,6,rubber_polymer,8.470288129037606e-05
62,1,6,ligand_bridge_o_atom,8.29770237256425e-05
63,1,6,residual_electron_density,8.253523950461755e-05
64,1,6,facial_position,8.251510013431431e-05
65,1,6,deg_n_torsion_angle,8.243653189003864e-05
66,1,6,pentacoordinat_cd_centre,8.200016127553866e-05
67,1,6,molecule_long_axis,8.195044752076093e-05
68,1,6,iron_nitride,8.189794279135439e-05
69,1,6,dynamical_image,8.174118207693064e-05
70,1,7,microstructure_deep_insight,8.667699542163764e-05
71,1,7,coordination_analogue,8.66065717070761e-05
72,1,7,hirshfeld_surface_analysis_mean,8.357731658201817e-05
73,1,7,square_pyramidal_coordination,8.356436866259702e-05
74,1,7,aryl_substitute_assembly_pattern,8.351815459052638e-05
75,1,7,s_site_determination,8.29007470004744e-05
76,1,7,sim_factor,8.216641066096911e-05
77,1,7,formamidinium_cation,8.208172928986961e-05
78,1,7,constant_include_angle,8.206099104934887e-05
79,1,7,free_diffraction,8.201684864406322e-05
80,1,8,site_disorder_prime_cation,9.476807403742614e-05
81,1,8,complex_crystal_pack,8.743156931599713e-05
82,1,8,photochromism_reason_cavity,8.664793348754427e-05
83,1,8,catalytic_reaction,8.56935943059504e-05
84,1,8,square_pyramidal,8.55125139890166e-05
85,1,8,inner_coulomb_potential,8.521141370572881e-05
86,1,8,wyckoff_position,8.374239109322708e-05
87,1,8,molecule_rapid_loss,8.345964084681072e-05
88,1,8,method_description,8.343326538030989e-05
89,1,8,protein_dimeric_state,8.327685852908712e-05
90,1,9,defect_high_sensitivity,8.355116995604591e-05
91,1,9,cell_envelope,8.285908093702107e-05
92,1,9,phosphoryl_ethanol,8.263829729154688e-05
93,1,9,tetramerization_domain,8.223712827782463e-05
94,1,9,beta_alpha,8.169085166736165e-05
95,1,9,individual_experiment,8.102863547920642e-05
96,1,9,hydrogen_bond_type,8.086140956817242e-05
97,1,9,ribosome_structural_study,8.075191202304437e-05
98,1,9,pnma_space_group,8.072823316200139e-05
99,1,9,exocyclic_purine_phenyl_ring,8.071916159603288e-05
100,1,10,short_n_n_bond,9.2597227302433e-05
101,1,10,sensitive_storage_phosphor_detector,8.856199460037163e-05
102,1,10,information_management_system,8.569379998741536e-05
103,1,10,room_temperature,8.53799665558321e-05
104,1,10,distort_octahedral_coordination_geometry,8.213451607074329e-05
105,1,10,relaxation_process,8.205771304436699e-05
106,1,10,choice_technique,8.200690128240487e-05
107,1,10,infinite_dimensional_lattice,8.19640698899944e-05
108,1,10,catalytic_activity,8.173838264064552e-05
109,1,10,datum_frame,8.154058402647925e-05
110,1,11,contrast_variation,9.013893882175189e-05
111,1,11,dsc_tga_analysis,8.531684367510963e-05
112,1,11,internal_aldimine,8.444511256720014e-05
113,1,11,material_layer_order_region,8.416070721336524e-05
114,1,11,p_phosphoru,8.351377989110581e-05
115,1,11,s_chelate_anion,8.292568632364888e-05
116,1,11,pavel_ccaron,8.266077668439465e-05
117,1,11,type_iii_secretion_system,8.265146524359203e-05
118,1,11,osmium_derivative,8.237890086695225e-05
119,1,11,coincidence_site,8.144436576743632e-05
120,1,12,s_h,8.52624014426148e-05
121,1,12,binase_bacillus_intermedius_ribonuclease,8.49549396808593e-05
122,1,12,position_extra_peak_intensity,8.426198879765163e-05
123,1,12,tetragonal_form,8.37985688577002e-05
124,1,12,iii_middot,8.324800996546312e-05
125,1,12,coherence_requirement,8.324038524546175e-05
126,1,12,formic_hydrazide_unit,8.321873316081349e-05
127,1,12,digitization_laue_image,8.317348388869403e-05
128,1,12,beam_easy_removal,8.280881484668902e-05
129,1,12,true_scatter_curve,8.268540802468064e-05
130,1,13,infinite_layer_structure,9.18838791030108e-05
131,1,13,equatorial_geometry,8.963865800882509e-05
132,1,13,average_ga_n_distance,8.656619079396126e-05
133,1,13,compact_probe,8.540873036001453e-05
134,1,13,deg_sample_rotation,8.517230827144448e-05
135,1,13,traverse_technique,8.465519972405133e-05
136,1,13,crystallization_state,8.445441861495707e-05
137,1,13,monoclinic_space_group,8.39360873932115e-05
138,1,13,water_molecule_cytidine_analogue,8.372242835368567e-05
139,1,13,exocyclic_imine_function,8.317959437574606e-05
140,1,14,d_c,8.999745861342969e-05
141,1,14,conventional_r_factor,8.974314580353785e-05
142,1,14,low_order,8.88256414375493e-05
143,1,14,glycosidic_linkage,8.525426194445414e-05
144,1,14,week_human_fetus,8.393528360100631e-05
145,1,14,double_shell_spherical_mask,8.27018482301391e-05
146,1,14,prime_cap,8.236629476743089e-05
147,1,14,potassium_cation,8.204567338863314e-05
148,1,14,crystallographic_search_space_restriction,8.193693392252938e-05
149,1,14,ti_k_a_edge,8.176937618902188e-05
150,1,15,alkaline_catalytic_domain,9.01836086667581e-05
151,1,15,carbamazepine_form,8.647100253032926e-05
152,1,15,constant_area,8.424971912582814e-05
153,1,15,templat_tetraphenylphosphonium_cation,8.355602342411352e-05
154,1,15,individual_reflection_maximum_position,8.23212824582919e-05
155,1,15,gamma_atom,8.181498068087463e-05
156,1,15,plastic_strain,8.180821091176677e-05
157,1,15,misorientation_angle_distribution,8.161693217682992e-05
158,1,15,minus_anion_link,8.157650189594254e-05
159,1,15,space_shuttle_experiment,8.141583416976327e-05
160,1,16,scatter_transmit_reflect_intensity,9.030066379828114e-05
161,1,16,relatively_flexible_orientation,8.56071382520652e-05
162,1,16,protein_intramolecular_motion,8.235539750788091e-05
163,1,16,bipyramidal_coordination,8.230520493255574e-05
164,1,16,kappa_kappa_kappa,8.179587653041525e-05
165,1,16,year_activity,8.166111497258414e-05
166,1,16,hdak_card,8.166050833390892e-05
167,1,16,nonspecific_cross_link_complex,8.164983383810469e-05
168,1,16,middot_single_crystal,8.113217553899836e-05
169,1,16,inhibitor_complex_structure,8.097209309335037e-05
170,1,17,envelope_sofa,8.935127614624855e-05
171,1,17,limit_trypsin_digestion,8.824100910222738e-05
172,1,17,system_stabilization,8.702509471780376e-05
173,1,17,deg_sample_rotation,8.408520122471462e-05
174,1,17,protein_crystallization_growth,8.363503218773376e-05
175,1,17,approximately_aring_contact,8.360709943316607e-05
176,1,17,isocyanide_group,8.332984580353495e-05
177,1,17,ir_spectroscopy,8.322805842711468e-05
178,1,17,long_range_crystal_order,8.24784360616517e-05
179,1,17,owater_h,8.21613442535735e-05
180,1,18,atcc_bacillus_brevis_decarboxylase,8.832270372157996e-05
181,1,18,secondary_structural_feature,8.500130904311042e-05
182,1,18,portland_cement_constitute_polymorph,8.452954749254764e-05
183,1,18,kishne_reduction,8.38129499850685e-05
184,1,18,datum_process,8.353573591591499e-05
185,1,18,c_bond_respect,8.333227551275972e-05
186,1,18,mn_complex,8.261907570316512e-05
187,1,18,dioxane_bridge,8.231108886096135e-05
188,1,18,collagen_model_polypeptide,8.223680940505154e-05
189,1,18,automatic_detection,8.185630173454223e-05
190,1,19,liquid_crystal,9.148396371875465e-05
191,1,19,tran_pyrazine_ring,8.780195193881836e-05
192,1,19,horizontal_thgr_attachment,8.468654029597066e-05
193,1,19,know_molecule_contribution,8.33537664670346e-05
194,1,19,tridymite_framework,8.310900084537858e-05
195,1,19,cn_minus_ligand,8.303016062171752e-05
196,1,19,gem_diol_inhibitor_complex,8.23587973446668e-05
197,1,19,atom_method_force_field,8.217247532878187e-05
198,1,19,meso_position,8.183259915477228e-05
199,1,19,ligand_bridge_o_atom,8.175933857362338e-05
200,1,20,wavelength_measurement,8.947128939606021e-05
201,1,20,infinite_dimensional_lattice,8.67201490834989e-05
202,1,20,ring_system,8.531634175128287e-05
203,1,20,organic_cation,8.502066526831415e-05
204,1,20,brown_amp,8.473501429890774e-05
205,1,20,middot_middot,8.449719579425532e-05
206,1,20,coordination_octahedron,8.434661757727158e-05
207,1,20,volume_fractality,8.371879214749262e-05
208,1,20,bulky_prime,8.363545112174615e-05
209,1,20,membrane_protein,8.358703196924713e-05
210,1,21,plane_opposite_side,8.510246980259734e-05
211,1,21,phase_initio,8.387402126686426e-05
212,1,21,form_membered_metal_cycle,8.368813145265696e-05
213,1,21,fortran_iv,8.33573347929849e-05
214,1,21,equidistant_split,8.293773814191235e-05
215,1,21,metal_bind_site_addition,8.276117187897963e-05
216,1,21,n_n_bond,8.245464466041391e-05
217,1,21,cell_length,8.232516343059184e-05
218,1,21,holmium_isomorphous_substitution,8.220858875430224e-05
219,1,21,thermal_melt_experiment,8.20467092255446e-05
220,1,22,maleonitriledithiolate_ligand_s_atom,8.753834483432182e-05
221,1,22,pyrimidine_imidazole_ring_plane,8.720443545853911e-05
222,1,22,monoaqua_monohydrated_phase,8.456318974572506e-05
223,1,22,soluble_domain,8.402358009230219e-05
224,1,22,thionyl_chloride,8.304351366891633e-05
225,1,22,group_positional_thermal_disorder,8.28899321134448e-05
226,1,22,structure_function,8.281606126287959e-05
227,1,22,great_tran_influence,8.277088618325702e-05
228,1,22,pyridyl_n,8.275378607642964e-05
229,1,22,component_adduct,8.274569804054238e-05
230,1,23,zr_k_edge,8.596027232891025e-05
231,1,23,low_energy,8.333571274427763e-05
232,1,23,sulfonate_group_water_molecule,8.263448747183412e-05
233,1,23,acetate_ligand_o_atom,8.258764567858135e-05
234,1,23,skew_trapezoidal,8.245217439392022e-05
235,1,23,space_group_revision,8.201731571303236e-05
236,1,23,relate_nonchelating_diimine,8.197990532560044e-05
237,1,23,ester_molecule,8.178883294828138e-05
238,1,23,c_g_s,8.17720338311469e-05
239,1,23,axial_position_phenyl_group,8.14452587015594e-05
240,1,24,type_n_h,9.156891827003435e-05
241,1,24,respectively_activity_like,8.456490639804627e-05
242,1,24,saxs_curve,8.392723582989677e-05
243,1,24,high_density_region,8.346594420119886e-05
244,1,24,unique_ability,8.310983396412033e-05
245,1,24,dmap_ligand,8.299597090891232e-05
246,1,24,z_dna,8.294834305335617e-05
247,1,24,inhibition_activity,8.242708380281902e-05
248,1,24,quartet_relation_sign,8.233852136589716e-05
249,1,24,bridge_acetate,8.232651546273044e-05
250,1,25,cosmoceutical_property,8.580279635928132e-05
251,1,25,pyrimidinone_ring,8.575002605560755e-05
252,1,25,background_noise,8.454079720224122e-05
253,1,25,recently_synthesize_quasicrystal_comparison,8.388364886982047e-05
254,1,25,substrate_dutp_complex,8.376958423640417e-05
255,1,25,tptz_ligand,8.341873974292843e-05
256,1,25,derivative_crystal,8.331027767246029e-05
257,1,25,crystal_twinning,8.297828765992693e-05
258,1,25,mk_laue_spot_split,8.29079285339829e-05
259,1,25,optimal_time,8.283460359652725e-05
260,1,26,bear_approximation,8.55476271875241e-05
261,1,26,supramolecular_net,8.543695341360642e-05
262,1,26,significant_deviation,8.493476193300093e-05
263,1,26,binary_phosphide_pentanickel_tetraphosphide,8.473273697258502e-05
264,1,26,epoxy_group,8.45607912059219e-05
265,1,26,metal_alkoxide_wide_variety,8.397523197074834e-05
266,1,26,chiral_chain,8.326369457491446e-05
267,1,26,angular_libration,8.290328127943711e-05
268,1,26,dinuclear_derivative_triphenylantimony,8.17497297999168e-05
269,1,26,delta_lambda,8.174586813375668e-05
270,1,27,benzimidazole_core,8.44221754135447e-05
271,1,27,disorder_aromatic_ring,8.414714492548774e-05
272,1,27,tetartohedrally_twin_crystal,8.365699176029155e-05
273,1,27,noticeable_distortion,8.243323245452892e-05
274,1,27,imino_group,8.20752628047505e-05
275,1,27,chemistry_biology,8.179683013812597e-05
276,1,27,cupt_alloy,8.172402329706507e-05
277,1,27,lorentz_factor,8.16497254235754e-05
278,1,27,n_methyl,8.161764739670428e-05
279,1,27,x_ray_crystal,8.155493115410066e-05
280,1,28,ferredoxin_oxidoreductase,8.92125282274212e-05
281,1,28,salt_formation,8.507101592418078e-05
282,1,28,therefore_inclusion_crystal,8.42576240120272e-05
283,1,28,different_crystal_structure_observation,8.396773096111182e-05
284,1,28,general_purpose_library,8.382591303481128e-05
285,1,28,para_position,8.368142329457731e-05
286,1,28,crystallize_protein,8.333361266204341e-05
287,1,28,obtain_pattern,8.311637857896109e-05
288,1,28,baker_yeast_saicar_synthase,8.285391329138874e-05
289,1,28,damage_strain_profile,8.275592598718209e-05
290,1,29,short_range_attractive_interaction,8.805770823777926e-05
291,1,29,cyclohexane_ring,8.769537638412582e-05
292,1,29,azimuthal_scan,8.671262225887074e-05
293,1,29,development_science,8.52521681738576e-05
294,1,29,individual_experiment,8.400831897280253e-05
295,1,29,n_hydrogen_bond,8.33404257214604e-05
296,1,29,cmca_centrosymmetric_space_group,8.252010887202449e-05
297,1,29,fusion_protein,8.245185642062111e-05
298,1,29,low_contrast,8.213669454562787e-05
299,1,29,induce_fit_mechanism,8.204915534155555e-05
300,1,30,quantum_crystal,8.771804208955363e-05
301,1,30,aromatic_ring_system,8.433800823845022e-05
302,1,30,molecule_form_inversion,8.344553529483343e-05
303,1,30,effective_electronegativity,8.309627743922278e-05
304,1,30,pyrimidine_ring_centre,8.302865458088336e-05
305,1,30,ethylenediamine_molecule_n_atom,8.278533464986046e-05
306,1,30,respectively_deg_dihedral_angle,8.248659937068456e-05
307,1,30,tetrahedral_tilt,8.24028706090523e-05
308,1,30,gel_formation_drive_force,8.2011014704722e-05
309,1,30,fiv_dutpase,8.186055947164559e-05
310,1,31,interdomain_helix,8.57980439931925e-05
311,1,31,prime_prime_bridge_ligand,8.574203239254063e-05
312,1,31,axial_position_methanol_ligand,8.551686268888495e-05
313,1,31,statistical_method,8.513096798020697e-05
314,1,31,centrosymmetric_dinuclear_unit,8.510956650443429e-05
315,1,31,dilute_silica_dynamic,8.362551789503458e-05
316,1,31,hal_br_cl_halide,8.288922134397616e-05
317,1,31,prepare_n_methylimidazole_solution,8.271474486747032e-05
318,1,31,internal_loop_exception,8.265579965114811e-05
319,1,31,experiment_model_fit,8.243520139086864e-05
320,1,32,conventional_bragg_brentano_geometry,8.515515378364933e-05
321,1,32,backbone_torsion_angle_range,8.474990081356752e-05
322,1,32,high_similarity,8.391971928128714e-05
323,1,32,near_infrared_excitation_laser,8.317283259461064e-05
324,1,32,minus_s,8.279005250947521e-05
325,1,32,eta_ir_kappa_p,8.260106037322258e-05
326,1,32,bay_area_hydrogen_bond,8.239972358678064e-05
327,1,32,atomic_position,8.235963683364969e-05
328,1,32,dynamic_nature,8.227474472596656e-05
329,1,32,deformation_distribution_field,8.19722828747167e-05
330,1,33,line_weissenberg_camera,8.831955335873105e-05
331,1,33,functional_form_magnitude,8.813246683408928e-05
332,1,33,topological_density_calculation,8.73781316024133e-05
333,1,33,photoluminescence_property,8.498677359354587e-05
334,1,33,n_c_disorder,8.492979883226855e-05
335,1,33,virtual_bragg_scatter,8.441379960370801e-05
336,1,33,coordinate_system,8.434722294642837e-05
337,1,33,continuous_molecular_chain,8.378524668736442e-05
338,1,33,different_method,8.367971298200247e-05
339,1,33,triazolyl_system,8.334438413371805e-05
340,1,34,automatic_fill_capability,8.596448707317219e-05
341,1,34,compute_scheme,8.476133783750481e-05
342,1,34,x_ray_datum,8.44896069478103e-05
343,1,34,adjacent_urea_group,8.423579276069897e-05
344,1,34,adenocarcinoma_cell_line,8.347284436518301e-05
345,1,34,excite_wavefield_amplitude,8.245618982241316e-05
346,1,34,free_coordinate_water_molecule,8.228190382303747e-05
347,1,34,conformational_mobility,8.193443357528794e-05
348,1,34,stack_pyridine,8.166687346954046e-05
349,1,34,acceptor_donor,8.166628610690495e-05
350,1,35,additional_membered_ring,8.720083767968815e-05
351,1,35,indole_ring,8.303637898827495e-05
352,1,35,prolyl_phosphorylation,8.281982020389965e-05
353,1,35,hydrogen_bond_layer_assemble,8.24738783202261e-05
354,1,35,meyer_et_al_work,8.233259600586614e-05
355,1,35,inhibitor_complex,8.224381300607805e-05
356,1,35,similarly_light_element,8.220164114863323e-05
357,1,35,mg_ml_mm_proteasome,8.185143536293719e-05
358,1,35,cdii_atom,8.155547671982442e-05
359,1,35,nonmagnetic_region,8.13360396393673e-05
360,1,36,charge_cationic_neutral_derivative,8.539867094198534e-05
361,1,36,layer_sequence,8.436518700414882e-05
362,1,36,n_o_n,8.384974860563572e-05
363,1,36,der_waals_interaction,8.340911189001977e-05
364,1,36,nbsp_case,8.310370900123002e-05
365,1,36,detail_structural_information,8.303962853873277e-05
366,1,36,triazine_ring_plane,8.30354322856427e-05
367,1,36,correct_intensity,8.297198635522887e-05
368,1,36,vanadium_previously_report_complex,8.293300802923406e-05
369,1,36,syncytial_virus_nucleocapsid,8.284710800625406e-05
370,1,37,stuhrmann_show_obtain_protein,8.510243823654189e-05
371,1,37,eu_contain_crystal,8.484327055631711e-05
372,1,37,ester_chain,8.226210037592489e-05
373,1,37,relative_structure_factor_magnitude,8.221763027966254e-05
374,1,37,nitrogen_atom,8.219385524529542e-05
375,1,37,substrate_analogue,8.198770554246011e-05
376,1,37,o_prime,8.194269499906804e-05
377,1,37,profile_fit,8.185268486286591e-05
378,1,37,backscatter_position,8.183261341360053e-05
379,1,37,seven_crystal_structure,8.14927110944783e-05
380,1,38,dimensional_host_lattice,8.752361648850439e-05
381,1,38,tensor_sum,8.52196206751201e-05
382,1,38,middot_trihydrate,8.389518663997306e-05
383,1,38,w_foil,8.337132428259092e-05
384,1,38,extradiol_cleave_catecholic_dioxygenase,8.332314035083653e-05
385,1,38,shape_size,8.326582238511175e-05
386,1,38,statistical_property,8.306791810084532e-05
387,1,38,bimetallic_complex,8.269055826985013e-05
388,1,38,cylindrical_shape_parallel_channel,8.234172549044702e-05
389,1,38,possible_caveat,8.231094376122109e-05
390,1,39,half_dioxane_molecule,8.435248353172205e-05
391,1,39,face_transitive,8.274473062156896e-05
392,1,39,dimensional_supramolecular_structure_formation,8.269290356591548e-05
393,1,39,chromeno_ring_system,8.263503503058527e-05
394,1,39,pi_intermolecular_aromatic_pi,8.258599971962633e-05
395,1,39,vapochromic_organic_crystal,8.249522863245336e-05
396,1,39,oxide_ligand,8.190056389623517e-05
397,1,39,centrosymmetric_ring_type,8.183617139670779e-05
398,1,39,technology_technique,8.173958092818998e-05
399,1,39,noncovalent_catalysis,8.160026657640405e-05
400,1,40,solution_crystal,8.614250025044358e-05
401,1,40,supramolecular_framework,8.514371182715104e-05
402,1,40,cdii_ion,8.508643835939484e-05
403,1,40,ouml_ssbauer,8.428050163769006e-05
404,1,40,ethanediamine_molecule,8.427100429022218e-05
405,1,40,error_measure_propagation,8.301524426761424e-05
406,1,40,anisotropic_displacement_parameter,8.29869452243966e-05
407,1,40,pasteurianum_rubredoxin,8.264674827485966e-05
408,1,40,low_background_material_thing,8.251202710934843e-05
409,1,40,crystal_structure_quality,8.232593877157969e-05
410,1,41,raman_unit,9.212190090091066e-05
411,1,41,room_temperature_phase,8.75677481691262e-05
412,1,41,screw_boat_conformation_ring,8.672801358123819e-05
413,1,41,water_o_k,8.52725053806878e-05
414,1,41,dioxane_dimer,8.45835838938606e-05
415,1,41,vapour_condition_diffusion,8.389240560640496e-05
416,1,41,sin_phiv,8.3510009747453e-05
417,1,41,nucleotide_bind_domain,8.322975523454467e-05
418,1,41,distort_square_pyramidal_coordination,8.211472078244498e-05
419,1,41,mode_difference,8.201030866872554e-05
420,1,42,quantum_crystal,8.959369635052383e-05
421,1,42,previous_model_disadvantage,8.836915690755256e-05
422,1,42,pt_n_bond_length,8.684408795778011e-05
423,1,42,twofold_screw_axis,8.623876883944812e-05
424,1,42,holmium_isomorphous_substitution,8.47891539670394e-05
425,1,42,type_iii_secretion_system,8.469285968184488e-05
426,1,42,magnesium_ion,8.289170245029386e-05
427,1,42,molecule_contain_block,8.254152372454991e-05
428,1,42,physiological_condition,8.240789924393062e-05
429,1,42,planar_phenyl_ring,8.236245087451487e-05
430,1,43,distribution_function,8.83821530066668e-05
431,1,43,putative_pnpox,8.689521745427095e-05
432,1,43,anchor_hemicellulas_cellulase,8.593429409939053e-05
433,1,43,axially_coordinate_perchlorate_ion,8.539827891552515e-05
434,1,43,house_dust_mite,8.485522570850096e-05
435,1,43,detergent_corona,8.405576633749193e-05
436,1,43,chlorophenyl_ring_dihedral_angle,8.364260712203401e-05
437,1,43,radiation_power,8.303618149757306e-05
438,1,43,emphanitic_response,8.301451519110717e-05
439,1,43,therapy_design,8.298927531245678e-05
440,1,44,atomic_modulation,8.896470130063159e-05
441,1,44,olfactomedin_olf_domain,8.423985161811932e-05
442,1,44,monochromated_white_radiation,8.37699965046646e-05
443,1,44,dna_bind_domain_beta,8.289006225927573e-05
444,1,44,protein_equal_rate,8.180503239641256e-05
445,1,44,fock_approximation,8.174189583373428e-05
446,1,44,bulk_copper,8.150127370583906e-05
447,1,44,mycobacterial_ssb_characteristic_feature,8.14881913876656e-05
448,1,44,classical_protein_tyrosine,8.130174559974889e-05
449,1,44,triphenylphosphine_ligand_p_atom,8.126149178341916e-05
450,1,45,diffraction_vector,9.366747138928519e-05
451,1,45,water_h,9.013736557158468e-05
452,1,45,k_different_temperature,8.351653941618753e-05
453,1,45,cl_h_o,8.324365066178948e-05
454,1,45,ehippase_dimensional_fold,8.319502192991603e-05
455,1,45,interest_feature,8.312704304487912e-05
456,1,45,benzaldoxime_reaction,8.263788351329035e-05
457,1,45,seed_achieve_method,8.262158769578869e-05
458,1,45,toru_parameter_wide_range,8.24639925714505e-05
459,1,45,dope_piezoelectric_coefficient,8.222735313220589e-05
460,1,46,complementary_characterization_technique_combination,8.772399507895214e-05
461,1,46,water_molecule_plus_anion,8.488875243571155e-05
462,1,46,reaction_induce_self_assembly,8.484367964855971e-05
463,1,46,structure_relate_yttrium_lanthanide,8.418751563283027e-05
464,1,46,binuclear_unit,8.29093629472737e-05
465,1,46,resolution_function,8.221458174953676e-05
466,1,46,different_proportion_atom,8.198471831659522e-05
467,1,46,protonat_pyridine_group,8.171514693365674e-05
468,1,46,material_edp,8.164175170956098e-05
469,1,46,helical_chain,8.155445060532048e-05
470,1,47,intensities_crystal,8.724186017979569e-05
471,1,47,thrombin_peptide,8.695840676628762e-05
472,1,47,unesco_iucr,8.621233285831323e-05
473,1,47,mirror_symmetry,8.507132360554988e-05
474,1,47,ga_n_distance,8.495891861975262e-05
475,1,47,trigonal_bipyramidal_coordinate_geometry,8.431118585927978e-05
476,1,47,centrosymmetric_binuclear_molecule,8.374629066155913e-05
477,1,47,bond_length,8.356818377477667e-05
478,1,47,distort_octahedral_structure,8.25003358611718e-05
479,1,47,au_p,8.249785979661855e-05
480,1,48,bi_atom,8.8344719518052e-05
481,1,48,regulate_component,8.609334885724457e-05
482,1,48,platinum_dispersion_relation,8.547754603831166e-05
483,1,48,mung_bean,8.513851354802497e-05
484,1,48,pressure_temperature_condition,8.509705544321624e-05
485,1,48,flexible_loop,8.492945684095299e-05
486,1,48,valency_requirement,8.443601538663147e-05
487,1,48,holder_standard,8.317721618416965e-05
488,1,48,product_carbonyl_moiety,8.233895362047216e-05
489,1,48,weak_c_h_donor,8.183655291522258e-05
490,1,49,anomalous_diffraction_method,8.814022103813096e-05
491,1,49,material_small_portion,8.61465276714489e-05
492,1,49,covariance_analysis,8.48632321047317e-05
493,1,49,dye_solvate,8.425776065510148e-05
494,1,49,kernel_density,8.387674067352293e-05
495,1,49,crystal_likely_laue_group,8.371000470032419e-05
496,1,49,infinite_sheet,8.36723581751402e-05
497,1,49,aromatic_pi_pi,8.310424924553378e-05
498,1,49,sim_factor,8.275433481722622e-05
499,1,49,well_electron_density_model,8.268242284879239e-05
0,2,0,x_ray_diffraction_snapshot,8.591390264336045e-05
1,2,0,progression_development,8.328981975442283e-05
2,2,0,seven_coordinate,8.243000577208291e-05
3,2,0,individual_snapshot,8.218696343126152e-05
4,2,0,bis_monodentate_bridge_mode,8.200478471364093e-05
5,2,0,coordinate_methanolate_methanol_ligand,8.168440137800894e-05
6,2,0,distant_member,8.128007704469505e-05
7,2,0,hydroxyl_group_hydrogen_bond,8.121531330433029e-05
8,2,0,inhibitor_complex_structure,8.104038247837608e-05
9,2,0,heterocycle_majority,8.0718105913356e-05
10,2,1,alumina_membrane_surface,8.263274751677564e-05
11,2,1,azomethine_n_atom,8.23171591497972e-05
12,2,1,oa_angle,8.120334975958774e-05
13,2,1,cobalt_hydrogenpyrophosphate_dihydrate,8.089941347031415e-05
14,2,1,further_research,8.031362217044422e-05
15,2,1,waller_factor_effect,8.02731371288728e-05
16,2,1,standard_uncertainty,7.985953685579797e-05
17,2,1,mean_square_deviation,7.97324899666307e-05
18,2,1,low_molecular_weight,7.971284822378655e-05
19,2,1,uncontrolled_signal,7.967151583421508e-05
20,2,2,s_atom,8.43320152829453e-05
21,2,2,molecule_corrugate_sheet,8.279526356060126e-05
22,2,2,low_heterogeneity,8.273445920986048e-05
23,2,2,crystal_distribution,8.26084399727334e-05
24,2,2,dioxane_bridge,8.184502094285634e-05
25,2,2,phosphodiester_bond_cleavage,8.166141057938553e-05
26,2,2,reflection_intensity,8.150987058357883e-05
27,2,2,f_simple_facet,8.087952723191134e-05
28,2,2,scaffoldin_cipa,8.064047257019053e-05
29,2,2,ethyl_ester_form_dimer,8.026205001489397e-05
30,2,3,double_diffraction,8.723548236790864e-05
31,2,3,plane_parallel_dimensional_network,8.69815902574237e-05
32,2,3,bridge_group,8.506642978873013e-05
33,2,3,thickness_value,8.485760258760581e-05
34,2,3,anionic_ring,8.462827851851178e-05
35,2,3,scatter_measurement,8.299090087848561e-05
36,2,3,phenyl_ring_pyrazoline_ring,8.27431377908665e-05
37,2,3,post_growth,8.117719011668776e-05
38,2,3,beta_region_alpha,8.116855970273466e-05
39,2,3,phenyl_ring_respect_deg,8.078845337733585e-05
40,2,4,sniv_complex,9.306573568707374e-05
41,2,4,abc_ring,8.354044423727685e-05
42,2,4,energy_loss,8.342465290530058e-05
43,2,4,nickel_affinity_chromatography,8.329853484094311e-05
44,2,4,derivative_triphenylantimony,8.130333731672921e-05
45,2,4,histidine_tag,8.116638884964044e-05
46,2,4,type_c_h,8.03945331465303e-05
47,2,4,know_bipyridine_homologue,8.035276412912242e-05
48,2,4,calculate_low_upper_bound,8.031982732857543e-05
49,2,4,hypersphere_pack,8.005862815714289e-05
50,2,5,prime_dianionic_ligand,8.448611845012605e-05
51,2,5,direct_correlation,8.355761420946902e-05
52,2,5,allergic_reaction,8.334632142241544e-05
53,2,5,solvent_parameter,8.229356098617523e-05
54,2,5,soluble_protein_crystallization,8.10813970246711e-05
55,2,5,inorganic_pyrophosphatase,8.070091478655291e-05
56,2,5,incident_neutron,8.068326632132044e-05
57,2,5,reformatsky_reaction,8.053678052531738e-05
58,2,5,central_zriv_ion,8.035132878524296e-05
59,2,5,observe_defect,8.018711900540165e-05
60,2,6,zeta_dimeric_state,8.281546626921261e-05
61,2,6,poor_indicator,8.21734498233863e-05
62,2,6,graphene_layer,8.196245884463716e-05
63,2,6,oscillation_photography,8.187810681460793e-05
64,2,6,benzene_ring_middle,8.09669870300195e-05
65,2,6,systematic_acid_monohydrate,8.013695752593778e-05
66,2,6,carboxylic_acid_dimer,7.990697061647202e-05
67,2,6,basic_perovskite_structure_type,7.987867991487293e-05
68,2,6,surface_electrostatic_charge_distribution,7.986484168458502e-05
69,2,6,xnfs_technique,7.975474280692882e-05
70,2,7,carbon_carbon_bond,8.205297659962111e-05
71,2,7,year_activity,8.187118749646179e-05
72,2,7,ammonium_oxalate,8.145018824210891e-05
73,2,7,approximate_pentagonal_bipyramidal_configuration,8.14420223001682e-05
74,2,7,intramolecular_hydrogen_bond_system,8.139434002893635e-05
75,2,7,aring_size,8.136339376185355e-05
76,2,7,different_conformation,8.136041562030798e-05
77,2,7,aiip_peak_intensity_use,8.110561732169034e-05
78,2,7,crystal_form_datum,8.098415468071951e-05
79,2,7,parallel_dimensional_supramolecular_structure,8.084179879812878e-05
80,2,8,fragment_bond_carbonyl_o,8.514696280884059e-05
81,2,8,er_atom,8.464172645720497e-05
82,2,8,distort_tetrahedral_geometry,8.43506569572766e-05
83,2,8,although_chlorpropamide_polymorphic_property,8.219398292455268e-05
84,2,8,crystallographic_b_axis_chain,8.183365517838751e-05
85,2,8,accuracy_variable_length,8.145943785783638e-05
86,2,8,pyridine_n_atom,8.128166005291373e-05
87,2,8,thiophene_portion,8.1261411482253e-05
88,2,8,alpha_carboxy_terminal_subdomain,8.092209543706291e-05
89,2,8,deg_sample_rotation,8.086049853720334e-05
