,run,topic,terms,p
plasm,8.376231867784812e-05
1,1,0,o_h_type_result,8.365483602423615e-05
2,1,0,rna_modification,8.346486312038949e-05
3,1,0,aring_interatomic_distance,8.312699857262482e-05
4,1,0,high_density_hydrogen_load,8.173943114311021e-05
5,1,0,tetraselenoantimonate_orange_crystal,8.106466808659642e-05
6,1,0,diimine_chelate_deg,8.096786499835968e-05
7,1,0,unit_cell_parameter_function,8.07416440890297e-05
8,1,0,acid_molecule,8.0601437897741e-05
9,1,0,rehydration_phenomenon,8.042466915677996e-05
10,1,1,calculate_theoretical_tolman_angle,8.501833129155668e-05
11,1,1,dien_ligand_act,8.384618554467893e-05
12,1,1,macrodislocation_burgers_vector,8.373900552929541e-05
13,1,1,haloacid_dehalogenase_homologue,8.30033205530115e-05
14,1,1,synchrotron_source,8.247598682676676e-05
15,1,1,ii_geometrical_isomer,8.232455361086041e-05
16,1,1,lattice_coordinate_water_molecule,8.20537367996509e-05
17,1,1,such_nanocomposite,8.17833966681089e-05
18,1,1,key_active_site_residue,8.158894374270201e-05
19,1,1,macrocyclic_ligand_n_atom,8.141271498245955e-05
20,1,2,free_coordinate_water_molecule,8.44343693847754e-05
21,1,2,lang_projection,8.364342737037292e-05
22,1,2,deviation_group_phenyl_ring,8.241404851289376e-05
23,1,2,molecular_motion,8.226893564829984e-05
24,1,2,framework_form_group_mu,8.222174368827395e-05
25,1,2,ovis_ecdysone_receptor,8.219701655144417e-05
26,1,2,saicar_synthase_family,8.200405051886522e-05
27,1,2,iodide_silver_synthetic_crystal,8.185939857478173e-05
28,1,2,delicate_equilibrium,8.12122092084965e-05
29,1,2,osteoblast_specific_gene,8.117027055441512e-05
30,1,3,alpha_chair_conformation_beta,8.208514918818645e-05
31,1,3,stress_relaxation_process,8.164994364673133e-05
32,1,3,mononuclear_structure,8.156889434067818e-05
33,1,3,derive_pinhole,8.116731894961393e-05
34,1,3,diverse_system,8.112459641950621e-05
35,1,3,moon_amp,8.03472268597716e-05
36,1,3,noncovalent_catalysis,8.016063471230073e-05
37,1,3,diyttrium_heptaoxodisilicate,7.995813210121169e-05
38,1,3,scn_minus_ion_n,7.976532563740851e-05
39,1,3,different_state,7.95689719681863e-05
40,1,4,normal_value,8.543403035910632e-05
41,1,4,spherical_micelle_cylindrical_transition,8.437089181894728e-05
42,1,4,relate_crystal,8.365996626590749e-05
43,1,4,centrosymmetric_core,8.359757946440592e-05
44,1,4,contaminant_crystallization,8.176435109396615e-05
45,1,4,structure_solution,8.127904396383907e-05
46,1,4,hydrogen_bonding,8.1147237767478e-05
47,1,4,dialkylammonium_thiosulfate,8.066887062117076e-05
48,1,4,new_energy_produce_process,7.999947805341098e-05
49,1,4,fully_occupy_deg,7.993017863990245e-05
50,1,5,classical_ptp,8.540455726421586e-05
51,1,5,phenyl_dimethoxyphenyl,8.209625723417871e-05
52,1,5,simulate_anneal_application,8.195299254338104e-05
53,1,5,hrsvn_structure,8.134416418743607e-05
54,1,5,new_material,8.122806613189986e-05
55,1,5,small_angle_scatter_experiment,8.118210531486857e-05
56,1,5,peptic_ulcer,8.112261497630342e-05
57,1,5,pyridyl_s_atom,8.038095914629285e-05
58,1,5,methanol_molecule_o_atom,8.010119940365412e-05
59,1,5,tran_pd_complex_refinement,7.959861058424859e-05
60,1,6,type_crystal_structure,8.548710841885787e-05
61,1,6,diffraction_optic_little_account,8.274334327991829e-05
62,1,6,temperature_dependent_competition,8.211637809241043e-05
63,1,6,useful_precursor,8.207226231467723e-05
64,1,6,intramolecular_trifurcate_hydrogen_bond,8.195875111497652e-05
65,1,6,aring_plusmn,8.157010409064018e-05
66,1,6,o_n_h,8.109686093760922e-05
67,1,6,minus_anion,8.10210190137925e-05
68,1,6,o_bidentate_schiff_base,8.088254667216782e-05
69,1,6,native_enzyme,8.075161810678377e-05
70,1,7,amino_bind_hole,8.655049460213673e-05
71,1,7,antifungal_agent_class,8.548238210061629e-05
72,1,7,coumarin_moiety_planar,8.268320742259164e-05
73,1,7,crystallization_cocktail_standard_set,8.265887709560969e-05
74,1,7,phospholipid_molecule,8.233749210159317e-05
75,1,7,cycliz_reaction,8.156819331650753e-05
76,1,7,property_structure,8.155971987048153e-05
77,1,7,counterion_arise_scatter_signal,8.123691316942607e-05
78,1,7,tcnoet_ligand,8.088112834014111e-05
79,1,7,lead_intermolecular_c_h,8.070514186273813e-05
80,1,8,dimensional_network_structure_formation,8.661391360153646e-05
81,1,8,stuff_tridymite_large_family,8.552474619583958e-05
82,1,8,cis_geometry,8.443196588402816e-05
83,1,8,finite_measurement_range,8.384446869765369e-05
84,1,8,physical_property,8.31851300496338e-05
85,1,8,approximately_carbonyl_group_point,8.271102524110937e-05
86,1,8,asymmetric_unit_dimer,8.222996530380914e-05
87,1,8,numerical_result,8.192375739283765e-05
88,1,8,bulk_volume,8.183619700604118e-05
89,1,8,crystal_domain,8.13925809836689e-05
90,1,9,intramolecular_n,8.964175888724802e-05
91,1,9,space_time_average_structure,8.779881664192616e-05
92,1,9,field_emission_gun,8.368062579635079e-05
93,1,9,covalency_effect_chemical_shift,8.246724019729514e-05
94,1,9,chloride_rhodium_complex,8.227317429945828e-05
95,1,9,pdf_various_aspect,8.219859359083815e-05
96,1,9,k_gt,8.212034497036082e-05
97,1,9,pyrazine_ring_tetrazole,8.086581037627797e-05
98,1,9,molecular_component,8.041319889651582e-05
99,1,9,analysis_datum_collection,8.038476744733063e-05
0,2,0,flexible_beta,8.584733316262109e-05
1,2,0,gauche_ii_conformation,8.471828342405182e-05
2,2,0,datum_reproducibility,8.40564425819956e-05
3,2,0,amorphous_host,8.376665124593867e-05
4,2,0,initial_crystallographic_result,8.297508238392681e-05
5,2,0,single_amino_acid_replacement,8.270240602118475e-05
6,2,0,significant_fluorescence_chance,8.255615705617667e-05
7,2,0,neutron_path_length,8.250952628448209e-05
8,2,0,pizza_box,8.250472294297287e-05
9,2,0,debye_fundamental_diffraction_equation,8.228574208601337e-05
10,2,1,normal_single_bond,8.362023265389211e-05
11,2,1,chemical_reaction,8.353938487925905e-05
12,2,1,saxs_system,8.27699038353502e-05
13,2,1,deg_average_error,8.266749753511602e-05
14,2,1,near_edge_structure,8.25025886423665e-05
15,2,1,ionotropic_glutamate_receptor,8.233084467611122e-05
16,2,1,phiv_plusmn,8.2183581011264e-05
17,2,1,azaaromatic_chloride,8.180703451820806e-05
18,2,1,calculate_absorb_dose,8.175184929632566e-05
19,2,1,dhqase_type,8.162588438914291e-05
20,2,2,nonequivalent_sequence,8.806930043484236e-05
21,2,2,domain_contribution,8.624039472880905e-05
22,2,2,beta_alpha_ring,8.48835726501519e-05
23,2,2,coincidence_site_lattice,8.39339064658346e-05
24,2,2,crystallization_condition_relative_stability,8.387073552878674e-05
25,2,2,physico_chemical_property,8.271277489607702e-05
26,2,2,performance_test,8.244865842532629e-05
27,2,2,torsion_angle_palladacycle,8.215287655058407e-05
28,2,2,manual_inspection,8.213117986579265e-05
29,2,2,half_chair_conformation,8.198654923139032e-05
30,2,3,phase_error,9.666774441389546e-05
31,2,3,sulfonate_anion,8.55592073488671e-05
32,2,3,pathogenic_specie,8.528186281398742e-05
33,2,3,evaluation_process,8.50772773430608e-05
34,2,3,iodide_ligand,8.47507396322896e-05
35,2,3,electrophoretic_mobility_shift,8.421591469290344e-05
36,2,3,theoretical_framework,8.416525850910017e-05
37,2,3,multicatalytic_protein_complex,8.3992779520394e-05
38,2,3,axial_hg_cl_contact,8.299380176232e-05
39,2,3,chromeno_ring,8.287249731387102e-05
40,2,4,foil_unit_area,8.384394527581955e-05
41,2,4,small_numb,8.322417434491222e-05
42,2,4,residue_weakly_a_bind,8.31472369428385e-05
43,2,4,thiazine_ring,8.257322248903919e-05
44,2,4,control_sample,8.249901914874873e-05
45,2,4,c_pr,8.207193543794147e-05
46,2,4,lid_loop,8.170969793525141e-05
47,2,4,pyrimidine_ring,8.166480849319139e-05
48,2,4,dehydrogenation_process_hydrogenation,8.15425294296993e-05
49,2,4,contaminant_crystallization,8.124472530951095e-05
50,2,5,numb_determine_algorithm,8.748697240515382e-05
51,2,5,crystal_delivery,8.492452207989693e-05
52,2,5,twin_volume_fraction,8.401524976700419e-05
53,2,5,half_maximum,8.397811234150138e-05
54,2,5,stoe_stadi_p_powder,8.38670739418228e-05
55,2,5,fix_neutron_velocity,8.315040435013813e-05
56,2,5,ester_group,8.292142183890277e-05
57,2,5,establish_combinatorial_optimization_technique,8.23577721062369e-05
58,2,5,molecular_detail,8.208366790402712e-05
59,2,5,benzothiazole_molecule,8.206773373113158e-05
60,2,6,chair_conformation_cyclohexane_ring,8.6719940239863e-05
61,2,6,central_fragment_plane,8.594626550721785e-05
62,2,6,fuse_cycloheptane_ring,8.376905887814669e-05
63,2,6,cobalt_hydrogenpyrophosphate_dihydrate,8.373816364483183e-05
64,2,6,thermal_effect,8.367231659251511e-05
65,2,6,absorb_power,8.32505276661167e-05
66,2,6,bipyramidal_coordination,8.268792621136783e-05
67,2,6,similar_density,8.248573856716033e-05
68,2,6,anisotropic_scale_matrix_component,8.24376290111086e-05
69,2,6,z_configuration,8.242140138314066e-05
70,2,7,micro_be,8.68825289794576e-05
71,2,7,nbsp_space_group,8.557830476489508e-05
72,2,7,soft_x_ray_spectroscopy,8.537881748297752e-05
73,2,7,cu_n_bond_distance,8.499332494649016e-05
74,2,7,derivative_characteristic_feature,8.473487776457952e-05
75,2,7,crystallographic_space_group,8.397252169473589e-05
76,2,7,cadmium_thiocyanate_system,8.344166752821839e-05
77,2,7,dirubidium_dicalcium_single_crystal,8.342227552218779e-05
78,2,7,substitute_phenyl_ring,8.321773155582797e-05
79,2,7,monoprotonated_ethanediamine_molecule_cation,8.295667397660206e-05
80,2,8,coli_expression,8.497354849563579e-05
81,2,8,monochromatic_mo_k_alpha,8.468665800631601e-05
82,2,8,deg_molecule_deg,8.393597338397534e-05
83,2,8,equimolar_mixture_k,8.340801218743709e-05
84,2,8,hydrobromide_ion_pair,8.283027042198383e-05
85,2,8,troika_concept_base_nbsp,8.277678347007358e-05
86,2,8,methoxy_group,8.232391552337507e-05
87,2,8,peptic_ulcer,8.177702402609258e-05
88,2,8,image_analysis,8.154279262125238e-05
89,2,8,plusmn_bth,8.149399618803823e-05
90,2,9,high_quality_datum,8.730417136934796e-05
91,2,9,refine_structure,8.558927566009933e-05
92,2,9,de_novo_determination,8.49119572046476e-05
93,2,9,delta_soft_rotary_phonon,8.483225798196998e-05
94,2,9,overcorrection_size,8.428904900609917e-05
95,2,9,inositol_oxygenase,8.426903277107671e-05
96,2,9,generate_pulse,8.391070489260369e-05
97,2,9,protonated_acridine_cation,8.30156209996626e-05
98,2,9,multipole_lattice_sum,8.248113575359683e-05
99,2,9,unique_weak_c_h,8.215542442834433e-05
100,2,10,x_ray_diffraction_snapshot,8.605894021324459e-05
101,2,10,ion_cl_minus,8.371476002743392e-05
102,2,10,degradation_premature_association,8.303048588719514e-05
103,2,10,kegg_database_streptococcus_mutan,8.272297791331245e-05
104,2,10,main_cluster_type,8.238972895514997e-05
105,2,10,dimensional_supramolecular_structure,8.220648318949332e-05
106,2,10,wild_type_kaib_crystal,8.217603481976225e-05
107,2,10,datum_deposition,8.17757499858747e-05
108,2,10,ultrasonic_vibration_addition,8.130083382018415e-05
109,2,10,dominate_primary_model_parameter,8.124810225268358e-05
110,2,11,short_range_electrostatic_interaction,8.734616401288434e-05
111,2,11,membered_ring_envelope_conformation,8.409879215919525e-05
112,2,11,drug_design,8.392864226871712e-05
113,2,11,fuse_tricyclic_ring_system,8.390122270935956e-05
114,2,11,n_terminus,8.339466798710084e-05
115,2,11,atom_value,8.328876230593545e-05
116,2,11,catalytic_centre,8.319782378242888e-05
117,2,11,active_site_nucleophile_role,8.248603280795509e-05
118,2,11,cation_link,8.220612567791068e-05
119,2,11,independent_na_atom,8.220301559634768e-05
120,2,12,cylinder_dimension,8.768390702086318e-05
121,2,12,o_h_chain,8.686131289489349e-05
122,2,12,intermedius_ribonuclease,8.612018171800166e-05
123,2,12,anomalous_scatter_effect_magnitude,8.482171720530663e-05
124,2,12,crystal_form_difference,8.352130308187752e-05
125,2,12,fit_curve,8.311945281876426e-05
126,2,12,iron_nanoparticle,8.236729915752986e-05
127,2,12,lattice_defect_study,8.224921270907218e-05
128,2,12,gel_filtration_ionic_exchange,8.210919284960545e-05
129,2,12,gastric_mucosa,8.205219008322563e-05
130,2,13,intramolecular_dimension,8.485754633120074e-05
131,2,13,associate_diffraction_effect,8.41945348096947e-05
132,2,13,ethanol_solvent_molecule,8.379259646203982e-05
133,2,13,experimental_hutch,8.3475294473825e-05
134,2,13,polyalanine_linker,8.329147641889579e-05
135,2,13,atlas_cedar,8.308898132801168e-05
136,2,13,fluorophenyl_ring_deg,8.307201903083915e-05
137,2,13,cpu_time,8.27994501766605e-05
138,2,13,oxysulfide_oxyhalide_oxynitride,8.272749016612513e-05
139,2,13,d_glucuronolactone,8.261823890011631e-05
140,2,14,ligand_bind_study,8.681169097173929e-05
141,2,14,highly_perfect_crystal,8.540986146476569e-05
142,2,14,bulk_volume,8.50389263281109e-05
143,2,14,aring_maximum_deviation,8.493032691987412e-05
144,2,14,fock_approximation,8.418799859986666e-05
145,2,14,structural_model_reference,8.349819017469304e-05
146,2,14,purified_protein,8.333918404940421e-05
147,2,14,form_molecular_layer,8.305025053537967e-05
148,2,14,group_h_atom,8.262979389913918e-05
149,2,14,azadiene_chain,8.161948507690279e-05
150,2,15,angular_libration,9.207265262501224e-05
151,2,15,dna_demethylation_lead_process,8.761415630396535e-05
152,2,15,cl_ion_displacement,8.453088845897034e-05
153,2,15,cyclohexanedicarboxylic_acid,8.451586389817823e-05
154,2,15,anthracene_know_photodimer,8.41168285936654e-05
155,2,15,soak_dak_structure,8.401317128011867e-05
156,2,15,type_order_variant,8.329399754494102e-05
157,2,15,c_c_torsion_angle,8.31559269290989e-05
158,2,15,long_term,8.309301490853396e-05
159,2,15,carbozole_system,8.282063298977832e-05
160,2,16,backbone_torsion_angle,9.049218435090196e-05
161,2,16,ibm_system,8.389545281564957e-05
162,2,16,translation_relate_hydrogen_bond,8.365554216166222e-05
163,2,16,domain_size,8.30047549448598e-05
164,2,16,centrosymmetric_binuclear_complex,8.29468259299521e-05
165,2,16,important_equine_pathogen,8.293934673437124e-05
166,2,16,virulence_link_dsb_catalyst,8.249923280551251e-05
167,2,16,dicalcium_silicate,8.217729757802062e-05
168,2,16,classical_cubic_silicon_structure,8.20661257083115e-05
169,2,16,axis_parallel_ribbon,8.203776045272678e-05
170,2,17,ligand_ring,8.66562847136113e-05
171,2,17,soil_bacterium,8.427819791531636e-05
172,2,17,know_flexibility,8.346120806237486e-05
173,2,17,piperazine_ring,8.30481119554104e-05
174,2,17,ammonium_ion,8.256922219108885e-05
175,2,17,different_proportion,8.249050282366635e-05
176,2,17,pyramidal_configuration,8.238536849399528e-05
177,2,17,isobutyl_substituent,8.202375126923432e-05
178,2,17,strong_linear_hydrogen_bond,8.18600109669289e-05
179,2,17,signal_regulate_kinase,8.17520424181199e-05
180,2,18,delivery_nozzle,8.612609002188613e-05
181,2,18,significant_improvement,8.510366119714092e-05
182,2,18,rna_process_factor,8.418943444711482e-05
183,2,18,scatter_method,8.416345259483235e-05
184,2,18,mir_datum,8.410637941948232e-05
185,2,18,symmetrical_case,8.362706204832609e-05
186,2,18,thermal_slope,8.345372539638122e-05
187,2,18,methylene_h,8.341149189736701e-05
188,2,18,silicon_single_crystal_wafer,8.338563663076112e-05
189,2,18,mu_be_form,8.284355398154886e-05
190,2,19,benedetti_fagherazzi_enzo_paper,8.745595063745646e-05
191,2,19,mutant_strain,8.634325935797756e-05
192,2,19,crystal_equilibrium,8.59116369428698e-05
193,2,19,angular_range,8.572789072098968e-05
194,2,19,functional_disparity,8.461375533479662e-05
195,2,19,family_distant_member,8.429612472171065e-05
196,2,19,infinite_zigzag,8.428299116479937e-05
197,2,19,pseudoxanthomonas_mexicana,8.412855313220285e-05
198,2,19,hydrazine_hydrate_hydrocinnamaldehyde_reaction,8.265886672858251e-05
199,2,19,structural_analysis,8.223564151689436e-05
200,2,20,material_layer_order_region,8.784859890311298e-05
201,2,20,crystallization_growth,8.46910540600071e-05
202,2,20,normal_single_bond,8.357096261194526e-05
203,2,20,san_technique,8.354608032233529e-05
204,2,20,transmembrane_protein,8.319239870482304e-05
205,2,20,phase_derivation,8.316131310161633e-05
206,2,20,acceptor_property,8.278415653126325e-05
207,2,20,l_ligand_carboxylate_group,8.258048041215435e-05
208,2,20,methanol_thiocarbonohydrazide_triazole_molecule,8.238057021935091e-05
209,2,20,dap_bii_pseudoxanthomonas_mexicana,8.237546906744868e-05
210,2,21,inositol_hydrolysis_catalyze_enzyme,9.176645592991695e-05
211,2,21,flagellar_assembly,8.604188700588965e-05
212,2,21,metal_ion_interaction_sequence,8.499725070059982e-05
213,2,21,great_quantity,8.445942795215181e-05
214,2,21,build_fragment,8.362288417742436e-05
215,2,21,ligation_require_similar_shape,8.343074428437089e-05
216,2,21,tube_count_rate,8.274276587753613e-05
217,2,21,ultra_high_resolution_image,8.26497503816788e-05
218,2,21,octahedral_manner,8.176982470290846e-05
219,2,21,structure_type_structural_fragment,8.169196204777143e-05
220,2,22,valence_angle,8.874573253365458e-05
221,2,22,li_mmm_symmetry_site,8.661545248806326e-05
222,2,22,heterocyclic_ring_component_atom,8.618508249750881e-05
223,2,22,dimensional_net_topological_density,8.522092316919399e-05
224,2,22,adduct_find_distance,8.430237992998598e-05
225,2,22,hepatitis_virus,8.429321007345688e-05
226,2,22,biochemical_structural_analysis_basis,8.424279567128179e-05
227,2,22,intergranular_dislocation_structure,8.360926566997692e-05
228,2,22,individual_atom_modulation,8.331909849103715e-05
229,2,22,group_nitrate_ethylenediamine,8.302483067914332e-05
230,2,23,hydroxyphenyl_ring,9.1631103047835e-05
231,2,23,dioxane_molecule,8.458340752836877e-05
232,2,23,time_crystal,8.414910093522643e-05
233,2,23,synchrotron_datum,8.402788364273785e-05
234,2,23,new_approach,8.362004046205469e-05
235,2,23,superfamily_inositol_monophosphatase,8.359881611014423e-05
236,2,23,minus_middot_asymmetric_unit,8.350082656701521e-05
237,2,23,refinement_strategy,8.309253190656848e-05
238,2,23,numerical_examination,8.286014550091756e-05
239,2,23,independent_chain,8.253020861114526e-05
240,2,24,vector_representative_new_method,8.99256703981008e-05
241,2,24,individual_atom_modulation,8.619968938629056e-05
242,2,24,background_scatter,8.554943748670984e-05
243,2,24,distort_octahedral_geometry_ligand,8.55216933203592e-05
244,2,24,compute_scheme,8.518677045052244e-05
245,2,24,gt_correctly_determine,8.482278830002753e-05
246,2,24,fresnel_diffraction,8.466528629050731e-05
247,2,24,sample_crystal,8.385742907337356e-05
248,2,24,bone_tissue_change,8.384567246826936e-05
249,2,24,structure_transformation,8.368911850277974e-05
250,2,25,locally_break_symmetry_state,8.468861235753775e-05
251,2,25,rhombohedral_space_group,8.337998455453834e-05
252,2,25,complete_model,8.266059937359786e-05
253,2,25,photoluminescence_property,8.222277756173788e-05
254,2,25,asymmetric_unit_decameric_ring,8.208364463477669e-05
255,2,25,tetradentate_ligand,8.163364825175518e-05
256,2,25,square_grid,8.146540235098576e-05
257,2,25,multiple_isomorphous_replacement_method,8.08656644772784e-05
258,2,25,environment_problem,8.084214398347603e-05
259,2,25,backscatter_position,8.042075351560196e-05
260,2,26,transcriptional_factor,8.895831506108785e-05
261,2,26,in_asymmetric_unit_molecule,8.693334722451829e-05
262,2,26,classical_protein_tyrosine,8.571346660622544e-05
263,2,26,layer_motif,8.553183342673333e-05
264,2,26,neutron_advantage,8.493848525092906e-05
265,2,26,symmetry_role,8.46845341945631e-05
266,2,26,native_counterpart_isomorphous_crystal,8.31188947570498e-05
267,2,26,magnesium_ion,8.289297733211748e-05
268,2,26,cobaltocenium_cation,8.263389106872164e-05
269,2,26,benzene_ring_system_acridine,8.261969854643019e-05
270,2,27,tetrahedral_distortion,8.92218886762823e-05
271,2,27,cl_sequence,8.893189014533044e-05
272,2,27,pressure_induce_twin,8.695383252227297e-05
273,2,27,strong_increase,8.482872587867356e-05
274,2,27,pyridyl_ring_phenyl_ring,8.395461181306412e-05
275,2,27,alkaline_phosphatase,8.345813240090866e-05
276,2,27,call_pole_figure,8.342333397742736e-05
277,2,27,single_room_temperature,8.319176919734979e-05
278,2,27,near_spherical_mask,8.283635672448948e-05
279,2,27,fiber_identity,8.163992904328059e-05
280,2,28,spiral_paracrystal,8.527373068862947e-05
281,2,28,anisotropic_displacement_parameter,8.514485931299614e-05
282,2,28,monolithic_double_crystal_measurement,8.447429354791016e-05
283,2,28,deep_insight,8.357522309565227e-05
284,2,28,diphosphate_substrate,8.337011475219494e-05
285,2,28,c_repeat_atom,8.284553997768401e-05
286,2,28,b_n_bond,8.279968396820039e-05
287,2,28,macrocyclic_ring,8.264213522617555e-05
288,2,28,crystal_position,8.25068345733914e-05
289,2,28,benzopyranone_ring_deg,8.209645099289976e-05
290,2,29,pedt_ttf_molecule,8.555802777507396e-05
291,2,29,benzimidazolyl_group,8.488405416077262e-05
292,2,29,aqueous_solution,8.470682165129176e-05
293,2,29,cl_ion,8.452358198060823e-05
294,2,29,iucr_unesco_openlab,8.380374689657933e-05
295,2,29,metal_organic_framework_construction,8.269874193668757e-05
296,2,29,protein_function,8.22522196006567e-05
297,2,29,dicupric_monooxalate_lactoferrin,8.183655687734e-05
298,2,29,extinction_correction,8.168090186795467e-05
299,2,29,haloacid_dehalogenase,8.134182144070297e-05
0,3,0,sulfonamide_porphyrin,8.617523731578885e-05
1,3,0,translate_ribosome,8.046083868160981e-05
2,3,0,thioxothiazolidine_ring,8.040576583638037e-05
3,3,0,relate_different_polymorph,7.95912626496326e-05
4,3,0,pale_brown_water,7.92119999556194e-05
5,3,0,unit_cell_parameter_function,7.866653664500724e-05
6,3,0,lipid_enclose_transport_vesicle,7.792442265391871e-05
7,3,0,normal_bond,7.75493473786154e-05
8,3,0,neutral_zwitterionic_molecule,7.735881259914764e-05
9,3,0,n_terminal_disorder_portion,7.727923157022434e-05
10,3,1,mass_fractal,8.262411510612225e-05
11,3,1,x_ray_source,8.12413046517345e-05
12,3,1,small_collimator,7.996930554483666e-05
13,3,1,theoretical_inversion,7.917968550533157e-05
14,3,1,helical_line,7.869726501255745e-05
15,3,1,ether_cavity,7.820695017113012e-05
16,3,1,likelihood_function,7.798384176146679e-05
17,3,1,single_particle,7.785793824968032e-05
18,3,1,ethanediamine_molecule,7.777247665226417e-05
19,3,1,specific_radiation_damage_indication,7.71927642650693e-05
20,3,2,n_methylpropionamide_group_end,8.086761796462001e-05
21,3,2,typical_loop_mount,7.978510094161482e-05
22,3,2,easily_computable_volume_interaction,7.975848583285045e-05
23,3,2,fourier_chart,7.90884155552786e-05
24,3,2,x_ray_structure_analysis,7.824934316112253e-05
25,3,2,sulfadiazine_s_atom,7.817232995130251e-05
26,3,2,nitrooxy_group,7.797460697115347e-05
27,3,2,homogeneity_step,7.794998464030784e-05
28,3,2,high_symmetry_grind_state,7.790819758584806e-05
29,3,2,different_amount,7.777471523737637e-05
0,4,0,direct_tool,7.353706407696929e-05
1,4,0,polyhedron_dimensional_network,7.352321695033857e-05
2,4,0,melt_texture_growth_process,7.325072084262586e-05
3,4,0,stack_fault_crystal_surface,7.288247528012646e-05
4,4,0,neighbour_layer,7.261504880239651e-05
5,4,0,ai_sic_interface,7.240726516991383e-05
6,4,0,ferredoxin_oxidoreductase,7.230254429660991e-05
7,4,0,in_middot_niii_ion,7.193784175318883e-05
8,4,0,ibm_fortran_iv,7.186835788534837e-05
9,4,0,one_triazine_molecule,7.171322039297275e-05
