,run,topic,terms,p
ion,8.591083469087612e-05
1,1,0,d_dip,8.581373127627808e-05
2,1,0,protein_limit_trypsin_digestion,8.526242367527482e-05
3,1,0,enzyme_dehydroshikimate_dehydratase,8.472245501019863e-05
4,1,0,cysteine_rich_protein,8.323172612898566e-05
5,1,0,complex_sample_element_speciation,8.312072095511487e-05
6,1,0,atom_n,8.309678572516893e-05
7,1,0,alcohol_molecule_eno_molecule,8.269086462018148e-05
8,1,0,aring_o_distance,8.246639485568163e-05
9,1,0,certain_elemental_type,8.242496249841125e-05
10,1,1,aring_structure,8.632439039707935e-05
11,1,1,irregular_ladder_dimensional_column,8.487655986272037e-05
12,1,1,protein_crystallography,8.395939064402785e-05
13,1,1,carboxy_terminal_subdomain,8.393415699091366e-05
14,1,1,periodic_atomic_focuser,8.25115108162278e-05
15,1,1,graphical_program,8.23570941697413e-05
16,1,1,distortion_magnitude_sigmoidal_dependence,8.230047418321236e-05
17,1,1,substrate_acetyltransferase_specificity,8.202195758891209e-05
18,1,1,instrument_design_detail,8.193992174860221e-05
19,1,1,molecular_field,8.191154480075766e-05
20,1,2,numerical_determination,8.44758624681985e-05
21,1,2,alkaline_cellulase,8.280154413765916e-05
22,1,2,bin_empirical_fit_function,8.233671218885419e-05
23,1,2,human_prostate,8.225600715535505e-05
24,1,2,high_similarity,8.214440813380262e-05
25,1,2,material_edp,8.207987334133362e-05
26,1,2,crystallographically_unique_atom,8.200515031840678e-05
27,1,2,component_specie,8.19398579117376e-05
28,1,2,broad_spectrum,8.189231374688413e-05
29,1,2,noncrystallographic_symmetry,8.161889130787252e-05
30,1,3,cytosine_base_atom,8.73662136440411e-05
31,1,3,rmd_diffractometer,8.718136607371269e-05
32,1,3,atomic_scatter_factor,8.412354202222973e-05
33,1,3,high_order,8.384795945918154e-05
34,1,3,primary_ammonium_salt,8.33164767115743e-05
35,1,3,ring_atom,8.242620442310403e-05
36,1,3,protein_model_build,8.215031462112103e-05
37,1,3,acceptor_atom,8.146119096751209e-05
38,1,3,complex_salt_hydrate,8.145260966336445e-05
39,1,3,bulk_sample,8.091400792227e-05
40,1,4,crystallization_state,8.975470500231717e-05
41,1,4,average_procedure,8.721932346020757e-05
42,1,4,short_long_c,8.437934865547206e-05
43,1,4,structure_analysis,8.423921037907538e-05
44,1,4,initial_crystallization_experiment,8.413583591503674e-05
45,1,4,cbed_disc,8.333287884765227e-05
46,1,4,tail_bacteriophage,8.289471486963039e-05
47,1,4,hmtpo_neutral_molecule,8.235045812486049e-05
48,1,4,aui_atom_geometry,8.232018248658964e-05
49,1,4,relatively_fast_measurement,8.223509631659203e-05
50,1,5,possible_medical_application,8.495021702320707e-05
51,1,5,periodic_dimensional_net,8.467827632227565e-05
52,1,5,hodgson_amp,8.431202095801534e-05
53,1,5,thallium_atom,8.42085360091667e-05
54,1,5,hexagonal_symmetry,8.408216922744176e-05
55,1,5,water_molecule_rearrangement,8.367383023293223e-05
56,1,5,peptidoglycan_recognition,8.330190366086839e-05
57,1,5,thiourea_unit,8.302411871267176e-05
58,1,5,give_configuration_cluster_type,8.290071199610894e-05
59,1,5,transmission_laue_case,8.285349262105907e-05
60,1,6,nucleophilic_serine,8.967882502973171e-05
61,1,6,bromide_water_anion,8.481840021318231e-05
62,1,6,site_symmetry_feii_ion,8.475970867882231e-05
63,1,6,numerical_analytic_solution,8.465944258907558e-05
64,1,6,x_p,8.431077087191899e-05
65,1,6,n_double_bond,8.413792126437093e-05
66,1,6,package_initiation,8.358730288405411e-05
67,1,6,protein_synthesis_initiation,8.297921627241886e-05
68,1,6,relative_energy,8.282277763635777e-05
69,1,6,distinct_domain,8.232335169838248e-05
70,1,7,composition_meoh_solvate,8.833956015552899e-05
71,1,7,energy_dispersive_detector,8.369221711572535e-05
72,1,7,coordinate_benzotriazole_ring_ring,8.276119014805486e-05
73,1,7,hydration_dehydration,8.264269480393972e-05
74,1,7,flexible_beta_hinge_region,8.232647033241745e-05
75,1,7,quinone_pqq_cofactor_ring,8.208312867886503e-05
76,1,7,non_ionic_keto_form,8.189319800228885e-05
77,1,7,cui_cuprophilic_interaction,8.187980454090383e-05
78,1,7,bacterial_speceis,8.169272558914282e-05
79,1,7,formic_hydrazide_unit,8.151862675294628e-05
80,1,8,normal_single_bond,9.053311314331131e-05
81,1,8,arteritis_virus,8.862891810539041e-05
82,1,8,decision_declaration,8.450236318952244e-05
83,1,8,entrance_boundary_condition,8.360299449549083e-05
84,1,8,nucleophile_base,8.257049280615542e-05
85,1,8,usans_measurement_pressure_temperature,8.22239238562507e-05
86,1,8,coat_thickness,8.207367350402103e-05
87,1,8,axis_position,8.132150669141834e-05
88,1,8,dimensional_position_sensitive_detector,8.111167061135291e-05
89,1,8,pale_brown_dihydrate_crystal,8.099203214134524e-05
90,1,9,c_n,8.85515465014255e-05
91,1,9,chair_conformation,8.60948524485965e-05
92,1,9,ion_numb,8.496366542984143e-05
93,1,9,proton_transfer_hydrate,8.444222666019577e-05
94,1,9,image_correlation,8.394749490564603e-05
95,1,9,monolithic_double_crystal_measurement,8.381852954997668e-05
96,1,9,technology_technique,8.374665845286545e-05
97,1,9,discard_experimental_datum,8.369765368722645e-05
98,1,9,sing_usual_pendell_ouml,8.33200320378851e-05
99,1,9,phase_transition_chemical_reaction,8.220145820721668e-05
100,1,10,high_pressure_crystal_structure,8.886849492152983e-05
101,1,10,symmetry_relate_group,8.876033521029466e-05
102,1,10,substitution_feature_diazaborinane,8.69814862594907e-05
103,1,10,coordination_mode,8.529500059774928e-05
104,1,10,pair_chloride_bridge,8.428954863585863e-05
105,1,10,chair_conformation,8.417200724449585e-05
106,1,10,o_amine_perchlorate,8.385832973310206e-05
107,1,10,additional_groove,8.37523137290815e-05
108,1,10,complementary_characterization_technique_combination,8.347536328065873e-05
109,1,10,sm_crystal,8.33658163475471e-05
110,1,11,disorder_aromatic_ring,9.228776794934442e-05
111,1,11,coordinate_sn_atom,8.620604211649732e-05
112,1,11,pdii_atom,8.585934289420686e-05
113,1,11,dinuclear_species,8.475039907492077e-05
114,1,11,dirac_slater_scatter_curve,8.428942581242713e-05
115,1,11,membrane_localization,8.262029312442862e-05
116,1,11,hydrogen_bond_infinite_chain,8.25810142724215e-05
117,1,11,state_equilibrium,8.25351310738402e-05
118,1,11,pizza_box,8.206531242256635e-05
119,1,11,heavy_atom_cluster,8.198091574423481e-05
120,1,12,terminal_n_atom,8.445411212140029e-05
121,1,12,set_bis_complex,8.350675338954577e-05
122,1,12,kinase_family,8.347808374801323e-05
123,1,12,strong_mandate,8.296854941863497e-05
124,1,12,initial_map_feature,8.254341970215911e-05
125,1,12,inversion_centre_pair,8.253925317220431e-05
126,1,12,oxonium_cation,8.059220871137666e-05
127,1,12,azide_group,8.047384159297403e-05
128,1,12,sulfite_reductase,8.031285149096633e-05
129,1,12,all_central_ring_substituent,8.026692193566843e-05
130,1,13,valuable_information,8.786545615741823e-05
131,1,13,temperature_dependent_competition,8.710181904525914e-05
132,1,13,mycelium_formation,8.585725484711414e-05
133,1,13,dialkylammonium_thiosulfate,8.515880677017698e-05
134,1,13,single_crystal_tellurium,8.393310833672198e-05
135,1,13,biomedical_structure,8.363345622835677e-05
136,1,13,aetiologic_agent,8.360198194576109e-05
137,1,13,high_angle_reflection,8.243115243439315e-05
138,1,13,bragg_brentano_geometry,8.157582910913324e-05
139,1,13,fix_type,8.149312716148708e-05
140,1,14,valine_chain,8.5591725686916e-05
141,1,14,parallel_run_zigzag_chain,8.551181963389786e-05
142,1,14,novel_aspect,8.379867180522113e-05
143,1,14,tls_parameter,8.351157840481902e-05
144,1,14,two_l_ligand,8.328622040827144e-05
145,1,14,short_intermolecular_c,8.273428982360717e-05
146,1,14,femtosecond_nanocrystallography_experiment,8.25661116710429e-05
147,1,14,microfocused_x_ray_beam,8.174057019810484e-05
148,1,14,prefer_orientation_correction_function,8.156058983210458e-05
149,1,14,type_transition,8.142416668913794e-05
150,1,15,curve_different_type,8.518341658772199e-05
151,1,15,uniform_nanomagnetic_grain,8.381615476353194e-05
152,1,15,protein_hydrophobic_region,8.356071297617668e-05
153,1,15,central_c_c_respect,8.324321972071808e-05
154,1,15,silicon_nitride_nanocrystalline_powder,8.302007555537449e-05
155,1,15,acetyltransferase_specificity,8.262818340639269e-05
156,1,15,integrate_intensity,8.216560774234802e-05
157,1,15,intramolecular_intermolecular_o_h,8.199326094988067e-05
158,1,15,single_wavelength_anomalous_scatter,8.196624889874427e-05
159,1,15,plane_anniversary,8.193770962360947e-05
160,1,16,natural_product,8.72218471771365e-05
161,1,16,bromopentoxy_chain,8.670093145324673e-05
162,1,16,translation_edit,8.651489598202328e-05
163,1,16,structure_density_modulation,8.62515440300976e-05
164,1,16,short_intramolecular_c_h,8.484464482086278e-05
165,1,16,nitrogen_donor,8.359716404184413e-05
166,1,16,otbu_glycine,8.324160192270975e-05
167,1,16,complementary_characterization_technique_combination,8.24323109395855e-05
168,1,16,inherent_hurdle,8.240552089151057e-05
169,1,16,rotate_phenylene_ring_deg,8.228374701416735e-05
170,1,17,opposite_side,8.869591595968025e-05
171,1,17,middot_yellow_crystal,8.49946941385118e-05
172,1,17,mu_tetrahedral_environment_group,8.339665719747663e-05
173,1,17,n_dimethylaminoethanol_n_ligand,8.319956379789388e-05
174,1,17,strike_feature,8.297954235106811e-05
175,1,17,na_atom,8.285604781791668e-05
176,1,17,wilson_plot,8.259441458673631e-05
177,1,17,bone_sample,8.256298609063211e-05
178,1,17,mammalian_cyclooxygenase_enzyme,8.222359776567484e-05
179,1,17,benzene_ring_pyridine,8.198652092287669e-05
180,1,18,different_cleavage_site,8.586686036953447e-05
181,1,18,chloride_anion_cation,8.566664657070468e-05
182,1,18,bond_distance_deviation,8.437254873277363e-05
183,1,18,homology_model_study,8.430003736739817e-05
184,1,18,nitrogen_boron_heterocycle,8.397114034965041e-05
185,1,18,pyridinium_oxide,8.362375831104319e-05
186,1,18,small_angle_scatter_intensity,8.273050714144878e-05
187,1,18,dimensional_layer_structure,8.251506954809202e-05
188,1,18,accordingly_significant_difference_bi,8.241612958508682e-05
189,1,18,phenolate_o,8.195866884211817e-05
190,1,19,promise_condition,8.60668073684389e-05
191,1,19,comparable_arrangement,8.545166333066251e-05
192,1,19,anomalous_scatter_correction,8.389004538162711e-05
193,1,19,catechol_ligand,8.383783585147715e-05
194,1,19,general_formula_family,8.362411809321751e-05
195,1,19,hydrothermal_method_synthesize,8.342343234223794e-05
196,1,19,infinite_dimensional_network,8.29279572609077e-05
197,1,19,degradative_pathway,8.292769050343985e-05
198,1,19,anhydrous_hemihydrate_paroxetine_arrangement,8.255071659876953e-05
199,1,19,peak_angle,8.241586405722154e-05
200,1,20,trans_conformation,8.970920270458434e-05
201,1,20,intramolecular_dimension,8.534184154254035e-05
202,1,20,photon_energy_range,8.531964416091192e-05
203,1,20,different_cleavage_site,8.449098828387866e-05
204,1,20,manganese_hexathiodiphosphate,8.401621759384364e-05
205,1,20,relaxation_static_calculation,8.330131931727228e-05
206,1,20,aiip_peak_intensity,8.306087868221494e-05
207,1,20,polycrystalline_speciman,8.254164156934041e-05
208,1,20,solvent_content_datum,8.238606830263642e-05
209,1,20,approximate_measurement,8.154356406995494e-05
210,1,21,intermolecular_o_h,8.799328802163995e-05
211,1,21,slip_band_head,8.745228563708713e-05
212,1,21,moir_eacute_pattern,8.742306146298151e-05
213,1,21,symmetrical_parent,8.614523971112359e-05
214,1,21,dimer_formation,8.436349704623661e-05
215,1,21,real_structure_configuration,8.373725231495585e-05
216,1,21,bromobenzene_unit_chlorobenzene,8.373426927275032e-05
217,1,21,bromide_ion,8.344151815981076e-05
218,1,21,donor_set,8.307006147441902e-05
219,1,21,phase_purpose_poor_indicator,8.289834937525332e-05
220,1,22,nmr_time_scale,8.692997080291067e-05
221,1,22,dichloride_dizinc_selenium,8.605703703746678e-05
222,1,22,scatter_radiation,8.593694519662142e-05
223,1,22,incident_wave_effective_width,8.421232826531075e-05
224,1,22,spek_platon_squeeze_procedure,8.3088736682988e-05
225,1,22,minor_groove,8.296727482927504e-05
226,1,22,macromolecular_crystallography_beamline,8.275282840614644e-05
227,1,22,crystal_zwitterionic_form,8.271485041199925e-05
228,1,22,bacterium_periplasm,8.256028689595843e-05
229,1,22,benzoxazole_ring,8.227096180265119e-05
230,1,23,bear_approximation,8.513472953278114e-05
231,1,23,phase_angle_set,8.446458947590736e-05
232,1,23,corona_model_parameter,8.326310113474512e-05
233,1,23,shape_determine_peptidoglycan_hydrolase,8.310475037172578e-05
234,1,23,acesulfame_metal_complex,8.294546895250907e-05
235,1,23,complex_molecule,8.234994808386388e-05
236,1,23,small_molecule_case,8.191039144119621e-05
237,1,23,common_use,8.159507925773732e-05
238,1,23,time_time,8.156987330050051e-05
239,1,23,precursor_peptide,8.144832739967649e-05
240,1,24,unexpected_product,8.864286156464994e-05
241,1,24,order_region,8.700842432606372e-05
242,1,24,beta_chair,8.470111034728662e-05
243,1,24,physiological_condition,8.425361966941099e-05
244,1,24,conjugation_system,8.420361396560613e-05
245,1,24,non_negligible_amorphous_phase,8.390241678831225e-05
246,1,24,clock_oscillator,8.31051377091527e-05
247,1,24,group_correspond_scheme_group,8.224710334025698e-05
248,1,24,molecule_exhibit_axial_chirality,8.180416727968807e-05
249,1,24,rubbery_material,8.174010748717529e-05
250,1,25,molecular_structure_similar,8.572785723300293e-05
251,1,25,obtain_pattern_improve_ratio,8.548611536066384e-05
252,1,25,crystallization_state,8.50240152994699e-05
253,1,25,molecule_half,8.495558985168601e-05
254,1,25,numeric_differentiation,8.425179532598778e-05
255,1,25,issue_resolve_order,8.417550503430637e-05
256,1,25,diffraction_spot,8.39869741130064e-05
257,1,25,thermophilic_bacterium,8.341175475762118e-05
258,1,25,protein_structural_characterization,8.258536660575264e-05
259,1,25,ligand_dppm,8.232702481760428e-05
260,1,26,cation_group_h_atom,9.10797403486437e-05
261,1,26,number_standard_cyclophane,8.932917137351886e-05
262,1,26,p_tolyl_ring_deg,8.867415553624908e-05
263,1,26,tetragonal_form,8.598156390400044e-05
264,1,26,pyrrolidine_ring,8.591866113357818e-05
265,1,26,fit_atom,8.541539532036944e-05
266,1,26,obtain_result,8.485839143026616e-05
267,1,26,cocaine_methiodide,8.47253265398737e-05
268,1,26,molecular_mechanism,8.468936236899675e-05
269,1,26,stoichiometric_case,8.440669378778295e-05
270,1,27,lib_material,9.011315913280914e-05
271,1,27,disease_recurrence,8.84149522480991e-05
272,1,27,mechanical_behaviour,8.639586118408711e-05
273,1,27,essentially_planar_pyrimidine_ring,8.562833221740014e-05
274,1,27,crystallography_beamline,8.520572154172225e-05
275,1,27,erk_protein_constitutive_activation,8.496586465329448e-05
276,1,27,result_phasis,8.470092162816548e-05
277,1,27,mhz_resonant_frequency,8.377448613140815e-05
278,1,27,si_ge_atom,8.328298291121503e-05
279,1,27,active_site,8.270721860184295e-05
280,1,28,hps_crystal_dissolution,8.707709202626917e-05
281,1,28,dihydropyrimidine_ring,8.642169826351327e-05
282,1,28,antiprotozoal_drug,8.589696107152787e-05
283,1,28,bind_hole,8.555143860468485e-05
284,1,28,round_robin,8.386462941749421e-05
285,1,28,datum_frame,8.35492943253589e-05
286,1,28,recognition_loop,8.320000480620635e-05
287,1,28,yiii_atom,8.318896120961515e-05
288,1,28,nbsp_nbsp,8.309651557473527e-05
289,1,28,planar_fuse_ring_system,8.29657346041665e-05
290,1,29,strong_n_h,8.958752225209982e-05
291,1,29,dutp_pyrophosphatase,8.804105825698316e-05
292,1,29,specific_way,8.616184243824342e-05
293,1,29,trigonal_prismatic_geometry,8.538371997497349e-05
294,1,29,asymmetric_unit_tetramer,8.517105821719376e-05
295,1,29,n_terminus,8.361102691459696e-05
296,1,29,typical_saxs_sans_experiment,8.360797385014244e-05
297,1,29,high_temperature_high_pressure,8.353210078372305e-05
298,1,29,non_classical_hydrogen_bond,8.348124344646086e-05
299,1,29,position_dependent,8.234793236669615e-05
300,1,30,sulfate_anion_melaminium_cation,8.650527916542939e-05
301,1,30,diffraction_signal,8.552351663659905e-05
302,1,30,cui_atom,8.523387290210879e-05
303,1,30,holz_line,8.504246336303286e-05
304,1,30,bulk_solvent_model_parameter,8.466520391425376e-05
305,1,30,cl_ion_displacement,8.36784051649766e-05
306,1,30,covalent_dimensional_network,8.279585597555847e-05
307,1,30,luminescent_property,8.266061748551081e-05
308,1,30,cubic_crystal_form,8.211067744761627e-05
309,1,30,cytidine_analogue,8.203137175147496e-05
310,1,31,heterocyclic_ring_respect,8.527574589012222e-05
311,1,31,careful_inspection,8.447224374382885e-05
312,1,31,f_protein,8.44594940762133e-05
313,1,31,methylene_h_atom,8.4399562495773e-05
314,1,31,bromopentoxy_chain,8.290526695734567e-05
315,1,31,significant_conformational_change,8.290341044022696e-05
316,1,31,primary_function,8.151921806241268e-05
317,1,31,oxidation_state,8.140032985993917e-05
318,1,31,cmcm_structure,8.109925700537108e-05
319,1,31,accoustical_mode,8.10285821143422e-05
320,1,32,smectic_phase_tbba_sample,8.62402552022304e-05
321,1,32,image_plate_base_detector,8.623491629261698e-05
322,1,32,confusion_goniometer_sphere,8.538731704003865e-05
323,1,32,cation_anion,8.536543773855786e-05
324,1,32,fourier_transformation_sample_theorem,8.44559310411359e-05
325,1,32,plane_parallel,8.400375185701838e-05
326,1,32,damage_strain_profile,8.375138019057178e-05
327,1,32,middot_anion_te_atom,8.347091779896676e-05
328,1,32,phase_calculation,8.25282187613052e-05
329,1,32,aromatic_pi_pi,8.229415537300864e-05
330,1,33,common_pathway,8.683052576590157e-05
331,1,33,attractive_candidate,8.435952942352715e-05
332,1,33,hydrothermal_condition,8.406423925351254e-05
333,1,33,micro_be_crystal,8.32664099587762e-05
334,1,33,severe_mill,8.321258377344342e-05
335,1,33,datum_analysis_graphic,8.298350077623262e-05
336,1,33,intramolecular_o_h,8.266709278105573e-05
337,1,33,square_planar_geometry,8.25825517648585e-05
338,1,33,imine_n,8.240749370114033e-05
339,1,33,human_stomach_gastric_mucosa,8.199139646413967e-05
340,1,34,use_extend_record,8.738834547192632e-05
341,1,34,thorand_amp,8.397277008457974e-05
342,1,34,serine_protease_enzymatic_activity,8.393613770644643e-05
343,1,34,space_group_condition,8.315133827342613e-05
344,1,34,sustainability_scientific_enterprise_innovation,8.30083776305496e-05
345,1,34,squarate_anion_o_atom,8.247742231564975e-05
346,1,34,azomethine_n_atom,8.242072642802644e-05
347,1,34,alpha_beta_alpha_fold,8.22184538884663e-05
348,1,34,insufficient_extinction_correction,8.211641344233794e-05
349,1,34,current_program,8.171609444526838e-05
350,1,35,crystallographic_inversion_center_motif,8.84612277714513e-05
351,1,35,structural_knowledge,8.789705505783682e-05
352,1,35,two_family,8.560566058081129e-05
353,1,35,chloride_rhodium_complex,8.46313265598909e-05
354,1,35,chelate_sulfate_ligand,8.453925393290435e-05
355,1,35,usual_chair_conformation,8.365005585054996e-05
356,1,35,refine_occupancy_ratio,8.295529820560212e-05
357,1,35,molecular_crystal_polymorphism,8.284212985219554e-05
358,1,35,intergranular_dislocation_structure,8.231951971368968e-05
359,1,35,d_phase,8.203264829772359e-05
360,1,36,material_chemistry_science,8.572690366348707e-05
361,1,36,silver_tetraniobium,8.532571175544834e-05
362,1,36,iron_anomalous_scatter_correction,8.377571698056967e-05
363,1,36,tripodal_conformation,8.34100534354881e-05
364,1,36,deg_theta_b,8.245323046175053e-05
365,1,36,isoquinoline_ring_system,8.186203914738035e-05
366,1,36,sodium_sulfate_solution,8.182702196889831e-05
367,1,36,kappa_acesulfame_metal_complex,8.170878163215616e-05
368,1,36,radiation_power_density,8.130068660391027e-05
369,1,36,in_cuii_centre,8.113077861538906e-05
370,1,37,open_phenomenon_problem,9.056124891424451e-05
371,1,37,intermolecular_hydrogen_bond,8.857949415751155e-05
372,1,37,o_prime_kappa,8.545520658390405e-05
373,1,37,alkaliphilic_bacillus_sp,8.522869425867161e-05
374,1,37,conical_scroll_structure_identification,8.521556869109948e-05
375,1,37,centrosymmetric_pair_compose_layer,8.458753645595012e-05
376,1,37,laser_granulometry,8.402194142418497e-05
377,1,37,storage_system_realization,8.393978610282384e-05
378,1,37,carboline_synthesis,8.362910979573644e-05
379,1,37,sub_pixel_characterization,8.330205301009444e-05
380,1,38,dimeric_tim_insertion,8.870769913665947e-05
381,1,38,free_diffraction,8.727632145655594e-05
382,1,38,electronically_similar_element,8.707171424500383e-05
383,1,38,o_c_p_h,8.593234343816181e-05
384,1,38,zone_reflexion,8.492696459677365e-05
385,1,38,s_hydrogen,8.431098113060077e-05
386,1,38,serratia_marcescen,8.411131261934185e-05
387,1,38,dimeric_cluster,8.375333108184065e-05
388,1,38,zeta_dimeric_state,8.365587332472792e-05
389,1,38,p_aminobenzoylhydrazone,8.3453648531139e-05
390,1,39,atom_vicinity,8.543801650848322e-05
391,1,39,mo_k_wavelength,8.543510367892894e-05
392,1,39,dna_bind_protein,8.474005766789882e-05
393,1,39,large_initial_misalignment,8.36888426562408e-05
394,1,39,ligand_bridge_o_atom,8.333853199940572e-05
395,1,39,multiprocessor_ibm_system,8.332351048784273e-05
396,1,39,bipyramidal_configuration,8.323723882944957e-05
397,1,39,thf_hexane,8.273332684844826e-05
398,1,39,owater_o_h,8.236613349424153e-05
399,1,39,zwitterionic_tautomer_crystallize,8.235974616775111e-05
400,1,40,possible_electrode_material,8.490704383385555e-05
401,1,40,evaluation_synthesis_design,8.295832507274601e-05
402,1,40,rapidly_grow_application,8.273377330948894e-05
403,1,40,squarate_anion_o_atom,8.250769478880657e-05
404,1,40,coordination_complex,8.234367672621987e-05
405,1,40,flagellar_assembly,8.193486385634655e-05
406,1,40,sheet_s_hydrogen_bond,8.18228489839167e-05
407,1,40,deg_sn_c_c,8.166948276566232e-05
408,1,40,thin_metal_foil,8.142805972493525e-05
409,1,40,phenyl_hydroxyphenyl,8.125294159297143e-05
410,1,41,tetragonal_lysozyme_crystal,8.521302696685376e-05
411,1,41,multiple_equidistant_split,8.514012265408974e-05
412,1,41,coordination_mode,8.47894109598593e-05
413,1,41,screen_condition,8.436461491687322e-05
414,1,41,hinge_domain,8.427720589418439e-05
415,1,41,protonated_n_atom,8.384332840989802e-05
416,1,41,f_c_h,8.347110413260564e-05
417,1,41,chair_conformation_cyclohexane_ring,8.278427955991086e-05
418,1,41,unit_tran_cis_configuration,8.247959901113119e-05
419,1,41,short_range,8.210169075117442e-05
420,1,42,yael_cleavage_efficiency,8.79866342750391e-05
421,1,42,quasi_white_beam,8.766692423410246e-05
422,1,42,difference_electron_density_map,8.640964331172257e-05
423,1,42,weak_reflection_intensity,8.441853998091242e-05
424,1,42,i_deg,8.352275776955341e-05
425,1,42,br_pair,8.311153944030796e-05
426,1,42,cytoplasmic_kinase_domain,8.297160806585747e-05
427,1,42,backbone_torsion_angle_range,8.27530209489776e-05
428,1,42,categorical_model,8.218339435161303e-05
429,1,42,computer_simulation,8.201383341703841e-05
430,1,43,aring_hg_si_distance,8.55057413885871e-05
431,1,43,combine_datum,8.481193418550648e-05
432,1,43,monoclinic_unit_cell_axis,8.283956806115589e-05
433,1,43,peo_corona_pep_core,8.283638314541606e-05
434,1,43,chemical_composition,8.280690061122174e-05
435,1,43,cl_minus,8.275046694224093e-05
436,1,43,low_decomposition_temperature,8.245726894154673e-05
437,1,43,azomethine_n,8.220049961550059e-05
438,1,43,resolution_function_geometrical_factor,8.18171764330466e-05
439,1,43,significant_discrepancy,8.149413188460053e-05
440,1,44,yellow_solvate_cocrystal,8.724620903113505e-05
441,1,44,decarboxylation_product_single_enantiomer,8.603067639476737e-05
442,1,44,plane_misorientation,8.506209353052263e-05
443,1,44,kegg_database_streptococcus_mutan,8.266260729904165e-05
444,1,44,structure_functionality,8.227270285307613e-05
445,1,44,membrane_phospholipid,8.218817087985342e-05
446,1,44,activity_spectrum,8.201149917408616e-05
447,1,44,monte_carlo_integration,8.185452390736547e-05
448,1,44,phosphonoacetate_carbonyl_group,8.168155004621985e-05
449,1,44,cu_aring_distance,8.157432287498902e-05
450,1,45,terminal_thiocyanate_ligand,8.938811720837051e-05
451,1,45,isonicotinamide_ligand,8.57168399711652e-05
452,1,45,periodic_dimensional_net,8.418834476245943e-05
453,1,45,half_water_molecule,8.359594789087656e-05
454,1,45,spectrum_library,8.327398137884627e-05
455,1,45,carbazole_ring_system,8.288172013570162e-05
456,1,45,high_quality_datum,8.263360570452403e-05
457,1,45,revise_formula,8.25396777029043e-05
458,1,45,problem_essential_feature,8.237807639241795e-05
459,1,45,naphthalene_ring_system,8.237452250539485e-05
460,1,46,ether_ring_crown_respect,8.952704445321398e-05
461,1,46,tensor_distinction,8.587915407814133e-05
462,1,46,quinoxaline_dioxide,8.372166861566942e-05
463,1,46,dianionic_complex_minus,8.33182214039208e-05
464,1,46,ii_deg,8.324325545985308e-05
465,1,46,overall_reliability,8.281034846160677e-05
466,1,46,ligand_tetrahydrofuran_methyl,8.23730913950405e-05
467,1,46,power_law_polydisperse_surface,8.223573336460811e-05
468,1,46,electronic_structure_calculation,8.197333365088234e-05
469,1,46,dichloro_trans,8.194071387324423e-05
470,1,47,moiety_interaction,8.703301358394047e-05
471,1,47,mu_new,8.349107177124142e-05
472,1,47,dissimilatory_sulfite_reductase,8.326488397586051e-05
473,1,47,deg_cl_sequence_hg,8.30536380992437e-05
474,1,47,transparent_yellow_plate,8.285120171082636e-05
475,1,47,stuhrmann_show_obtain_protein,8.282112135636804e-05
476,1,47,cap_bind_domain,8.262553095176998e-05
477,1,47,terminal_chlorobenzene_ring,8.214210790916964e-05
478,1,47,growth_behaviour,8.20487208013059e-05
479,1,47,seed_storage_protein,8.184347088900531e-05
480,1,48,catalytic_site_binase_molecule,8.662037672569038e-05
481,1,48,tail_vertebra,8.596992569378336e-05
482,1,48,piano_stool_geometry,8.534656814808293e-05
483,1,48,developmental_challenge,8.457255630031039e-05
484,1,48,polarize_usans_option,8.447397011420787e-05
485,1,48,pure_ag_k_alpha,8.427187357896154e-05
486,1,48,rna_recognition,8.329273429093876e-05
487,1,48,large_change,8.233015467762246e-05
488,1,48,middot_minus,8.231479695627795e-05
489,1,48,incidence_angle,8.212527270794567e-05
490,1,49,atomic_composition,8.767437245158959e-05
491,1,49,search_space_restriction,8.658330688218783e-05
492,1,49,automorphism_group_order,8.625091647719479e-05
493,1,49,short_purely_central_range,8.532375583108996e-05
494,1,49,real_space_descriptor,8.51024013137916e-05
495,1,49,central_quinoline_ring_system,8.39855646894338e-05
496,1,49,intramolecular_extensive_network,8.304918276404249e-05
497,1,49,half_occupancy_o_atom,8.29217495743989e-05
498,1,49,phonon_spectrum,8.275408291740863e-05
499,1,49,crystal_form_datum,8.233794813100313e-05
0,2,0,high_order_correction,8.302689014562466e-05
1,2,0,present_pi_interaction,8.27396822239707e-05
2,2,0,short_intermolecular_contact,8.243847520412755e-05
3,2,0,drive_force,8.241995826594454e-05
4,2,0,quantum_tunnel,8.182606078546648e-05
5,2,0,zeta_dimer_destabilize_property,8.09095203224956e-05
6,2,0,prime_n_prime_cation,8.079501175924568e-05
7,2,0,rietveld_refinement_program,8.070424485558122e-05
8,2,0,multi_tube_detector,8.070006067629932e-05
9,2,0,drug_design,8.04523975534107e-05
10,2,1,point_mention_question_respect,8.28461953302269e-05
11,2,1,order_nlo_susceptibility_chi,8.181020801208933e-05
12,2,1,metal_substitute_form,8.148176506012105e-05
13,2,1,crystal_screen,8.11340061698168e-05
14,2,1,anm_parameter,8.036947160507283e-05
15,2,1,alpha_kinase_activation,8.030690021732636e-05
16,2,1,orthorhombic_system,7.994982395660211e-05
17,2,1,sufficient_quality,7.987605995306766e-05
18,2,1,fresnel_diffraction,7.986277552163237e-05
19,2,1,table_line,7.979966210549524e-05
20,2,2,mononuclear_agi_complex_cation,8.350028848849661e-05
21,2,2,protein_fragment_database_use,8.342345130108246e-05
22,2,2,prime_ligand_nitrogen_donor,8.230224920720346e-05
23,2,2,intensity_correction_factor,8.193864886565613e-05
24,2,2,monitor_measurement,8.119776010230364e-05
25,2,2,human_carbonic_anhydrase,8.10157585503866e-05
26,2,2,extensive_ligand_electronic_delocalization,8.096029467107115e-05
27,2,2,bind_partner,8.049872453145634e-05
28,2,2,torsion_bend,8.020977241916092e-05
29,2,2,observe_diffraction_pattern,7.99586503348464e-05
30,2,3,bacillus_subtili_crystal_structure,8.340324191628829e-05
31,2,3,concise_formula,8.211123488802848e-05
32,2,3,spiral_growth_step,8.158905331872135e-05
33,2,3,molecule_exhibit_axial_chirality,8.139445353337283e-05
34,2,3,enzyme_class,8.130793521594784e-05
35,2,3,several_study,8.117653556083613e-05
36,2,3,a_bind,8.108095563700772e-05
37,2,3,direction_align_ring,8.065196378961719e-05
38,2,3,znii_centre,8.03139126966462e-05
39,2,3,srm_silicon_standard,8.025464511633913e-05
40,2,4,harker_section_significant_peak,8.688841404548278e-05
41,2,4,powder_neutron_diffraction,8.212237110680693e-05
42,2,4,global_optimum,8.136744888638766e-05
43,2,4,macrocycle_amine_group,8.102974370046997e-05
44,2,4,high_valent_nickel_oxyhalide,8.082792278432923e-05
45,2,4,dimensional_framework_structure,8.067827733685647e-05
46,2,4,hemi_labile_donor,8.054135686176785e-05
47,2,4,non_covalent_interaction,8.045641288327968e-05
48,2,4,dicalcium_silicate,8.039741864019445e-05
49,2,4,complete_ring_motif,8.023253065219879e-05
50,2,5,hetero_antiparallel,8.341216009384188e-05
51,2,5,poly_coordination_polymer,8.320129038545447e-05
52,2,5,neighbour_picrate,8.222226995153306e-05
53,2,5,deg_gamma,8.141922670175046e-05
54,2,5,quality_management,8.133790338987935e-05
55,2,5,biological_speciman_diffraction_pattern,8.100610152825496e-05
56,2,5,monoprotonat_form,8.083851539816809e-05
57,2,5,acid_middot,8.061455560594368e-05
58,2,5,znii_center_comprise_coordination,8.016317951071753e-05
59,2,5,crystalline_inclusion_gas_clathrate,7.98999011311887e-05
60,2,6,osteoblast_differentiation_important_role,8.371976964615912e-05
61,2,6,rotation_angle_deg,8.160066986078558e-05
62,2,6,parallel_infinite_dimensional_network,8.122832575478671e-05
63,2,6,transition_pattern,8.116973911889924e-05
64,2,6,germanium_dioxide,8.067812852590769e-05
65,2,6,biomolecular_simulation,8.059040372102703e-05
66,2,6,helical_pack_basis,8.05229810193392e-05
67,2,6,apical_bond,8.051805289331347e-05
68,2,6,small_structure_factor,8.035015852652572e-05
69,2,6,molecular_mechanisim,8.000264582522423e-05
0,3,0,macrodislocation_burgers_vector,7.514784940507689e-05
1,3,0,ghisletta_amp,7.41402137899834e-05
2,3,0,b_intensity_loss_factor,7.36541370764757e-05
3,3,0,cd_separation,7.343614743040808e-05
4,3,0,tetraselenoantimonate_orange_crystal,7.288982656831076e-05
5,3,0,grain_boundary_situate_macrodislocation,7.260692273777286e-05
6,3,0,proteasome_inhibitor_bortezomib,7.250584784042478e-05
7,3,0,er_localize_transmembrane_kinase,7.232765432210494e-05
8,3,0,corundum_standard,7.220127083521559e-05
9,3,0,hard_sphere,7.217035325868075e-05
