,run,topic,terms,p
t_element,8.678374155889214e-05
1,1,0,nucleophilic_serine_utilization,8.465672701887582e-05
2,1,0,archaeabacterial_tim,8.244062512603188e-05
3,1,0,heterodyne_xpcs_experiment,8.242717258621861e-05
4,1,0,mill_time,8.229755283801667e-05
5,1,0,metal_cation,8.153318749768729e-05
6,1,0,type_n_h,8.143698105538881e-05
7,1,0,co_exist_alternative,8.130727040719075e-05
8,1,0,binase_bacillus_intermedius_ribonuclease,8.129573439538795e-05
9,1,0,ligand_ring,8.111579066730707e-05
10,1,1,simple_general_rule,8.452694991378988e-05
11,1,1,trhepd_experiment,8.278952132439841e-05
12,1,1,centroid_centroid_distance_ring,8.200412874434358e-05
13,1,1,monoclinic_z,8.177949243128062e-05
14,1,1,agc_kinase_family_member,8.164012349606949e-05
15,1,1,fragment_molecule,8.146863816796393e-05
16,1,1,remarkable_feature,8.107128415630445e-05
17,1,1,oxidative_addition,8.097478344656573e-05
18,1,1,alternative_bind_mode,8.09595791699699e-05
19,1,1,occupancy_position,8.065798269078702e-05
20,1,2,guest_specie_structural_organisation,8.655114137544102e-05
21,1,2,radial_distribution_function,8.466122934962833e-05
22,1,2,standard_datum_acquisition_system,8.173057218255243e-05
23,1,2,average_ga_n_distance,8.164837843040023e-05
24,1,2,carbonic_anhydrase,8.159387372268715e-05
25,1,2,entire_n_terminus,8.13006464875068e-05
26,1,2,p_bond,8.078513071355204e-05
27,1,2,n_double_bond,8.073294562079765e-05
28,1,2,multi_step,8.042624502861054e-05
29,1,2,minus_composition,8.03689250007541e-05
30,1,3,extend_structure,8.492636348572156e-05
31,1,3,c_bond,8.490873277995422e-05
32,1,3,plane_carboxylate,8.490306221600132e-05
33,1,3,be_carbon,8.259318963416533e-05
34,1,3,coordination_metal_atom_polyhedron,8.213840379009947e-05
35,1,3,dsba_protein,8.212850490537779e-05
36,1,3,zeta_beta_case,8.172494739787797e-05
37,1,3,deg_tran_angle,8.134563000693388e-05
38,1,3,nrfha_complex_crystal_growth,8.119729080860833e-05
39,1,3,sro_cuo_system,8.10496473329044e-05
40,1,4,trypsin_digestion,8.809158157084229e-05
41,1,4,sulfadiazinate_ligand,8.73286983603523e-05
42,1,4,dft_density_functional_theory,8.673695521818307e-05
43,1,4,angular_dependence,8.463944499142145e-05
44,1,4,furan_benzene_ring,8.326582900254694e-05
45,1,4,diyttrium_heptaoxodisilicate,8.28254244270029e-05
46,1,4,molecular_mask,8.221657063318705e-05
47,1,4,channel_type_crystal_structure,8.200372762127811e-05
48,1,4,hg_atom_mmm_symmetry,8.187607311137427e-05
49,1,4,low_absorption,8.16379685633724e-05
50,1,5,w_co_bond,8.974308459915697e-05
51,1,5,ligand_dppm_contain_complex,8.718477424127149e-05
52,1,5,dna_repair,8.555865056205048e-05
53,1,5,esi_mass,8.362256901993018e-05
54,1,5,enzyme_catalysis,8.32254118650124e-05
55,1,5,therapeutic_prophylactic_treatment,8.313404505205457e-05
56,1,5,wide_angle,8.252732052315888e-05
57,1,5,micro_be_size_spot,8.22014880940568e-05
58,1,5,isolate_molecule,8.101536669734535e-05
59,1,5,flat_sample,8.093482608990901e-05
60,1,6,exhibit_half_occupancy,8.57000167058767e-05
61,1,6,pyridine_contain_ligand,8.345465570881068e-05
62,1,6,industrial_catalysis,8.284694439726391e-05
63,1,6,pnma_orthorhombic_space_group,8.232977663277884e-05
64,1,6,conventional_asymptotic_formula,8.229381153916103e-05
65,1,6,n_methylimidazole_solution,8.115462450000436e-05
66,1,6,zero_position_value,8.107085237105881e-05
67,1,6,protozoan_parasite,8.076819654284122e-05
68,1,6,zwitter_ion,8.048054973692962e-05
69,1,6,direct_neutron,8.041591096148437e-05
70,1,7,x_ray_detector,8.342080451941891e-05
71,1,7,standard_bragg_angle,8.191951065481703e-05
72,1,7,p_bear_mineral,8.141750238103981e-05
73,1,7,colloidal_cluster,8.079651234989327e-05
74,1,7,acetyltransferase_specificity,8.077646196262234e-05
75,1,7,particular_in_pseudosymmetry_decrease,8.075107461255499e-05
76,1,7,layer_primary_connection,8.064166808069648e-05
77,1,7,squarate_anion_o_atom,8.046700718782076e-05
78,1,7,modern_source,8.03674037455313e-05
79,1,7,pathological_process_multitude,8.026448947437163e-05
80,1,8,r_distance,8.697132058910839e-05
81,1,8,n_thiourea_h_atom,8.67294698535433e-05
82,1,8,bond_chain,8.492765333745007e-05
83,1,8,new_organic_inorganic_hybrid,8.325997405043388e-05
84,1,8,intramolecular_stack_interaction,8.310457902794794e-05
85,1,8,neutrophil_gelatinase,8.275186869295087e-05
86,1,8,benzimidazole_core,8.146357860471739e-05
87,1,8,diffraction_datum_process_collection,8.133373969636914e-05
88,1,8,broad_spectrum,8.129952212945406e-05
89,1,8,x_ray_tomography_combination,8.098798715312708e-05
90,1,9,similar_numb,8.602535567557721e-05
91,1,9,orient_tran,8.304645554951222e-05
92,1,9,organic_nature,8.302367843851238e-05
93,1,9,oxide_bismuth_titanate,8.285665078912878e-05
94,1,9,core_shell,8.222496822923831e-05
95,1,9,adp_atom,8.149249916184055e-05
96,1,9,equatorial_plane_position,8.119204466740942e-05
97,1,9,principal_component_analysis,8.106654862993509e-05
98,1,9,conformational_status,8.074683176963262e-05
99,1,9,btb_domain_adaptor,8.071491539110176e-05
0,2,0,diimine_chelate,8.09997644931464e-05
1,2,0,scatter_cross_section_variation,7.936619133354247e-05
2,2,0,methylene_group,7.870827357968886e-05
3,2,0,trivial_bound_automorphism,7.836802763764898e-05
4,2,0,molecule_nh_c_segment,7.69350318326894e-05
5,2,0,carboxylate_amino_group,7.642758713601406e-05
6,2,0,analysis_stage_individual_crystallographer,7.642554081004681e-05
7,2,0,grain_boundary,7.595009574009447e-05
8,2,0,negative_work_function,7.589455126760316e-05
9,2,0,o_s_deg,7.584915241754886e-05
10,2,1,newly_create_stereogenic_centre,7.9925860339559e-05
11,2,1,urea_molecule_water,7.895790929950103e-05
12,2,1,use_possible_strategy,7.755640479079542e-05
13,2,1,dimensional_architecture_formation,7.717638185924752e-05
14,2,1,benzo_ring,7.597117884184928e-05
15,2,1,intensity_decay_rate,7.58259611441871e-05
16,2,1,solid_product,7.57767798587109e-05
17,2,1,orient_lamellar_nanocomposite,7.555227819893726e-05
18,2,1,bloch_wave,7.546749208835635e-05
19,2,1,structure_type_interest,7.512840593053885e-05
