,run,topic,terms,p
edral_coordination_environment,8.640159779371256e-05
1,1,0,inh_ligand,8.322368268339264e-05
2,1,0,nearly_planar_maximum_deviation,8.314149193298542e-05
3,1,0,macromolecular_crystallography,8.251699294221966e-05
4,1,0,inp_dope_er_atom,8.104857795120663e-05
5,1,0,forbid_etc_type_reflection,8.0523203861423e-05
6,1,0,different_geometry,8.014584391343546e-05
7,1,0,adjacent_chain_n_interaction,7.997279302624711e-05
8,1,0,phase_phase_calculation_extension,7.991866136554346e-05
9,1,0,step_isomerization,7.986657418696028e-05
10,1,1,ribosomal_subunit_microcrystal,9.104747746688492e-05
11,1,1,ni_absorption_edge,8.540776828345718e-05
12,1,1,horizontal_axis,8.539849466603482e-05
13,1,1,polar_bond,8.432481830006341e-05
14,1,1,hydrogen_bond_molecule_chain,8.37732517407945e-05
15,1,1,tensor_component,8.354307362748822e-05
16,1,1,egg_white_lysozyme,8.325879569550986e-05
17,1,1,inside_layer,8.325744935883887e-05
18,1,1,diamagnetic_complex,8.286134508860674e-05
19,1,1,n_decyldiethylphosphine,8.264102070461071e-05
20,1,2,positron_beam_previous_result,8.454873941577133e-05
21,1,2,nucleotide_ligand_pyrimidine,8.385147289490377e-05
22,1,2,refine_carbohydrate_structure_database,8.31649915554127e-05
23,1,2,cp_homologous_protein,8.29000113707728e-05
24,1,2,linear_electron_accelerator,8.223504822429718e-05
25,1,2,n_acetylacetamide,8.190011852244472e-05
26,1,2,effective_electronegativity,8.187772253703739e-05
27,1,2,subunit_beta,8.17181997267935e-05
28,1,2,peptic_ulcer,8.121380776987877e-05
29,1,2,carboxy_o_atom,8.107284794559953e-05
30,1,3,crystallization_subsequent_preparation,8.418782120623538e-05
31,1,3,exocyclic_imine_function,8.260690225163538e-05
32,1,3,half_water_molecule,8.213398138672835e-05
33,1,3,interdigitat_alkyl_chain_molecule,8.190299006542919e-05
34,1,3,new_heterometallic_polymer,8.160074059236756e-05
35,1,3,c_segment,8.159574185976041e-05
36,1,3,graph_set_interaction,8.150182927484223e-05
37,1,3,exist_phasis,8.143758508930112e-05
38,1,3,variety_quality,8.143467958724169e-05
39,1,3,gravitational_influence_independent_indicator,8.132663506315544e-05
40,1,4,sm_content,8.557771905160826e-05
41,1,4,middot_minus,8.452964435384128e-05
42,1,4,clathrin_bind_site,8.427221331970985e-05
43,1,4,ethaneamine_solution,8.402989721735703e-05
44,1,4,molecular_skeleton,8.399199310192943e-05
45,1,4,soft_x_ray_microscope,8.368502267141284e-05
46,1,4,crystallographic_datum_collection,8.282300470143351e-05
47,1,4,sensitive_storage_phosphor_detector,8.24665930327055e-05
48,1,4,order_nlo_susceptibility_chi,8.187733475456631e-05
49,1,4,experimental_diffuse_intensity,8.179850497762932e-05
50,1,5,transform_infrared_spectroscopy,9.067514138091751e-05
51,1,5,low_symmetry_grind_state,8.62872559627416e-05
52,1,5,intersect_tunnel,8.595469310419906e-05
53,1,5,chemical_energy_environment,8.505457931306429e-05
54,1,5,molecule_half_presence,8.467082116429889e-05
55,1,5,keto_group_o_atom,8.400243540491072e-05
56,1,5,dispersion_comment,8.340790821433797e-05
57,1,5,hydroxide_ion,8.29244403219879e-05
58,1,5,spherical_average,8.280284922208778e-05
59,1,5,substrate_peptide,8.201119035426392e-05
60,1,6,detectable_change,8.840839057199677e-05
61,1,6,nicotinamide_moiety,8.617869515524982e-05
62,1,6,attractive_term,8.564805754761739e-05
63,1,6,trigonal_region,8.477762111626417e-05
64,1,6,common_use_sample_holder,8.455349623667836e-05
65,1,6,corner_share_polyhedron,8.30835683777624e-05
66,1,6,texturized_polycrystal,8.259582949766987e-05
67,1,6,usp_conformation,8.231074975040697e-05
68,1,6,phasis_possible_combination,8.21029878525137e-05
69,1,6,tensor_sum,8.151111824184963e-05
70,1,7,negative_relation,8.691073245682147e-05
71,1,7,monosolvate_pentahydrate_dimethylformamide,8.648192138353173e-05
72,1,7,available_crystal_form,8.554128175938626e-05
73,1,7,crystallization_robot,8.412018474815112e-05
74,1,7,crystal_domain_average_size,8.404328686489185e-05
75,1,7,cyanobacterium_circadian_clock_oscillator,8.351689508012766e-05
76,1,7,therapeutic_benefit_protein,8.280614208010012e-05
77,1,7,grow_crystal,8.242954337559272e-05
78,1,7,tensile_speciman,8.242950227054902e-05
79,1,7,thiocyanate_system,8.177008801082169e-05
80,1,8,sole_carbon_source,9.08665540774621e-05
81,1,8,pipe_bind_region,8.832197010632315e-05
82,1,8,c_t_y,8.576798341993444e-05
83,1,8,deglycosylated_protein,8.431558988793351e-05
84,1,8,distinct_dislocation,8.393351729460794e-05
85,1,8,alumina_membrane,8.226198951434781e-05
86,1,8,solution_evaporation,8.203666818746003e-05
87,1,8,square_pyramidal_environment,8.197825684270523e-05
88,1,8,c_terminal_amide_formation,8.186059487751276e-05
89,1,8,aring_te_cl_interaction,8.17295025753294e-05
90,1,9,lambda_sin_theta,9.108559305336061e-05
91,1,9,direct_tool,8.6096441303974e-05
92,1,9,symmetry_relate_hexamethylphosphosphoramide,8.374494164820775e-05
93,1,9,solvent_content,8.307319082234219e-05
94,1,9,bond_system,8.296166004665383e-05
95,1,9,current_decade_end,8.283913806616774e-05
96,1,9,experimental_hall,8.277255988339498e-05
97,1,9,low_rim,8.267987110907016e-05
98,1,9,space_group,8.262804361383009e-05
99,1,9,relate_crystal,8.258717030883297e-05
100,1,10,diamond_anvil,8.710023149746947e-05
101,1,10,current_limitation,8.372463280441351e-05
102,1,10,investigate_crystal,8.369669583962865e-05
103,1,10,sigma_e_signal_pathway,8.362566965748584e-05
104,1,10,symmetrical_tiling_coloring,8.25705832871407e-05
105,1,10,result_framework,8.24688324137448e-05
106,1,10,basic_feature,8.23794728879733e-05
107,1,10,haloacid_dehalogenase_homologue,8.233473092278705e-05
108,1,10,macrocyclic_ring,8.19783690589745e-05
109,1,10,sesquiterpene_lactone_matricarin,8.14495991652958e-05
110,1,11,relaxation_static_calculation,8.82549664546219e-05
111,1,11,atomic_displacement,8.736994095987143e-05
112,1,11,deg_significant_deviation,8.713060634686649e-05
113,1,11,phase_merit,8.606700761567728e-05
114,1,11,vme_board,8.398213097121492e-05
115,1,11,n_isopropylidine,8.339740006270043e-05
116,1,11,intramolecular_structure_stabilize_interaction,8.267896629432344e-05
117,1,11,eukaryotic_cell_protein_ubiquitination,8.266504927168634e-05
118,1,11,asaka_et_al_solution,8.231260319267628e-05
119,1,11,transmission_profile,8.217857217328608e-05
120,1,12,calcium_ion_contain_structure,8.593358567520582e-05
121,1,12,pnma_orthorhombic_space_group,8.301193444037472e-05
122,1,12,manual_optimization,8.273685172254244e-05
123,1,12,aromatic_ring_centroid,8.233065350288246e-05
124,1,12,benzotriazole_ring_ring,8.213242426236244e-05
125,1,12,c_s_h,8.207417175164145e-05
126,1,12,molecule_planar_cavity,8.185741046149525e-05
127,1,12,limit_understand,8.13115422619563e-05
128,1,12,polyadenine_tail,8.120301369166275e-05
129,1,12,iron_large_abundance,8.094596558626323e-05
130,1,13,domain_pair,8.690766708530542e-05
131,1,13,fluorescent_escape_result,8.3783049692076e-05
132,1,13,tetrahedral_coordination,8.353926118073996e-05
133,1,13,ether_cavity,8.239326790128102e-05
134,1,13,abrahams_gamma_correction,8.21305434511931e-05
135,1,13,acidothermophilic_archaeon,8.184276519080158e-05
136,1,13,symmetrical_tiling_coloring,8.16365959431466e-05
137,1,13,hydrogen_bond_donor,8.149441021760327e-05
138,1,13,o_n_kappa,8.130600172565016e-05
139,1,13,dimensional_architecture_formation,8.129495952464264e-05
140,1,14,crystal_structure_further_consolidation,8.562313355115377e-05
141,1,14,square_base_pyramidal_coordination,8.388382777847005e-05
142,1,14,theoretical_tolman_angle,8.345125129885177e-05
143,1,14,prior_report,8.307814192878663e-05
144,1,14,trigonal_bipyramid,8.298704607690859e-05
145,1,14,ellipsoidal_particle_case,8.257467328182738e-05
146,1,14,dianionic_sulfosalicylate_anion,8.252936443435667e-05
147,1,14,pi_pi_slip_interaction,8.230411339516553e-05
148,1,14,c_cl_h,8.222214300927092e-05
149,1,14,crystallographically_independent_anion,8.20821235056917e-05
150,1,15,high_order_correction,8.996115276561216e-05
151,1,15,active_site_histidine_residue,8.710784062970462e-05
152,1,15,layer_framework,8.631716760782139e-05
153,1,15,surface_actual_ultrasonic_oscillation,8.550025469506085e-05
154,1,15,x_ray_scatter_system,8.384220611822385e-05
155,1,15,formation_associate_exothermicity,8.280317456612071e-05
156,1,15,ergoline_skeleton,8.1984033047441e-05
157,1,15,leave_hand_pattern,8.181827591513111e-05
158,1,15,equatorial_plane,8.178639115549227e-05
159,1,15,large_database,8.148004430019262e-05
160,1,16,hydropyrimidine_ring_mean_plane,8.725350865509631e-05
161,1,16,methyl_ester_chain,8.343847358257384e-05
162,1,16,modern_source,8.339885636791326e-05
163,1,16,strain_influence,8.327565999039758e-05
164,1,16,mononuclear_unit,8.287974891610675e-05
165,1,16,nucleotide_overhang_duplex_dna,8.254148785487856e-05
166,1,16,aring_resolution_range_reflection,8.220636263591093e-05
167,1,16,x_ray_detector,8.194690951440947e-05
168,1,16,phase_approximation,8.187425717765406e-05
169,1,16,nbsp_deg,8.178347558532096e-05
170,1,17,dihydrofuran_ring,8.747708703742604e-05
171,1,17,dilanthanum_lithium,8.574271432741072e-05
172,1,17,photon_energy_range,8.57260341556184e-05
173,1,17,combine_datum,8.301632408528651e-05
174,1,17,spatial_resolution,8.296856752988662e-05
175,1,17,c_h_perchlorate_anion,8.269342105960243e-05
176,1,17,intermolecular_hydrogen_bond_association,8.220989137368821e-05
177,1,17,middot_minus_structure,8.191834724744815e-05
178,1,17,self_organize_surface,8.1858544400337e-05
179,1,17,mu_o,8.160824550975983e-05
180,1,18,novel_method,8.730188989197354e-05
181,1,18,essential_virulence_factor,8.65440994684559e-05
182,1,18,situ_cryocrystallization_technique,8.500425384352689e-05
183,1,18,useful_experimental_datum_range,8.358922211532238e-05
184,1,18,order_phase_transition,8.275448853734093e-05
185,1,18,prime_prime_prime,8.269143560070865e-05
186,1,18,chloro_ligand,8.175511622232261e-05
187,1,18,polymeric_anion,8.163494309472918e-05
188,1,18,ultra_small_angle,8.161318844693402e-05
189,1,18,piperidine_ring,8.158240485941042e-05
190,1,19,metal_bond_behaviour,8.45231490673506e-05
191,1,19,sphalerite_type,8.303272050710386e-05
192,1,19,similar_aberration,8.296550145821096e-05
193,1,19,pole_distribution_function,8.262375829656094e-05
194,1,19,photon_energy_range,8.194663816117982e-05
195,1,19,fluorophenyl_ring_methoxyphenyl,8.146489456821413e-05
196,1,19,spectroscopic_method,8.095791939115986e-05
197,1,19,terminal_step,8.090906646454222e-05
198,1,19,h_datum_acquisition,8.076258778437698e-05
199,1,19,cmca_centrosymmetric_space_group,8.071915295740392e-05
0,2,0,parallel_gold_like_lattice,8.707229716339408e-05
1,2,0,mrakii_killer_toxin,8.370669491498253e-05
2,2,0,membered_dihydropyrazole_ring,8.340709162552918e-05
3,2,0,edge_share_chain,8.3286690554895e-05
4,2,0,tetradecaaquatetrasodium_crystal,8.327860438294278e-05
5,2,0,steric_measure,8.282881080154183e-05
6,2,0,amino_acid_identity,8.276604544747872e-05
7,2,0,furan_ring,8.272363200178526e-05
8,2,0,lead_chalcogenide,8.271164413822921e-05
9,2,0,large_small_deg,8.251128440697308e-05
10,2,1,methylat_cytosine,8.772174415691133e-05
11,2,1,zachariasen_extinction_correction_application,8.645244532519938e-05
12,2,1,aring_radius,8.622264508360135e-05
13,2,1,atom_aliphatic_chain,8.519669360784584e-05
14,2,1,sodium_chain,8.394741145907727e-05
15,2,1,anion_benzene_ring,8.379656223653544e-05
16,2,1,minor_redox_flavocoenzyme,8.322123862396662e-05
17,2,1,comparatively_know_estertin_family,8.281189431421272e-05
18,2,1,house_develope_experimental_station,8.277151094554932e-05
19,2,1,immune_response,8.269448242628777e-05
20,2,2,trigonal_bipyramidal_coordinate_geometry,8.880474716775624e-05
21,2,2,malonyl_recombinant_oks_molecule,8.366300275637655e-05
22,2,2,benzene_substituent,8.345434505594041e-05
23,2,2,special_feature,8.308554149319304e-05
24,2,2,structural_fragment,8.282729065675965e-05
25,2,2,hexagonal_structure_refinement,8.252568286289065e-05
26,2,2,independent_dimensional_chain,8.228738654750622e-05
27,2,2,define_initiator,8.220632036491785e-05
28,2,2,trigonal_bipyramidal_geometry,8.200221999907133e-05
29,2,2,pentacoordinate_si_atom,8.18790158673229e-05
30,2,3,bragg_spot_shape,8.870721900027748e-05
31,2,3,commercial_crystal_screen,8.576627861317762e-05
32,2,3,quartet_relation,8.515375308677728e-05
33,2,3,distort_octahedral_geometry_ligand,8.370679054036387e-05
34,2,3,i_boat_conformation,8.326809450375449e-05
35,2,3,electrostatic_charge_distribution,8.320436242174562e-05
36,2,3,polymeric_material_phase_transition,8.282644730329828e-05
37,2,3,neutral_specie_hydrogen_bond,8.280939380993408e-05
38,2,3,o_average_double_bond,8.250913566397778e-05
39,2,3,classify_datum_point,8.240524035640997e-05
40,2,4,complex_magnetic_property,8.853161354509362e-05
41,2,4,final_model,8.661346837544828e-05
42,2,4,interface_structure,8.612800462955847e-05
43,2,4,half_uncoordinated_water_molecule,8.568347908405358e-05
44,2,4,other_impurity_phasis,8.454067041799677e-05
45,2,4,half_molecule,8.421924491983444e-05
46,2,4,electron_beam_finite_emittance,8.398174487923942e-05
47,2,4,cell_edge,8.370474146542333e-05
48,2,4,bridge_pair,8.325462468904896e-05
49,2,4,enzyme_structure,8.322407979450536e-05
50,2,5,der_waal_interaction,8.504058884354676e-05
51,2,5,final_r_factor,8.479554620825152e-05
52,2,5,lysine_methylation,8.431199338466295e-05
53,2,5,methanol_molecule_o_atom,8.403512567152317e-05
54,2,5,inhibitor_a,8.356634443789762e-05
55,2,5,crystallographic_sort,8.320898299697361e-05
56,2,5,coherence_degree,8.269110162175486e-05
57,2,5,dimension_hypersphere_pack,8.268181323505116e-05
58,2,5,cbed_disc_specific_line,8.256611498712991e-05
59,2,5,separate_signal,8.208752084236518e-05
60,2,6,py_ring,8.545038839070789e-05
61,2,6,water_coordinate_znii_atom,8.534655466552311e-05
62,2,6,c_h_perchlorate_anion,8.532005051588109e-05
63,2,6,pi_pi_interaction,8.462734604243013e-05
64,2,6,tetramer_shape_difference,8.278043273172008e-05
65,2,6,different_crystallographic_site,8.221278436497132e-05
66,2,6,mannich_type_reaction,8.216717915971734e-05
67,2,6,reversibly_transform_different_polymorph,8.215469286238257e-05
68,2,6,high_laue_zone,8.159990865651871e-05
69,2,6,datum_screen,8.158751160271526e-05
70,2,7,limitation_success,8.728565114372824e-05
71,2,7,cdo_crystal,8.45995073172713e-05
72,2,7,scatter_experiment,8.451834918339348e-05
73,2,7,appropriate_integer,8.359351737436402e-05
74,2,7,unchanging_chiral_centre,8.342257701486394e-05
75,2,7,fast_electron,8.332773272944604e-05
76,2,7,common_antimalarial_chloroquine,8.279048479834066e-05
77,2,7,znii_center_comprise_coordination,8.277632245679637e-05
78,2,7,paroxetine_hemihydrate,8.267313123365793e-05
79,2,7,facial_position,8.231581446619776e-05
80,2,8,atomic_site_symmetry,8.512014221734233e-05
81,2,8,fourier_transform_infrared_spectroscopy,8.448361285978e-05
82,2,8,thermophilic_bacterium,8.431212206005541e-05
83,2,8,non_classical_c_h,8.392164632319298e-05
84,2,8,extend_theory,8.366883016864261e-05
85,2,8,symmetry_role,8.337338517791076e-05
86,2,8,mix_metal_complex,8.32957597571454e-05
87,2,8,estimate_convergence,8.317904934214164e-05
88,2,8,carbamoyl_phosphate,8.246431282647359e-05
89,2,8,rotatory_power_dispersion,8.228125616416375e-05
90,2,9,n_heterocyclic_ligand,8.73859895471805e-05
91,2,9,crystal_structure_intermolecular_interaction,8.520226730782056e-05
92,2,9,tertiary_structure,8.514084608201389e-05
93,2,9,further_work,8.457412371354244e-05
94,2,9,li_ion,8.439979710408101e-05
95,2,9,deprotonat_ligand,8.429053946786062e-05
96,2,9,crystal_in_o_h,8.421663999697426e-05
97,2,9,c_centre_monoclinic_modification,8.331388336403392e-05
98,2,9,spallation_neutron,8.280443372193531e-05
99,2,9,finite_difference_simple_model,8.217027234494984e-05
100,2,10,approximately_minor_major_occupancy,8.700014736788673e-05
101,2,10,bond_angle,8.441561675100328e-05
102,2,10,derivative_form_dihedral_angle,8.432978041282644e-05
103,2,10,polymorph_crystal_structure,8.308319798980854e-05
104,2,10,coii_cation,8.291944269355218e-05
105,2,10,silica_analogue,8.229411751157124e-05
106,2,10,four_new_polytype,8.227595692493302e-05
107,2,10,good_accuracy,8.187302789300889e-05
108,2,10,catalytic_function,8.18032278535271e-05
109,2,10,fluorophenyl_ring,8.149328852965553e-05
110,2,11,pathological_process,8.680511702581502e-05
111,2,11,similar_geometry,8.512068901518442e-05
112,2,11,ai_sic_interface,8.284490331614481e-05
113,2,11,attach_phenyl_ring_deg,8.283148776884975e-05
114,2,11,o_prime_glycine,8.243556358327917e-05
115,2,11,flexible_nature,8.241953578134844e-05
116,2,11,raman_spectroscopy,8.236393219477574e-05
117,2,11,hyperbolic_surface,8.192008360673761e-05
118,2,11,dihydroxyacetone_phosphorylation,8.179555712172005e-05
119,2,11,n_donor_ligand_carboxylate,8.102347485814526e-05
120,2,12,human_aotc,8.541659548101209e-05
121,2,12,carboxylate_bridge_chain_structure,8.31384888277522e-05
122,2,12,amino_acid_residue_orientation,8.304573888231731e-05
123,2,12,precise_x_ray_wavelength,8.293488290327256e-05
124,2,12,solid_helium_anneal_effect,8.19649222844342e-05
125,2,12,central_role,8.182648263217977e-05
126,2,12,inhibitor_covalent_adduct,8.18206294595107e-05
127,2,12,ortho_quench_electrophilic_lithiation,8.174073446811414e-05
128,2,12,gravitational_influence_independent_indicator,8.150469853550637e-05
129,2,12,ring_adopt_chair_conformation,8.10886771283681e-05
130,2,13,tce_minus_salt_solvate,8.756721445266676e-05
131,2,13,amine_group,8.501158835467645e-05
132,2,13,atomic_focuser,8.325448711093484e-05
133,2,13,volume_interaction,8.3117745439941e-05
134,2,13,reinforcement_effect,8.295338386783997e-05
135,2,13,ehippase_entamoeba_histolytica,8.232733122744349e-05
136,2,13,hydrogen_bond_molecule,8.22789533853864e-05
137,2,13,electron_density_correlation,8.223153086068242e-05
138,2,13,deprotonat_ppt_ligand,8.203129012576758e-05
139,2,13,rotary_mode,8.194488987528861e-05
140,2,14,criii_ion,9.006497101894803e-05
141,2,14,minimum_gap,8.508158216906294e-05
142,2,14,strontium_site_calcium_solubility,8.500363862645165e-05
143,2,14,hopa_minus,8.478783799955092e-05
144,2,14,distinct_c_h,8.410401027385556e-05
145,2,14,iron_contain_protein,8.407240973447509e-05
146,2,14,tyrosine_nearby_arginine,8.326707120251944e-05
147,2,14,aring_deviation,8.310412901738951e-05
148,2,14,host_cell_rna_interference,8.301954904379648e-05
149,2,14,modern_source,8.277433842693003e-05
150,2,15,silica_framework,8.876031591284341e-05
151,2,15,bond_angle_distortion,8.734097835872853e-05
152,2,15,protein_fold_involvement,8.727165514597965e-05
153,2,15,additional_weak_c_h,8.427272880921772e-05
154,2,15,s_site_determination,8.425451899612496e-05
155,2,15,spectral_feature_library,8.352004063796973e-05
156,2,15,complex_crystal_structure,8.325822582858861e-05
157,2,15,dioxane_o_atom,8.315944793782619e-05
158,2,15,correspond_methyl_acetate_group,8.282757882157987e-05
159,2,15,br_distance,8.277101594037157e-05
160,2,16,cyclohexene_oxide_polyamine,8.663717138993785e-05
161,2,16,zachariasen_extinction_correction,8.603720735973483e-05
162,2,16,substrate_metal_bind_hydrolysis,8.541530427313701e-05
163,2,16,aring_mean_plane,8.541201768141139e-05
164,2,16,non_polar_zone,8.535731659905721e-05
165,2,16,molecular_mean_field,8.381544940452992e-05
166,2,16,equivoltage_partition_existence,8.317034383270144e-05
167,2,16,distinct_c_h,8.29070763125213e-05
168,2,16,extradiol_cleave_catecholic_dioxygenase,8.268550897709586e-05
169,2,16,double_strand_chain,8.265524288923557e-05
170,2,17,inorganic_layer,8.591833291691897e-05
171,2,17,statistical_study,8.585424657447732e-05
172,2,17,symmetrically_coordinate_acetate_ligand,8.576685858297919e-05
173,2,17,new_member,8.538848823515101e-05
174,2,17,structural_report,8.52496163698069e-05
175,2,17,doubly_deprotonat_ligand,8.363486163130062e-05
176,2,17,viz_cis_bis_complex,8.325693475881815e-05
177,2,17,dcdp_bind_interaction_heat,8.313232239912861e-05
178,2,17,solvent_flatten,8.310135406954349e-05
179,2,17,roughly_planar_salicylamide_fragment,8.232174961627025e-05
180,2,18,environmental_material,8.641082998226405e-05
181,2,18,such_industry,8.626503435226915e-05
182,2,18,carbonyl_o_atom,8.472014264695529e-05
183,2,18,interest_network_flexibility,8.318281192696901e-05
184,2,18,x_ray_reflectivity,8.281716681222947e-05
185,2,18,micellar_core,8.261343145525037e-05
186,2,18,uerdingen_amp,8.244050361300041e-05
187,2,18,small_single_crystal_polycrystalline,8.231802818591806e-05
188,2,18,central_pyridine_ring,8.171741294946129e-05
189,2,18,chain_generate_hydrogen_bond,8.153487626809821e-05
190,2,19,satellite_reflection,8.754512329945505e-05
191,2,19,rhomboedric_z,8.528781269948234e-05
192,2,19,alloy_particle,8.51811795684753e-05
193,2,19,mclntyre_amp,8.427805978472953e-05
194,2,19,benzene_ring_triazole_ring,8.407172301619332e-05
195,2,19,isolate_molecule,8.281986299476405e-05
196,2,19,water_h_atom,8.203196817476886e-05
197,2,19,example_tran_effect,8.202787249881818e-05
198,2,19,amino_methyl_group,8.198785301483325e-05
199,2,19,total_function,8.182755065145906e-05
200,2,20,methylate_dna,8.595647514832944e-05
201,2,20,single_diffraction,8.44824005238178e-05
202,2,20,silica_framework,8.387246362368213e-05
203,2,20,red_blood_cell,8.367684091734443e-05
204,2,20,typical_loop_mount,8.359991148432372e-05
205,2,20,aring_essentially_planar_deviation,8.302422299356411e-05
206,2,20,inhibit_enzyme,8.292839549390911e-05
207,2,20,crystallize_protein,8.268748681320512e-05
208,2,20,tetranuclear_complex,8.217201200414839e-05
209,2,20,covariance_weight_matrix,8.208063983804558e-05
210,2,21,benzaldehyde_chlorobutane_fragment,9.132600756031003e-05
211,2,21,increase_importance,8.724686102178098e-05
212,2,21,scaffold_contain_deposit_existence,8.454915502551629e-05
213,2,21,spectral_feature_library,8.329308157586591e-05
214,2,21,enzyme_substrate_recognition_mechanism,8.30244587580403e-05
215,2,21,apo_form,8.291826152256223e-05
216,2,21,unit_cell_size_increase,8.26016576452625e-05
217,2,21,dna_bind_domain_beta,8.235358697821311e-05
218,2,21,complexing_property,8.231351041611027e-05
219,2,21,ligand_o_atom,8.197609394355106e-05
220,2,22,acetonitrile_molecule_anion,8.835057158882592e-05
221,2,22,eta_ir_kappa_p,8.496028867496585e-05
222,2,22,rsv_rna_genome,8.3843593833109e-05
223,2,22,sodium_acetate,8.382869353526855e-05
224,2,22,cluster_particle,8.374574993293286e-05
225,2,22,functional_relevance,8.287995931449078e-05
226,2,22,fock_slater_calculation,8.284905752998627e-05
227,2,22,reversible_dehydration,8.26715125287142e-05
228,2,22,imperfect_crystal,8.221929267830288e-05
229,2,22,ultrasonic_vibration_addition,8.161489353769821e-05
230,2,23,approximately_deg_dihedral_angle,8.87957327337545e-05
231,2,23,significant_effect,8.405997325093644e-05
232,2,23,functional_diversity,8.340261327068907e-05
233,2,23,ewald_prize_nomination,8.284119796913279e-05
234,2,23,lt_divergence,8.277847025328161e-05
235,2,23,intrigue_form,8.2617076525964e-05
236,2,23,strongly_distort_octahedron,8.247328469123328e-05
237,2,23,azomethine_n,8.217723699789654e-05
238,2,23,free_energy_calculation,8.201689401113163e-05
239,2,23,uncoordinated_terminal_n_atom,8.197579503778571e-05
240,2,24,subunit_report_small_terminase,8.792355120030845e-05
241,2,24,nitrate_counter_anion,8.74408778110546e-05
242,2,24,stack_pi_pi,8.606747932965824e-05
243,2,24,pyrrolo_pyridine,8.46974576069739e-05
244,2,24,potential_site,8.457625667020862e-05
245,2,24,superconducting_tunnel_junction,8.407310697790966e-05
246,2,24,crystallite_orientation,8.345921231235532e-05
247,2,24,fuse_ring_molecule,8.338945358905797e-05
248,2,24,refinement_strategy,8.338904149463763e-05
249,2,24,minor_component_occupancy,8.328898305964888e-05
250,2,25,znii_cation,8.797843892612435e-05
251,2,25,adjacent_benzene_ring,8.665078299260282e-05
252,2,25,dimension_hypersphere_pack,8.597187934800058e-05
253,2,25,longitudinal_acoustic_wave,8.58543954760251e-05
254,2,25,ligand_point,8.4133884676178e-05
255,2,25,human_body,8.354682820832633e-05
256,2,25,correct_table,8.308969222762421e-05
257,2,25,isoquinoline_ring,8.291484835772732e-05
258,2,25,report_fac_adpm_complex,8.171588475467736e-05
259,2,25,vertebrate_red_blood_cell,8.164810209442745e-05
260,2,26,deprotonat_catechol,8.824663344019344e-05
261,2,26,week_human_fetus_hand,8.528860768089645e-05
262,2,26,residual_stress,8.434025373508577e-05
263,2,26,ring_system_dihedral_angle,8.411047248882098e-05
264,2,26,rei_centre_geometry_difference,8.383804797966627e-05
265,2,26,potentially_quantitative_correction,8.331968463283829e-05
266,2,26,monocapp_tetragonal_antiprism_polyhedron,8.222977511354598e-05
267,2,26,profile_fit,8.205243507376264e-05
268,2,26,carbohydrate_model,8.164215761909481e-05
269,2,26,ec_cdo_cysteine_dioxygenase,8.117896714997629e-05
270,2,27,prolyl_isomerization_serine_phosphorylation,8.5448622668914e-05
271,2,27,weak_c_h_pair,8.479834936706025e-05
272,2,27,present_work,8.465883369535543e-05
273,2,27,be_diameter,8.404486268858742e-05
274,2,27,benzene_ring_system_acridine,8.270910098498379e-05
275,2,27,isoxazole_ring,8.240140052864535e-05
276,2,27,simultaneous_diffraction_effect_magnitude,8.22815867915586e-05
277,2,27,protein_arrangement,8.215866407201005e-05
278,2,27,major_component,8.20761419664988e-05
279,2,27,scatter_exponent,8.203918035331792e-05
280,2,28,substituent_phenyl_ring,8.969231412007806e-05
281,2,28,c_h_dimer,8.55563132720118e-05
282,2,28,p_spectrum,8.471683551297831e-05
283,2,28,systematic_formic_acid,8.423449359083367e-05
284,2,28,size_artifact,8.379955183287002e-05
285,2,28,neutral_network,8.359640028707602e-05
286,2,28,nucleic_acid_sample,8.329275950604966e-05
287,2,28,organic_molecule_zwitterion,8.267698864038785e-05
288,2,28,high_dimension,8.262995587961615e-05
289,2,28,preliminary_result,8.261668134228599e-05
290,2,29,scientific_community_consensus,8.997380717540957e-05
291,2,29,viz_configuration,8.5902049463373e-05
292,2,29,overall_geometry,8.553666704529652e-05
293,2,29,c_hydrogen_bond_interaction,8.480422285772279e-05
294,2,29,hard_sphere,8.384483669446987e-05
295,2,29,conjoint_ring_motif,8.373965776555693e-05
296,2,29,virtual_bragg_scatter_concept,8.347815649007204e-05
297,2,29,crystallographic_b_axis,8.34002877021888e-05
298,2,29,stress_heat_nbsp,8.331489796047586e-05
299,2,29,formal_coordination,8.267921283098375e-05
300,2,30,axis_parallel_ribbon,8.759547050596744e-05
301,2,30,classify_datum_point,8.575642714137172e-05
302,2,30,progression_development,8.467938781220945e-05
303,2,30,substrate_recognition_mechanism,8.38440040615751e-05
304,2,30,o_demethylase,8.363852657553649e-05
305,2,30,dimer_formation,8.349827599740331e-05
306,2,30,thermophilus_tag,8.326631728204848e-05
307,2,30,cation_hydrogen_bond,8.270591302505405e-05
308,2,30,unsymmetrical_schiff_base,8.265966490043503e-05
309,2,30,delta_omega,8.262642750644934e-05
310,2,31,amine_group,9.009410708921596e-05
311,2,31,tert_reaction,8.615805725172209e-05
312,2,31,structurally_characterize_phosphonate_sulfonylhydrazone,8.408736986823185e-05
313,2,31,magnesium_acetate,8.382113431548707e-05
314,2,31,kegg_database,8.34870353748136e-05
315,2,31,simple_idealize_case,8.344247077432831e-05
316,2,31,high_quality,8.332384315438453e-05
317,2,31,n_refractive_index,8.328686167152832e-05
318,2,31,real_time,8.319238001624006e-05
319,2,31,crystallite_behaviour_shape,8.31703141970891e-05
320,2,32,little_effect,8.655566734326008e-05
321,2,32,gas_clathrate,8.604759480440211e-05
322,2,32,o_h_type_result,8.577769713158557e-05
323,2,32,anomalous_ratio,8.542713539001541e-05
324,2,32,c_n,8.478913821662512e-05
325,2,32,sulfonated_derivative,8.463155903335007e-05
326,2,32,total_external_reflection,8.367192518488116e-05
327,2,32,dak_structure,8.366744063606462e-05
328,2,32,adjacent_carbonyl_o_atom,8.299886750796265e-05
329,2,32,cyclohexene_oxide_polyamine_reaction,8.264747526754976e-05
330,2,33,molecule_rapid_loss,9.175323696058427e-05
331,2,33,ergotamine_epimerization_reaction,8.829415811221784e-05
332,2,33,si_atom_coordinaton,8.701729303254714e-05
333,2,33,biologically_active_form_dimer,8.55665584036668e-05
334,2,33,antiulcer_agent_sofalcone_synthesis,8.554218821826282e-05
335,2,33,bridge_pair,8.434009049262885e-05
336,2,33,structure_validation_useful_tool,8.393977712548774e-05
337,2,33,double_crystal_silicon_monochromator,8.320830987583012e-05
338,2,33,extend_structure_stabilization,8.318824902544126e-05
339,2,33,circle_diffractometer_collimator_circle,8.31461137241954e-05
340,2,34,scroll_structure,8.875921884056586e-05
341,2,34,structural_model,8.669722840803696e-05
342,2,34,exposure_time,8.571539646017682e-05
343,2,34,raman_spectrometer_waxd_detector,8.432389052761661e-05
344,2,34,pyrazolone_ring_deg,8.413772987148413e-05
345,2,34,charge_compensation,8.377895974370586e-05
346,2,34,ring_plane_orientation,8.375188981300914e-05
347,2,34,issue_resolve_order,8.366316234813163e-05
348,2,34,ibm_system,8.223446946227103e-05
349,2,34,mono_energetic_positron_beam,8.213877401237823e-05
350,2,35,ipso_c_atom,8.557440367365328e-05
351,2,35,x_as_p,8.521920531538242e-05
352,2,35,o_h_variety,8.471883099496694e-05
353,2,35,edge_share_octahedron,8.447256591883148e-05
354,2,35,s_distance,8.400386560217249e-05
355,2,35,hydroxyphenyl_ring,8.259354827905089e-05
356,2,35,fractional_order_spot,8.237888088432652e-05
357,2,35,literature_report_different_hypothesis,8.211424723841918e-05
358,2,35,high_density_region,8.198740305676796e-05
359,2,35,strongly_distort_octahedron,8.193210542551108e-05
360,2,36,molecular_structure,8.702769092297224e-05
361,2,36,ligand_prime_n_atom,8.429102955032723e-05
362,2,36,globular_beta_protein,8.42701514928611e-05
363,2,36,temperature_range_cover_furnace,8.364640720773935e-05
364,2,36,salt_like_adduct_formation,8.353278289616661e-05
365,2,36,detail_investigation,8.324208284331184e-05
366,2,36,binary_phosphide_pentanickel_tetraphosphide,8.319972552108363e-05
367,2,36,confusion_goniometer,8.284498727802423e-05
368,2,36,coefficient_r,8.21609224905976e-05
369,2,36,in_cuii_ion,8.154431550428102e-05
370,2,37,hodgson_amp,8.46520210770135e-05
371,2,37,urea_group,8.413750760722256e-05
372,2,37,group_rank,8.405402398290023e-05
373,2,37,event_mode,8.361600788010525e-05
374,2,37,salt_cation,8.33320511029402e-05
375,2,37,screw_boat_conformation,8.2264300633046e-05
376,2,37,sample_standard_bragg_angle,8.18187458090776e-05
377,2,37,large_contribute_factor,8.16971116055944e-05
378,2,37,mm_spot,8.156107644826093e-05
379,2,37,cu_o_interaction,8.097317528401695e-05
380,2,38,scatter_technique,8.710787183236953e-05
381,2,38,network_structure,8.484710299894612e-05
382,2,38,desy_esrf_synchrotron_radiation,8.288142730224648e-05
383,2,38,prime_ring,8.219292328558228e-05
384,2,38,previous_multicrystal_design,8.184642858991195e-05
385,2,38,embed_intersection,8.177466460755475e-05
386,2,38,experimental_x_ray_intensity,8.176249604438427e-05
387,2,38,stoichiometric_case,8.17060739897887e-05
388,2,38,difluorobenzyloxy_ring,8.12779656484901e-05
389,2,38,complex_hirudin_peptide,8.073093043803162e-05
390,2,39,difference_molecular_similarity,8.636298386954533e-05
391,2,39,valine_chain,8.462278885059345e-05
392,2,39,c_aring_b,8.357305780434644e-05
393,2,39,bone_tissue_change,8.345002835356239e-05
394,2,39,specific_sequence_variation,8.326874401628532e-05
395,2,39,complexity_protein,8.238931097054456e-05
396,2,39,n_cu,8.209066198733009e-05
397,2,39,refraction_effect_magnitude,8.19245774539795e-05
398,2,39,rotatory_power,8.169532921776231e-05
399,2,39,nbsp_thermophilus_hypothetical_protein,8.16670071591799e-05
400,2,40,group_subgroup_relationship,9.257403291976836e-05
401,2,40,polar_structure,8.829091441171793e-05
402,2,40,class_dhod,8.522811287358308e-05
403,2,40,highly_focus_neutron_beam,8.498538619547999e-05
404,2,40,membrane_voltage,8.475976863317045e-05
405,2,40,fmn_cyclization,8.331920646067777e-05
406,2,40,detail_investigation,8.30710306157439e-05
407,2,40,cartesian_coordinate_system,8.280857520341837e-05
408,2,40,dimeric_cluster_family,8.265536707250092e-05
409,2,40,holmium_ion,8.26176402134378e-05
410,2,41,monomer_position,8.567083029467699e-05
411,2,41,znii_complex_molecule,8.539283928811704e-05
412,2,41,phenyl_ring_group,8.510502015031361e-05
413,2,41,double_pinhole_experiment,8.483088697209825e-05
414,2,41,akt_signal,8.462558229496058e-05
415,2,41,benzisothiazolone_ring_system,8.359589807959054e-05
416,2,41,examination_temperature,8.344136281842242e-05
417,2,41,rotation_bring_sample_displacement,8.325968286308878e-05
418,2,41,unsubstituted_pyrazole_ring,8.300503661889765e-05
419,2,41,ab_plane_layer,8.298198971364616e-05
420,2,42,complex_structure_moiety,8.816933431615213e-05
421,2,42,o_demethylase_vanillate,8.691246990216642e-05
422,2,42,beam_sensitive_dimensional_nanocrystal,8.661730733659709e-05
423,2,42,x_ray_diffraction_study,8.573961418599484e-05
424,2,42,helical_distorsion,8.55245525942746e-05
425,2,42,excitation_laser,8.500543777544495e-05
426,2,42,trityl_propeller,8.404990405460403e-05
427,2,42,new_diamagnetic_complex,8.309149183420545e-05
428,2,42,central_chain,8.297613932553748e-05
429,2,42,symmetry_relate_ligand,8.242114609803683e-05
430,2,43,crystal_average_structure,8.536953557947438e-05
431,2,43,crystal_equilibrium,8.494518343930406e-05
432,2,43,overall_modulation,8.450286875496728e-05
433,2,43,nano_scale_volume,8.297565433167166e-05
434,2,43,new_representative,8.250139349766566e-05
435,2,43,ribosome_structural_study,8.228828057378436e-05
436,2,43,theoretical_experimental_scatter_indicatrice,8.163263833506132e-05
437,2,43,atp_bind_pocket,8.160490333888377e-05
438,2,43,detailed_measurement,8.141918999592378e-05
439,2,43,alternative_orientation,8.13786876523308e-05
440,2,44,phenyl_coumarin_ring_plane,8.73249385914553e-05
441,2,44,size_solution_specie_distribution,8.548909486840281e-05
442,2,44,optical_chirality,8.46792148789148e-05
443,2,44,fringe_visibility,8.431622091985368e-05
444,2,44,subsequent_creation,8.394744268418712e-05
445,2,44,new_potential_antiprotozoal_drug,8.350375638905847e-05
446,2,44,chemically_order_beta,8.328764545934185e-05
447,2,44,sample_small_quantity_information,8.291653539722524e-05
448,2,44,helix_repeat,8.2761010435101e-05
449,2,44,general_liquid_handle_robot,8.275053006271893e-05
450,2,45,error_magnitude,9.435353459468071e-05
451,2,45,nitrogen_oxygen,8.661897148474556e-05
452,2,45,complex_family,8.368215083163316e-05
453,2,45,pfor_ferredoxin_oxidoreductase,8.35418129509509e-05
454,2,45,synchrotron_radiation_datum,8.334919679947108e-05
455,2,45,acridine_cation,8.330748803423464e-05
456,2,45,distinct_dislocation_feature,8.323848775114345e-05
457,2,45,pi_s_pi,8.294677867176756e-05
458,2,45,delta_polymorph,8.234331340942323e-05
459,2,45,hinks_brown_amp,8.22449526347379e-05
460,2,46,time_minus,9.094838530822415e-05
461,2,46,know_value,8.862515020625695e-05
462,2,46,h_atom_conformation,8.568924855296251e-05
463,2,46,unary_form,8.550234606840171e-05
464,2,46,methoxybenzene_ring_tolyl,8.436326485817415e-05
465,2,46,terminal_ring,8.421720450662002e-05
466,2,46,rise_popularity,8.369921741914844e-05
467,2,46,positive_probability,8.363425703798041e-05
468,2,46,ferric_salt,8.283958953146543e-05
469,2,46,strong_pi,8.256143658573704e-05
470,2,47,pyrimidine_deamination_deaminase_domain,8.773267761878765e-05
471,2,47,basic_concept,8.560103117881009e-05
472,2,47,redox_reaction,8.405693448258833e-05
473,2,47,benzene_substituent,8.397036238558879e-05
474,2,47,bioinorganic_inorganic_molecule,8.370940013109896e-05
475,2,47,metal_centre,8.34029268106782e-05
476,2,47,nrfha_complex,8.258462917353179e-05
477,2,47,carbon_carbon_bond_cleavage,8.239592455138003e-05
478,2,47,internal_strain_field,8.200077570106262e-05
479,2,47,catalytic_transfer,8.196271960875208e-05
480,2,48,strong_linear_hydrogen_bond,8.56782471294575e-05
481,2,48,mpa_atm,8.478463690230053e-05
482,2,48,space_group_inversion_centre,8.403250011214768e-05
483,2,48,sulfatase_like_catalytic_domain,8.382519732868153e-05
484,2,48,ethanol_solution,8.285900845459712e-05
485,2,48,carbon_carbon_bond_cleavage,8.277870450773522e-05
486,2,48,perpendicular_benzothiazole_molecule,8.270073219965856e-05
487,2,48,carbon_dichlorobenzene,8.24347894868094e-05
488,2,48,coordination_bond,8.239520240231755e-05
489,2,48,adopt_chair_conformation,8.238976182757836e-05
490,2,49,pancreatic_phospholipase,8.791390842878849e-05
491,2,49,host_lattice,8.485467232943926e-05
492,2,49,organism_attack_viral_infection,8.467092687685828e-05
493,2,49,develope_crystal_growth_direction,8.466182629252393e-05
494,2,49,underlie_parent_structure,8.402153505172347e-05
495,2,49,dimensional_lattice,8.37105151485816e-05
496,2,49,time_resolve_measurement,8.343818405871189e-05
497,2,49,acryloyloxy_acetyl,8.313376375613674e-05
498,2,49,radiation_damage,8.272399123128787e-05
499,2,49,o_enol,8.267494026817177e-05
500,2,50,petn_lipid,8.874807401399594e-05
501,2,50,iron_vanadate,8.432745369003696e-05
502,2,50,important_n_heterocyclic_ligand,8.400219898002766e-05
503,2,50,cell_edge,8.378196984471443e-05
504,2,50,urea_plane_ring,8.309825533350007e-05
505,2,50,sulfatase_like_catalytic_domain,8.280094584727108e-05
506,2,50,o_atom_nitrate,8.252130023990445e-05
507,2,50,small_angle_neutron,8.232148373655565e-05
508,2,50,co_nh_amide_unit,8.22870232000386e-05
509,2,50,virtual_library,8.22771546058374e-05
510,2,51,calcium_ion_contain_structure,8.800901496881498e-05
511,2,51,ovis_ecdysone_receptor,8.67006808743996e-05
512,2,51,r_distance_appropriate_integer,8.533485809864606e-05
513,2,51,order_nlo_property,8.354343492856148e-05
514,2,51,platinum_dispersion_relation,8.29591018947665e-05
515,2,51,trustful_relevant_result,8.281853527876239e-05
516,2,51,alpha_lob_shape_protein,8.248573165499643e-05
517,2,51,scatter_factor,8.240360428495492e-05
518,2,51,new_structural_type,8.200661080215469e-05
519,2,51,molecular_electronic_structure,8.196333960348093e-05
520,2,52,cover_area,8.968603584376756e-05
521,2,52,libration_cl_ion_displacement,8.732392850539421e-05
522,2,52,slightly_distort_octahedron,8.575367722599865e-05
523,2,52,precise_position,8.342272727644545e-05
524,2,52,small_angle,8.26361841727353e-05
525,2,52,chemical_calculation,8.258446362013352e-05
526,2,52,long_term,8.21242397769666e-05
527,2,52,metallic_texture_thin_film,8.184683065519512e-05
528,2,52,infinite_dimensional_network,8.180342164146402e-05
529,2,52,fresnel_diffraction,8.179153477157608e-05
530,2,53,triangular_face,8.548340585114916e-05
531,2,53,atom_additional_group,8.483051304736106e-05
532,2,53,monoprotonated_cation,8.455063331225948e-05
533,2,53,de_excitation,8.308785082316222e-05
534,2,53,plusmn_bth,8.307919565092451e-05
535,2,53,paper_address_problem,8.298569099901763e-05
536,2,53,factor_temperature,8.287282837106388e-05
537,2,53,general_formula_family,8.277399748474952e-05
538,2,53,substrate_peak_layer,8.264789886387634e-05
539,2,53,covalency_ionicity,8.253402366647022e-05
540,2,54,typical_saxs_sans_experiment,8.928733547439962e-05
541,2,54,hirudin_c_terminal_peptide,8.866853022333553e-05
542,2,54,optical_chirality,8.800968471510348e-05
543,2,54,main_chain_torsion,8.778662533839873e-05
544,2,54,n_h_link_dimer,8.668608793854129e-05
545,2,54,waxd_datum,8.610040929603002e-05
546,2,54,pentagonal_bipyramidal_coordination_environment,8.38215633649272e-05
547,2,54,biomacromolecular_crystal_quality,8.344081751489444e-05
548,2,54,aromatic_biosynthesis_shikimate_pathway,8.302221190424738e-05
549,2,54,prominent_role,8.29366891154932e-05
550,2,55,droplet_ejection,8.567376066866166e-05
551,2,55,site_symmetry_cdii_atom,8.528902168745424e-05
552,2,55,x_p_v,8.50526948839409e-05
553,2,55,impact_system,8.418469534700046e-05
554,2,55,isomorphous_replacement_method,8.350105397388446e-05
555,2,55,unit_thickness,8.309103734122055e-05
556,2,55,mu_kappa_triangulo_triosmium,8.285277938793583e-05
557,2,55,cryocool_crystal_radiation_damage,8.281172801788536e-05
558,2,55,trinuclear_osmium_cluster,8.256004127494816e-05
559,2,55,alpha_molecule,8.248316317010705e-05
560,2,56,additional_dimensional_interaction,8.576669584754403e-05
561,2,56,structural_datum,8.256876120478464e-05
562,2,56,membrane_deletion,8.246646742391718e-05
563,2,56,dock_structure,8.209113031373888e-05
564,2,56,piano_stool_geometry,8.208625658753005e-05
565,2,56,dimerization_mode,8.20075053643136e-05
566,2,56,prime_crystallization_water_polyhedron,8.17299343501496e-05
567,2,56,facial_position,8.143584932611529e-05
568,2,56,inhibitor_complex_structure,8.142700987510946e-05
569,2,56,dimensional_polymeric_structure,8.137097814914442e-05
570,2,57,o_h_intramolecular_formation,8.634591131418789e-05
571,2,57,clear_homogeneity,8.633563244606493e-05
572,2,57,crystal_structure_component,8.586895821749255e-05
573,2,57,point_group_symmetry,8.469204430363216e-05
574,2,57,hexafluoridophosphate_anion_cation,8.35077651598237e-05
575,2,57,deg_angle,8.301615625024341e-05
576,2,57,hydrazine_hydrate_hydrocinnamaldehyde,8.29462259395116e-05
577,2,57,main_class,8.280463136208013e-05
578,2,57,crystal_type,8.262940149983422e-05
579,2,57,n_terminal_affinity_tag,8.255616689723068e-05
580,2,58,deg_range_lie,8.708159721823473e-05
581,2,58,standard_uncertainty,8.629606489798e-05
582,2,58,benzaldehyde_chlorobutane,8.486239185548956e-05
583,2,58,mn_atom,8.432439072908276e-05
584,2,58,chain_result,8.408570817798403e-05
585,2,58,two_crystal_type,8.370058299790316e-05
586,2,58,coordination_geometry,8.362816436769081e-05
587,2,58,improve_ratio,8.35879520197753e-05
588,2,58,eukaryotic_cell,8.306861376982873e-05
589,2,58,process_biological_molecule,8.286649922308834e-05
590,2,59,heterocycle_protonation,8.687491890493676e-05
591,2,59,br_distance,8.579643207098242e-05
592,2,59,mhz_resonant_frequency_stack,8.49192211821519e-05
593,2,59,metastable_phasis,8.454327075090139e-05
594,2,59,slightly_distort_octahedral_structure,8.394307795774954e-05
595,2,59,scandium_dope_tiocl,8.350175556431008e-05
596,2,59,datum_retention,8.29372525733927e-05
597,2,59,isomorphous_case,8.272971235742728e-05
598,2,59,h_group,8.269065643211478e-05
599,2,59,euclidean_space_imposition,8.205322571666818e-05
600,2,60,znii_cation_tetrahedral_coordination,8.667153080324429e-05
601,2,60,bacterial_pathogen_potent_activity,8.659344895967012e-05
602,2,60,aromatic_ring_system,8.439094028730102e-05
603,2,60,major_zone_axis,8.422532673855323e-05
604,2,60,spine_sample,8.39277785859963e-05
605,2,60,sample_symmetry_change,8.390875709970923e-05
606,2,60,macroscopic_scale,8.319557986683844e-05
607,2,60,numerical_example,8.299224466293228e-05
608,2,60,beta_domain,8.280897219626429e-05
609,2,60,nmr_spectrum,8.151652278312664e-05
610,2,61,c_terminal_whth_domain,8.95207204355621e-05
611,2,61,rapidly_decay_scatter_curve,8.844024157061686e-05
612,2,61,cylindrical_fashion,8.697295643694857e-05
613,2,61,ctd_conformational_status,8.603207302056338e-05
614,2,61,mdap_contain_mdap_tripeptide,8.425123191426107e-05
615,2,61,nucleophile_role,8.313857172004568e-05
616,2,61,adp_product,8.298337145944491e-05
617,2,61,datum_analysis,8.256871216998783e-05
618,2,61,stannic_chloride_acid,8.250493507628533e-05
619,2,61,holder_standard,8.249653883911291e-05
620,2,62,nucleotide_bind,8.460811794922931e-05
621,2,62,dimer_two_family,8.368893824114648e-05
622,2,62,crystallization_state_evaluation,8.365325993284389e-05
623,2,62,invert_matrix,8.341739549437181e-05
624,2,62,count_loss_count_time,8.329612665089775e-05
625,2,62,predominant_oxidation_product,8.28494305938476e-05
626,2,62,alpha_alpha_delta_sin,8.260102717442542e-05
627,2,62,crystallographic_symmetry_dimer,8.233902825915211e-05
628,2,62,agi_atom,8.188344243552e-05
629,2,62,be_pitch,8.182400329179779e-05
630,2,63,low_symmetry_phase,8.684292458982426e-05
631,2,63,iron_contain_protein,8.525289806422549e-05
632,2,63,p_hydrogen_bond,8.505721983255133e-05
633,2,63,asymmetric_unit_solvent_molecule,8.486892437652392e-05
634,2,63,investigate_crystal,8.421486487837159e-05
635,2,63,iron_nitride,8.306525414154501e-05
636,2,63,coat_thickness,8.283855273529976e-05
637,2,63,ba_atom,8.276221554725194e-05
638,2,63,ac_field,8.238189067825306e-05
639,2,63,axis_build_linear_chain,8.224777467532428e-05
640,2,64,derive_schiff_base_ligand,8.550411381818907e-05
641,2,64,naturally_occur_tectochrysin,8.461382897280229e-05
642,2,64,rubbery_material_property,8.408841701978373e-05
643,2,64,ultrasonic_oscillation,8.35774380285334e-05
644,2,64,expose_atom_high_fraction,8.335663970235887e-05
645,2,64,quantum_mechanical_calculation,8.321769842604672e-05
646,2,64,centrosymmetric_entity,8.28863462997704e-05
647,2,64,dimensional_supramolecular_net,8.232367142017262e-05
648,2,64,irregular_ladder_dimensional_column,8.1936355990894e-05
649,2,64,polycrystalline_speciman,8.18977375683148e-05
650,2,65,gel_filtration_follow_chromatography,8.614637049636387e-05
651,2,65,complete_datum_set,8.595725844581404e-05
652,2,65,simultaneously_operate_experimental_station,8.580666088881135e-05
653,2,65,keto_enol_form,8.447572935346718e-05
654,2,65,middot_niii_ion,8.411842642684752e-05
655,2,65,solvent_polymer_phase_separation,8.363896386807822e-05
656,2,65,high_know_energy_density,8.307742339570927e-05
657,2,65,crystallographic_asymmetric_unit_complex,8.29918963496806e-05
658,2,65,crystallization_phase_diagram,8.278137520721708e-05
659,2,65,furofuran_ligand_synthesis_study,8.275107644289145e-05
660,2,66,spherical_average,8.733036165198658e-05
661,2,66,membrane_protein,8.718383778427407e-05
662,2,66,thienyl_ring_flip_disorder,8.586154931576498e-05
663,2,66,escherichia_coli_clone,8.352846269059256e-05
664,2,66,methanol_molecule_water_form,8.302166060954027e-05
665,2,66,molecular_dipole_antiparallel_orientation,8.27660461523751e-05
666,2,66,equivoltage_partition,8.276335834926378e-05
667,2,66,middot_minus_anion_cation,8.253311432478516e-05
668,2,66,aring_molecule,8.238279733169001e-05
669,2,66,continuous_solid_solution_formation,8.2281693910464e-05
670,2,67,polymorph_crystal_structure,8.47516354923114e-05
671,2,67,aring_cui_distance,8.460830370288524e-05
672,2,67,equal_bi_n_bond,8.413527353814162e-05
673,2,67,hydrogen_atom,8.311341914059177e-05
674,2,67,new_expression,8.273042560640338e-05
675,2,67,useful_anomalous_correlation,8.191789891518354e-05
676,2,67,intensity_variation,8.189867973931163e-05
677,2,67,isomorphic_phase,8.188167266338793e-05
678,2,67,charge_neutral_layer,8.107414341743426e-05
679,2,67,low_rim,8.103383630980898e-05
680,2,68,disodium_dianion,8.551489625952281e-05
681,2,68,crystallization_protein_preparation_contaminant,8.482412089158117e-05
682,2,68,measure_friedel_pair,8.42825066252227e-05
683,2,68,pcna_human_complex,8.40911329698124e-05
684,2,68,propeller_like_shape,8.39274860774106e-05
685,2,68,benzene_phenyl_ring_respect,8.352535946878506e-05
686,2,68,synchrotron_radiation_source,8.351837911042999e-05
687,2,68,refine_domain_ratio,8.328030338785756e-05
688,2,68,core_shell_model,8.315065040649041e-05
689,2,68,b_pr,8.280448229309671e-05
690,2,69,ph_s,8.856626383066084e-05
691,2,69,weak_c_h_cation,8.692965914063265e-05
692,2,69,plane_anniversary,8.60397566233006e-05
693,2,69,large_scale,8.482970211844364e-05
694,2,69,reciprocal_lattice_point,8.370053780951891e-05
695,2,69,continuous_base_position_pair,8.320873001957354e-05
696,2,69,h_atom_conformation,8.306266528626336e-05
697,2,69,substrate_ubiquitination,8.277484964777667e-05
698,2,69,cylindrical_grate_monochromator,8.2696615927947e-05
699,2,69,inorganic_hybrid,8.264623659865108e-05
700,2,70,air_wet_dry_biospecimen,8.581468435940424e-05
701,2,70,concordance_rate,8.572488611076164e-05
702,2,70,terminal_phenyl,8.539996799351114e-05
703,2,70,local_cs_symmetry,8.415988031746474e-05
704,2,70,host_framework,8.3277563357833e-05
705,2,70,pyrimidinyl_ligand,8.283702463159194e-05
706,2,70,benzylidene_benzene_ring,8.278354073782192e-05
707,2,70,ethoxy_formamide_group,8.243979142945686e-05
708,2,70,cu_atom_axial_position,8.22454616319725e-05
709,2,70,antiretroviral_drug_resistance,8.223685276598023e-05
710,2,71,guanidinium_sulfosalicylate_middot_minus,8.502565660876361e-05
711,2,71,open_phenomenon_problem,8.431762290506974e-05
712,2,71,different_contrast,8.425643557201457e-05
713,2,71,o_group,8.412527340503398e-05
714,2,71,cu_atom_pair,8.40907259161191e-05
715,2,71,human_body,8.371304676575436e-05
716,2,71,topological_family,8.342455489149681e-05
717,2,71,high_flux,8.296526597067339e-05
718,2,71,serial_femtosecond_crystallography,8.294286333456284e-05
719,2,71,high_power_undulator_beamline,8.266431314941656e-05
720,2,72,field_emission,8.816873087882564e-05
721,2,72,ship_dewar_sample,8.623375845112974e-05
722,2,72,intermolecular_hydrogen_bond_association,8.55521738414352e-05
723,2,72,sign_change,8.554848951610853e-05
724,2,72,size_distribution_function,8.415505181804665e-05
725,2,72,example_tran_effect,8.302572985703272e-05
726,2,72,optimal_bind_pocket,8.295258803269876e-05
727,2,72,high_precision,8.28461159487769e-05
728,2,72,plane_octahedron_phase_rotation,8.238633048948915e-05
729,2,72,cation_cation,8.172475814023698e-05
730,2,73,solidification_process,8.952207347596873e-05
731,2,73,powder_datum_plusmn,8.624618876469717e-05
732,2,73,killer_toxin,8.521553002643819e-05
733,2,73,nh_c_segment,8.519061831718935e-05
734,2,73,beta_hydrolysis,8.43166082512267e-05
735,2,73,glycouril_framework_respect_tran,8.402065170633919e-05
736,2,73,mixture_quantitative_mineralogical_analysis,8.378188307953723e-05
737,2,73,water_coordinate_sn_atom,8.346210719042655e-05
738,2,73,modify_cube_method,8.333900554354966e-05
739,2,73,image_feature_extraction,8.239421487371145e-05
740,2,74,delta_polymorph,8.376117319646932e-05
741,2,74,f_c_h,8.358665550192684e-05
742,2,74,bridgehead_bond,8.341148090566352e-05
743,2,74,versatile_reader,8.335136671891024e-05
744,2,74,area_detector,8.280389278148081e-05
745,2,74,centrosymmetric_dinuclear_cdii_complex,8.277643825716586e-05
746,2,74,ketone_group,8.277573622006457e-05
747,2,74,circular_symmetry_pattern,8.220153913368601e-05
748,2,74,experimental_station,8.193506688998237e-05
749,2,74,know_protein_structure,8.186163364413543e-05
750,2,75,wavelength_dependence,8.588112868080828e-05
751,2,75,optical_enrichment,8.555447157254108e-05
752,2,75,protocatechuate_form_dehydration,8.54620427500283e-05
753,2,75,adjoin_phasis,8.486388843850005e-05
754,2,75,size_existence,8.453708097170053e-05
755,2,75,atom_plane,8.409486170277116e-05
756,2,75,metabolic_pathway,8.379210669437461e-05
757,2,75,structure_real_configuration,8.37686537507493e-05
758,2,75,protein_domain,8.352427629888667e-05
759,2,75,bacillus_subtili_crystal_structure,8.285147040245459e-05
760,2,76,principle_enantiomorph_apply_method,8.684323018238194e-05
761,2,76,free_micelle,8.551475719938739e-05
762,2,76,monolithium_ethylene_glycolate,8.52186130407608e-05
763,2,76,whole_powder,8.417220386283763e-05
764,2,76,publish_asymmetric_unit,8.413525162688492e-05
765,2,76,chair_conformation,8.351721641662943e-05
766,2,76,thallium_atom,8.344679466269482e-05
767,2,76,butylamine_chain,8.343595528818493e-05
768,2,76,new_form,8.317383379759997e-05
769,2,76,ring_reference,8.301374490273593e-05
770,2,77,middot_monohydrate_systematic,8.656396545885422e-05
771,2,77,covalency_ionicity,8.585326766749526e-05
772,2,77,different_crystal_form,8.447943580594533e-05
773,2,77,crystal_structure_stack_direction,8.354468288632165e-05
774,2,77,new_diamagnetic_complex,8.346105656742724e-05
775,2,77,b_axis_parallel,8.295672478286522e-05
776,2,77,orthorhombic_form_anti_disposition,8.256612432345787e-05
777,2,77,crystal_form,8.23381745293963e-05
778,2,77,metal_bind_site,8.196410688710898e-05
779,2,77,scandium_phosphate_dihydrate,8.195435572915441e-05
780,2,78,different_contrast,8.65828927049176e-05
781,2,78,heteroepitaxic_structure,8.431551692581435e-05
782,2,78,gst_fusion,8.412573929110145e-05
783,2,78,different_enzyme_active_site,8.39522747888522e-05
784,2,78,target_site,8.369664592106252e-05
785,2,78,twist_minus_ring,8.31094106572501e-05
786,2,78,completely_abrogate_transport,8.30729783566324e-05
787,2,78,ethanol_acid_reaction,8.25684305710682e-05
788,2,78,xrd_result,8.235442338683363e-05
789,2,78,zone_plate,8.231933025443534e-05
790,2,79,sub_set,9.113666559226147e-05
791,2,79,dioxane_o_atom,8.751651011344841e-05
792,2,79,dimensional_lattice,8.600844030354951e-05
793,2,79,short_separation_overlap_arrangement,8.588251143195771e-05
794,2,79,crystallite_size_distribution,8.562862653720482e-05
795,2,79,methanol_molecule_water_form,8.366972445940627e-05
796,2,79,obtain_structure,8.309134804605249e-05
797,2,79,microstrain_broaden,8.265467876464102e-05
798,2,79,binary_system,8.255086606659285e-05
799,2,79,uranium_derivatis_protein_protein,8.250847225954811e-05
800,2,80,quantitative_description,8.667124237896111e-05
801,2,80,large_terephthal_butylaniline,8.466029018415239e-05
802,2,80,near_zone,8.463761330539074e-05
803,2,80,cluster_new_type_existence,8.42817586089259e-05
804,2,80,downstream_signal_protein,8.320130573564869e-05
805,2,80,deprotonat_ppt_ligand,8.301137887253852e-05
806,2,80,direction_crystallographic_screw_axis,8.276711376066133e-05
807,2,80,convergent_beam_electron_diffraction,8.261918397850289e-05
808,2,80,extensive_intermolecular_hydrogen_bond,8.243052386795997e-05
809,2,80,novo_determination,8.240971184310326e-05
810,2,81,flap_methine_c_atom,8.494308546099973e-05
811,2,81,deoxynucleoside_pyrimidine,8.472393490481404e-05
812,2,81,improve_understand,8.423176175170948e-05
813,2,81,accuracy_long_term_stability,8.395443792070473e-05
814,2,81,twofold_screw,8.33835496790668e-05
815,2,81,viz_independent_dimensional_chain,8.281246841434748e-05
816,2,81,i_semicarbazone,8.270161595309606e-05
817,2,81,ideal_eclipse_conformation_deg,8.265034089268057e-05
818,2,81,vacuum_chamber,8.253895598376375e-05
819,2,81,canonical_view,8.215748407794274e-05
820,2,82,sigma_direction,8.59183910171619e-05
821,2,82,gnomonic_stereographic_projection,8.52084727961995e-05
822,2,82,strong_p_oh,8.51571613946367e-05
823,2,82,macromolecular_case,8.438438847407693e-05
824,2,82,iucr_unesco_openlab,8.339610089847724e-05
825,2,82,thin_diamond_crystal_station,8.312207568151075e-05
826,2,82,zwitterionic_state,8.233738536109177e-05
827,2,82,different_chemical_composition,8.233012487845063e-05
828,2,82,arbitrary_density_modification_technique,8.220514891655352e-05
829,2,82,cl_halogen_bond,8.210172107426397e-05
830,2,83,tetrachloridoferrate_anion_cation,8.868290668109585e-05
831,2,83,acid_protein,8.709601806959199e-05
832,2,83,operator_region,8.657451115493777e-05
833,2,83,anisotropic_motion,8.644466331466387e-05
834,2,83,datum_protein_structure,8.632728734206773e-05
835,2,83,strontium_magnesium,8.630679894009177e-05
836,2,83,final_solid_product,8.375493514777818e-05
837,2,83,aring_zn_o,8.336031921319281e-05
838,2,83,experimental_rock_curve,8.329069086765739e-05
839,2,83,maximum_deviation_bromobenzene_unit,8.307787793601157e-05
0,3,0,complete_structure,8.338449321716791e-05
1,3,0,axial_chirality,8.258927101944173e-05
2,3,0,tetrahedral_distortion,8.088811937915022e-05
3,3,0,fourier_coefficient,8.059220779460314e-05
4,3,0,plot_method,8.047764984996058e-05
5,3,0,developmental_challenge,7.976485346422136e-05
6,3,0,h_bond,7.914795364126514e-05
7,3,0,heptane_chain,7.887096369957378e-05
8,3,0,gene_expression_epigenetic_regulation,7.877410952041032e-05
9,3,0,trim_relaxation,7.863857623263253e-05
10,3,1,fashion_direction,8.515582989405743e-05
11,3,1,therapy_design,8.38239680837264e-05
12,3,1,ring_plane,8.366811704822311e-05
13,3,1,equatorial_orientation,8.072570690996486e-05
14,3,1,random_walk_technique,8.040455353658824e-05
15,3,1,crystallographic_datum_transformation,8.001020513603811e-05
16,3,1,attractive_term,7.986441040834036e-05
17,3,1,simultaneous_diffraction_effect,7.975958656572776e-05
18,3,1,plate_change_robot,7.971672375711485e-05
19,3,1,bond_metallic_nature,7.917261742137865e-05
20,3,2,sphere_interpenetrate_layer,8.380712416048858e-05
21,3,2,novel_modification,8.318094304472849e-05
22,3,2,os_bond_parameter,8.121288129348526e-05
23,3,2,linear_structure,8.075986548997888e-05
24,3,2,weak_intermolecular_pi_pi,8.062378285429467e-05
25,3,2,bind_heavy_atom_cluster,8.034091576956872e-05
26,3,2,carboxylate_anion_structure,7.950350521657489e-05
27,3,2,square_root,7.901363240155377e-05
28,3,2,cdii_complex,7.87949465599583e-05
29,3,2,impurity_concentration,7.869185911798579e-05
30,3,3,streptomyces_lividan,8.390464226552307e-05
31,3,3,type_ii_cohesin,8.222630461216144e-05
32,3,3,da_procedure,7.954189656717554e-05
33,3,3,dsb_protein,7.906839480944926e-05
34,3,3,single_crystal_tellurium,7.864600637261253e-05
35,3,3,ii_deg,7.861242338139079e-05
36,3,3,subunit_report_small_terminase,7.855630918287841e-05
37,3,3,systematic_difference,7.822003455072282e-05
38,3,3,two_l,7.819220117651135e-05
39,3,3,tpsi_sign_numerical_analysis,7.816870924688765e-05
40,3,4,radiation_power,8.522687518200536e-05
41,3,4,dimensional_ag_bipy_chain,8.316906889341395e-05
42,3,4,fluorescent_photon,8.3000322426007e-05
43,3,4,platinum_analogue,8.115127236407816e-05
44,3,4,crystal_structure_stabilization,8.071230351534268e-05
45,3,4,intestinal_colonization_important_process,7.948343115884051e-05
46,3,4,student_simple_apparatus,7.940283725514131e-05
47,3,4,great_tran_influence,7.929058777243831e-05
48,3,4,unsaturated_ring,7.916099272221592e-05
49,3,4,edge_dislocation,7.90069895602272e-05
