,run,topic,terms,p
d,8.37304209581566e-05
1,1,0,hydroxide_ion,8.358405236055452e-05
2,1,0,relatively_short_exposure_time,8.302668011857042e-05
3,1,0,simple_mechanical_structure,8.135662074220698e-05
4,1,0,ph_sodium_acetate,8.062927126111167e-05
5,1,0,pyrazole_mean_plane,8.053451397450502e-05
6,1,0,expect_symmetry_centre,8.0524307288241e-05
7,1,0,relatively_weak_magnetic_field,8.050741956879475e-05
8,1,0,titanium_reagent,8.044977709359921e-05
9,1,0,sugar_contain_structure,8.003556320820093e-05
10,1,1,osmium_cluster,8.66886570102391e-05
11,1,1,octahedral_environment,8.415923753639793e-05
12,1,1,monoclinic_delta,8.397265299672551e-05
13,1,1,important_drug_target,8.308379351275483e-05
14,1,1,isostructure_crystal,8.261987934795525e-05
15,1,1,ball_mill,8.253917579167167e-05
16,1,1,different_wavelength_phase_capability,8.231288163350286e-05
17,1,1,aring_plane,8.218110951133454e-05
18,1,1,dominate_primary_model,8.213555357889744e-05
19,1,1,water_molecule_schiff_base,8.203359012143131e-05
20,1,2,cyclohexenone_ring,8.871620370582369e-05
21,1,2,perchlorate_ion,8.578730801884559e-05
22,1,2,previous_result,8.440907874619648e-05
23,1,2,important_influence,8.28985080206979e-05
24,1,2,mammalian_cyclooxygenase,8.274921282115281e-05
25,1,2,obtain_crystal_structure,8.196368237246847e-05
26,1,2,czochralski_technique,8.118870992071349e-05
27,1,2,fit_curve,8.115896949993214e-05
28,1,2,further_structure_refinement,8.08210637009158e-05
29,1,2,relatively_small_perturbation,8.075396210332578e-05
30,1,3,distortion_character,8.515338469160517e-05
31,1,3,carbazolyl_fragment,8.496007249798585e-05
32,1,3,distort_bipyramidal_geometry,8.153339873999491e-05
33,1,3,coordination_site,8.107073223983476e-05
34,1,3,crystal_mosaicity,8.098961525908061e-05
35,1,3,mu_kappa_n_prime,8.087922210850254e-05
36,1,3,such_phenomenon,8.083014989942651e-05
37,1,3,cuii_centre,8.059062887026076e-05
38,1,3,sin_theta,8.045688224759839e-05
39,1,3,inelastic_x_ray_scatter,8.035910628363885e-05
40,1,4,growth_sector_boundary,8.357920533860969e-05
41,1,4,anisotropic_displacement_parameter,8.33223956852164e-05
42,1,4,order_optical_susceptibility,8.222439946129228e-05
43,1,4,equine_arteritis_virus,8.218790571038842e-05
44,1,4,present_method,8.191780682942481e-05
45,1,4,l_edge_spectroscopy,8.120097910671948e-05
46,1,4,mathematical_problem,8.093787463057821e-05
47,1,4,coarse_grain_atomistic_level,8.075143019127209e-05
48,1,4,widespread_application,8.027182682432003e-05
49,1,4,micellar_core_electron_density,8.025425159568441e-05
50,1,5,size_solution_specie_distribution,8.14331360808879e-05
51,1,5,binuclear_molecule,8.120666764419841e-05
52,1,5,nbsp_noncrystallographic_symmetry,8.102678427041702e-05
53,1,5,crystal_phase,8.049985554123793e-05
54,1,5,electron_density_map,8.007698904347533e-05
55,1,5,s_interval_s,7.97600135433798e-05
56,1,5,cmethyl_torsion,7.968078814651364e-05
57,1,5,asymmetric_unit_atomic_composition,7.966776885191237e-05
58,1,5,benzene_ring_pi_contact,7.943241718593216e-05
59,1,5,mx_amx_fmx_beamline,7.93701238086334e-05
60,1,6,cucr_mu_core_binuclear,8.719982331767226e-05
61,1,6,al_atom,8.364471533113069e-05
62,1,6,choose_wavelength,8.327245848874553e-05
63,1,6,cation_protonated_n_atom,8.287166094235307e-05
64,1,6,hoffmann_r,8.277332046686649e-05
65,1,6,crystal_mosaicity,8.265019111715372e-05
66,1,6,whth_domain,8.230251019995829e-05
67,1,6,pyridoxal_prime_biosynthesis,8.128254946869866e-05
68,1,6,reduce_catalytic_activity,8.099386044479174e-05
69,1,6,piox_pathogen_inducible_oxygenase,8.055659216726177e-05
70,1,7,wurtzite_type,8.828470344245177e-05
71,1,7,rips_type,8.338480513342139e-05
72,1,7,range_reflection,8.278024733397911e-05
73,1,7,constant_area,8.266817563595655e-05
74,1,7,pyrimidinyl_ligand,8.243837892570884e-05
75,1,7,hexadentate_ligand,8.173935879989828e-05
76,1,7,pattern_nanostructure,8.170142031006137e-05
77,1,7,continuously_stepwise,8.146021292799109e-05
78,1,7,approximately_aring_contact,8.108846711618627e-05
79,1,7,experimental_datum,8.099628535211497e-05
80,1,8,n_zn_angle,8.602301076059723e-05
81,1,8,life_archaeal_domain,8.58707109333694e-05
82,1,8,beamline_control_program,8.479112919856006e-05
83,1,8,benzotriazole_ring_system,8.2805778423257e-05
84,1,8,order_nlo,8.177429592615274e-05
85,1,8,invert_matrix,8.15211724675601e-05
86,1,8,mean_cationic_radius_coincident,8.151828980472902e-05
87,1,8,human_neutrophil_gelatinase,8.116609736635482e-05
88,1,8,robotic_sample_changer,8.105941975704704e-05
89,1,8,parallel_form,8.101325729824021e-05
90,1,9,van_o,8.452502355542475e-05
91,1,9,fold_anomalous_multiplicity,8.392090210248693e-05
92,1,9,dft_density_functional_theory,8.331681375699537e-05
93,1,9,rise_popularity,8.307791310942342e-05
94,1,9,unit_cell_time_time,8.162428875181314e-05
95,1,9,planar_phenyl,8.158517994682429e-05
96,1,9,control_unit,8.153975895365679e-05
97,1,9,new_representative,8.140282174024279e-05
98,1,9,distort_trigonal_biyramid,8.136436322009535e-05
99,1,9,particular_future_application,8.0881455735976e-05
0,2,0,pseudosymmetry_decrease,8.68865503300615e-05
1,2,0,coherent_inelastic_neutron,8.37617203919027e-05
2,2,0,c_delta_atom_n,8.361884547875909e-05
3,2,0,phosphorylate_residue,8.1842616687132e-05
4,2,0,run_intersect_tunnel,8.177043468468709e-05
5,2,0,strontium_magnesium,8.153668769027332e-05
6,2,0,structure_different_anion_incorporation,8.092151971271434e-05
7,2,0,obtain_pattern,8.034887266169872e-05
8,2,0,methylsulfanyl_group,8.022255589957975e-05
9,2,0,o_o_prime_prime,8.02001951525396e-05
10,2,1,crystallographic_study,8.577620165421783e-05
11,2,1,axial_chirality,8.535060269093436e-05
12,2,1,pi_array,8.457476950165075e-05
13,2,1,deg_benzene_ring,8.37549912553777e-05
14,2,1,direct_neutron_stream,8.320155863590708e-05
15,2,1,solvent_box,8.286639954424803e-05
16,2,1,individual_p_form_identification,8.255715437922163e-05
17,2,1,low_temperature_powder_diffraction,8.115654877150852e-05
18,2,1,enol_form,8.115078265843288e-05
19,2,1,structure_determination,8.101157266576775e-05
20,2,2,complex_znii_atom,8.816170695515648e-05
21,2,2,software_package,8.368009465934506e-05
22,2,2,water_acetate_perchlorate,8.287093949854723e-05
23,2,2,nucleophilic_serine,8.234165288301659e-05
24,2,2,square_determination,8.155239487027907e-05
25,2,2,o_volume_distance,8.134816892568775e-05
26,2,2,deaminase_product_complex_ribg,8.133886557163234e-05
27,2,2,laboratory_information_management_system,8.100165295836875e-05
28,2,2,cuau_alloy,8.031227350954424e-05
29,2,2,c_delta,8.012949478930319e-05
30,2,3,lob_shape_protein,8.324000618551797e-05
31,2,3,molecule_ligand,8.246369889704358e-05
32,2,3,direct_image_visibility,8.199823069449238e-05
33,2,3,accurate_intensity,8.081004145746996e-05
34,2,3,fip_large_value_polyamide,8.075478493725887e-05
35,2,3,dimeric_state,8.042965742654255e-05
36,2,3,nrfha_complex,8.03460887006666e-05
37,2,3,crystal_position,7.994293783396067e-05
38,2,3,ug_rich_repeat,7.977398827788803e-05
39,2,3,incident_x_ray_spectrum,7.955415677587412e-05
40,2,4,aromatic_biosynthesis,8.545152544409538e-05
41,2,4,synchrotron_instrument,8.37726111116346e-05
42,2,4,atomic_number,8.299920950233511e-05
43,2,4,nanoparticle_advective_motion_direction,8.188134516140073e-05
44,2,4,dna_package,8.185736097055874e-05
45,2,4,plane_parallel_layer,8.160757735973888e-05
46,2,4,cell_envelope,8.144894239724498e-05
47,2,4,zone_axis_multi_beam,8.135020398851266e-05
48,2,4,thiourea_molecule,8.123590401266544e-05
49,2,4,symmetry_centre_middot,8.113429351954821e-05
50,2,5,central_fragment,8.426533864189349e-05
51,2,5,vapor_diffusion_trial,8.214909211645506e-05
52,2,5,trigonal_antiprism,8.206100336926675e-05
53,2,5,water_o_k,8.103073958840589e-05
54,2,5,organic_nature,8.05621612985715e-05
55,2,5,different_crystalline_form,8.055598982650752e-05
56,2,5,growth_rate,8.05385751645636e-05
57,2,5,oks_octaketide_synthase,8.041398569599191e-05
58,2,5,dimensional_architecture,8.032623579015531e-05
59,2,5,carbamoyl_phosphate,8.029817696189372e-05
60,2,6,advective_motion,8.382832214760115e-05
61,2,6,c_terminal_end,8.370212998211058e-05
62,2,6,p_bond_length,8.34065646609902e-05
63,2,6,iii_polyketide_synthase,8.302650762610424e-05
64,2,6,c_nrfa_nitrite_reductase,8.263760275748287e-05
65,2,6,refinement_purpose,8.170088977249763e-05
66,2,6,spine_standard,8.134592634000842e-05
67,2,6,motif_form_inversion_dimer,8.119919298884797e-05
68,2,6,adjacent_cdii_atom,8.11816897022993e-05
69,2,6,cyano_group,8.090269812943141e-05
70,2,7,multiple_equidistant_split,8.571322231016211e-05
71,2,7,ferroelectric_phase,8.38767918997746e-05
72,2,7,dysprosium_dope_phase,8.360826139105758e-05
73,2,7,ligand_specie,8.351754488394755e-05
74,2,7,particular_interest,8.300542070112435e-05
75,2,7,nitrosohydroxylaminato_group_plane,8.206170159906476e-05
76,2,7,methyl_h_atom,8.149892592659115e-05
77,2,7,weight_estimate,8.111518050286077e-05
78,2,7,theoretical_community,8.110732545972263e-05
79,2,7,heat_load,8.109308547961838e-05
80,2,8,optical_property,8.587243215754214e-05
81,2,8,pichia_pastoris,8.525335494252851e-05
82,2,8,aring_set_datum,8.330622529338337e-05
83,2,8,monocapp_tetragonal_antiprism,8.306030938167271e-05
84,2,8,dien_ligand_act,8.247797296247368e-05
85,2,8,rom_de_eacute,8.244324260332612e-05
86,2,8,aotc_cje_campylobacter_jejuni,8.154138538272654e-05
87,2,8,crystal_structure_analysis_reflection,8.138245404381101e-05
88,2,8,improve_ratio,8.114007924963501e-05
89,2,8,i_r_phenyl,8.038743595337422e-05
0,3,0,g_equivalence,7.876300968150766e-05
1,3,0,bone_tissue_growth,7.83884391857204e-05
2,3,0,amide_bond_hydrogen_bond,7.804429527579555e-05
3,3,0,host_framework,7.776678442494107e-05
4,3,0,theory_method,7.677878963895464e-05
5,3,0,planar_conformation_guanidinium_cation,7.677178768841946e-05
6,3,0,benzene_substituent_result,7.651036145309853e-05
7,3,0,nitrate_counter_anion,7.609211032492358e-05
8,3,0,distribution_analysis,7.590509683727514e-05
9,3,0,centrosymmetric_crystallographically_independent_anion,7.585576057347311e-05
10,3,1,substitute_ligand,7.561992709462668e-05
11,3,1,c_terminal_bind_site,7.54102672778382e-05
12,3,1,microscope_vacuum,7.520653877436322e-05
13,3,1,extend_layer,7.511587675878581e-05
14,3,1,desire_tosylat_hydrolysis,7.505500102737991e-05
15,3,1,standard_set,7.500194665057325e-05
16,3,1,different_wavelength_phase_capability,7.496761682884262e-05
17,3,1,synchrotron_datum,7.491150073898028e-05
18,3,1,crystallographic_net_relationship,7.481958322993373e-05
19,3,1,energy_dispersive,7.47631487938972e-05
