,run,topic,terms,p
wnstream_station,9.10835615425719e-05
1,1,0,atom_vicinity,8.913846449587651e-05
2,1,0,sugar_kind,8.71136304700931e-05
3,1,0,sodium_hydride_presence,8.516862747830815e-05
4,1,0,thermal_melt_experiment,8.439256351897659e-05
5,1,0,van_hydrogen_bond,8.376988915431271e-05
6,1,0,silico_screen,8.363753378427916e-05
7,1,0,emit_positron,8.358177322633994e-05
8,1,0,n_terminus_tag,8.341457397833071e-05
9,1,0,deg_gamma,8.339191985114427e-05
10,1,1,molecular_electronic_structure,8.823767058347376e-05
11,1,1,ammonium_salt,8.549142029039237e-05
12,1,1,c_n_h_conformation,8.477758258644518e-05
13,1,1,solvent_content_estimate,8.448457279723599e-05
14,1,1,site_occupancy_different_orientation,8.398122374593989e-05
15,1,1,minus_middot_asymmetric_unit,8.392822894976992e-05
16,1,1,fill_capability,8.342175155559652e-05
17,1,1,different_proportion,8.338734348273355e-05
18,1,1,important_cosmoceutical_property,8.294228144091839e-05
19,1,1,experiment_site,8.291566218162463e-05
20,1,2,hppd_like_domain,8.759275320208727e-05
21,1,2,i_deg,8.584105499030108e-05
22,1,2,deg_p_pd_cl,8.44366258701584e-05
23,1,2,hydrobromide_ion,8.381928950283246e-05
24,1,2,molecular_geometry,8.313198241484785e-05
25,1,2,viz_analogue_i,8.258013650210568e-05
26,1,2,essential_oil,8.232600264377196e-05
27,1,2,a_bind,8.219416327399364e-05
28,1,2,attractive_candidate,8.169594012834258e-05
29,1,2,infinite_sheet,8.162091373188401e-05
30,1,3,homodimeric_kda_pyruvate,8.884810405836701e-05
31,1,3,texture_parameter_elimination,8.41513715455482e-05
32,1,3,bromobenzene_ring,8.316499058545335e-05
33,1,3,minus_time,8.31470152557872e-05
34,1,3,observe_resolution,8.302585136706913e-05
35,1,3,situ_cryocrystallization,8.288456092540575e-05
36,1,3,deg_narrow_range,8.189971719161145e-05
37,1,3,benzene_plane_ring,8.177322564211395e-05
38,1,3,stack_effect,8.174120810312226e-05
39,1,3,n_terminal_affinity_tag,8.128646785787284e-05
40,1,4,laboratory_information_management_system,8.704108608867166e-05
41,1,4,cyclohexane_ring,8.619813999166215e-05
42,1,4,terminal_chloride_ligand,8.616628595608787e-05
43,1,4,n_methylpropionamide_group,8.455804770901043e-05
44,1,4,sample_position,8.450071668800759e-05
45,1,4,initio_method,8.435953454550833e-05
46,1,4,centrosymmetric_mononuclear_zriv,8.38894200685494e-05
47,1,4,calculate_theoretical_tolman_angle,8.379893620846267e-05
48,1,4,aqua_ligand,8.379237641197043e-05
49,1,4,subunit_microcrystal,8.313593500540147e-05
50,1,5,asymmetric_substitution,9.019933481889885e-05
51,1,5,position_pair,8.461743782769256e-05
52,1,5,viral_rna_detection,8.433544256292145e-05
53,1,5,soft_c_h,8.375739983301827e-05
54,1,5,free_cl_ion,8.333437591588204e-05
55,1,5,transmit_intensity,8.280180090656158e-05
56,1,5,bone_formation,8.267279089967198e-05
57,1,5,genome_contain_nucleocapsid_core,8.25311995319035e-05
58,1,5,s_h,8.248581388902926e-05
59,1,5,multi_body,8.215797632838777e-05
60,1,6,c_aring_b_deg,8.797386044628392e-05
61,1,6,recent_datum,8.740619863741799e-05
62,1,6,x_ray_wideband,8.658144270809562e-05
63,1,6,new_refinement_strategy,8.440329302726865e-05
64,1,6,perovskite_type_slab,8.430377133207821e-05
65,1,6,previous_result,8.421355891291355e-05
66,1,6,subtle_structural_variation,8.420033319189869e-05
67,1,6,anomalous_difference_patterson_map,8.373519907351199e-05
68,1,6,inclusion_crystal,8.34965165308923e-05
69,1,6,adjacent_chain,8.332217246400907e-05
70,1,7,protein_equal_rate,8.652237079711545e-05
71,1,7,crystal_pack_feature_interaction,8.377244059618106e-05
72,1,7,therefore_inclusion_crystal,8.353279868279045e-05
73,1,7,generalize_molecular_replacement,8.321949775066334e-05
74,1,7,nitrogen_oxygen_atom,8.266087131373556e-05
75,1,7,weak_pi_contact,8.25485513237133e-05
76,1,7,optical_activity_main_contributor,8.237366521771879e-05
77,1,7,heavy_atom_analysis,8.212090435378097e-05
78,1,7,great_effort,8.188626087073464e-05
79,1,7,aromatic_framework_helical_distortion,8.171636570573984e-05
80,1,8,measure_reflectivity,8.825986579733841e-05
81,1,8,distort_octahedral_structure,8.488644089107155e-05
82,1,8,unusual_value,8.487512676407358e-05
83,1,8,transcriptional_factor,8.439671654888399e-05
84,1,8,network_form_axis_direction,8.428503001003682e-05
85,1,8,beta_polymorph,8.394906461336379e-05
86,1,8,active_site_proton_transfer,8.389758094716967e-05
87,1,8,dabt_ligand,8.3849098299162e-05
88,1,8,bromide_water_anion,8.3544645368707e-05
89,1,8,matrinium_cation,8.353781595792133e-05
90,1,9,aminoglycoside_resistance,8.630263805956744e-05
91,1,9,multi_tube,8.451625691547372e-05
92,1,9,close_vicinity,8.44083675617454e-05
93,1,9,phosphane_ligand,8.394961811689754e-05
94,1,9,lithium_iron_vanadate,8.385210091513016e-05
95,1,9,poor_ratio,8.328950449323572e-05
96,1,9,mechanical_property,8.255973070411959e-05
97,1,9,contrast_reduce_factor,8.255860760644883e-05
98,1,9,intensity_loss,8.209559890644632e-05
99,1,9,trimeric_protein,8.204503743577352e-05
100,1,10,great_crystal,8.44130990479111e-05
101,1,10,excess_result_chloride_dihydrate,8.374251074607382e-05
102,1,10,subfamily_highlight,8.313211352616448e-05
103,1,10,typical_experimental_situation,8.28279760482225e-05
104,1,10,identical_dimer,8.277744753673972e-05
105,1,10,n_prime,8.169771595301324e-05
106,1,10,malonate_dianion,8.168190733598321e-05
107,1,10,membered_carbon_ring,8.16671091419742e-05
108,1,10,ion_irradiate_crystal,8.154393906266557e-05
109,1,10,bragg_peak,8.151552988149348e-05
110,1,11,asymmetric_unit,8.768726518915105e-05
111,1,11,anharmonic_temperature,8.52017064919275e-05
112,1,11,sin_phiv,8.478896693001613e-05
113,1,11,solar_cell,8.360995031408771e-05
114,1,11,x_ray_damage,8.297004676640866e-05
115,1,11,anodisc_reg,8.283810283776675e-05
116,1,11,er_site,8.268347834007323e-05
117,1,11,density_map,8.24565635024083e-05
118,1,11,count_time,8.189188522520121e-05
119,1,11,elastic_constant,8.120390531935624e-05
120,1,12,tetradentate_schiff_base_ligand,8.868069665556915e-05
121,1,12,individual_reflection,8.564375483473896e-05
122,1,12,phosphide_pentanickel,8.415373301802699e-05
123,1,12,scientific_research,8.4027942661922e-05
124,1,12,hc_anion,8.314199769385752e-05
125,1,12,viz_independent_dimensional_chain,8.274943165330613e-05
126,1,12,teta_triethylenetetramine,8.222610178433093e-05
127,1,12,optical_phase,8.204819701143588e-05
128,1,12,beta_ion,8.196044739929209e-05
129,1,12,glycine_cleavage_system_enzyme,8.186681200977911e-05
130,1,13,type_order_variant,8.567232100335446e-05
131,1,13,phiv_plusmn_beta_delta,8.425909585416653e-05
132,1,13,oxide_detergent,8.397979558488023e-05
133,1,13,nc_net_classification,8.389142684621399e-05
134,1,13,vapour_condition_diffusion_drop,8.375522399044678e-05
135,1,13,bpe_bridge_ligand,8.358893415444759e-05
136,1,13,monoanion_minus_middot_complex,8.339223789556377e-05
137,1,13,micrometre_thick_protective_layer,8.335092565103821e-05
138,1,13,external_influence,8.32895969042988e-05
139,1,13,intermolecular_hydrogen_bond_association,8.327059518982687e-05
140,1,14,l_gamma,8.633647145874003e-05
141,1,14,crystal_likely_laue_group,8.450639301782196e-05
142,1,14,t_film_result,8.391131043149944e-05
143,1,14,previous_method,8.335918005914645e-05
144,1,14,finite_emittance,8.313455426985665e-05
145,1,14,aromatic_biosynthesis_shikimate_pathway,8.29045653767278e-05
146,1,14,prime_bulky_prime,8.272033858592458e-05
147,1,14,final_r,8.265902615482849e-05
148,1,14,distinct_ligand,8.236283180191272e-05
149,1,14,thrombin_molecule,8.217014827276804e-05
150,1,15,nucleoside_diphosphate_kinase,8.742815688643995e-05
151,1,15,dimensional_nanocrystal,8.667392798093965e-05
152,1,15,translation_edit,8.58901545681027e-05
153,1,15,new_evidence,8.481412255775675e-05
154,1,15,heterocyclic_core,8.458721171564502e-05
155,1,15,c_t_y,8.432830364369753e-05
156,1,15,strong_n_h,8.386608402007504e-05
157,1,15,locally_break_symmetry_state,8.358316727893834e-05
158,1,15,individual_experiment,8.350237803843046e-05
159,1,15,dynamical_diffraction_model,8.298909272319354e-05
160,1,16,dimeric_protein,8.644726453170955e-05
161,1,16,electron_diffraction_pattern,8.512788821653433e-05
162,1,16,aromatic_n_atom,8.459132182685383e-05
163,1,16,diffraction_image_set,8.396080075008205e-05
164,1,16,horse_spleen_ferritin_solution,8.395256458809215e-05
165,1,16,exact_density_function,8.31532982800762e-05
166,1,16,p_atom_effective_electronegativity,8.311055684356928e-05
167,1,16,time_scale,8.239753626658164e-05
168,1,16,model_crystal_structure,8.230016806872407e-05
169,1,16,incident_beam,8.208362497583887e-05
170,1,17,order_matrix,8.871290537356636e-05
171,1,17,absorb_energy,8.672897743410237e-05
172,1,17,oxide_o_atom,8.615340824930311e-05
173,1,17,broad_spectrum,8.552862387510475e-05
174,1,17,wans_spectrum,8.49206120389519e-05
175,1,17,crystallographically_independent_molecule,8.394995434722593e-05
176,1,17,middot_cocrystal,8.363100860865203e-05
177,1,17,dimensional_supramolecular_structure_formation,8.340061469758117e-05
178,1,17,accoustical_mode,8.328579914498272e-05
179,1,17,substrate_recognition_mode,8.307965598311351e-05
180,1,18,anion_cation,8.86384721656494e-05
181,1,18,sequence_assignment_approach,8.608398316316706e-05
182,1,18,foreign_particle_formation,8.501331112896205e-05
183,1,18,pichia_pastoris,8.294460735680275e-05
184,1,18,be_symmetry,8.268051548079013e-05
185,1,18,crystallographic_screw_axis,8.267814368627296e-05
186,1,18,direction_dimensional_chain_dimer,8.227710987811657e-05
187,1,18,butyl_c_atom,8.172088525780739e-05
188,1,18,chain_result,8.168369276455706e-05
189,1,18,ring_system_pi_interaction,8.1634605602117e-05
190,1,19,electrophoretic_mobility_shift,8.785158650520329e-05
191,1,19,atomic_vibration_tensor_component,8.489059664109167e-05
192,1,19,unit_cell_molecule,8.478618705429463e-05
193,1,19,gyration_r_radius,8.31233015717245e-05
194,1,19,cpu_time,8.286769341300657e-05
195,1,19,spallation_neutron,8.280808533235683e-05
196,1,19,coordinate_environment,8.280276309417219e-05
197,1,19,bjerrum_length,8.148222581819339e-05
198,1,19,thiourea_fragment,8.143710150288078e-05
199,1,19,sodium_citrate,8.134608342576507e-05
200,1,20,neutral_molecule,8.809668497931566e-05
201,1,20,axial_position_ligand,8.46268070404058e-05
202,1,20,statistical_interpretation,8.392073839377455e-05
203,1,20,cyclopentane_ring_prime_atom,8.38572846335855e-05
204,1,20,thioredoxin_tag,8.373669686151238e-05
205,1,20,respiratory_syncytial_virus,8.329279126045809e-05
206,1,20,c_f_h,8.312467973765905e-05
207,1,20,glycyl_l_threonine_dihydrate,8.287410841883262e-05
208,1,20,digital_image_correlation_technique,8.270658290507684e-05
209,1,20,point_mutant,8.260412851891229e-05
210,1,21,octahedral_geometry,9.067045609423055e-05
211,1,21,centroid_distance_matrix,8.731756592322705e-05
212,1,21,centrosymmetric_molecule,8.600155051828034e-05
213,1,21,mycobacterium_structure,8.484678731356167e-05
214,1,21,human_body,8.436529658974454e-05
215,1,21,multi_purpose,8.414007743772259e-05
216,1,21,monoclinic_space_group_crystallize,8.361417581416896e-05
217,1,21,pheb_substrate_specificity,8.305255011676715e-05
218,1,21,additional_membered_ring,8.167623921442341e-05
219,1,21,optimization_screen,8.124483943780006e-05
220,1,22,helical_line,9.060343378113676e-05
221,1,22,y_axis_molecule,8.776126480679494e-05
222,1,22,magnetic_order_information,8.47952102139087e-05
223,1,22,alpha_low_temperature_form,8.372754723045418e-05
224,1,22,loop_mount,8.36507987740843e-05
225,1,22,alpha_beta,8.351246832919786e-05
226,1,22,diamond_crystal,8.341383547426221e-05
227,1,22,c_s_bond,8.330101534055497e-05
228,1,22,pivotal_role,8.287877405872006e-05
229,1,22,dimensional_network_formation,8.233764438656477e-05
230,1,23,viz_cis_bis_complex,8.91809070172181e-05
231,1,23,wr_agreement_index,8.652100160209894e-05
232,1,23,energy_filter_device,8.608603091000595e-05
233,1,23,fungal_lectin_expression_pattern,8.57595088701554e-05
234,1,23,nitrosohydroxylaminato_group,8.47438836605578e-05
235,1,23,experimental_result_problem,8.359173917259052e-05
236,1,23,extracellular_signal_regulate_kinase,8.33884176153307e-05
237,1,23,systematic_perturbation,8.299857544751307e-05
238,1,23,quality_crystal,8.283091463812378e-05
239,1,23,h_bond_length,8.283055183664203e-05
240,1,24,disorder_solvent_molecule,8.606736518600058e-05
241,1,24,synthetic_polymorph,8.494551166675185e-05
242,1,24,pale_brown_dihydrate_crystal,8.468633759951061e-05
243,1,24,important_potential,8.437289037191157e-05
244,1,24,ethoxy_formamide_group,8.303156733768394e-05
245,1,24,ryanodine_receptor,8.269045897769496e-05
246,1,24,oxalate_ion_o_atom,8.268115001595713e-05
247,1,24,three_v,8.267862347782908e-05
248,1,24,aring_cell_parameter,8.197720227688851e-05
249,1,24,b_axis_stack,8.196914652247296e-05
250,1,25,attach_pyridyl_ring_plane,8.929319789394567e-05
251,1,25,bond_system,8.663310649676576e-05
252,1,25,global_optimum,8.421709486435393e-05
253,1,25,cmca_centrosymmetric_space_group,8.339958304294783e-05
254,1,25,thgr_goniometer,8.31596950953709e-05
255,1,25,short_bunch,8.305052629114905e-05
256,1,25,x_ray_topograph,8.277919453317715e-05
257,1,25,human_immunodeficiency,8.146231331932033e-05
258,1,25,scintillator_plate,8.13113836810544e-05
259,1,25,bromide_hemidrate,8.127346873217529e-05
260,1,26,n_prime_cation,8.908029195544774e-05
261,1,26,scroll_structure_identification,8.841661673186636e-05
262,1,26,patterson_map,8.491886416384057e-05
263,1,26,classical_hydrogen_bond,8.446698027627111e-05
264,1,26,i_form,8.408414032110223e-05
265,1,26,temperature_vary_pressure_function,8.312648854472861e-05
266,1,26,sporulation_aerial_mycelium_formation,8.274683441802472e-05
267,1,26,zii_zi_type,8.252861933547348e-05
268,1,26,uncoordinated_water_molecule,8.219426834225669e-05
269,1,26,homodimeric_kda_pyruvate_structure,8.183546758562071e-05
270,1,27,unoccupied_ligand_bind_pocket,9.04699263343804e-05
271,1,27,artificial_mixture,8.68471347324578e-05
272,1,27,c_alpha_atom,8.580023824927388e-05
273,1,27,thin_crystal,8.403757231159637e-05
274,1,27,approximately_planar,8.376716826592596e-05
275,1,27,mention_analysis,8.37285805853046e-05
276,1,27,multiple_beam,8.324931421174647e-05
277,1,27,opposite_phenyl_ring,8.293223297201768e-05
278,1,27,material_luminescent_property,8.257403351464273e-05
279,1,27,chelate_plane,8.242353946296268e-05
280,1,28,result_phasis_quality,8.7686136480922e-05
281,1,28,drug_treatment,8.668151449114723e-05
282,1,28,group_h_atom_position,8.492059172719023e-05
283,1,28,x_ray_diffraction_analysis,8.347098061373695e-05
284,1,28,pattern_designator_symbol,8.344643193178994e-05
285,1,28,length_hydrogen_bond,8.338710681796342e-05
286,1,28,unesco_iucr_flagship_initiative,8.32695191254218e-05
287,1,28,hd_phosphohydrolase,8.226945826788209e-05
288,1,28,distort_bipyramidal_geometry,8.222115348898243e-05
289,1,28,saxs_method,8.218566549134156e-05
290,1,29,unique_induce_fit_mechanism,9.580737697730849e-05
291,1,29,mean_value,8.870164472892439e-05
292,1,29,condensation_reaction,8.61098562066949e-05
293,1,29,cylindrically_bend_crystal,8.594008983982748e-05
294,1,29,design_rmd_diffractometer,8.392343606617539e-05
295,1,29,c_h_dimer,8.36047862087311e-05
296,1,29,centrosymmetric_cluster,8.3173901020405e-05
297,1,29,diffraction_dispersion,8.304961856029916e-05
298,1,29,phenyl_isoxazoline,8.288064797598003e-05
299,1,29,analogous_mutation,8.27930166503077e-05
300,1,30,deg_deg_bragg_angle,8.653582150394207e-05
301,1,30,standard_scatter_curve,8.537314898549706e-05
302,1,30,sad_phase_method,8.532868547263131e-05
303,1,30,h_b_molecule_interaction,8.361577443998957e-05
304,1,30,sequence_recognition,8.294341686316516e-05
305,1,30,nickel_divalent_iron_distribution,8.278069020629331e-05
306,1,30,although_chlorpropamide_polymorphic_property,8.239209050770054e-05
307,1,30,d_pack_molecule_mannitol,8.23394005310025e-05
308,1,30,md_simulation,8.174949970740354e-05
309,1,30,molecular_reference_frame_conversion,8.099625040935755e-05
310,1,31,plastic_strain,9.024438765787473e-05
311,1,31,detector_sample,8.564062250459034e-05
312,1,31,homo_olefin_metathesis,8.472158958638251e-05
313,1,31,heat_thermal_decomposition,8.463225673148844e-05
314,1,31,amine_oxide_detergent,8.423010137662642e-05
315,1,31,stack_molecule,8.386329500888568e-05
316,1,31,inequivalent_chloride,8.371563065126416e-05
317,1,31,monoclinic_unit_cell_axis,8.258291305853524e-05
318,1,31,lamellar_stack_mode,8.255877674968774e-05
319,1,31,multimodular_scaffoldin,8.25246856104474e-05
320,1,32,complete_absence,9.070091816388908e-05
321,1,32,minimal_principle_mathematical_formulation,8.58765968771801e-05
322,1,32,ferric_salt,8.439375377989521e-05
323,1,32,p_atom_tetrahedral_geometry,8.384694167920782e-05
324,1,32,cullin_component,8.368172003382561e-05
325,1,32,air_wet_dry_biospecimen,8.334698765038002e-05
326,1,32,current_application,8.284615380383893e-05
327,1,32,fungal_lectin_expression_pattern,8.22217118783071e-05
328,1,32,forbid_etc_type_reflection,8.120540086880528e-05
329,1,32,positron_electron_pair_creation,8.1026278048802e-05
330,1,33,sodium_hydride_presence,8.707372843618802e-05
331,1,33,infinite_zigzag_belt,8.594982481059804e-05
332,1,33,interatomic_distance,8.578566667974611e-05
333,1,33,program_package,8.499640460983032e-05
334,1,33,achieve_performance,8.42319007763893e-05
335,1,33,k_structure,8.361846071935902e-05
336,1,33,heterodyne_xpcs_experiment,8.34693848298249e-05
337,1,33,methylene_bridge,8.294133217787547e-05
338,1,33,trhepd_experiment_kv,8.274563490761563e-05
339,1,33,pyrimidine_ring_centre,8.186229290556243e-05
340,1,34,reciprocal_space_scatter_diffuse,8.63667187342508e-05
341,1,34,identical_molecular_conformation,8.452982747562927e-05
342,1,34,event_mode_datum_acquisition,8.422489101754413e-05
343,1,34,membered_carbon_ring,8.308178347882766e-05
344,1,34,know_protein_structure,8.28407059077774e-05
345,1,34,short_range_order_degree,8.276787649038136e-05
346,1,34,axial_position_o_atom,8.240179305883731e-05
347,1,34,minus_unit,8.232328636827743e-05
348,1,34,intrinsic_correction,8.226169270873527e-05
349,1,34,biomedical_structure_determination_method,8.206684626737696e-05
350,1,35,host_prime_cap,8.52298109946979e-05
351,1,35,metal_phosphorus_distance,8.390449064227895e-05
352,1,35,dispersion_surface_coordinate,8.383734209785901e-05
353,1,35,tungsten_atom_octahedral_arrangement,8.33094627948174e-05
354,1,35,aromatic_ring_system,8.303948667870695e-05
355,1,35,variable_slit,8.290338863713037e-05
356,1,35,gev_electron_storage_ring,8.28055110578095e-05
357,1,35,pyrimidine_deamination_deaminase_domain,8.26072190850518e-05
358,1,35,diffusion_order_nmr_spectroscopy,8.224857740004576e-05
359,1,35,pcna_human_complex,8.2023694489502e-05
360,1,36,n_have_n_angle,9.069185866982276e-05
361,1,36,deg_phiv,8.605444285263168e-05
362,1,36,polarise_neutron_use,8.546624392830716e-05
363,1,36,nitrate_counter_anion,8.513009197064951e-05
364,1,36,original_position,8.358651438981222e-05
365,1,36,azomethine_n_atom,8.291847635356038e-05
366,1,36,crystal_absorption_comparison,8.289008141314756e-05
367,1,36,sls_contrast,8.249230311846629e-05
368,1,36,phase_numerical_example,8.242912162303217e-05
369,1,36,arbitrary_n_dimensional_net,8.228228903944606e-05
370,1,37,x_ray_absorption,8.754428801874159e-05
371,1,37,anion_bridge_nature,8.57608571273629e-05
372,1,37,biomacromolecular_crystal_quality,8.534626553912261e-05
373,1,37,root_framework,8.484798691461054e-05
374,1,37,instrumental_effect,8.478679110245825e-05
375,1,37,stock_solution_give_set,8.467992471734798e-05
376,1,37,atomic_scatter,8.42270638480578e-05
377,1,37,b_nbsp,8.391416291378711e-05
378,1,37,d_adduct,8.363028554483436e-05
379,1,37,diimine_chelate,8.356146880920608e-05
380,1,38,c_h_n,8.820061098859575e-05
381,1,38,hydrobromide_ion_pair,8.476835360272543e-05
382,1,38,additional_spot,8.395662505245688e-05
383,1,38,vapochromic_organic_crystal,8.391156733391572e-05
384,1,38,protein_native_form,8.359757068438177e-05
385,1,38,deviation_group_phenyl_ring,8.356567800930967e-05
386,1,38,incline_endo,8.356188511032654e-05
387,1,38,oh_minus,8.337292926559294e-05
388,1,38,partially_order_crystal,8.303474436933588e-05
389,1,38,entire_coordination_sequence,8.26390974116266e-05
390,1,39,time_function,8.534687233193128e-05
391,1,39,final_size,8.534150965311562e-05
392,1,39,effective_vibrational_frequency,8.517897295674455e-05
393,1,39,terminal_thiocyanate_ligand,8.493372371054239e-05
394,1,39,hartree_fock_approximation,8.462253142256417e-05
395,1,39,dimeric_complex,8.401096536598758e-05
396,1,39,approach_application,8.33775839521661e-05
397,1,39,c_b_ring,8.329206840342523e-05
398,1,39,geometric_electronic_steric_feature,8.307647005821935e-05
399,1,39,crystal_phase,8.295510381741158e-05
400,1,40,pi_pack,8.626610049712851e-05
401,1,40,away_orient_methyl_group,8.497036095155094e-05
402,1,40,cu_atom_coordinate,8.412354437940678e-05
403,1,40,cdii_ion,8.406013607726617e-05
404,1,40,complex_inhibitor,8.379882234666266e-05
405,1,40,deg_molecule_a,8.343611520146254e-05
406,1,40,function_possible_speculation,8.332720917151438e-05
407,1,40,unknown_structure,8.330992238182471e-05
408,1,40,detector_sample_size,8.30832309825045e-05
409,1,40,vapor_phase_diffusion_method,8.28502713112591e-05
410,1,41,ring_reference,9.011098970256506e-05
411,1,41,calcium_site_strontium_solubility,8.610326577085437e-05
412,1,41,aromatic_phenyl,8.589242834191106e-05
413,1,41,rock_salt_structure_erp,8.494344965669685e-05
414,1,41,in_asymmetric_unit_molecule,8.492023295649404e-05
415,1,41,deoxynucleoside_pyrimidine,8.398665607820472e-05
416,1,41,bone_formation,8.372320229277189e-05
417,1,41,point_dipole_polarizability_theory,8.285516749749319e-05
418,1,41,bond_angle_distortion,8.251956175651511e-05
419,1,41,supervise_quantitative_analysis,8.222970854417585e-05
420,1,42,cs_solution,8.71085429921584e-05
421,1,42,large_influence,8.37019908467435e-05
422,1,42,ordinary_imperfect_crystal,8.318704261687412e-05
423,1,42,cis_coordinate_water_molecule,8.283893119080816e-05
424,1,42,relative_intensity,8.271703938822397e-05
425,1,42,helix_selection_rule,8.270148782401509e-05
426,1,42,respectively_deg,8.261725115786683e-05
427,1,42,calibration_alignment_measurement_stop,8.219610374950998e-05
428,1,42,acetyltransferase_specificity,8.154337085468319e-05
429,1,42,scalar_execution,8.113542229639179e-05
430,1,43,core_polarization,8.418853742086623e-05
431,1,43,direct_neutron,8.251687389501261e-05
432,1,43,anm_parameter,8.236951342637633e-05
433,1,43,dhod_putative_dihydroorotate_dehydrogenase,8.233438175037552e-05
434,1,43,viz_solid_product,8.23286107645924e-05
435,1,43,growth_sector_boundary,8.229870915246989e-05
436,1,43,different_unoriented_crystal,8.224460720799867e-05
437,1,43,x_ray_quality_crystal,8.193499329101375e-05
438,1,43,tetralin_ring_system,8.192020595094785e-05
439,1,43,mu_n,8.174691793217013e-05
440,1,44,diffraction_condition,8.496840291827706e-05
441,1,44,aring_resolution_diffraction_datum,8.488253452885882e-05
442,1,44,white_synchrotron,8.378453882505454e-05
443,1,44,attractive_candidate,8.325498000809552e-05
444,1,44,methyl_group_benzene_ring,8.29164378388953e-05
445,1,44,mjtim_loop,8.290033134793192e-05
446,1,44,tran_dispose_acetonitrile_ligand,8.276636652753559e-05
447,1,44,extensive_ligand_electronic_delocalization,8.269261586325685e-05
448,1,44,predictable_relation,8.22864101078234e-05
449,1,44,deg_narrow_range,8.211311140637916e-05
450,1,45,hmtpo_neutral_molecule,8.608575636964926e-05
451,1,45,order_nlo_property,8.516100813460247e-05
452,1,45,dimethylphenyl_ring_plane,8.442275300004882e-05
453,1,45,life_archaeal_domain,8.423208535134958e-05
454,1,45,membered_heterocycle,8.404326023567412e-05
455,1,45,ping_pong_ball,8.388105950577473e-05
456,1,45,shull_moon_amp,8.33113097805973e-05
457,1,45,m_phase,8.326162296841133e-05
458,1,45,high_dynamic_range,8.316164575002547e-05
459,1,45,acid_molecule,8.308059946361877e-05
460,1,46,n_acetylglucosamine,8.782879320346092e-05
461,1,46,acid_nucleophile_base,8.556231156381178e-05
462,1,46,acetyl_group,8.524678509203196e-05
463,1,46,well_understand,8.512733341738393e-05
464,1,46,supramolecular_net,8.498461301912446e-05
465,1,46,real_space_resolution,8.407677590197758e-05
466,1,46,pentafluorophenyl_ring_thiophene,8.400775627115174e-05
467,1,46,lib_material,8.362249196267137e-05
468,1,46,estimate_s_anomalous_signal,8.329728881905109e-05
469,1,46,ergoline_skeleton,8.31117654223555e-05
470,1,47,saicar_synthase_complex,8.926059458591479e-05
471,1,47,chemistry_biology,8.435753831230359e-05
472,1,47,h_atom_conformation,8.429036693490415e-05
473,1,47,real_time_observation,8.417737634102212e-05
474,1,47,error_estimate_convergence,8.386892844025692e-05
475,1,47,small_angle_scatter_curve,8.382427394083151e-05
476,1,47,intramolecular_trifurcate_hydrogen_bond,8.361519037899523e-05
477,1,47,molecule_crystal_structure,8.334309738094079e-05
478,1,47,structural_form_motif,8.298014562761651e-05
479,1,47,high_pressure_crystal,8.284768722409331e-05
480,1,48,linearly_extend_conformation_moiety,8.50133529367419e-05
481,1,48,main_beam_scatter_radiation,8.331745208638356e-05
482,1,48,phenone_o_atom,8.24351670700354e-05
483,1,48,azo_n_atom,8.223361472217981e-05
484,1,48,coordination_polymer_form_network,8.20529548247747e-05
485,1,48,order_sort_principle,8.19332738206752e-05
486,1,48,polyamine_metal_cation,8.18886882911383e-05
487,1,48,transformation_process,8.152761021587025e-05
488,1,48,fundamental_diffraction_equation,8.147435817173801e-05
489,1,48,trielaidin_structure,8.133408872888808e-05
490,1,49,heterocyclic_ring_respect,8.65156096437597e-05
491,1,49,co_p,8.380430667445775e-05
492,1,49,crystal_conformation,8.326942528989688e-05
493,1,49,chloride_anion_cation,8.29263454775872e-05
494,1,49,microfluidic_chip,8.275436953890462e-05
495,1,49,tape_structure,8.251450233445112e-05
496,1,49,lactone_carbonyl_group,8.225094441392257e-05
497,1,49,peptidoglycan_recognition,8.166526769408535e-05
498,1,49,different_orientation,8.125055968786635e-05
499,1,49,btb_domain,8.118999018096963e-05
0,2,0,atomic_focuser_crystal_atom,8.529255734204298e-05
1,2,0,hodgson_amp,8.430158234815947e-05
2,2,0,meyer_et_al_work,8.410489687284698e-05
3,2,0,acta_crystallographica_section_e,8.355923787597175e-05
4,2,0,wild_type_kaib_crystal,8.301737017531947e-05
5,2,0,complex_molecular_structure,8.282617635410012e-05
6,2,0,dimensional_simulation,8.192376036710026e-05
7,2,0,mo_k_wavelength,8.188083578084963e-05
8,2,0,apoptotic_activity,8.164975391046835e-05
9,2,0,weak_intermolecular_pi,8.148889734732367e-05
10,2,1,extra_focus,8.822496433215788e-05
11,2,1,iron_contain_protein_crystal,8.786042725452476e-05
12,2,1,wans_spectrum,8.655417975640117e-05
13,2,1,trigonal_bipyramid,8.604387656746644e-05
14,2,1,dimensional_framework_formation,8.514379936323285e-05
15,2,1,central_pyridine_ring_respect,8.49600360320975e-05
16,2,1,newly_create_stereogenic_centre,8.427841744600369e-05
17,2,1,polymeric_znii_atom,8.392395123561026e-05
18,2,1,disorder_h_atom,8.352615542904217e-05
19,2,1,c_aring_b_deg,8.321041191250925e-05
20,2,2,dimensional_supramolecular_chain,8.917724669554757e-05
21,2,2,smear_unsmooth_scatter_datum,8.661872189906553e-05
22,2,2,molecular_hydrogen,8.531218660684971e-05
23,2,2,half_asymmetric_unit_tetramer,8.510306172835049e-05
24,2,2,structural_information,8.394677889373479e-05
25,2,2,heptane_chain_end,8.376273355711142e-05
26,2,2,convergent_beam_diffraction_pattern,8.34941220832867e-05
27,2,2,active_site_nucleophile_role,8.338269360282327e-05
28,2,2,interparticle_interaction,8.323916206766729e-05
29,2,2,develope_model,8.301269107237376e-05
30,2,3,oxalate_ion,8.653835134180228e-05
31,2,3,sparteine_base,8.429830020029919e-05
32,2,3,previous_model_disadvantage,8.408883916408793e-05
33,2,3,superfamily_inositol_monophosphatase,8.38052938650463e-05
34,2,3,aiip_invariant_point,8.295177524425978e-05
35,2,3,disorder_aromatic_ring,8.257693317078964e-05
36,2,3,systematic_acid_monohydrate,8.195179558125437e-05
37,2,3,schiff_base_ligand,8.1895426089529e-05
38,2,3,carbonyl_c_o,8.179100708600743e-05
39,2,3,pack_molecule_mannitol,8.156403049790513e-05
40,2,4,amino_h_atom,8.654932908352423e-05
41,2,4,room_temperature_anharmonic_effect,8.568749036507347e-05
42,2,4,read_collect_image,8.444915570296393e-05
43,2,4,membrane_surface,8.291348902295856e-05
44,2,4,absolute_size,8.257860617552492e-05
45,2,4,minus_myo_inositol,8.253226894759903e-05
46,2,4,lamella_average_thickness,8.252433464593596e-05
47,2,4,slow_motion,8.178650492189187e-05
48,2,4,unique_rapid_method,8.168844177325728e-05
49,2,4,hewl_crystal,8.118660978614126e-05
50,2,5,stoe_furnace,8.82490403376365e-05
51,2,5,mr_triclinic_structure,8.498344965574837e-05
52,2,5,waste_liquor,8.479864199498607e-05
53,2,5,protein_secondary_structure,8.41735583214377e-05
54,2,5,improve_ratio,8.404270770023467e-05
55,2,5,capillary_concentrator_use,8.360702742811631e-05
56,2,5,difference_electron_density_map,8.342437866350784e-05
57,2,5,rna_process_event,8.300937700612741e-05
58,2,5,magnetic_field_transport_positron,8.246186841663404e-05
59,2,5,susceptibility_quantification,8.206247162829444e-05
60,2,6,eta_h,8.836998444284222e-05
61,2,6,organic_inorganic_nanocomposite,8.783151686112776e-05
62,2,6,modify_enzyme,8.565301229699516e-05
63,2,6,calpha_us,8.552420365422492e-05
64,2,6,individual_tube_sensitivity_position,8.548861783146003e-05
65,2,6,deg_tran_angle,8.482489696405808e-05
66,2,6,complex_sample,8.42102331740579e-05
67,2,6,o_torsion_angle,8.378314716460015e-05
68,2,6,registration_time,8.341436454477762e-05
69,2,6,c_axis_parallel,8.3221153535379e-05
70,2,7,ether_ring_crown,8.683666755096361e-05
71,2,7,small_collimator,8.408462517781966e-05
72,2,7,c_repeat_atom,8.282665704699226e-05
73,2,7,disease_recurrence,8.279274914235271e-05
74,2,7,thiadiazole_system,8.270489718619407e-05
75,2,7,molecule_fashion_direction_stack,8.210742791650622e-05
76,2,7,molecular_skeleton,8.197994863839455e-05
77,2,7,crystal_delivery_method,8.182469542796866e-05
78,2,7,ba_atom,8.176217368264545e-05
79,2,7,femtosecond_nanocrystallography,8.163576385222045e-05
80,2,8,molecular_mean_field_model,8.466906620671933e-05
81,2,8,atomic_vibration_tensor,8.423394605762692e-05
82,2,8,two_water_molecule,8.266709695663273e-05
83,2,8,different_conformation_independent_molecule,8.191264116568509e-05
84,2,8,catalyst_define_initiator_development,8.189709200536142e-05
85,2,8,coordination_ni_atom_geometry,8.165492889566498e-05
86,2,8,atcc_bacillus_brevis_decarboxylase,8.153166313407249e-05
87,2,8,respiratory_syncytial_virus,8.109237511645813e-05
88,2,8,minus_theta,8.099014590654417e-05
89,2,8,resorcinol_formaldehyde,8.091960433347827e-05
90,2,9,dimensional_deformity,8.690503092970408e-05
91,2,9,similar_device,8.614856946264406e-05
92,2,9,detector_sample,8.602970421885219e-05
93,2,9,zwitter_ion_neutral_molecule,8.473370016922199e-05
94,2,9,acute_respiratory_syndrome_coronavirus,8.415099877477068e-05
95,2,9,micrometer_resolution,8.346745093497287e-05
96,2,9,peptide_bind_site,8.317233172264178e-05
97,2,9,spiral_growth_step,8.233863497123771e-05
98,2,9,powder_pattern,8.228793916041063e-05
99,2,9,ribosome_microcrystal,8.21483540780486e-05
100,2,10,ps_time,8.809515226406544e-05
101,2,10,significant_effect,8.702230998292493e-05
102,2,10,information_management,8.445749581327272e-05
103,2,10,minus_anion_opposite_side,8.438687896608625e-05
104,2,10,adjacent_sheet,8.383818679253384e-05
105,2,10,teiv_atom,8.360398152690472e-05
106,2,10,x_ray_source,8.358469556422435e-05
107,2,10,colloidal_sample_polystyrene,8.350610654353827e-05
108,2,10,neutron_diffraction_instrument,8.335621907925431e-05
109,2,10,o_h_intramolecular_molecule,8.276077742348088e-05
110,2,11,mu_n,9.133228009697782e-05
111,2,11,multiple_isomorphous_replacement,8.994410616275149e-05
112,2,11,orientation_information,8.785177737568025e-05
113,2,11,lecture_course_general_aim,8.641955851916409e-05
114,2,11,significant_economic_loss,8.471298399119893e-05
115,2,11,zwitterionic_dicarboxylate_ligand,8.463923978979504e-05
116,2,11,recent_decade,8.363536728268478e-05
117,2,11,phenyl_group,8.318043618417488e-05
118,2,11,technology_advance,8.317461960171869e-05
119,2,11,supramolecular_molecular_structure,8.282094474430294e-05
120,2,12,sample_changer,8.664291902478373e-05
121,2,12,chiral_chain,8.653754875524357e-05
122,2,12,near_edge,8.638881356557197e-05
123,2,12,generation_drug_chlorpropamide,8.590617179853297e-05
124,2,12,weak_c_h_pair,8.525631759385681e-05
125,2,12,structure_dw_factor,8.472793910672198e-05
126,2,12,organic_nature_molecular_complex,8.428782120925767e-05
127,2,12,environment_condition,8.318224883244822e-05
128,2,12,immunoglobulin_like_domain,8.262019677653766e-05
129,2,12,racemic_twin_crystal,8.247057219844032e-05
130,2,13,aromatic_pi_pi,8.530864515138131e-05
131,2,13,development_initiation,8.494819273967566e-05
132,2,13,protonated_n_atom,8.45231805444926e-05
133,2,13,angular_annulation,8.439944460687203e-05
134,2,13,extremely_asymmetric_diffraction_case,8.408383811763576e-05
135,2,13,pedt_ttf_molecule,8.266542931698686e-05
136,2,13,molecule_interaction,8.257016793170906e-05
137,2,13,different_enzyme_activity,8.23415571274898e-05
138,2,13,smectic_phase,8.223285182323461e-05
139,2,13,apical_distance,8.201611161619262e-05
140,2,14,isomorphous_substitution,8.594446782758693e-05
141,2,14,diffraction_line,8.519290193310362e-05
142,2,14,fluoride_source,8.476219442620208e-05
143,2,14,dip_inhibit_trypsin,8.41188455314126e-05
144,2,14,inelastic_elastic_scatter,8.39763949487429e-05
145,2,14,abc_ring_system,8.354155920869785e-05
146,2,14,train_personnel,8.337329209778604e-05
147,2,14,complex_inhibitor_different_bind,8.287611348454245e-05
148,2,14,phenyl_hydroxyphenyl_ring,8.278565982701592e-05
149,2,14,crystal_dissolution,8.277073979939418e-05
150,2,15,vertex_n,8.611916887200814e-05
151,2,15,distort_tetrahedral_coordination_environment,8.517896288546761e-05
152,2,15,typical_deformation,8.510331222390565e-05
153,2,15,case_dominant_intermolecular_interaction,8.498261447983311e-05
154,2,15,langbeinite_type,8.485148184864821e-05
155,2,15,obtain_information_accuracy,8.457364820993688e-05
156,2,15,peak_shape,8.42921384171467e-05
157,2,15,excite_wavefield,8.397769821114716e-05
158,2,15,femtosecond_nanocrystallography_experiment,8.365899370343226e-05
159,2,15,ecdysone_receptor,8.29097648272682e-05
160,2,16,pyran_ring,8.885811152116408e-05
161,2,16,dimensional_search,8.573897479005992e-05
162,2,16,human_fetal_hand,8.322976397684344e-05
163,2,16,tran_position_ligand,8.285640706146077e-05
164,2,16,bidentate_function,8.263032272578141e-05
165,2,16,health_importance,8.241762933262038e-05
166,2,16,terminal_acceptor_atom,8.232946197854916e-05
167,2,16,beam_line,8.228818076035892e-05
168,2,16,octahedral_coordination_sphere,8.22372768052505e-05
169,2,16,mu_minus,8.179923371683261e-05
170,2,17,der_waals_gap,8.90797795857925e-05
171,2,17,adp_atom,8.827151389443842e-05
172,2,17,i_form,8.554651743975026e-05
173,2,17,cadmium_thiocyanate_system,8.458267791767019e-05
174,2,17,protein_complex_crystal_symmetry,8.360893300581053e-05
175,2,17,dimensional_structure_rise,8.27242088085587e-05
176,2,17,zwitterionic_state,8.250804999976167e-05
177,2,17,kolbeckite_structural_report,8.230678100383384e-05
178,2,17,interference_pattern,8.218616317651448e-05
179,2,17,peak_shape_suitable_description,8.215651314464021e-05
180,2,18,monomeric_in_cu_atom,8.432250931572817e-05
181,2,18,large_temperature_range,8.388757589995162e-05
182,2,18,accuracy_give_evidence,8.351831508474238e-05
183,2,18,define_examination_temperature,8.337632534405155e-05
184,2,18,alternate_independent_molecule,8.331462250949802e-05
185,2,18,flexible_nature,8.32667630129414e-05
186,2,18,model_completeness,8.322045527807801e-05
187,2,18,real_time_five_example,8.282925358001215e-05
188,2,18,n_diethyl_n,8.250214735421602e-05
189,2,18,mr_molecular_replacement,8.233030364711775e-05
190,2,19,aring_v_o,8.878030969086039e-05
191,2,19,favourable_neutron_scatter_length,8.727206040895017e-05
192,2,19,growth_process,8.505218798356238e-05
193,2,19,metal_ion_interaction,8.452383303771488e-05
194,2,19,molecular_component,8.415836145162784e-05
195,2,19,pd_s_distance,8.283135418257272e-05
196,2,19,ether_cavity,8.241020482237757e-05
197,2,19,such_distortion,8.235107577275919e-05
198,2,19,hydrogen_bond_pseudo_i,8.208057501375027e-05
199,2,19,borazine_ring_atom,8.20163156283854e-05
200,2,20,wide_repertoire,8.745313470139997e-05
201,2,20,face_transitive,8.566225242885777e-05
202,2,20,liu_paper_error,8.502737118151444e-05
203,2,20,undulator_radiation,8.399934637739273e-05
204,2,20,ferrocenyl_group,8.370199923462113e-05
205,2,20,crystal_delivery_method,8.348891483248736e-05
206,2,20,cholera_toxin,8.34796155237598e-05
207,2,20,small_angle,8.30023555504834e-05
208,2,20,acid_nucleophile_base,8.288191843325318e-05
209,2,20,gastric_mucosa_bacterium,8.276389196519571e-05
210,2,21,grow_system,8.819727096803573e-05
211,2,21,shorten_c,8.539629401043471e-05
212,2,21,polydisperse_system,8.416353103804316e-05
213,2,21,nonstructural_protein,8.385685739600935e-05
214,2,21,sphere_method,8.369110409382084e-05
215,2,21,polarise_neutron,8.325146584497935e-05
216,2,21,synchrotron_radiation_pioneering_experiment,8.298868245958914e-05
217,2,21,only_minor_conformational_change,8.238913334541598e-05
218,2,21,macromolecule_contain_crystal,8.23014266130829e-05
219,2,21,fruit_body,8.221764478495132e-05
220,2,22,near_field_regime,8.841642432368704e-05
221,2,22,methylene_h_atom,8.530523517977355e-05
222,2,22,main_contributor,8.510343090489396e-05
223,2,22,inelastic_cross_section,8.486184059721031e-05
224,2,22,c_h,8.372115576944467e-05
225,2,22,bridge_methylene_c_atom,8.360256818593144e-05
226,2,22,crystal_arrangement,8.334861934368162e-05
227,2,22,peer_review_process,8.317336282806516e-05
228,2,22,temperature_vary_pressure_function,8.260467112712455e-05
229,2,22,function_intramolecular_motion,8.259507463232929e-05
230,2,23,ammonium_h,8.831770349029029e-05
231,2,23,fiber_diffraction,8.776164754460807e-05
232,2,23,significant_pyramidalization,8.45928381910408e-05
233,2,23,c_c,8.456543811711397e-05
234,2,23,pi_system,8.433455560495524e-05
235,2,23,molecule_a,8.389469737449753e-05
236,2,23,dimensional_datamatrix_code,8.328156185911839e-05
237,2,23,low_dose,8.290485296726352e-05
238,2,23,main_interest,8.240226808510163e-05
239,2,23,nucleotide_n,8.228842450624012e-05
240,2,24,kato_fringe_visibility,9.003299334802726e-05
241,2,24,phase_problem,8.535371017139208e-05
242,2,24,benzothiophene_ring_system,8.4791009368195e-05
243,2,24,modulate_structure,8.468288912793644e-05
244,2,24,rich_naphthalene_contain_polyether,8.457859263479199e-05
245,2,24,lecture_course,8.451524423481076e-05
246,2,24,powder_neutron_diffraction_experiment,8.442488578756301e-05
247,2,24,vme_board,8.440347960995404e-05
248,2,24,ligand_bridge_o_atom,8.355714084633431e-05
249,2,24,b_dna_decamer,8.354859929743906e-05
250,2,25,c_c_chain,8.830883438049369e-05
251,2,25,automate_protein_model_build,8.635324896655601e-05
252,2,25,rapidly_decay_scatter_curve,8.549166481679054e-05
253,2,25,high_salt_solution,8.53015954051693e-05
254,2,25,acid_aib_gly_glycine,8.406248772319847e-05
255,2,25,grenoble_hfr_diffractometer,8.382755161568662e-05
256,2,25,micrometer_resolution,8.382149834525319e-05
257,2,25,mycelium_formation,8.366334826715377e-05
258,2,25,additional_groove,8.354093113967526e-05
259,2,25,sulfonyl_group_link,8.334552402182503e-05
260,2,26,glycouril_framework,8.809974854858165e-05
261,2,26,substrate_recruit_adaptor_protein,8.592772513254909e-05
262,2,26,crystal_twinning,8.572954922074328e-05
263,2,26,sheet_structure_rise,8.549992273755369e-05
264,2,26,bake_drawing,8.479321942447291e-05
265,2,26,crystal_melt,8.455564400940343e-05
266,2,26,crystal_mosaicity,8.393335216199256e-05
267,2,26,various_aspect,8.300075453115283e-05
268,2,26,n_bond_distance,8.291882154415625e-05
269,2,26,cysteine_conversion,8.223076859495219e-05
270,2,27,liii_edge,8.653105690328164e-05
271,2,27,small_dimension,8.629507034801669e-05
272,2,27,anion_terminal_sulfur_atom,8.622008002219336e-05
273,2,27,weight_fraction,8.602839051414219e-05
274,2,27,bond_length_pattern,8.582372463427662e-05
275,2,27,crystallographic_b_axis_chain,8.363663131097623e-05
276,2,27,growth_band,8.321925437786952e-05
277,2,27,position_sensitive_detector,8.295638557309926e-05
278,2,27,sulfonyl_substituent,8.2825620180372e-05
279,2,27,molecular_electron_density,8.222976833267973e-05
280,2,28,water_methanol_solvate_molecule,9.257964143575492e-05
281,2,28,iminodiacetate_dianion,8.967061332758748e-05
282,2,28,oxide_block_copolymer,8.675928476204978e-05
283,2,28,nmr_time_scale,8.581224053945813e-05
284,2,28,diastereomeric_pair,8.406208734962571e-05
285,2,28,elastic_displacement_mode,8.311473127752372e-05
286,2,28,tridentate_dien_molecule,8.296728562637317e-05
287,2,28,sb_angle,8.270375378129453e-05
288,2,28,planar_cavity,8.262216378516406e-05
289,2,28,positron_beam_previous_result,8.238336922487409e-05
290,2,29,levelut_guini_camera_applicability,8.540822857161596e-05
291,2,29,potent_proteasome_inhibitor_bortezomib,8.537422156373581e-05
292,2,29,position_extra_peak_intensity,8.533780259816282e-05
293,2,29,immunosuppressant_synthetic_study,8.401872597982683e-05
294,2,29,molecule_inversion_symmetry,8.317275399132319e-05
295,2,29,molecule_fashion_direction_stack,8.264425026381225e-05
296,2,29,solution_evaporation_hydrothermal_reaction,8.183647508485228e-05
297,2,29,scientific_highlight,8.149041659281222e-05
298,2,29,crystallographic_group,8.119000355394165e-05
299,2,29,fit_curve,8.105664583344836e-05
300,2,30,sulfur_contain_ring,8.692458887118991e-05
301,2,30,unavoidable_unwelcome_aspect,8.685116406275943e-05
302,2,30,wilson_plot_method,8.510763752623848e-05
303,2,30,strong_preference,8.47539336909202e-05
304,2,30,small_angle_scatter_experiment,8.384737859627798e-05
305,2,30,catalytic_site_binase_molecule,8.355095349957941e-05
306,2,30,inositol_monophosphatase,8.351901429900002e-05
307,2,30,sole_energy_carbon_source,8.27930810105478e-05
308,2,30,significant_fluorescence_chance,8.273357160771907e-05
309,2,30,alkoxide_complex,8.24097587553204e-05
310,2,31,toru_parameter_wide_range,8.405150890881789e-05
311,2,31,relative_half_width,8.372868726976726e-05
312,2,31,ribbon_like_structure,8.346668212096936e-05
313,2,31,hydrogen_bond_ring,8.332878097564953e-05
314,2,31,microscope_vacuum,8.296938907182071e-05
315,2,31,dichlorodimethylsilane_i,8.272953682853395e-05
316,2,31,o_cl_hydrogen_bond,8.256781275798853e-05
317,2,31,c_h_type,8.217814167187653e-05
318,2,31,nrcam_neurofascin,8.203894684200082e-05
319,2,31,molecule_fragment,8.202951325335813e-05
320,2,32,unit_cell_pack,8.745832393602894e-05
321,2,32,maleonitriledithiolate_ligand_s_atom,8.629809374747641e-05
322,2,32,functional_group,8.584801056319159e-05
323,2,32,fragment_molecule,8.536887219134307e-05
324,2,32,near_zone_axis_orientation,8.472926458136595e-05
325,2,32,pulp_mill,8.423267012764369e-05
326,2,32,interior_angle_parallelogram,8.299968436346716e-05
327,2,32,positron_beam,8.289801483653997e-05
328,2,32,density_functional_theory,8.260683088091901e-05
329,2,32,chemical_component,8.219857555956125e-05
330,2,33,membrane_proximal_region,8.438540950125575e-05
331,2,33,scatter_signal,8.406269409986224e-05
332,2,33,global_disaffection,8.38912596510663e-05
333,2,33,example_computer_program,8.383937493217783e-05
334,2,33,close_form_solution,8.370230388023903e-05
335,2,33,i_deg,8.317148768846952e-05
336,2,33,biologically_active_form_dimer,8.261325240905965e-05
337,2,33,particular_emphasis,8.241656448684658e-05
338,2,33,isomerization_state,8.213511994783817e-05
339,2,33,direct_inspection_method,8.174391763321734e-05
340,2,34,agc_kinase,8.826366707548103e-05
341,2,34,minus_nbsp,8.506470761564088e-05
342,2,34,f_distance,8.504759666471511e-05
343,2,34,pure_oxide_possess_property,8.467161310428547e-05
344,2,34,chemical_probe_application,8.402726554191448e-05
345,2,34,structure_different_anion_incorporation,8.331780246184909e-05
346,2,34,c_torsion_angle,8.313102445188538e-05
347,2,34,replication_dna_repair,8.29671887700567e-05
348,2,34,external_stimulus,8.280895735506355e-05
349,2,34,flap_dynamic,8.271549172157054e-05
350,2,35,reliable_characterization,8.691900258198152e-05
351,2,35,terpyridine_transition_metal,8.56419258900074e-05
352,2,35,optically_active_absolute_configuration,8.535158393747149e-05
353,2,35,short_n_n_bond,8.517650468176003e-05
354,2,35,structural_fluctuation,8.446483662894484e-05
355,2,35,piano_stool,8.414187246632562e-05
356,2,35,distort_linear_geometry,8.412231342146495e-05
357,2,35,slightly_distort_tran,8.379950978020885e-05
358,2,35,real_space_descriptor,8.37715357113386e-05
359,2,35,c_axis,8.343754553168698e-05
360,2,36,phase_merit,8.5163034251881e-05
361,2,36,magnesium_ion,8.389505522303629e-05
362,2,36,molecule_presence,8.36078778084e-05
363,2,36,initial_model,8.344893659868438e-05
364,2,36,methylene_chloride,8.292305846890466e-05
365,2,36,graph_set_interaction,8.283207568712007e-05
366,2,36,potassium_ion,8.181217970955714e-05
367,2,36,porphyrin_plane_ga_atom,8.1678722346215e-05
368,2,36,f_minus,8.165709224975423e-05
369,2,36,result_lattice_sum_evaluation,8.152962692394894e-05
370,2,37,oxime_group_e_configuration,8.694219322469137e-05
371,2,37,otbu_glycine,8.680746174791253e-05
372,2,37,bridge_chloro_ligand,8.480555836556999e-05
373,2,37,anion_minus_prime_prime,8.442223808974054e-05
374,2,37,plusmn_antimalarial_drug_structure,8.420774963047175e-05
375,2,37,c_h_plane,8.381081763719701e-05
376,2,37,alternative_complement,8.348187227775347e-05
377,2,37,r_axis_iv_detector,8.270418692186362e-05
378,2,37,all_result,8.249728017857153e-05
379,2,37,auger_electron_decay,8.231746725538818e-05
380,2,38,neutral_zwitterionic_molecule,8.595873310449068e-05
381,2,38,material_chemistry,8.539888745720977e-05
382,2,38,barbituric_acid,8.454126361318628e-05
383,2,38,functional_relevance,8.435968346314174e-05
384,2,38,resolution_crystal,8.411970894449134e-05
385,2,38,nitro_group,8.40812303189614e-05
386,2,38,monochromatic_powder_diffractometer,8.323681885699159e-05
387,2,38,pancreatic_elastase,8.322570658091982e-05
388,2,38,ion_sulfate_nucleotide_bind,8.307576141751584e-05
389,2,38,charge_oxidation_state_radius,8.294606979152327e-05
390,2,39,soluble_melt_solid,8.650604753543371e-05
391,2,39,terminal_helix,8.593522093701831e-05
392,2,39,aring_resolution_diffraction,8.54100193607617e-05
393,2,39,refractive_index,8.420035384529292e-05
394,2,39,benzimidazole_plane,8.416992245310632e-05
395,2,39,aromatic_pi,8.367962841426469e-05
396,2,39,crystallographic_twofold_axis,8.277284569233398e-05
397,2,39,aqueous_solvent,8.27252217869604e-05
398,2,39,guanidinium_cation_link,8.271513209842519e-05
399,2,39,unligand_structure,8.264916474130893e-05
400,2,40,tet_protein,8.782207914308446e-05
401,2,40,extremely_asymmetric_diffraction,8.566219539713885e-05
402,2,40,ring_plane_maximum_deviation,8.54143917589838e-05
403,2,40,soft_x_ray_region,8.521589112117649e-05
404,2,40,central_cuii_ion,8.394978695517043e-05
405,2,40,hydrogen_bond_infinite_chain,8.297113837159119e-05
406,2,40,ctd_phosphatase,8.281421744565825e-05
407,2,40,ground_beam_line,8.277954485628101e-05
408,2,40,thermal_decomposition,8.239358050508378e-05
409,2,40,lot_method_rietveld_refinement,8.224293150327987e-05
410,2,41,distinct_ligand_n_atom,8.711064824767793e-05
411,2,41,growth_nucleation,8.523610417853732e-05
412,2,41,cyanobacterium_circadian_clock_oscillator,8.460717510543101e-05
413,2,41,cu_symmetry_centre_atom,8.429788553340154e-05
414,2,41,plane_opposite_side,8.382086974172358e-05
415,2,41,crystallization_protein_preparation,8.381710442096742e-05
416,2,41,iii_middot_ii_i,8.362425873881482e-05
417,2,41,normal_subgroup,8.332426980148564e-05
418,2,41,mannich_type_reaction,8.318919226008899e-05
419,2,41,red_light,8.307388824595644e-05
420,2,42,znii_ion,8.736654400954389e-05
421,2,42,subsequent_kinetic_experiment,8.640058316564482e-05
422,2,42,bend_dna,8.568487892548472e-05
423,2,42,cis_anion,8.46793659786128e-05
424,2,42,co_p_atom,8.447993861682023e-05
425,2,42,crystalline_state,8.444544075209286e-05
426,2,42,dimensional_search,8.40258825271268e-05
427,2,42,ti_k_a_edge,8.391933509882901e-05
428,2,42,volume_distance,8.29404342194057e-05
429,2,42,available_rotation,8.18056024844578e-05
430,2,43,angle_fold,8.79022652574771e-05
431,2,43,v_v_v_bond,8.737277201939697e-05
432,2,43,single_datum,8.633737872455173e-05
433,2,43,bidentate_phenanthroline_ligand,8.432110087611888e-05
434,2,43,anion_link_ligand,8.416420705529366e-05
435,2,43,btc_acid,8.29315691269219e-05
436,2,43,molecule_half,8.292280712425135e-05
437,2,43,approximately_planar_maximum_deviation,8.268642447694021e-05
438,2,43,material_porosity,8.252941674005212e-05
439,2,43,invariant_direct_observation,8.250782496960434e-05
440,2,44,red_blood_cell,8.684393558911834e-05
441,2,44,maximally_diverse_condition,8.55351311736214e-05
442,2,44,monocapp_tetragonal_antiprism,8.516705365085563e-05
443,2,44,phage_numb,8.448071491685215e-05
444,2,44,package_initiation_propose_site,8.418996991142222e-05
445,2,44,chemical_energy_environment,8.392925643191217e-05
446,2,44,triazole_crystal_structure,8.380977056389505e-05
447,2,44,tricapp_trigonal_prism,8.331605644299836e-05
448,2,44,further_research,8.248573448029992e-05
449,2,44,c_terminal_fragment,8.186773711198208e-05
450,2,45,parameter_study_microreactor,8.893928138553451e-05
451,2,45,zigzag_belt,8.530862010149071e-05
452,2,45,ambrosia_artemisiifolia,8.475482868677806e-05
453,2,45,diffract_plane,8.377671312206513e-05
454,2,45,structure_strike_feature,8.348312036741417e-05
455,2,45,methyl_acrylate,8.333624515361989e-05
456,2,45,magnetic_orientation,8.286717389588038e-05
457,2,45,enzyme_catalysis_discrimination_importance,8.28439827656707e-05
458,2,45,fe_atom,8.223480741724698e-05
459,2,45,bite_angle,8.206994596460143e-05
460,2,46,bulk_volume,9.259360934182912e-05
461,2,46,piox_single_crystal,8.699596029454763e-05
462,2,46,general_agreement,8.468647244219423e-05
463,2,46,kev_inverse_beam_protocol,8.467682128237892e-05
464,2,46,single_nanotube_electron_diffraction,8.348777135552068e-05
465,2,46,low_molecular_weight,8.318397774642257e-05
466,2,46,high_pressure_crystal_structure,8.268648929564662e-05
467,2,46,simultaneous_diffraction_effect_magnitude,8.131185646545687e-05
468,2,46,abrahams_gamma_correction,8.120942966858229e-05
469,2,46,mass_attenuation_coefficient,8.117249341102092e-05
470,2,47,coordinate_complex,8.52115385644409e-05
471,2,47,neighbor_molecule,8.427736929617302e-05
472,2,47,major_difference,8.359462820496235e-05
473,2,47,superspace_group_gamma,8.242048849801576e-05
474,2,47,coincidence_concept,8.239198074228062e-05
475,2,47,ptp_prime_prime_prime,8.237332954182148e-05
476,2,47,asymmetric_unit_molecule_crystal,8.186218632270669e-05
477,2,47,goniometer_design_geometry,8.115017262901898e-05
478,2,47,molecular_field_analysis,8.105202293358416e-05
479,2,47,texture_plate_sample,8.088772666103321e-05
480,2,48,benzotriazole_ring,8.779582254196605e-05
481,2,48,dehydration_induce_microscopic_effect,8.671903570997286e-05
482,2,48,nearly_ideal_performance,8.669891271193755e-05
483,2,48,fluorophenyl_ring_deg,8.515193677512068e-05
484,2,48,cell_death,8.38734883264161e-05
485,2,48,protein_interaction,8.281150584270678e-05
486,2,48,pdf_neutron_powder_diffraction,8.255313725846475e-05
487,2,48,round_robin_experiment,8.245227307227947e-05
488,2,48,secretion_system,8.238651898949833e-05
489,2,48,electron_lone_pair,8.214617019507662e-05
490,2,49,bicrystal_topograph,9.456757889758203e-05
491,2,49,dimeric_unit,8.596361684165695e-05
492,2,49,approximately_minor_major_occupancy,8.576723097739148e-05
493,2,49,site_occupancy_factor_determination,8.54360440740507e-05
494,2,49,low_temperature_structure,8.504569050450932e-05
495,2,49,bulk_material,8.48156319290704e-05
496,2,49,continuous_solid_solution,8.261990233861351e-05
497,2,49,dimerization_mode,8.224172387573972e-05
498,2,49,march_function_correction,8.220938020173695e-05
499,2,49,numerical_result,8.22073732238061e-05
500,2,50,different_kind,8.782105838725393e-05
501,2,50,osulfonate_bond_zn,8.689644598372642e-05
502,2,50,square_potential,8.655704665109322e-05
503,2,50,cl_bond,8.472062449365903e-05
504,2,50,amine_n_atom,8.462795292467397e-05
505,2,50,careful_inspection,8.422429965522652e-05
506,2,50,monoclinic_z,8.401178165570481e-05
507,2,50,doubly_deprotonat_ligand,8.347958963799581e-05
508,2,50,single_magnetic_orientation,8.337424900812179e-05
509,2,50,ce_atom,8.319137555393479e-05
510,2,51,math_domain,8.714772189450088e-05
511,2,51,tetrahedral_framework_cavity,8.531004262272904e-05
512,2,51,oxadiazinone_ring,8.521356591221227e-05
513,2,51,middot_monohydrate_systematic,8.471533793208286e-05
514,2,51,potential_antiprotozoal_drug,8.430902457227009e-05
515,2,51,amide_group,8.405085846665895e-05
516,2,51,pyrimidine_deamination_deaminase_domain,8.374606724259307e-05
517,2,51,planar_anion,8.368153560914151e-05
518,2,51,geometrical_relation,8.355748421890186e-05
519,2,51,dmf_ligand,8.308658723957951e-05
520,2,52,rotation_bring_sample_displacement,8.818295008589828e-05
521,2,52,beta_oxidative_addition,8.5606664460848e-05
522,2,52,double_molecular_salt,8.391903491354163e-05
523,2,52,circadian_rhythm,8.363702166641194e-05
524,2,52,residual_stress_analysis,8.335868283723891e-05
525,2,52,in_atom,8.286232527120357e-05
526,2,52,x_ray_diffraction_intensity,8.281900620747421e-05
527,2,52,recent_work,8.275167391756166e-05
528,2,52,mathematical_algorithm,8.26530086518317e-05
529,2,52,zwitter_ion_neutral_molecule,8.236375413789236e-05
530,2,53,separate_signal,8.614099333611171e-05
531,2,53,methyl_acrylate_unit,8.565154172749832e-05
532,2,53,anthracene_benzene_hydrogen_cyanide,8.513097583528032e-05
533,2,53,automatic_structure_solution,8.447156552003672e-05
534,2,53,detector_sample,8.356747873552665e-05
535,2,53,structure_formation_process,8.348341109337072e-05
536,2,53,x_ray_scatter,8.332274664486678e-05
537,2,53,inh_isonicotinylhydrazine,8.329553367974916e-05
538,2,53,square_root,8.307956714568059e-05
539,2,53,protein_dsb_family,8.302833745037302e-05
540,2,54,acceptor_anion_cl_atom,8.521408762975796e-05
541,2,54,triclinic_unit_cell,8.50620629229053e-05
542,2,54,fuse_benzene_ring_substituent,8.453796649422191e-05
543,2,54,double_diffraction,8.38879625310194e-05
544,2,54,methoxymethyl_phenyl,8.372797510488978e-05
545,2,54,monocapp_tetragonal_antiprism_polyhedron,8.280646336916088e-05
546,2,54,simple_scheme,8.269515404375297e-05
547,2,54,c_c_c,8.212432211954346e-05
548,2,54,extra_peak_intensity,8.158114876721571e-05
549,2,54,metal_pincer_complex,8.147224718797062e-05
550,2,55,enzymatic_activity,8.670855550398103e-05
551,2,55,azomethine_n,8.355917926526728e-05
552,2,55,bond_distance_deviation,8.321511808092105e-05
553,2,55,planar_deviation_molecule,8.312119910396269e-05
554,2,55,cyclooctane_ring,8.30976669978704e-05
555,2,55,terminal_phenyl_phenylene_ring,8.301508994457229e-05
556,2,55,two_different_formalism,8.270756743523214e-05
557,2,55,base_complex,8.270222859841993e-05
558,2,55,microstructure_deep_insight,8.240663365553554e-05
559,2,55,macrocycle_amine_group_molecule,8.221865888208559e-05
560,2,56,transverse_direction,8.864061583880704e-05
561,2,56,individual_tube,8.571218630204806e-05
562,2,56,t_deg,8.569439440848028e-05
563,2,56,ligand_substitution_pattern,8.521894720527416e-05
564,2,56,residue_tyrosine_nearby_arginine,8.509688737300322e-05
565,2,56,phase_purpose_poor_indicator,8.504887827764182e-05
566,2,56,ligand_bind_region,8.492013473225517e-05
567,2,56,edp_intensity,8.450329631170372e-05
568,2,56,triazole_group_n_atom,8.32231132283724e-05
569,2,56,subfamily_highlight,8.309772330386302e-05
570,2,57,minus_two_br_ion,8.606744540152258e-05
571,2,57,mean_deviation,8.555220499399122e-05
572,2,57,further_structure_refinement,8.543021952136831e-05
573,2,57,mineral_p,8.52963502011485e-05
574,2,57,abc_ring,8.423343211027634e-05
575,2,57,vanadium_pentoxide,8.397389518454679e-05
576,2,57,methyl_group_exception,8.318334963397842e-05
577,2,57,electron_transport_protein,8.30272989949294e-05
578,2,57,reverse_saturable_absorption,8.277276112700424e-05
579,2,57,x_ray_crystallographic_structure,8.252123934897069e-05
580,2,58,ligand_cis,9.096249581708178e-05
581,2,58,low_barrier,8.599105230856847e-05
582,2,58,rhodium_complex,8.541552235883694e-05
583,2,58,neutron_velocity,8.521925984781133e-05
584,2,58,average_error,8.517287105252765e-05
585,2,58,fuse_ring_system,8.514626873280619e-05
586,2,58,mad_multiwavelength_anomalous_dispersion,8.328191815550584e-05
587,2,58,monolithic_double_crystal_measurement,8.282974693047987e-05
588,2,58,ether_ring_crown_respect,8.261228223925252e-05
589,2,58,elongt_square_pyramidal_coordination,8.238883278449575e-05
590,2,59,structure_submission,8.67120260858899e-05
591,2,59,molecular_electronic_structure,8.435015455819687e-05
592,2,59,concentration_range,8.40998716478537e-05
593,2,59,carbonyl_link_substituent,8.393452975594796e-05
594,2,59,isomorphism_class,8.37389601102485e-05
595,2,59,stock_solution_crystallization_cocktail,8.272285833513119e-05
596,2,59,catabolic_pathway,8.26246024832467e-05
597,2,59,plane_n_atom_displacement,8.25962893223809e-05
598,2,59,room_temperature_phase,8.254279054909924e-05
599,2,59,md_molecular_dynamic,8.221617602528807e-05
600,2,60,in_middot_niii_ion,8.885620931286206e-05
601,2,60,perpendicular_polymeric_chain,8.671261018321832e-05
602,2,60,natural_product,8.641828981736561e-05
603,2,60,ligand_link_octahedral_geometry,8.566800920397304e-05
604,2,60,inert_gas_condensation_technique,8.537357347856837e-05
605,2,60,isonicotinohydrazide_reaction,8.385260113742049e-05
606,2,60,toluene_stoichiometric_reaction,8.287138967848733e-05
607,2,60,taurine_cysteine_conversion_step,8.287054257042661e-05
608,2,60,systematic_difference,8.252167710383374e-05
609,2,60,limit_factor,8.2242421831777e-05
610,2,61,isomorphous_case,8.942714287275692e-05
611,2,61,mononuclear_structure,8.584211696274732e-05
612,2,61,semet_contain_native_crystal,8.413256965910324e-05
613,2,61,diblock_copolymer_film,8.397049165443339e-05
614,2,61,bacterial_quinol_oxidase,8.372778465420429e-05
615,2,61,heteroepitaxic_structure,8.281497570159458e-05
616,2,61,partially_occupy_molecule_deg,8.275059276082621e-05
617,2,61,signal_periplasm_transduction,8.230677062413424e-05
618,2,61,main_chain_torsion_angle,8.228498827497955e-05
619,2,61,fuse_ring_molecule,8.182117136808556e-05
620,2,62,datum_quality,8.603627721436389e-05
621,2,62,plane_octahedron_phase_rotation,8.396237837318509e-05
622,2,62,unique_molecule,8.38913779459488e-05
623,2,62,active_proposal,8.367353672831835e-05
624,2,62,experimental_programme,8.345645977909191e-05
625,2,62,precise_fip,8.343719510748566e-05
626,2,62,fit_mean_plane,8.320791279776606e-05
627,2,62,escape_result,8.307283723225422e-05
628,2,62,pqq_contain_enzyme,8.216750914675369e-05
629,2,62,chemical_energy,8.213470845652071e-05
630,2,63,middot_complex,8.851608694956227e-05
631,2,63,k_low_temperature,8.439014147939754e-05
632,2,63,femtosecond_nanocrystallography,8.398522927955119e-05
633,2,63,aring_resolution_native_form,8.317967520124379e-05
634,2,63,ii_primary_ammonium_salt,8.252975734917584e-05
635,2,63,heterocyclic_ring_cis_junction,8.242575511622154e-05
636,2,63,replacement_method,8.207630149198469e-05
637,2,63,benzimidazolyl_group,8.197360070510225e-05
638,2,63,r_final_residual,8.18571011711069e-05
639,2,63,c_centre_monoclinic_modification,8.183651126082218e-05
640,2,64,calculate_turn,8.640512668314615e-05
641,2,64,linearly_decrease,8.561665193429954e-05
642,2,64,cysteine_catabolism,8.38939981144261e-05
643,2,64,start_material_chirality,8.380946303654679e-05
644,2,64,synchrotron_source,8.277960185146141e-05
645,2,64,practical_class,8.254916029693474e-05
646,2,64,complete_structure,8.242265747634694e-05
647,2,64,whole_powder_pattern,8.204340532519482e-05
648,2,64,sample_orientation_adjustment,8.203914084287635e-05
649,2,64,termination_effect,8.189531554233743e-05
650,2,65,fad_degradative_pathway,8.735134485635378e-05
651,2,65,c_prime_atom_tran,8.635943928041885e-05
652,2,65,strain_presence,8.624067131395149e-05
653,2,65,static_magnetic_field,8.601831623529429e-05
654,2,65,good_agreement,8.59645235347084e-05
655,2,65,transcription_regulation,8.526078105404258e-05
656,2,65,oxoanion_incorporate_molecular_salt,8.466804568452597e-05
657,2,65,diffraction_phase,8.429404209714884e-05
658,2,65,singular_value_decomposition,8.399490999342965e-05
659,2,65,rotatory_power,8.348393268791223e-05
660,2,66,direct_method_procedure,8.763133109710354e-05
661,2,66,cone_conformation,8.7472051721742e-05
662,2,66,relatively_small_perturbation,8.635775519459589e-05
663,2,66,pronounce_difference,8.496288785472171e-05
664,2,66,dimensional_simulation,8.475774600268316e-05
665,2,66,interest_feature,8.426875732367183e-05
666,2,66,heteroepitaxic_structure,8.364607468447432e-05
667,2,66,phosphonoacetate_carbonyl,8.306268066432955e-05
668,2,66,acridinium_n_h_group,8.273839391105681e-05
669,2,66,ligand_act,8.233255356475554e-05
670,2,67,bind_property,9.434759931808268e-05
671,2,67,plane_bc,8.674760108570707e-05
672,2,67,previously_report_kappa_polymorph,8.582846841079521e-05
673,2,67,physically_reasonable_shift,8.551217925656087e-05
674,2,67,nucleoside_diphosphate,8.540746392678455e-05
675,2,67,significant_change,8.491463665625828e-05
676,2,67,loop_residue,8.446687737962181e-05
677,2,67,minor_groove,8.443635271237964e-05
678,2,67,anomalous_dispersion_experiment,8.326262570994981e-05
679,2,67,environmental_material,8.249190846702115e-05
680,2,68,mix_ligand,8.87366215293496e-05
681,2,68,cm_nm_magnitude_order,8.608194736354321e-05
682,2,68,aring_n_s_distance,8.466222009021576e-05
683,2,68,intermolecular_pyrimidine,8.454806022863178e-05
684,2,68,separate_step,8.449287992646702e-05
685,2,68,complete_pole_figure,8.373381845458027e-05
686,2,68,cation_link,8.36273920210672e-05
687,2,68,vapor_phase,8.304362444344512e-05
688,2,68,tetramer_form_hydrogen_bond,8.302170964083358e-05
689,2,68,motion_range,8.29218450983933e-05
690,2,69,nitrate_counter_ion,8.963149929022037e-05
691,2,69,hydropyrimidine_ring,8.438754846920929e-05
692,2,69,grenoble_hfr_diffractometer,8.39167517043863e-05
693,2,69,subsequent_conclusion,8.3174886559964e-05
694,2,69,dimensional_diamond,8.30598681235429e-05
695,2,69,physiological_dimer_interface,8.305886751332599e-05
696,2,69,cyclohexenone_ring,8.251247755373871e-05
697,2,69,redox_reaction,8.187549168709925e-05
698,2,69,c_terminal_peptide,8.162213309179206e-05
699,2,69,beta_acetate_monohydrate,8.159853043133739e-05
700,2,70,phenol_oh_group,8.756928037111047e-05
701,2,70,chiral_organic_molecule,8.559517648159054e-05
702,2,70,damage_strain,8.351088392758542e-05
703,2,70,curve_different_type,8.346954107081297e-05
704,2,70,half_protonated_acridine_cation,8.308994623874386e-05
705,2,70,magnesium_acetate,8.296825244644619e-05
706,2,70,cooperative_jahn_teller_transition,8.233932187145985e-05
707,2,70,humidity_volatile_organic,8.229248252999464e-05
708,2,70,different_dimensional_framework,8.204194679881891e-05
709,2,70,strain_field,8.175949665185766e-05
710,2,71,structural_feature,9.056218849695622e-05
711,2,71,crystal_structure_agreement,8.852170672330188e-05
712,2,71,neutral_molecule,8.77485187014577e-05
713,2,71,peak_shift,8.660068055380216e-05
714,2,71,unfavorable_eclipse_conformation,8.408180636648012e-05
715,2,71,pheb_substrate_specificity,8.321458886847942e-05
716,2,71,deg_cl_te,8.281514573761592e-05
717,2,71,high_salt,8.276974549552684e-05
718,2,71,metallic_cluster_layer,8.242223687144672e-05
719,2,71,beta_delta,8.221486226951392e-05
720,2,72,micro_rad,8.830402817429463e-05
721,2,72,prime_prime_neutral_network,8.684393229021041e-05
722,2,72,totally_lattice_match_structure,8.620807242701772e-05
723,2,72,tridentate_ligand,8.47634773953673e-05
724,2,72,graphical_user_interface,8.474794917970007e-05
725,2,72,pyridine_ring,8.466395654623384e-05
726,2,72,output_file,8.430063262745856e-05
727,2,72,thermal_slope,8.428514709807528e-05
728,2,72,crystal_absorption,8.403844203950623e-05
729,2,72,atomic_pair,8.375423075662239e-05
730,2,73,group_correspond_scheme_group,8.956872963112903e-05
731,2,73,pocn_ni_precursor,8.545039044150097e-05
732,2,73,x_ray_interferometer_type,8.531168420142003e-05
733,2,73,ethyl_chain_benzene_ring,8.486683219540303e-05
734,2,73,external_aldimine,8.340284226272606e-05
735,2,73,biomacromolecular_crystal_quality,8.310477545026404e-05
736,2,73,conserve_fragment,8.245644943678524e-05
737,2,73,detergent_free_micelle,8.221255417684395e-05
738,2,73,hemi_labile_donor_moiety,8.184452902613221e-05
739,2,73,tpsi_sign,8.124875233057936e-05
740,2,74,nmr_spectrum,8.679404529203389e-05
741,2,74,know_cluster,8.628812492849288e-05
742,2,74,hirshfeld_surface_analysis,8.572743526575188e-05
743,2,74,finite_numb,8.522476384356735e-05
744,2,74,aring_resolution_x_ray,8.50682305138336e-05
745,2,74,smiii_atom,8.454076204928662e-05
746,2,74,key_role,8.371295881754301e-05
747,2,74,ba_atom,8.344646166160792e-05
748,2,74,dimensional_connection,8.333596537491591e-05
749,2,74,robl_experimental_hutch,8.328703254038916e-05
750,2,75,pocn_ni_precursor,9.017437427313352e-05
751,2,75,base_complex,8.761391848330953e-05
752,2,75,oxide_material_precursor,8.677375812676895e-05
753,2,75,different_distance,8.654284036636712e-05
754,2,75,hybrid_pixel,8.47708886490317e-05
755,2,75,n_heterocycle_owater,8.418626326337307e-05
756,2,75,local_domain,8.415527104811755e-05
757,2,75,mineral_group,8.376900944968897e-05
758,2,75,t_film_result,8.304885777504424e-05
759,2,75,focal_shift,8.299061976883481e-05
760,2,76,egg_white_lysozyme,8.453418456200968e-05
761,2,76,parallel_infinite_dimensional_network,8.444490633284778e-05
762,2,76,ionic_surfactant_sodium_dodecyl,8.344829547364313e-05
763,2,76,dsb_family,8.338631401795094e-05
764,2,76,card_domain,8.33604723862729e-05
765,2,76,bin_empirical_fit_function,8.19971198504654e-05
766,2,76,vapor_phase_diffusion_method,8.195598462558698e-05
767,2,76,dimensional_layer_framework,8.16651326560841e-05
768,2,76,automate_sugar_detect_software,8.150947975731548e-05
769,2,76,adjacent_benzene_ring_respect,8.123792941553891e-05
770,2,77,trihydrate_middot,8.642089830874941e-05
771,2,77,atom_different_type_cell,8.524956950723146e-05
772,2,77,non_monotonic_intensity_variation,8.487538713618504e-05
773,2,77,o_hydrogen_bond_interaction,8.345845089594748e-05
774,2,77,carbonyl_o_atom,8.341351446403583e-05
775,2,77,correlation_length,8.318896408460187e-05
776,2,77,weak_medium_intensity,8.294808564254551e-05
777,2,77,methanol_disolvate,8.275839096976943e-05
778,2,77,x_ray_condenser,8.248846426233736e-05
779,2,77,dispersion_curve,8.248527162004887e-05
780,2,78,zn_distance,8.754399906926083e-05
781,2,78,solid_helium_factor_temperature,8.751811757006365e-05
782,2,78,curve_crystal,8.553015414015813e-05
783,2,78,water_solvent,8.464174885376596e-05
784,2,78,substrate_dutp_complex,8.326573130076758e-05
785,2,78,dna_replication_nucleoside_triphosphate,8.281969301937192e-05
786,2,78,liii_absorption_edge,8.245976860150662e-05
787,2,78,n_hydrogen_bond_chain,8.245863436472892e-05
788,2,78,dynamical_focus_effect,8.238357743070347e-05
789,2,78,vme_board,8.235894863874404e-05
790,2,79,tolyl_group_aromatic_ring,8.7336631055756e-05
791,2,79,aring_cl_bond,8.608866192482517e-05
792,2,79,monoclinic_z,8.473720296024765e-05
793,2,79,aqua_o_atom,8.447251269569453e-05
794,2,79,cpg_methylat_cytosine,8.419711862462184e-05
795,2,79,order_anharmonic_nuclear_motion,8.417612557892401e-05
796,2,79,o_h_intramolecular_deg,8.411851745517555e-05
797,2,79,triazolium_ring,8.373619889970339e-05
798,2,79,coordinate_benzotriazole_ring_ring,8.364575860257232e-05
799,2,79,n_contact,8.359124269810706e-05
800,2,80,sulfide_molecule,8.683568165114282e-05
801,2,80,x_ray_intensity,8.574070244632388e-05
802,2,80,racemic_crystal_optical_enrichment,8.375267716865719e-05
803,2,80,transformation_method,8.364584983899824e-05
804,2,80,cu_atom_axial_position,8.346403810754782e-05
805,2,80,general_rule,8.312182550936144e-05
806,2,80,primary_amino_group,8.309360265852095e-05
807,2,80,bernoullian_model,8.295754085838642e-05
808,2,80,macrocycle_amine_group,8.229797960425298e-05
809,2,80,catecholic_dioxygenas,8.228849105693379e-05
810,2,81,cap_atom,8.456092682637112e-05
811,2,81,novel_isoform,8.450990350486966e-05
812,2,81,aromatic_ring_centroid,8.391693786734044e-05
813,2,81,unambiguous_rapid_way,8.390894978094048e-05
814,2,81,defect_high_sensitivity,8.328098328587274e-05
815,2,81,associate_diffraction_effect,8.325414117309792e-05
816,2,81,bridge_chloride_ligand,8.297853232308549e-05
817,2,81,well_crystal_form,8.282240950422094e-05
818,2,81,bond_one_short_h,8.275508586848393e-05
819,2,81,dpno_mnp_benzene_ring,8.258426351323668e-05
820,2,82,theta_s_vector,8.937236443336715e-05
821,2,82,group_subgroup,8.493355083333592e-05
822,2,82,linkage_improve_understand,8.421703277221427e-05
823,2,82,middot_guanidine,8.406182163943499e-05
824,2,82,acoustic_droplet_ejection,8.389298728636424e-05
825,2,82,biologically_active_form_dimer,8.366169125710575e-05
826,2,82,soft_x_ray_beamline,8.353674699955288e-05
827,2,82,substrate_acetyltransferase_specificity,8.308817337641346e-05
828,2,82,powder_speciman,8.232159054184566e-05
829,2,82,typical_saxs_sans_experiment,8.214332585417294e-05
830,2,83,g_mu,8.652501962687181e-05
831,2,83,different_wyckoff_position,8.565163112426647e-05
832,2,83,ligand_unsubstituted_pyrazole_ring,8.550696531092691e-05
833,2,83,critical_step,8.548977250360901e-05
834,2,83,rna_recognition,8.529581588493192e-05
835,2,83,asymmetric_substitution_product,8.463234651413562e-05
836,2,83,novel_timepix_detector,8.454454229106081e-05
837,2,83,mixture_film_growth,8.389612485354585e-05
838,2,83,deg_benzene_ring,8.284337977517086e-05
839,2,83,current_study,8.281932529861841e-05
840,2,84,mix_ligand_specie,8.667725844073674e-05
841,2,84,cdo_nbsp_gt_purity,8.474019879712704e-05
842,2,84,polarise_neutron_scatter,8.422957647351664e-05
843,2,84,diffraction_image,8.4020056816531e-05
844,2,84,pressure_hexagonal_structure_refinement,8.39951530197247e-05
845,2,84,crystallographic_sort,8.261040737388216e-05
846,2,84,overlap_arrangement,8.134287265498759e-05
847,2,84,phenyl_ring_group,8.130065135250183e-05
848,2,84,decomposition_oxidation,8.114397873278047e-05
849,2,84,alkaline_phosphatase_nucleophilic_serine,8.100837049923812e-05
850,2,85,hydrogen_bond_donor,8.855194602911278e-05
851,2,85,rna_virus,8.503872238979784e-05
852,2,85,experimental_theoretical_profile,8.472633368482431e-05
853,2,85,dimensional_network_formation,8.422661936936977e-05
854,2,85,aring_plusmn_value,8.366731209965123e-05
855,2,85,butylammonium_thiosulfate_middot_minus,8.346251819633225e-05
856,2,85,minus_anion_link,8.331149194117775e-05
857,2,85,single_particle_additional_measurement,8.317324772537289e-05
858,2,85,hetero_antiparallel,8.273631692000729e-05
859,2,85,distort_octahedral_coordination,8.256305725918142e-05
860,2,86,specific_substrate,8.856198349465928e-05
861,2,86,oxidation_state,8.61724556009596e-05
862,2,86,anomalous_difference,8.453666765270467e-05
863,2,86,orthorhombic_mineral,8.44311394991339e-05
864,2,86,proteolytically_derive_fragment,8.411388552786292e-05
865,2,86,pi_array,8.312811939779473e-05
866,2,86,anneal_experiment,8.280100935786208e-05
867,2,86,hypersphere_pack,8.229041970521564e-05
868,2,86,robotic_sample_changer_use,8.221286245258022e-05
869,2,86,unexpected_product,8.218020560270586e-05
870,2,87,normal_bond,8.944841964165612e-05
871,2,87,hydrazine_n_atom,8.918877212092532e-05
872,2,87,cmca_centrosymmetric_space_group,8.602138189848084e-05
873,2,87,different_molecular_fragment,8.564748849328926e-05
874,2,87,paroxetine_hemihydrate_arrangement_stability,8.497816209572057e-05
875,2,87,low_temperature_aqueous_solution,8.467468210136642e-05
876,2,87,calcium_site_strontium_solubility,8.460439617914822e-05
877,2,87,variable_slit,8.408595138450714e-05
878,2,87,volume_twin_domain,8.386925562654778e-05
879,2,87,topo_tomography,8.380795234267565e-05
880,2,88,a_type_site,8.958072382697617e-05
881,2,88,bupropion_molecule,8.801481221364737e-05
882,2,88,pore_broad_size_distribution,8.771126646433424e-05
883,2,88,ester_methoxyimino,8.682405253679243e-05
884,2,88,single_wavelength_anomalous_scatter,8.576578765504013e-05
885,2,88,sub_pixel,8.47306005631648e-05
886,2,88,three_n_acetylglucosamine,8.46523631103056e-05
887,2,88,mr_triclinic,8.450678743235239e-05
888,2,88,shape_particle,8.354344211335062e-05
889,2,88,heat_thermal_decomposition,8.351507150547446e-05
890,2,89,etc_bioavailability_solubility,8.72481509906377e-05
891,2,89,morawiec_appl_give_omega,8.54814670901007e-05
892,2,89,residue_specific_overall_change,8.457254064896803e-05
893,2,89,search_space,8.39242189978124e-05
894,2,89,mix_anion_phasis,8.351165345482732e-05
895,2,89,triplet_probability_distribution_monitor,8.340967899752688e-05
896,2,89,reliable_relative_intensity,8.33875549096623e-05
897,2,89,g_mu_microgravity,8.306636159145833e-05
898,2,89,protein_mechanism,8.258769906432768e-05
899,2,89,genre_icetexane,8.252652661536835e-05
0,3,0,vanadium_pentoxide_powder,7.950215814085618e-05
1,3,0,particulate_sample,7.913579224380248e-05
2,3,0,replacement_atom,7.902970946094781e-05
3,3,0,harmonic_atom_vibration,7.88884086310373e-05
4,3,0,escherichia_coli_clone_expression,7.765309274745613e-05
5,3,0,near_neighbour_order,7.738682464677752e-05
6,3,0,carbonyl_link_substituent,7.698811939094852e-05
7,3,0,slow_dehydration,7.689359882849181e-05
8,3,0,aryloxide_alkoxide_complex,7.674191484130619e-05
9,3,0,anneal_experiment,7.65995607948878e-05
10,3,1,symmetry_deg_k_deg,8.25906345613845e-05
11,3,1,face_transitive,8.023819286664617e-05
12,3,1,aring_c_n_bond,7.917872398318117e-05
13,3,1,naturally_occur_polymorphism,7.866543088616207e-05
14,3,1,molecule_alternative_atom,7.820064237728765e-05
15,3,1,domain_structure,7.782285627292767e-05
16,3,1,bis_complex,7.738773364827224e-05
17,3,1,minus_system,7.706171794391708e-05
18,3,1,pyridine_coordinate_cuii_atom,7.703121944661557e-05
19,3,1,proliferate_cell,7.673909043620833e-05
20,3,2,diamagnetic_complex,8.160398531787206e-05
21,3,2,x_ray_crystallization_characterization,7.96016842596681e-05
22,3,2,lithium_crystalline_lithium_oxide,7.932618506503729e-05
23,3,2,high_dimension,7.894669329777738e-05
24,3,2,ni_atom_geometry,7.881486835794788e-05
25,3,2,functional_material,7.829246185644855e-05
26,3,2,direct_correlation,7.818132917652744e-05
27,3,2,complex_salt_hydrate,7.792576845271842e-05
28,3,2,n_methylethanolamine_mu,7.791667317080797e-05
29,3,2,zircon_space_group_structure,7.71704941487726e-05
