,run,topic,terms,p
d,8.953272153531482e-05
1,1,0,delocalize_bond,8.577319259715095e-05
2,1,0,crystal_examination,8.54181659860739e-05
3,1,0,simple_form,8.347683992321588e-05
4,1,0,modulation_direction,8.338656511654363e-05
5,1,0,group_coordinate_ligand_oxidation,8.29805157133043e-05
6,1,0,dihydropyrazole_ring,8.28883923248872e-05
7,1,0,liquid_handle_robot,8.271049754395582e-05
8,1,0,phenyl_ring_group,8.21421751590756e-05
9,1,0,experimental_programme,8.206854519062962e-05
10,1,1,unit_cell_size_increase,8.704512567009787e-05
11,1,1,coo_acetate_group,8.628167746233811e-05
12,1,1,isomorphous_replacement_method,8.521212284178805e-05
13,1,1,b_dna,8.353583333687404e-05
14,1,1,small_angle_neutron_scatter,8.334622446388052e-05
15,1,1,site_symmetry_independent_cation,8.26284212722313e-05
16,1,1,cubic_nbsp_space_group,8.255402787262936e-05
17,1,1,lattice_parameter,8.23568487244625e-05
18,1,1,crystallography_bayesian_method_rise,8.151176607133492e-05
19,1,1,asymetric_unit,8.12529660463402e-05
20,1,2,debye_scherrer_geometry,8.986940827611341e-05
21,1,2,b_dna,8.921473697695057e-05
22,1,2,parallel_form,8.720097885522259e-05
23,1,2,b_n_bond,8.654149523522556e-05
24,1,2,week_human_fetus_hand,8.485131627929265e-05
25,1,2,alkaline_cellulase,8.454461313417292e-05
26,1,2,blende_type,8.433310334781463e-05
27,1,2,power_density,8.370469593399175e-05
28,1,2,chain_angle,8.326341133770646e-05
29,1,2,nickel_divalent_iron,8.304918470567195e-05
30,1,3,sodium_dicyanamide_dafo,9.262332568496006e-05
31,1,3,interferometer_in_beam_splitter,8.673256795727683e-05
32,1,3,general_serine_protease_inhibitor,8.58440381372029e-05
33,1,3,bidentate_group,8.508309325934076e-05
34,1,3,barrel_interaction,8.453984727720494e-05
35,1,3,absolute_size,8.316520938898152e-05
36,1,3,n_anomeric_effect,8.238205825840908e-05
37,1,3,carbazolyl_fragment,8.197901727777544e-05
38,1,3,coii_ion,8.187474308425837e-05
39,1,3,o_n_atom,8.178162006868151e-05
40,1,4,rosenstein_jeffrey_amp,9.237414063784515e-05
41,1,4,great_example,8.753733976639651e-05
42,1,4,receptor_subunit,8.664699538724973e-05
43,1,4,sulfone_o_atom,8.432892755395232e-05
44,1,4,physiological_dimer_interface,8.429606044056359e-05
45,1,4,ligand_link_octahedral_geometry,8.314151073168409e-05
46,1,4,dsb_protein_wide_repertoire,8.29186467797123e-05
47,1,4,sad_experiment,8.282600050779995e-05
48,1,4,bridge_water_molecule,8.227430819936091e-05
49,1,4,host_cell_rna_interference,8.222866757288331e-05
50,1,5,c_c_bond_length,8.700973218663601e-05
51,1,5,thermodynamically_stable_product,8.41485828665184e-05
52,1,5,c_chain,8.407402471689938e-05
53,1,5,linac_base_positron_beam,8.36940616620741e-05
54,1,5,inelastic_cross,8.362070171470147e-05
55,1,5,o_h_parallel,8.335582444304274e-05
56,1,5,strong_constraint,8.278033357118503e-05
57,1,5,large_grain,8.235933481154893e-05
58,1,5,hexyloxy_chain,8.18764081760516e-05
59,1,5,estimate_tpsi_magnitude_error,8.151183426917483e-05
60,1,6,anion_cl_atom,8.721246915371961e-05
61,1,6,rna_virus,8.650486232241181e-05
62,1,6,classical_n_h_addition,8.443362736778448e-05
63,1,6,x_ray_diffraction_snapshot,8.424356256060347e-05
64,1,6,chlorine_bridge_chain,8.418271698425281e-05
65,1,6,krause_thorand_amp,8.386769448156885e-05
66,1,6,beamline_achieve_performance,8.332472967385238e-05
67,1,6,hydrogen_bond_centrosymmetric_dimer,8.327068567583591e-05
68,1,6,detuning_technique,8.306674801684647e-05
69,1,6,candidate_vaccine,8.296240557352142e-05
70,1,7,flexible_loop,8.875384610425926e-05
71,1,7,pavel_ccaron,8.640403736545305e-05
72,1,7,electron_transfer,8.566431796342688e-05
73,1,7,axis_molecular_chain,8.421730125455403e-05
74,1,7,escherichia_coli_expression_system,8.406923701690148e-05
75,1,7,coli_precursor,8.378482917878559e-05
76,1,7,homodimeric_kda_pyruvate_structure,8.37768692826167e-05
77,1,7,trigonal_prism,8.235320969469144e-05
78,1,7,rapid_sample,8.226252542752523e-05
79,1,7,obtain_information,8.21082544991649e-05
80,1,8,unit_repeat_negative_charge,8.641394929293525e-05
81,1,8,future_implementation,8.54190448935632e-05
82,1,8,pathological_process_multitude,8.525730303828637e-05
83,1,8,ambient_condition,8.407661105603566e-05
84,1,8,remain_axial_position,8.348831716470544e-05
85,1,8,selenomethionine_label,8.294160507795315e-05
86,1,8,line_width,8.264979028551338e-05
87,1,8,tc_onset_temperature,8.217171931830698e-05
88,1,8,n_c_c_chain,8.18727205309759e-05
89,1,8,intensity_decay_rate,8.185538082022572e-05
90,1,9,plane_anniversary,8.41466231597338e-05
91,1,9,inhibitor_a,8.39321376602986e-05
92,1,9,further_structure_refinement,8.383447778444177e-05
93,1,9,co_mn_analogue,8.344340390812093e-05
94,1,9,active_form,8.339343373291512e-05
95,1,9,situ_collagen,8.219115923691382e-05
96,1,9,bind_heavy_atom_cluster,8.189498631863965e-05
97,1,9,half_chair,8.160992109673973e-05
98,1,9,thermal_stability,8.124096634208442e-05
99,1,9,rna_recognition_motif,8.118066484730458e-05
100,1,10,linear_dependence,8.428015143568592e-05
101,1,10,new_academic_course,8.362830342915853e-05
102,1,10,promise_alternative_fuel,8.345960732650304e-05
103,1,10,pair_correlation,8.321357848127213e-05
104,1,10,automorphism_group_order_respect,8.308795112000239e-05
105,1,10,thiocyanate_n_atom,8.301307655326477e-05
106,1,10,o_h_intramolecular,8.283510244073676e-05
107,1,10,short_cd,8.212859187906517e-05
108,1,10,minus_anion,8.209298041615138e-05
109,1,10,nitrooxy_group,8.204752719553535e-05
110,1,11,lattice_parameter,8.857695037330122e-05
111,1,11,morphology_colloidal_cluster,8.582358658550988e-05
112,1,11,pumice_structure,8.409305572116317e-05
113,1,11,systematic_saxs_simulation,8.355932852132064e-05
114,1,11,cytoplasmic_nuclear,8.328846023755346e-05
115,1,11,pre_bio_pulp_bleach,8.328842688974205e-05
116,1,11,inelastic_elastic_scatter,8.316908284554973e-05
117,1,11,mannich_type,8.293450609195036e-05
118,1,11,cyclopentane_ring,8.285254404555799e-05
119,1,11,bound_automorphism,8.270009513534561e-05
120,1,12,extensive_computer_program,8.932911584015691e-05
121,1,12,polyadenine_tail,8.689477591536924e-05
122,1,12,inh_coordinate,8.592434697356147e-05
123,1,12,hybrid_pixel_array_detector,8.458987408361368e-05
124,1,12,large_unit_cell,8.364433303084238e-05
125,1,12,intensity_distribution_analysis,8.278780395451588e-05
126,1,12,smectic_phasis,8.265054279577877e-05
127,1,12,two_bridge_acetate,8.204592554261299e-05
128,1,12,complex_inhibitor_different_bind,8.18421856040394e-05
129,1,12,dimeric_complex,8.180741344030373e-05
130,1,13,iriii_atom,8.750321560787569e-05
131,1,13,v_v_v_bond,8.614223754597527e-05
132,1,13,call_singular_value_decomposition,8.561151404730501e-05
133,1,13,h_atom_conformation,8.51646238053647e-05
134,1,13,large_asymmetric_unit,8.441457138462526e-05
135,1,13,unprecedented_covalent_dimensional_network,8.436012138631392e-05
136,1,13,counter_cation,8.317395744505436e-05
137,1,13,incident_radiation,8.304864083397406e-05
138,1,13,symmetrical_tile_color,8.286896168271989e-05
139,1,13,configuration_assignment,8.284086120285657e-05
140,1,14,n_acetyltransferase,8.85530266783911e-05
141,1,14,crystalline_state,8.54590355994643e-05
142,1,14,prime_glycine,8.525601901518496e-05
143,1,14,plane_bc,8.371742406135817e-05
144,1,14,high_resolution_transmission_electron,8.358756707427764e-05
145,1,14,test_calculation,8.358434914132527e-05
146,1,14,particular_case,8.330134761578327e-05
147,1,14,beamline_achieve_performance,8.329978667450042e-05
148,1,14,ethanol_water_solvent_molecule,8.246662789002249e-05
149,1,14,map_interpretation,8.235662198455327e-05
150,1,15,research_proposal_approval,8.644255882413647e-05
151,1,15,rigid_body_vibration,8.434029063643157e-05
152,1,15,guanidinium_cation_link,8.242141244661759e-05
153,1,15,tetradecaaquatetrasodium_crystal,8.226921957659735e-05
154,1,15,traverse_technique,8.217218428353368e-05
155,1,15,technique_versatility,8.200360809647471e-05
156,1,15,prolong_presence,8.194009210147226e-05
157,1,15,methanol_molecule,8.183010663690298e-05
158,1,15,conformation_parameter,8.181735151110952e-05
159,1,15,focus_spot,8.178113000107198e-05
160,1,16,digital_image_correlation_technique,8.301012920881514e-05
161,1,16,beam_line,8.267417600462135e-05
162,1,16,sultone_ring,8.264718350896276e-05
163,1,16,large_spectral_range,8.253101807039036e-05
164,1,16,classical_protein_tyrosine,8.218760570310915e-05
165,1,16,maximum_deviation,8.213933368838486e-05
166,1,16,outstanding_feature,8.189245352891571e-05
167,1,16,oligomerization_state,8.142637080226131e-05
168,1,16,orientation_cloud_mean_orientation,8.102532565718025e-05
169,1,16,structure_type,8.095905265041812e-05
170,1,17,thiocyanate_counterion_ethyl_acetate,8.745278712670317e-05
171,1,17,anticonvulsant_activity,8.456080278994497e-05
172,1,17,rowland_cycle,8.448802614921186e-05
173,1,17,nucleotide_overhang,8.398716060950595e-05
174,1,17,net_quotient_graph,8.384057891100724e-05
175,1,17,speciman_edge_parallel,8.379925918681352e-05
176,1,17,diffraction_plane,8.365946307710141e-05
177,1,17,ethaneamine_solution,8.29077694994925e-05
178,1,17,attractive_interaction,8.259850264456743e-05
179,1,17,numerous_o_h,8.234063881212939e-05
180,1,18,membrane_proximal_region,8.699291234255468e-05
181,1,18,pyrazine_ligand,8.532645947901437e-05
182,1,18,close_c,8.491853581371045e-05
183,1,18,dsba_protein,8.426830371355809e-05
184,1,18,stabilization_prominent_role,8.406179043136108e-05
185,1,18,replacement_atom,8.34181553946542e-05
186,1,18,n_c_bond_length,8.319868154853122e-05
187,1,18,crystal_chemical_reaction_process,8.29804948836725e-05
188,1,18,bacterial_cytochrome_crystal_structure,8.252279229348686e-05
189,1,18,pseudo_mm_symmetry,8.236866212057844e-05
190,1,19,trigonal_planar_geometry,8.515602648628568e-05
191,1,19,consideration_dislocation,8.431652552589679e-05
192,1,19,mode_difference,8.295401671726796e-05
193,1,19,structural_comparison,8.285946387697898e-05
194,1,19,high_dimension,8.225611110864388e-05
195,1,19,result_lattice_sum,8.205965862283915e-05
196,1,19,area_detector_obtain_datum,8.184439169289306e-05
197,1,19,adjacent_molecule_cavity,8.149847055813401e-05
198,1,19,visible_light_exposure,8.139939566898398e-05
199,1,19,result_calculation_lorentzian_profile,8.134274223203652e-05
200,1,20,further_consolidation,8.734717620513618e-05
201,1,20,regulatory_cascade,8.65721160561718e-05
202,1,20,cysteine_catabolism_step,8.637091256988325e-05
203,1,20,scn_anionic_charge,8.566511426270614e-05
204,1,20,aotc_cje_campylobacter_jejuni,8.555474333137547e-05
205,1,20,essentially_planar_aring_deviation,8.535003515970059e-05
206,1,20,dimensional_lattice,8.45677279401324e-05
207,1,20,sugar_residue,8.419490739720317e-05
208,1,20,carboxylate_c,8.412274925384017e-05
209,1,20,hydrogen_bond_acceptor_donor,8.346358040909872e-05
210,1,21,diffraction_datum_range,8.830541775146508e-05
211,1,21,sulfadiazine_s_atom_geometry,8.593072144670367e-05
212,1,21,acceptable_value,8.591135955706447e-05
213,1,21,extracellular_enzyme,8.289175423436002e-05
214,1,21,low_barrier_hydrogen_bond,8.287766446664174e-05
215,1,21,x_ray_optic,8.24303095757888e-05
216,1,21,structural_type,8.222428788926918e-05
217,1,21,c_cl_h,8.174388386840812e-05
218,1,21,b_spline_function,8.166123906070411e-05
219,1,21,atom_as_define_plane,8.165397710183622e-05
220,1,22,present_aurescen,9.008184713886996e-05
221,1,22,binary_system,8.612218180905841e-05
222,1,22,significantly_short_intermolecular_contact,8.435824875599044e-05
223,1,22,structural_fluctuation,8.398499044057045e-05
224,1,22,hydrogen_bond_infinite_chain,8.354147317751776e-05
225,1,22,oversampl_different_degree,8.348867023576207e-05
226,1,22,c_repeat,8.306962464722208e-05
227,1,22,conformational_polymorphism,8.296423748339252e-05
228,1,22,alpha_translation_initiation_factor,8.257477424080862e-05
229,1,22,magnetic_field_presence,8.1925047614967e-05
230,1,23,spatial_fluctuation,8.759175197342244e-05
231,1,23,neutron_diffraction_datum,8.709398415705253e-05
232,1,23,mdh_methanol_dehydrogenase,8.581423050860529e-05
233,1,23,molecular_fragment,8.302564717599555e-05
234,1,23,organic_inorganic_nanocomposite,8.297882567139375e-05
235,1,23,iii_thermodynamically_stable_product,8.241836463100593e-05
236,1,23,half_water_molecule,8.22890899374225e-05
237,1,23,si_hg,8.19617657589519e-05
238,1,23,viz_derivative,8.152815110709175e-05
239,1,23,sufficient_magnitude,8.151517043999161e-05
240,1,24,strong_pi,8.634091537254978e-05
241,1,24,in_hydroxyl_group,8.557079398993696e-05
242,1,24,crystallographically_independent_molecule,8.459419154667714e-05
243,1,24,order_twin_boundary,8.406275218100121e-05
244,1,24,prime_middot_hydrate_systematic,8.389208067731039e-05
245,1,24,corner_link_tetrahedron,8.319517519719747e-05
246,1,24,ligand_structure_model,8.28307869551619e-05
247,1,24,holz_line,8.270487080342167e-05
248,1,24,anticipate_value_accordance,8.258171064780246e-05
249,1,24,agc_kinase_family_member,8.230474238291383e-05
250,1,25,contrast_variation,8.5092006933208e-05
251,1,25,vertical_position,8.50498458515015e-05
252,1,25,immune_system,8.357266935912797e-05
253,1,25,fragment_molecule,8.348493122144074e-05
254,1,25,extensive_ligand,8.343876102585537e-05
255,1,25,zigzag_layer,8.245250306660692e-05
256,1,25,alkaline_cellulase,8.240024046736226e-05
257,1,25,anionic_framework,8.219480795906217e-05
258,1,25,sulfinyl_group,8.20115347040166e-05
259,1,25,perfect_crystal,8.193920705610025e-05
260,1,26,synchrotron_x_ray_microtomography,9.398115388380425e-05
261,1,26,lattice_parameter_difference,8.427994800439197e-05
262,1,26,central_c_c_respect,8.413898548382746e-05
263,1,26,sin_phiv,8.333494142205479e-05
264,1,26,moir_eacute,8.292457958188165e-05
265,1,26,environmental_condition,8.228748482765157e-05
266,1,26,domain_dependent_oligomerization,8.203625059994145e-05
267,1,26,chemical_vapour_deposition,8.192812317220611e-05
268,1,26,sphere_method,8.183863862927277e-05
269,1,26,obtuse_p,8.157047968391585e-05
270,1,27,inert_gas_condensation_technique,8.50646423712849e-05
271,1,27,cp_carbamoyl_phosphate,8.421655714443109e-05
272,1,27,gyration_radius,8.396359173656765e-05
273,1,27,statistical_property,8.321277009995625e-05
274,1,27,octahedral_mn_atom,8.301370460492937e-05
275,1,27,multiprocessor_ibm_system,8.282731971737826e-05
276,1,27,para_substituent_additive_influence,8.266093468066736e-05
277,1,27,recent_decade_lib_material,8.252438873690974e-05
278,1,27,mpd_use,8.251959298685272e-05
279,1,27,sigma_transversal_accoustical_mode,8.248746110772664e-05
280,1,28,condition_diffusion,8.536015630301961e-05
281,1,28,main_chain_torsion,8.535375607192688e-05
282,1,28,ring_atom,8.405295216813568e-05
283,1,28,previously_report_complex,8.259576565175983e-05
284,1,28,fascinate_unique_property,8.23415455030141e-05
285,1,28,solid_quantum_crystal_topography,8.184922445465822e-05
286,1,28,minus_anion_opposite_side,8.16454120711378e-05
287,1,28,solvothermal_condition,8.161772363203532e-05
288,1,28,positron_beam,8.158004339566183e-05
289,1,28,sodium_silver_tetraniobium,8.146489875756433e-05
290,1,29,image_pixel,9.246079078967427e-05
291,1,29,cn_minus,8.500767617660187e-05
292,1,29,o_chain,8.492662400774595e-05
293,1,29,precisely_know_concentration_coexist,8.403186127012516e-05
294,1,29,decaiodide_novel,8.402778360374274e-05
295,1,29,centrosymmetric_hydrogen_bond_ring,8.401093779835471e-05
296,1,29,x_ray_generator,8.34611558733372e-05
297,1,29,substituent_plane,8.337766214221767e-05
298,1,29,independent_molecule,8.299876131183034e-05
299,1,29,mechanical_vibration,8.298836573966488e-05
300,1,30,transportation_promise_alternative_fuel,8.701583873488853e-05
301,1,30,basic_concept,8.46691903810312e-05
302,1,30,phasis_domain,8.429560381189174e-05
303,1,30,face_share_polyhedron_column,8.394617470053506e-05
304,1,30,l_alanyl,8.360756415730459e-05
305,1,30,hyperbolic_dimensional_layer_structure,8.323764662121977e-05
306,1,30,noise_level,8.260397825237283e-05
307,1,30,s_aring_f_interaction,8.246865051604482e-05
308,1,30,pack_hydrogen_bond,8.234360163891204e-05
309,1,30,intramolecular_hydrogen_bond_system,8.217477609482869e-05
310,1,31,x_ray_diffraction_method,8.800723913479566e-05
311,1,31,cs_symmetry,8.591615437588867e-05
312,1,31,coplanar_nicotinamide_moiety,8.48936615970786e-05
313,1,31,apical_position_water_molecule,8.439425953596323e-05
314,1,31,slightly_distort_tetrahedral_geometry,8.317231886978557e-05
315,1,31,lattice_crystal_real_model,8.241147596228297e-05
316,1,31,phase_calculation_extension,8.241046854923461e-05
317,1,31,structure_factor,8.23910176676886e-05
318,1,31,outstanding_feature,8.224197754417747e-05
319,1,31,synchrotron_radiation_aring_resolution,8.206261557674255e-05
320,1,32,interest_link,8.524558505840565e-05
321,1,32,short_cui,8.463197879029093e-05
322,1,32,size_induce,8.233366254863084e-05
323,1,32,small_molecule_structure,8.210077824017727e-05
324,1,32,widespread_perception,8.149640358556019e-05
325,1,32,free_nitrate,8.145311973946442e-05
326,1,32,deg_terminal_phenyl_ring,8.141738115933962e-05
327,1,32,central_plane,8.139306824569237e-05
328,1,32,endoribonuclease_call_nonstructural_protein,8.087671012441629e-05
329,1,32,year_activity,8.086228368904018e-05
330,1,33,observe_n,8.60690607048683e-05
331,1,33,different_proportion_atom,8.60415792810265e-05
332,1,33,sapphire_substrate,8.439557374844727e-05
333,1,33,central_triazole_ring,8.404317920864983e-05
334,1,33,chain_motif,8.375019660582445e-05
335,1,33,crystallization_condition,8.371259921657043e-05
336,1,33,cbed_pattern,8.369984577840269e-05
337,1,33,morawiec_appl_give_omega,8.266006020690921e-05
338,1,33,open_read,8.262437585391064e-05
339,1,33,thermal_slope_error,8.238184429020103e-05
340,1,34,lipid_interface,8.659282598348709e-05
341,1,34,pcxxc_signature,8.605538368932096e-05
342,1,34,co_linear,8.60402398867693e-05
343,1,34,pdi_relate_protein,8.510350948218691e-05
344,1,34,synchrotron_radiation_pioneering_experiment,8.362755688623373e-05
345,1,34,alternative_complement_pathway_activation,8.256554372533236e-05
346,1,34,sniv_complex,8.250720227005237e-05
347,1,34,decrease_temperature,8.195923579485016e-05
348,1,34,powder_crystal,8.181368053004326e-05
349,1,34,distort_octahedral_geometry_anion,8.147044820990779e-05
350,1,35,beam_orientation_specific,8.69385344397124e-05
351,1,35,novel_derivative,8.456168853716022e-05
352,1,35,membered_n,8.425164970831718e-05
353,1,35,net_dimensional_lattice,8.326172937653176e-05
354,1,35,mu_catena_mu_structure,8.32554672850743e-05
355,1,35,biological_macromolecule_crystallization,8.320640399584054e-05
356,1,35,anomalous_signal,8.284556937562754e-05
357,1,35,dimensional_lattice,8.2750956449556e-05
358,1,35,opposite_side,8.274436896309179e-05
359,1,35,different_ligand_n_atom,8.251623975082438e-05
360,1,36,intermolecular_aromatic_c_h,8.534799311448191e-05
361,1,36,methanol_thiocarbonohydrazide_triazole_molecule,8.51285284168332e-05
362,1,36,liquid_crystal,8.468307725374881e-05
363,1,36,gauche_torsion,8.375773032979525e-05
364,1,36,weak_hydrogen_bond_presence,8.354549155835922e-05
365,1,36,average_radius,8.346136585406458e-05
366,1,36,myoglobin_structure,8.331436498983352e-05
367,1,36,bragg_spot_shape,8.291146707106849e-05
368,1,36,theoretical_myoglobin,8.276429959807311e-05
369,1,36,polyether_ring,8.259913350377099e-05
370,1,37,ethyl_substituent,8.65951132862767e-05
371,1,37,polycapillary_monocapillary_design,8.653108361607876e-05
372,1,37,exact_expression,8.591837082084655e-05
373,1,37,oxamate_group,8.49368330377715e-05
374,1,37,hydroxyl_group,8.455551467348607e-05
375,1,37,pseudomerohedral_merohedral_available_information,8.301078485163565e-05
376,1,37,thermal_disorder,8.258517506054693e-05
377,1,37,aring_zn_o,8.222698799230893e-05
378,1,37,spiro_pyran_ring,8.204644949300237e-05
379,1,37,transcriptional_factor,8.192710534889895e-05
380,1,38,bulk_solvent_correction,8.760327831892405e-05
381,1,38,homology_model_study,8.569043025734469e-05
382,1,38,internal_symmetry_have_conformation,8.541544917125314e-05
383,1,38,state_high_resolution,8.407008284095741e-05
384,1,38,four_n_atom,8.354316409444472e-05
385,1,38,carbohydrate_structure,8.35257529013903e-05
386,1,38,characteristic_torsion,8.34814933109843e-05
387,1,38,narrow_line_width,8.29141734995983e-05
388,1,38,molecular_dipole_moment,8.27760870813694e-05
389,1,38,osmium_cluster,8.277393731888944e-05
390,1,39,unsymmetrical_schiff_base,8.619934238651327e-05
391,1,39,putative_methyltransferase_gene,8.5746765413815e-05
392,1,39,microstrain_broaden,8.465236525783783e-05
393,1,39,polyalanine_linker,8.35123267135213e-05
394,1,39,rna_process_event,8.342371778949217e-05
395,1,39,adp_atom,8.305683019401153e-05
396,1,39,point_diffraction,8.253237757309145e-05
397,1,39,block_copolymer_micelle,8.203756223985076e-05
398,1,39,cecill_licence_source,8.192085908551563e-05
399,1,39,turkish_plant_putoria_calabrica,8.1741491719981e-05
400,1,40,unidimensional_profile_multivariate_analysis,8.621468814784307e-05
401,1,40,close_form_solution,8.429084569809537e-05
402,1,40,particular_result,8.397855720336826e-05
403,1,40,v_atom,8.336306113360796e-05
404,1,40,phasis_bond_valence_analysis,8.309581033044088e-05
405,1,40,n_protein,8.288894096473751e-05
406,1,40,catalytic_site_binase_molecule,8.26699230612066e-05
407,1,40,extinction_correction,8.252601567160497e-05
408,1,40,infinite_molecular_unit,8.249302015091694e-05
409,1,40,pivotal_role,8.225645081958775e-05
410,1,41,serine_protease_enzymatic_activity,8.51903944967949e-05
411,1,41,polar_zone,8.474899506786567e-05
412,1,41,phosphodiester_bond,8.34943696435417e-05
413,1,41,terminal_n_atom,8.278269969913385e-05
414,1,41,single_crystal_diffraction_intensity,8.25558979068442e-05
415,1,41,pyrimidine_imidazole_ring,8.244892039549899e-05
416,1,41,crystal_subsequent_escape_fluorescence,8.214728445559269e-05
417,1,41,polydispersity_exponent,8.200599327719556e-05
418,1,41,cavitand_host,8.192443708488774e-05
419,1,41,occupancy_location,8.152488476125825e-05
420,1,42,pdf_various_aspect,8.647386773680953e-05
421,1,42,mature_protein,8.559984235941671e-05
422,1,42,c_terminal_amide_formation,8.443660534457022e-05
423,1,42,diphosphate_substrate,8.431843725771322e-05
424,1,42,bessel_transform,8.377163167151928e-05
425,1,42,precipitate_agent,8.373208119631268e-05
426,1,42,diffraction_datum,8.350371522564716e-05
427,1,42,medicinal_agent,8.216129135643097e-05
428,1,42,image_hrtem_edp,8.182167452128049e-05
429,1,42,x_ray_diffraction,8.175818213403637e-05
430,1,43,crystalline_structure,8.674226803930544e-05
431,1,43,aring_o_bond,8.465898237611253e-05
432,1,43,large_database_use,8.380481890081664e-05
433,1,43,bromo_etherification,8.334312939657499e-05
434,1,43,cheap_organometallic_precursor,8.278823540787995e-05
435,1,43,reverse_transcriptase,8.275711611720286e-05
436,1,43,excess_ion,8.237871943849087e-05
437,1,43,alcohol_solvent_vapor,8.228733879633671e-05
438,1,43,gmp_binase_complex,8.217422128287854e-05
439,1,43,terminal_oxide_o_atom,8.205852662387631e-05
440,1,44,high_pressure,8.644999505355061e-05
441,1,44,classical_approach_point_detector,8.48101985328981e-05
442,1,44,highly_optimize_search_method,8.450859354091002e-05
443,1,44,e_minus_sim,8.370757426838587e-05
444,1,44,ug_rich_repeat_bind,8.364495671651576e-05
445,1,44,large_angle,8.33657070501073e-05
446,1,44,oxygen_core,8.277104441378321e-05
447,1,44,usual_powder_diffraction_technique,8.240065814819975e-05
448,1,44,metal_coordinate_water_bond,8.23761082067502e-05
449,1,44,diffraction_phase,8.216555176386814e-05
450,1,45,protonated_nh_group,8.576664345664352e-05
451,1,45,benzene_ring_c_atom,8.49614762906626e-05
452,1,45,additional_groove,8.40436536083958e-05
453,1,45,essentially_planar_aring_deviation,8.386072089858398e-05
454,1,45,infinite_double_strand_chain,8.37664463670393e-05
455,1,45,optical_phase,8.345060260384994e-05
456,1,45,meyer_et_al_work,8.343718206147929e-05
457,1,45,anomalous_multiplicity,8.339468986588635e-05
458,1,45,amine_hydroxymethyl,8.26346184516582e-05
459,1,45,five_example,8.243245849125192e-05
460,1,46,spherically_bend_crystal_analyzer,8.939671047757454e-05
461,1,46,incommensurate_dimensional_modulation_crystal,8.501428252850201e-05
462,1,46,pyrazoline_ring,8.475193925310876e-05
463,1,46,uncolored_symmetrical_tile,8.420862062581297e-05
464,1,46,mean_o,8.375951956872372e-05
465,1,46,novel_modification,8.266249523966532e-05
466,1,46,n_dimethylaminoethanol_n_ligand,8.226667647013493e-05
467,1,46,experimental_electron_density_model,8.211319363734865e-05
468,1,46,present_study,8.187561236643935e-05
469,1,46,soft_material_dynamic_behaviour,8.167498950278347e-05
470,1,47,short_intermolecular_s_topology,8.836843228344265e-05
471,1,47,predominant_type,8.49820205836038e-05
472,1,47,different_polyanion,8.417302785042946e-05
473,1,47,apo_state,8.36499326271579e-05
474,1,47,tridentate_dien_molecule,8.281711250277483e-05
475,1,47,aring_resolution,8.260877603557843e-05
476,1,47,d_dip,8.225904433126213e-05
477,1,47,ureido_ring,8.219184182288304e-05
478,1,47,phenol_imine_tautomer,8.207534579972108e-05
479,1,47,wavelength_change,8.204058880783935e-05
480,1,48,melatonin_metabolism_aminoglycoside_resistance,8.973250397181742e-05
481,1,48,spatial_temporal_control,8.582456401400614e-05
482,1,48,two_different_formalism,8.40724255705988e-05
483,1,48,crystallographic_net_relationship,8.404964010567473e-05
484,1,48,pulp_mill,8.402811407617433e-05
485,1,48,dsc_tga_analysis,8.306115724198352e-05
486,1,48,group_mn_atom,8.290783221332947e-05
487,1,48,actual_ultrasonic_oscillation,8.287673451768189e-05
488,1,48,centrosymmetric_dimer,8.264808421859649e-05
489,1,48,immediate_surround,8.234109484898894e-05
490,1,49,concentration_range,8.67235608839704e-05
491,1,49,o_pyramid_base_atom,8.617382976949722e-05
492,1,49,minus_anion_cation,8.521322864638729e-05
493,1,49,g_mu_microgravity,8.488716615172113e-05
494,1,49,material_luminescent_property,8.470231655068062e-05
495,1,49,buccaneer_software,8.391132873014935e-05
496,1,49,bind_property,8.256604984072459e-05
497,1,49,zeta_beta_case,8.156018694540981e-05
498,1,49,beamline_synchrotron_datum,8.144282149589956e-05
499,1,49,middot_polymorph,8.141309637947584e-05
0,2,0,useful_negative_relation_numb,7.470415962150427e-05
1,2,0,grain_boundary,7.411556088391264e-05
2,2,0,catabolic_pathway,7.34242360675433e-05
3,2,0,hybrid_pixel_array_detector,7.304670640908244e-05
4,2,0,diffraction_peak,7.298764988891196e-05
5,2,0,scatter_resonant_curve,7.294059067429053e-05
6,2,0,deg_range,7.247558246962593e-05
7,2,0,material_type,7.238401017512085e-05
8,2,0,carbazole_ring,7.236936258980098e-05
9,2,0,standard_sample_holder,7.233091307751227e-05
