,run,topic,terms,p
8.623205277055802e-05
1,1,0,conclusive_proof,8.417432614945842e-05
2,1,0,present_report,8.346672396010767e-05
3,1,0,particular_case,8.300416345116365e-05
4,1,0,kda_identical_pep_block,8.259230424478262e-05
5,1,0,additional_membered_ring,8.218105697499963e-05
6,1,0,molecular_interaction,8.16226163415861e-05
7,1,0,niobium_chromium_pentasulfide,8.142272036379068e-05
8,1,0,borane_h,8.079310302835147e-05
9,1,0,cotton_effect,8.074992601469478e-05
10,1,1,bc_aring_plusmn_bth,8.412654128864585e-05
11,1,1,non_h,8.409505673261985e-05
12,1,1,triazine_ring_plane,8.365906810693252e-05
13,1,1,membered_ring,8.279754740270623e-05
14,1,1,naphthalen_datum,8.251031406927945e-05
15,1,1,kato_amp,8.217473835495535e-05
16,1,1,near_field_speckle,8.169852831582203e-05
17,1,1,v_v_v_bond,8.157367084494955e-05
18,1,1,possible_practical_application,8.116382329001115e-05
19,1,1,susceptibility_quantification,8.108164503507675e-05
20,1,2,strain_level,8.18325873083575e-05
21,1,2,powder_sample,8.17309128228714e-05
22,1,2,new_usp_conformation,8.104127701775536e-05
23,1,2,candidate_vaccine_design,8.070847668599748e-05
24,1,2,scroll_nanotube,8.052637715097394e-05
25,1,2,issue_understand,8.051186389367207e-05
26,1,2,si_bond_angle,8.044522727082157e-05
27,1,2,ring_form,8.011388505053805e-05
28,1,2,waals_one,7.974953253930292e-05
29,1,2,square_determination,7.973331621388044e-05
30,1,3,powder_diffraction_peak,8.448031293232265e-05
31,1,3,fragment_dihedral_angle,8.270354208165801e-05
32,1,3,weak_n_h,8.256187069338836e-05
33,1,3,experimentally_observe_structure,8.139310501114136e-05
34,1,3,thermal_expansion,8.12531653259068e-05
35,1,3,tetramer_interface,8.026091172256747e-05
36,1,3,dimer_destabilize_property,8.017612631958729e-05
37,1,3,diphosphate_substrate,8.005035088787467e-05
38,1,3,pumice_structure,8.003866269711643e-05
39,1,3,particulate_sample,7.98992915745455e-05
40,1,4,technique_block,8.421500346030261e-05
41,1,4,atomic_model_refinement,8.367768252699886e-05
42,1,4,measurement_experimental_detail,8.240926082754832e-05
43,1,4,space_group_polar_structure,8.143942695790006e-05
44,1,4,phenyl_ring_plane,8.13275323796503e-05
45,1,4,aring_isoquinoline_group,8.128291065809436e-05
46,1,4,phenolic_substituent_ring_ring,8.087959312078431e-05
47,1,4,quality_control,7.971814912682926e-05
48,1,4,figure_dioxygen,7.966005889252023e-05
49,1,4,distort_square_planar_environment,7.959501765715104e-05
50,1,5,surface_loop,8.387230136913794e-05
51,1,5,dcdp_dadp,8.373277629588093e-05
52,1,5,pyrimidine_imidazole_ring,8.228453274750258e-05
53,1,5,linear_relationship,8.13860580633537e-05
54,1,5,cation_anion,8.0894488184311e-05
55,1,5,terephthal_butylaniline,8.084998491943412e-05
56,1,5,mo_mo,8.084109963730785e-05
57,1,5,equatorial_orientation,8.073475681848207e-05
58,1,5,nitrogen_atom,8.059062528412469e-05
59,1,5,additional_stabilization,8.020815520579405e-05
60,1,6,library_application,8.571148776599858e-05
61,1,6,molecular_replacement_study,8.555905167473946e-05
62,1,6,flavone_skeleton,8.545278783091758e-05
63,1,6,membrane_protein_sample,8.326217192887786e-05
64,1,6,oxide_block_copolymer,8.311835208540968e-05
65,1,6,substitute_unsubstituted_cp_ring,8.298377194989595e-05
66,1,6,n_hydrogen_bond_present,8.284871286195816e-05
67,1,6,mung_bean,8.266145240964837e-05
68,1,6,catalyst_preparation,8.21691566238124e-05
69,1,6,imino_group,8.154696107393022e-05
70,1,7,gas_proportional_detector,8.635844266792807e-05
71,1,7,minus_s,8.398268506866001e-05
72,1,7,topological_density_calculation,8.257429392121285e-05
73,1,7,pi_pi_pi,8.251029503895233e-05
74,1,7,plane_dihedral_angle_deg,8.25008359259375e-05
75,1,7,crystal_pack_stability,8.158596010279032e-05
76,1,7,water_molecule_anion,8.087867077371954e-05
77,1,7,surface_loop_residue,8.084767460337316e-05
78,1,7,mass_fractal_dimension,8.069923810589993e-05
79,1,7,s_layer,8.016574650861395e-05
80,1,8,o_h_intramolecular_formation,8.623076900197502e-05
81,1,8,carbonyl_link_substituent,8.27196036104166e-05
82,1,8,catalytic_zinc_ion,8.236639459158519e-05
83,1,8,crystal_reflection,8.162505935579329e-05
84,1,8,n_n_heterocycle_owater,8.160618878742691e-05
85,1,8,heavy_atom_cluster,8.024463794337834e-05
86,1,8,high_level,8.008295888058912e-05
87,1,8,substituent_slight_modification,7.991332006816277e-05
88,1,8,structural_knowledge,7.98668299487091e-05
89,1,8,calibration_alignment_measurement,7.966770467513509e-05
90,1,9,n_have_n_angle,8.292732804281195e-05
91,1,9,aliphatic_chain,8.20614700827235e-05
92,1,9,datum_deposition,8.174858930745023e-05
93,1,9,datum_retention,8.14551693640079e-05
94,1,9,plasma_membrane,8.13521591907767e-05
95,1,9,singular_value,8.132749734396137e-05
96,1,9,human_body_vulnificus_survival,7.986450056467224e-05
97,1,9,s_hydrogen_bond_dimer,7.98335127284976e-05
98,1,9,cbed_pattern,7.949734046235693e-05
99,1,9,one_dimensional_chain,7.947914588807646e-05
0,2,0,paroxetine_chloride_hemidrate,8.73325832197597e-05
1,2,0,humidity_volatile_organic,8.306728977021284e-05
2,2,0,sci_usa,8.186890339809331e-05
3,2,0,immune_system,8.162077834190064e-05
4,2,0,six_symmetry_relate_domain,8.112849201837343e-05
5,2,0,multiple_isomorphous_replacement_method,8.107855110066529e-05
6,2,0,cis_junction,8.099562272612725e-05
7,2,0,new_member,8.090077409798671e-05
8,2,0,discrete_complex_molecule,8.088705233038936e-05
9,2,0,molecular_envelope,8.061273768430208e-05
10,2,1,cooperative_jahn_teller_transition,9.215686655852112e-05
11,2,1,burgers_vector,9.008358495519034e-05
12,2,1,potentially_conformational_polymorphism_incline,8.761585515787205e-05
13,2,1,crystal_structure_study,8.218325791902229e-05
14,2,1,strong_anisotropy,8.19957394424178e-05
15,2,1,scatter_datum,8.165709631677351e-05
16,2,1,pseudo_mm,8.164321661128825e-05
17,2,1,mandelic_acid,8.158382554970564e-05
18,2,1,se_peak_wavelength,8.143417779713808e-05
19,2,1,single_crystal_dispersion,8.121089716809856e-05
20,2,2,affinity_intein,8.752669650418418e-05
21,2,2,further_biochemical_structural_analysis,8.686710119486025e-05
22,2,2,furan_plane_ester_group,8.49646621358116e-05
23,2,2,pdf_neutron_powder_diffraction,8.478309335668144e-05
24,2,2,test_reconstruction,8.40150999849004e-05
25,2,2,nitro_amino,8.213805437636289e-05
26,2,2,impinge_radiation_power_density,8.15860139076117e-05
27,2,2,soft_x_ray_beamline,8.135493499669887e-05
28,2,2,drug_treatment,8.064820289884732e-05
29,2,2,similar_device,8.057773369423434e-05
30,2,3,i_r_phenyl,8.524722112385366e-05
31,2,3,auiii_atom,8.495482488252586e-05
32,2,3,x_ray_optical_system,8.391775416539496e-05
33,2,3,finite_order_form,8.324748620527824e-05
34,2,3,damage_profile_variable_strain,8.295796675984422e-05
35,2,3,metal_ion_interaction,8.240631027848204e-05
36,2,3,free_diffraction,8.194379147562962e-05
37,2,3,disconnect_chain_fragment_assembly,8.190450989699226e-05
38,2,3,chain_main_chain,8.1809092459357e-05
39,2,3,non_trivial_bound_automorphism,8.152846554886001e-05
40,2,4,chemistry_catalyst_particle_evolve,8.567465414933939e-05
41,2,4,general_liquid_handle_robot,8.364991048824963e-05
42,2,4,akt_signal,8.25381015937779e-05
43,2,4,dynamic_nature_molecular_pack,8.248557899074193e-05
44,2,4,length_profile,8.210189447241204e-05
45,2,4,diyttrium_heptaoxodisilicate,8.192706259903397e-05
46,2,4,primary_sequence,8.17994165924825e-05
47,2,4,carbozole_system,8.154545321488568e-05
48,2,4,shell_thickness,8.149629477473444e-05
49,2,4,hydrobromide_ion_pair,8.109573409178872e-05
50,2,5,measure_theoretical_performance,8.853384233840268e-05
51,2,5,real_time_five_example,8.484761650057396e-05
52,2,5,non_covalent_interaction,8.305084890286592e-05
53,2,5,deviation_remain_atom,8.258039905631916e-05
54,2,5,background_noise,8.233345612980801e-05
55,2,5,structure_type,8.150734252676158e-05
56,2,5,previous_method,8.086080904910746e-05
57,2,5,anomalous_scatterer,8.034926240029989e-05
58,2,5,x_ray_intensity,8.028674211916943e-05
59,2,5,nearly_coplanar_arrangement,8.012407107600497e-05
60,2,6,membrane_envelope,8.733396352154753e-05
61,2,6,collect_datum,8.55196426629643e-05
62,2,6,quantitative_mineralogical_analysis,8.438382813746524e-05
63,2,6,complete_model_reconstruction_scaffold,8.306248645971427e-05
64,2,6,ultra_small_angle_neutron,8.2997503188572e-05
65,2,6,carbohydrate_structure,8.195981271348858e-05
66,2,6,centrosymmetric_cluster,8.184911404040046e-05
67,2,6,methanol_one_molecule,8.172351656188996e-05
68,2,6,measure_triplet_phasis,8.169752060466993e-05
69,2,6,dichloride_dizinc_selenium,8.162006244889144e-05
70,2,7,ellipsoidal_particle_case,8.33689162376818e-05
71,2,7,high_multipole_sum,8.296544713135657e-05
72,2,7,previously_report_complex,8.238701464221136e-05
73,2,7,mdap_contain_mdap_tripeptide,8.207833423631634e-05
74,2,7,calculate_turn,8.19362214207432e-05
75,2,7,unique_cation,8.191677540077197e-05
76,2,7,user_shift,8.18005913678154e-05
77,2,7,chain_within_pi_pi,8.16337890061578e-05
78,2,7,different_hypothesis,8.15281942077726e-05
79,2,7,prime_prime_bridge_ligand,8.139842323382239e-05
80,2,8,terminal_c_atom,8.72618064463975e-05
81,2,8,coordinate_oxychloride,8.445384564686942e-05
82,2,8,carboxyl_methyl_group,8.425628019327211e-05
83,2,8,c_hydrogen,8.373405694006118e-05
84,2,8,high_gram_positive_bacterium,8.336715003820165e-05
85,2,8,structure_density_modulation,8.322633879933282e-05
86,2,8,anomalous_scatter_datum,8.307733078323149e-05
87,2,8,strong_intercluster,8.27717190909191e-05
88,2,8,experimental_result_problem,8.231018242464541e-05
89,2,8,kappa_p_chloride,8.181744352890556e-05
90,2,9,position_extra_peak_intensity,8.528926242332042e-05
91,2,9,guanidinium_unit_hydrogen_atom,8.404841397041104e-05
92,2,9,multiple_inhibitor_bind_mode,8.335376005997354e-05
93,2,9,smectic_phase_tbba_sample,8.330069096079481e-05
94,2,9,rcconstruct_polyalanine_model,8.329177804060086e-05
95,2,9,aring_resolution_phase_information,8.269807839775893e-05
96,2,9,inherent_symmetry,8.217355502213761e-05
97,2,9,crystallographic_structure,8.181844074369119e-05
98,2,9,experimental_phasis_quality,8.171971400708984e-05
99,2,9,interchain_hydrogen_bond,8.142623395325238e-05
100,2,10,solid_helium_anneal_effect,8.988606947245287e-05
101,2,10,seed_storage,8.519637113189452e-05
102,2,10,symmetry_polyanion,8.380445195108734e-05
103,2,10,platinum_dispersion_relation,8.331125016824467e-05
104,2,10,poor_aring_crystallographic_resolution,8.321154063932393e-05
105,2,10,bacterium_oxidative_fold,8.277666989677558e-05
106,2,10,anharmonic_effect,8.275526963997986e-05
107,2,10,molecule_alternative_atom,8.192911579277461e-05
108,2,10,identical_type_metal_atom,8.189350738691847e-05
109,2,10,entrance_surface,8.149919156293534e-05
110,2,11,o_keto,8.540936368387293e-05
111,2,11,uncolored_symmetrical_tile,8.368109024444348e-05
112,2,11,simple_mixture,8.310887417038505e-05
113,2,11,hydrodynamic_focus_device,8.274834815064532e-05
114,2,11,iron_atom,8.229990225662241e-05
115,2,11,n_dimethylacetamide_molecule,8.182492288260909e-05
116,2,11,total_coordination_numb,8.146497902699488e-05
117,2,11,temperature_range,8.128276006079228e-05
118,2,11,acetone_amine_combination,8.083839162377264e-05
119,2,11,dimensional_supramolecular_network,8.078446186402987e-05
120,2,12,o_volume_distance,8.550531487690545e-05
121,2,12,precession_photograph,8.536259121518351e-05
122,2,12,crystallographically_independent_sr_atom,8.502437406443338e-05
123,2,12,stability_because,8.44638276891288e-05
124,2,12,complex_formation,8.385249720965733e-05
125,2,12,bpap_construct,8.361111486924577e-05
126,2,12,cu_k_alpha,8.342352741896124e-05
127,2,12,hydrophobic_pocket,8.324123936364232e-05
128,2,12,categorical_model_simple_linear,8.261899567713556e-05
129,2,12,mo_k_alpha_z,8.217726963284597e-05
130,2,13,phenyl_ring_orientation,8.6846748419526e-05
131,2,13,barbituric_acid_ring,8.603859756388362e-05
132,2,13,phosphorylatable_render_lipid_analog,8.420437303865052e-05
133,2,13,absorption_energy_low_energy,8.400036470966661e-05
134,2,13,formal_coordination_polyhedron,8.374179559945174e-05
135,2,13,optical_enrichment,8.343559315256816e-05
136,2,13,hexyloxy_chain,8.246605861264065e-05
137,2,13,zeta_apoptotic_activity,8.219324685965647e-05
138,2,13,functional_form_magnitude_consequence,8.167093097738281e-05
139,2,13,key_implication_carbohydrate,8.166247012607619e-05
140,2,14,tetramer_shape_difference_account,8.937328715702732e-05
141,2,14,germanium_dioxide,8.343454441247795e-05
142,2,14,nodaviridae_family_new_member,8.328231369016754e-05
143,2,14,pdf_various_aspect,8.22994602934362e-05
144,2,14,bragg_maximum,8.134653564297869e-05
145,2,14,calpha_database_reconstruction_program,8.126143253918822e-05
146,2,14,ultra_low_temperature,8.117018928471347e-05
147,2,14,osmium_derivative,8.100885131045229e-05
148,2,14,polyethylene_glycol,8.071489291675921e-05
149,2,14,one_ring,8.053628681263086e-05
150,2,15,chain_hydrogen_bond,8.402826483927666e-05
151,2,15,aring_essentially_planar_deviation,8.217062619359815e-05
152,2,15,large_value,8.18545163229035e-05
153,2,15,dockerin_cohesin,8.147292863974684e-05
154,2,15,coordination_environment,8.144083127279819e-05
155,2,15,n_acetyltransferase_domain,8.135863086194104e-05
156,2,15,short_review,8.133281541283854e-05
157,2,15,magnetic_measurement_ouml_ssbauer,8.125311715838152e-05
158,2,15,pyrazolone_ring,8.105593623056188e-05
159,2,15,product_carbonyl_moiety,8.104850913963758e-05
0,3,0,aring_resolution_diffract_crystal,7.862112309645767e-05
1,3,0,substituent_electron_withdraw_power,7.81814338925245e-05
2,3,0,particularly_susceptible_site,7.773770273148726e-05
3,3,0,chamber_inside_surface,7.764455123958755e-05
4,3,0,enzyme_catalysis,7.724504256250082e-05
5,3,0,smear_unsmooth_scatter_datum,7.712613249203368e-05
6,3,0,corner_link_tetrahedron,7.626303424272282e-05
7,3,0,identical_condition_diffraction,7.611471741564062e-05
8,3,0,thermogravimetric_analysis,7.531719480475808e-05
9,3,0,aromatic_c_c_bond,7.53000745759301e-05
10,3,1,sequence_assignment_approach,7.818830767510468e-05
11,3,1,s_interval_s,7.756384683102639e-05
12,3,1,application_use,7.704189657443921e-05
13,3,1,attractive_term,7.668655994096549e-05
14,3,1,photon_energy_range,7.655427455523793e-05
15,3,1,c_axis_extend_chain,7.651878990112816e-05
16,3,1,site_symmetry_be,7.643908087012995e-05
17,3,1,lignin_relate_biphenyl,7.548442696772864e-05
18,3,1,study_spite,7.531997712599386e-05
19,3,1,protein_crystal_spiral_growth,7.516828327927757e-05
