,run,topic,terms,p
ically_independent_molecule,8.646255835832423e-05
1,1,0,metal_foil,8.403827374682145e-05
2,1,0,form_molecular_layer,8.379288124843601e-05
3,1,0,diffraction_pattern,8.217307199208481e-05
4,1,0,calcium_ion,8.197318911305049e-05
5,1,0,ethoxy_formamide,8.192156428179377e-05
6,1,0,attach_pyridyl_ring,8.143333355907155e-05
7,1,0,different_chemical_composition,8.075464723593948e-05
8,1,0,complicate_hierarchical_structure,8.0237724753324e-05
9,1,0,common_graphical_user_interface,8.015242645359255e-05
10,1,1,rietveld_profile_technique,8.527860317948142e-05
11,1,1,vibrio_vulnificus,8.464464652590528e-05
12,1,1,cryocooled_macromolecular_crystal,8.333561227321589e-05
13,1,1,b_axis_parallel_chain,8.275204894484932e-05
14,1,1,sample_symmetry_change,8.259529150477563e-05
15,1,1,biomedical_structure_determination_method,8.116089153676018e-05
16,1,1,different_bridge_carboxylate_group,8.106347959540601e-05
17,1,1,aspergillus_nig_beta,8.081958361432981e-05
18,1,1,c_h_type,8.064438893502555e-05
19,1,1,lambda_mo_minus_cm,8.028229116861679e-05
20,1,2,discuss_static_structure_characterization,8.648814164009592e-05
21,1,2,in_complex_binuclear,8.647019127253984e-05
22,1,2,tube_vertical_parallel_direction,8.338182345791811e-05
23,1,2,strong_emission,8.269872015795364e-05
24,1,2,approximately_carbonyl_group_point,8.170859570837237e-05
25,1,2,borazine_ring_respect,8.168821387170692e-05
26,1,2,zwitterionic_form,8.107704570816534e-05
27,1,2,c_bond_angle,8.1046100590729e-05
28,1,2,inversion_center_site,8.088655775746098e-05
29,1,2,structural_model_reference,8.046919867797206e-05
30,1,3,deviation_memebred_ring,8.321961036949027e-05
31,1,3,electron_density_search_model,8.282485688544566e-05
32,1,3,crystal_dissolution,8.128644445062089e-05
33,1,3,type_sphere,8.126099096862139e-05
34,1,3,framework_vertex,8.073763869905007e-05
35,1,3,os_bond_parameter,8.064276224145747e-05
36,1,3,cupric_bromide_reaction_prepare,8.05530055205525e-05
37,1,3,gt_c,8.05408329574844e-05
38,1,3,water_molecule_na_atom,8.047582007852387e-05
39,1,3,raman_scatter_datum,8.04479569735793e-05
40,1,4,fe_form_similar_geometry,8.724494233824787e-05
41,1,4,trigonal_prismatic_coordination,8.597095356246284e-05
42,1,4,life_archaeal_domain,8.29400800482504e-05
43,1,4,osulfonate_hydrogen_bond,8.268757680841191e-05
44,1,4,c_bond_angle,8.264865290312052e-05
45,1,4,multiprocessor_ibm_system,8.167926414500147e-05
46,1,4,measure_reflectivity,8.161486380935885e-05
47,1,4,face_share_polyhedron_column,8.155115722275195e-05
48,1,4,melatonin_metabolism,8.140644151724651e-05
49,1,4,monoclinic_form,8.14042541036071e-05
50,1,5,ligand_hydrogen,8.864818756843231e-05
51,1,5,hydrogen_bond_type,8.585316661941323e-05
52,1,5,increase_interest,8.410860796042163e-05
53,1,5,fock_approximation,8.396984857577606e-05
54,1,5,associate_property,8.311878064925398e-05
55,1,5,complex_cation,8.220379983422283e-05
56,1,5,rips_type,8.191901019938547e-05
57,1,5,hydrobromide_ion_pair,8.167869336117536e-05
58,1,5,powder_diffractometer,8.10254466569297e-05
59,1,5,vanadium_pentoxide,8.052227605434908e-05
60,1,6,phenyl_dimethoxyphenyl_ring,8.843408825572269e-05
61,1,6,prime_trication,8.539200605775256e-05
62,1,6,measure_triplet_phasis,8.375700272385955e-05
63,1,6,likely_figure,8.367776467709788e-05
64,1,6,weak_medium_intensity,8.196069319293824e-05
65,1,6,oks_octaketide_synthase,8.172252450027165e-05
66,1,6,pyrimidinone_ring,8.171459751854099e-05
67,1,6,obtain_structure,8.166430361138607e-05
68,1,6,debye_fundamental_diffraction_equation,8.101318707498443e-05
69,1,6,bone_tissue,8.093214807484936e-05
70,1,7,cycle_figure,8.316680404783907e-05
71,1,7,asymmetric_unit_triazine_molecule,8.299564955869149e-05
72,1,7,cis_coordinate_water_molecule,8.261355955098663e-05
73,1,7,rapidly_grow_application,8.258683606428596e-05
74,1,7,equimolar_mixture,8.199178167078593e-05
75,1,7,agent_therapeutic_prophylactic_treatment,8.194464861910949e-05
76,1,7,volume_twin_domain_fraction,8.130367514076963e-05
77,1,7,aring_flux,8.061330167269444e-05
78,1,7,coordinate_system,8.030360709923568e-05
79,1,7,current_description,7.993967641349926e-05
80,1,8,molecule_chain,8.595578056258955e-05
81,1,8,transcription_modulator_function,8.381097177009507e-05
82,1,8,catalytic_mechanism,8.229724917269711e-05
83,1,8,tin_halide,8.228025235853255e-05
84,1,8,alter_metal_site_construction,8.164518057513741e-05
85,1,8,chromium_vanadium_titanium,8.158255712769877e-05
86,1,8,hemihedral_twin,8.155001916134659e-05
87,1,8,beamline_monochromator,8.150467816775516e-05
88,1,8,acid_middot,8.121864041960059e-05
89,1,8,truncate_fourier_series,8.107558206419942e-05
90,1,9,ligand_carboxylate_amino_group,8.611214269616328e-05
91,1,9,interplanar_distance,8.461410354781613e-05
92,1,9,n_h_result,8.439951930277139e-05
93,1,9,wilson_plot_method,8.310243121551911e-05
94,1,9,immune_response,8.290140892016991e-05
95,1,9,anharmonic_temperature,8.259666528073367e-05
96,1,9,protonat_amine,8.232392163235532e-05
97,1,9,main_cluster_type,8.225719587562858e-05
98,1,9,fit_atom_deviation,8.154337603433105e-05
99,1,9,crystallographic_symmetry_dimer,8.154077640589247e-05
0,2,0,incident_neutron,8.637381755994057e-05
1,2,0,c_pi_h,8.412705291569124e-05
2,2,0,translation_function,8.215671652246056e-05
3,2,0,sample_volume,8.073091270472627e-05
4,2,0,transition_close_vicinity,8.015402639569014e-05
5,2,0,internal_micelle_structure_resolution,7.976609825644223e-05
6,2,0,micellar_surface,7.939157055324049e-05
7,2,0,diprotonat_histidinium_cation,7.925802845542448e-05
8,2,0,distort_octahedron,7.911408751883506e-05
9,2,0,nm_lambda_alpha,7.910371594445765e-05
10,2,1,fascinate_drawing,8.358086285176936e-05
11,2,1,c_terminus_act,8.286918433218577e-05
12,2,1,pyridine_ring_plane,8.139547040296726e-05
13,2,1,physiological_dimer_interface,8.122047975357724e-05
14,2,1,centrosymmetric_binuclear_molecule,8.116599848640634e-05
15,2,1,nitrophenyl_group,8.11463954951777e-05
16,2,1,thiocyanate_interaction,8.032578341161942e-05
17,2,1,substrate_recognition_mode,8.028249848138357e-05
18,2,1,outer_benzene_ring,8.00104176764981e-05
19,2,1,monosolvate_pentahydrate_dimethylformamide,7.896205787854699e-05
20,2,2,degree_value,8.149338040663246e-05
21,2,2,experiment_site,8.130717715715392e-05
22,2,2,md_simulation,8.08410111659561e-05
23,2,2,energy_loss,7.996274218374256e-05
24,2,2,true_space_group_atom,7.958810900079085e-05
25,2,2,four_n_atom,7.938912307856811e-05
26,2,2,c_chain,7.919522879551783e-05
27,2,2,monocrystalline_heterostructure,7.88960446954615e-05
28,2,2,prolyl_phosphorylation,7.865329837186302e-05
29,2,2,coordination_bond_length,7.810562464147816e-05
30,2,3,mu_racemic_cation,8.075281333292739e-05
31,2,3,gldn_extracellular_c_terminus,8.070073864525183e-05
32,2,3,dihydroorotate_dehydrogenase,8.027267863188644e-05
33,2,3,pyridinium_benzene_ring,7.979799123222517e-05
34,2,3,hexafluoridophosphate_anion_cation,7.975418376002802e-05
35,2,3,gecko_proximal_tail_vertebra,7.954644204315993e-05
36,2,3,bridge_chloro_ligand,7.950626902373564e-05
37,2,3,acetone_pentane_mixture,7.950034184614222e-05
38,2,3,central_chain,7.939984187764421e-05
39,2,3,crystal_surface_beam,7.87832108765918e-05
40,2,4,scn_minus_ion,8.376836451764506e-05
41,2,4,chamber_inside_surface,8.292981909214714e-05
42,2,4,transformation_method,8.203927016739154e-05
43,2,4,cysteine_conversion,8.171618304002286e-05
44,2,4,symmetry_state,8.087608088428728e-05
45,2,4,k_structure,8.038076729444417e-05
46,2,4,laboratory_information_management_system,7.925606806379482e-05
47,2,4,host_n_atom,7.915812065583401e-05
48,2,4,plausible_crystal_form,7.873281220444262e-05
49,2,4,figure_aspartate_histidine,7.870811970526949e-05
0,3,0,sas_study,8.044006638969864e-05
1,3,0,g_enzyme,7.826022039129716e-05
2,3,0,elastic_domain_minus_nbsp,7.775805812221056e-05
3,3,0,quinoline_ring,7.767677747122133e-05
4,3,0,positive_construction,7.700553578177624e-05
5,3,0,benzimidazolyl_group,7.66896033680199e-05
6,3,0,complex_sample,7.64909963250274e-05
7,3,0,mutation_result,7.594281250828163e-05
8,3,0,aring_centroid_centroid_separation,7.579676631532258e-05
9,3,0,apo_state,7.56604517872246e-05
10,3,1,figure_aspartate_histidine,8.03077824489659e-05
11,3,1,middot_middot_structure,7.944306574216019e-05
12,3,1,neighbour_anion,7.715848381009367e-05
13,3,1,c_terminal_tag,7.710586303121354e-05
14,3,1,loop_conformation,7.667652398354225e-05
15,3,1,light_source,7.60415130381937e-05
16,3,1,asymmetric_unit_atom,7.59936499670097e-05
17,3,1,o_aring_interaction,7.548537736277579e-05
18,3,1,extensive_hydrogen_bond_network,7.538047913280665e-05
19,3,1,x_p_v,7.526375791869303e-05
