,run,topic,terms,p
iffraction_pattern,8.563832601156493e-05
1,1,0,desire_tosylat_hydrolysis,8.318120428554793e-05
2,1,0,start_material_chirality,8.247015277259221e-05
3,1,0,recruit_clathrin_internalization,8.14488471927258e-05
4,1,0,routine_application,8.121995302681912e-05
5,1,0,standard_projection,8.121918097377042e-05
6,1,0,vary_pressure,8.085172546955741e-05
7,1,0,calpha_polyalanine_model,8.072171594559804e-05
8,1,0,water_solvent_molecule,8.071062444005368e-05
9,1,0,high_resolution_datum,8.068906050790657e-05
10,1,1,phase_technique,8.526608555660697e-05
11,1,1,simple_mechanical_structure,8.510351526541827e-05
12,1,1,theoretical_myoglobin,8.445430806240667e-05
13,1,1,pharmaceutical_ingredient,8.41396832682737e-05
14,1,1,y_o_bond_length,8.382224001585642e-05
15,1,1,resolution_datum_multiplicity,8.220742087387093e-05
16,1,1,structure_redetermination,8.168890353700302e-05
17,1,1,proliferate_cell,8.075092180652571e-05
18,1,1,central_core_butterfly_conformation,8.075056594390486e-05
19,1,1,thallium_iron_carbonyl,8.070868872787422e-05
20,1,2,z_dna_structure_basis,8.484482948513569e-05
21,1,2,employ_resolution_shell,8.411202173311894e-05
22,1,2,fluctuation_different_kind,8.225096308045193e-05
23,1,2,generalize_scale_factor_approach,8.19697158346e-05
24,1,2,specific_energy,8.163385913243275e-05
25,1,2,desire_tosylat_hydrolysis,8.146196656382338e-05
26,1,2,amino_h,8.046951151631602e-05
27,1,2,datum_acquisition_system,8.039936436974583e-05
28,1,2,crystal_unit_cell_parameter,7.997905139027802e-05
29,1,2,stability_because_understand_order,7.984784336622112e-05
30,1,3,ester_moiety_pyridine_ring,8.688494076017372e-05
31,1,3,food_allergy_people_subpopulation,8.466031960026832e-05
32,1,3,n_nitroaniline,8.381399796085907e-05
33,1,3,cl_hydrogen_bond_interaction,8.233892059202962e-05
34,1,3,phiv_plusmn_beta_delta,8.224779623853753e-05
35,1,3,rigid_body_vibration_tensor,8.165946190267321e-05
36,1,3,irregular_coordinate_environment,8.093006757210211e-05
37,1,3,middot_minus_molecular_salt,8.092741553469767e-05
38,1,3,spherical_atom,8.088955813056815e-05
39,1,3,guest_specie_structural_organisation,8.019638835544037e-05
40,1,4,equine_arteritis_virus,8.622541874601897e-05
41,1,4,protein_homology_high_level,8.62153734502249e-05
42,1,4,catalytic_reaction_mechanism,8.591743681722808e-05
43,1,4,methanol_group,8.486255587637628e-05
44,1,4,anharmonic_atomic_displacement,8.466434255207571e-05
45,1,4,anomalous_intensity_difference,8.244182229938134e-05
46,1,4,alpha_synthetic_derivative_study,8.172518990432253e-05
47,1,4,current_antibiotic_treatment_enhancement,8.091579443504392e-05
48,1,4,hydrophobic_region_form_column,8.069750462782415e-05
49,1,4,protonation_high_level,8.05454054732461e-05
50,1,5,coordination_number,8.433241225914902e-05
51,1,5,general_position_unique_cation,8.29440083407102e-05
52,1,5,property_tensor,8.215161322683936e-05
53,1,5,serine_protease_inhibitor,8.205240996080538e-05
54,1,5,series_expansion,8.14052048035784e-05
55,1,5,formation_disruption,8.118345912478073e-05
56,1,5,c_alpha_position,8.086589616349552e-05
57,1,5,transmission_position,8.069781441401282e-05
58,1,5,double_kink,8.069736530601001e-05
59,1,5,c_torsion_angle,8.0454675983368e-05
60,1,6,high_anisotropy,8.903374990063024e-05
61,1,6,density_functional_theory_method,8.368326299680717e-05
62,1,6,nearly_linear_coordination,8.305114736818599e-05
63,1,6,sars_cov_genome_approach,8.212739159607804e-05
64,1,6,neutral_complex_molecule,8.206665400806721e-05
65,1,6,network_form_axis,8.180398285592805e-05
66,1,6,crystallization_protein_preparation_contaminant,8.167552684598033e-05
67,1,6,piperidine_moiety,8.153502921232712e-05
68,1,6,x_ray_optical_system,8.115038386055606e-05
69,1,6,k_room_temperature_silicon,8.106292481926394e-05
70,1,7,individual_crystallization,8.600935111290073e-05
71,1,7,fan_previously_propose_method,8.590556492937961e-05
72,1,7,identical_dimer_form_molecule,8.42695727265746e-05
73,1,7,density_functional_theory,8.291440284790857e-05
74,1,7,o_pi,8.212441095364216e-05
75,1,7,si_distance,8.180767285414127e-05
76,1,7,angle_distance,8.152525401202199e-05
77,1,7,bipy_chain,8.109024393105871e-05
78,1,7,datum_acquisition_rate,8.10264744829389e-05
79,1,7,zinc_bind_site,8.101116786652675e-05
80,1,8,mu_be_form,8.762326896410724e-05
81,1,8,present_study,8.160344966301327e-05
82,1,8,aring_radius,8.153477520126426e-05
83,1,8,azadiene_core,8.140592927175378e-05
84,1,8,coordination_numb,8.138032462619296e-05
85,1,8,diffraction_quality_improve_additive,8.135306633497018e-05
86,1,8,o_h_intramolecular_formation,8.081516536370303e-05
87,1,8,s_angle_pd,8.07144495031032e-05
88,1,8,electron_density_wavelet_transform,8.03307287895371e-05
89,1,8,tensor_scheme,8.013306349822592e-05
90,1,9,asymmetric_unit_dimer,8.526170284198045e-05
91,1,9,small_increase,8.304172481407343e-05
92,1,9,curve_different_type_distortion,8.237669797688721e-05
93,1,9,pole_density_profile,8.17288160084487e-05
94,1,9,new_method,8.160282107801174e-05
95,1,9,potential_problem,8.123719736937606e-05
96,1,9,ring_thiazole,8.082528538666019e-05
97,1,9,mg_atom,8.079844214050626e-05
98,1,9,cryo_preservation_process_harvest,8.069740014154637e-05
99,1,9,n_bond_distance_zn,8.052647334770212e-05
0,2,0,fast_response,7.933523198518173e-05
1,2,0,alkaline_phosphatase_nucleophilic_serine,7.85602402183908e-05
2,2,0,calculate_measure_intensity_discrepancy,7.789389097009696e-05
3,2,0,focus_effect,7.691652998650299e-05
4,2,0,position_sensitive_detector,7.68437664232125e-05
5,2,0,distort_square_planar_environment,7.649038009650292e-05
6,2,0,secondary_extinction,7.64722668912191e-05
7,2,0,recently_synthesize_quasicrystal,7.594888430245622e-05
8,2,0,valency_requirement,7.593382812763304e-05
9,2,0,hydrogen_bond_pi,7.579274842222081e-05
10,2,1,shelxd_aring_datum,7.94935043799279e-05
11,2,1,tridentate_ligand,7.762136589279711e-05
12,2,1,site_disorder_prime_cation,7.721431242621841e-05
13,2,1,mclntyre_amp,7.70674384263813e-05
14,2,1,twin_scale_factor,7.642531264050711e-05
15,2,1,additive_influence,7.600907855793582e-05
16,2,1,lipid_interface,7.578080820277528e-05
17,2,1,elliptical_toru,7.527426065918767e-05
18,2,1,pinonic_acid,7.522598364744513e-05
19,2,1,virulence_function,7.503520340120188e-05
