,run,topic,terms,p
motif,8.394651111864764e-05
1,1,0,morphological_differentiation,8.386648680030944e-05
2,1,0,negative_strand_rna_synthesis,8.348699969988514e-05
3,1,0,synchrotron_beam,8.333254967298388e-05
4,1,0,p_form,8.312557760683663e-05
5,1,0,amino_n_atom,8.282514909436403e-05
6,1,0,well_structure,8.274330473041098e-05
7,1,0,mm_nbsp_time,8.197257079369042e-05
8,1,0,subsequent_escape,8.179924759992089e-05
9,1,0,n_h_pair,8.172219290306836e-05
10,1,1,thioxothiazolidine_ring,8.807398868202864e-05
11,1,1,ethane_c_c_bond,8.542000962921165e-05
12,1,1,isomorphism_class,8.436792744811962e-05
13,1,1,n_dimethylacetamide_molecule,8.429813797517742e-05
14,1,1,diffraction_effect,8.390138256209548e-05
15,1,1,account_order_term_formula,8.359263438568853e-05
16,1,1,support_load,8.280514737928754e-05
17,1,1,guinier_diffractometer,8.280291780792012e-05
18,1,1,aring_resolution_ray,8.277478861892996e-05
19,1,1,resolution_limit,8.240300949385639e-05
20,1,2,pure_oxide,8.66482123528148e-05
21,1,2,b_spline,8.555768275878875e-05
22,1,2,prime_ligand,8.472862143748777e-05
23,1,2,lot_analysis,8.329182386910781e-05
24,1,2,grain_boundary_plane,8.26617605102951e-05
25,1,2,ligand_bridge_chloride,8.246122997644935e-05
26,1,2,monomeric_complex_site_symmetry,8.210817192215127e-05
27,1,2,laue_intensity,8.200577054663332e-05
28,1,2,stepwise_crystal_structure_analysis,8.174748932706638e-05
29,1,2,sample_geometry,8.173411140460229e-05
30,1,3,promise_condition_optimization,8.399005329055871e-05
31,1,3,human_fetus,8.28808411336981e-05
32,1,3,anion_sublattice,8.264938441772218e-05
33,1,3,phenyl_dimethoxyphenyl_ring,8.252867703840388e-05
34,1,3,shell_thickness,8.228046773774099e-05
35,1,3,indazole_ring_system,8.201771394904374e-05
36,1,3,n_h_form_plane,8.190331052282304e-05
37,1,3,alpha_kinase_activation_mode,8.185271177370699e-05
38,1,3,new_method,8.179426133613597e-05
39,1,3,robotic_sample,8.164580488027365e-05
40,1,4,catalytic_cofactor_mechanism,8.655423575090382e-05
41,1,4,independent_iodide_anion,8.584699403442314e-05
42,1,4,h_h,8.513644748715767e-05
43,1,4,n_atom_protonated_amino,8.48130720643911e-05
44,1,4,approximately_aring_be,8.458571769757457e-05
45,1,4,dimensional_framework_delimit_tunnel,8.379766453664263e-05
46,1,4,langbeinite_type_structure,8.35000663549968e-05
47,1,4,calculate_unit_cell_datum,8.34428965945693e-05
48,1,4,perpendicular_polymeric_chain,8.342970748672544e-05
49,1,4,measure_theoretical_performance,8.314708068512271e-05
50,1,5,symmetry_polyanion,8.582732011722325e-05
51,1,5,weak_hg_link_molecule,8.43296450648013e-05
52,1,5,diverse_system,8.405638282305494e-05
53,1,5,molecular_dipole_moment,8.372327597087053e-05
54,1,5,high_pressure_high_temperature,8.365128701410469e-05
55,1,5,partial_order_diffraction_pattern,8.336910364992979e-05
56,1,5,environmental_material_sample,8.332169121128978e-05
57,1,5,electron_storage_ring,8.299668773329603e-05
58,1,5,structural_model_reference,8.282190823088797e-05
59,1,5,family_distant_member,8.276025896011706e-05
60,1,6,short_range_order_parameter,9.132388114754774e-05
61,1,6,significant_fluorescence_chance,8.530408207080707e-05
62,1,6,crystallographic_asymmetric_unit,8.504471783765014e-05
63,1,6,mg_ml_mm_proteasome,8.403675332676347e-05
64,1,6,carbonyl_ligand,8.395173279953174e-05
65,1,6,n_crystal_structure,8.328324607714891e-05
66,1,6,kinase_inhibitor_activity_spectrum,8.326646549186847e-05
67,1,6,measure_reflectivity_comparison,8.308132499014422e-05
68,1,6,wrong_absolute_configuration,8.29506483021524e-05
69,1,6,c_terminal_domain,8.287384203648485e-05
70,1,7,structure_composition,8.555966422936007e-05
71,1,7,distort_octahedral_environment,8.539197256040867e-05
72,1,7,numerical_result,8.495142161105466e-05
73,1,7,water_acetate_perchlorate,8.458538983778718e-05
74,1,7,chelate_molecule_n_atom,8.447455182062928e-05
75,1,7,anomalous_anisotropic_spontaneous_magnetostriction,8.417171145174668e-05
76,1,7,generalize_scale_factor,8.39423803312783e-05
77,1,7,recognition_loop,8.336478611298155e-05
78,1,7,report_example,8.308315955930727e-05
79,1,7,new_evidence,8.252244278429223e-05
80,1,8,tight_range,8.827877860464664e-05
81,1,8,crystallography_bayesian_method_rise,8.622753168427324e-05
82,1,8,calculate_reflectivity,8.442010982495021e-05
83,1,8,middot_single_crystal,8.395333771722543e-05
84,1,8,miyake_order_sort_principle,8.331882540580682e-05
85,1,8,long_periodicity,8.326218834677432e-05
86,1,8,malonate_dianion_contain,8.307166583747896e-05
87,1,8,biologically_active_form_dimer,8.272657291454399e-05
88,1,8,experimental_alpha_lmn,8.266254677030848e-05
89,1,8,consist_dimensional_pucker_network,8.221823293360278e-05
90,1,9,plane_parallel_layer,8.619012758228782e-05
91,1,9,alkaline_catalytic_domain,8.57288096000421e-05
92,1,9,important_question,8.530420401136909e-05
93,1,9,thin_atomic_focuser,8.500827834985988e-05
94,1,9,schiff_base_molecule,8.423290683477909e-05
95,1,9,monoprotonated_ethanediamine_molecule,8.415041076568332e-05
96,1,9,carbon_oxygen,8.374917829919304e-05
97,1,9,blende_type_semiconductor,8.32005388224672e-05
98,1,9,trityl_group,8.313566474396514e-05
99,1,9,datum_quality,8.286392387082946e-05
100,1,10,silica_framework,9.003182852945754e-05
101,1,10,general_position_lie,8.466676252516799e-05
102,1,10,crystallization_control_mean,8.434844413491816e-05
103,1,10,helical_arrangement,8.370755755330388e-05
104,1,10,molecular_component,8.351433958273459e-05
105,1,10,dynamical_diffraction,8.338050617352245e-05
106,1,10,aring_centroid_distance,8.266487465603805e-05
107,1,10,tetradentate_ligand,8.207891450600243e-05
108,1,10,rna_dna_edit_deaminas,8.201524394754487e-05
109,1,10,structural_evolution,8.181893392033455e-05
110,1,11,symmetry_relate_pair,9.247768476717287e-05
111,1,11,supramolecular_molecular_structure,8.599509559569261e-05
112,1,11,whole_powder_pattern,8.563849805456475e-05
113,1,11,fabricate_heterogeneous_nuclear_fuel,8.4157647772102e-05
114,1,11,harker_section,8.410978194455283e-05
115,1,11,pdb_code,8.378172841950821e-05
116,1,11,free_surface,8.354534577045966e-05
117,1,11,ester_molecule,8.344022609581537e-05
118,1,11,cell_death,8.335107406437246e-05
119,1,11,program_package,8.313685089249978e-05
120,1,12,dispersive_signal,8.588754959886574e-05
121,1,12,videographic_simulation_method,8.392124862729221e-05
122,1,12,c_gamma_atom,8.39057375338126e-05
123,1,12,isoxazole_ring,8.356272367055956e-05
124,1,12,individual_spine,8.327777000406386e-05
125,1,12,tran_cis,8.25338185877196e-05
126,1,12,crystal_dissolution,8.245985925347143e-05
127,1,12,x_ray_scatter_measurement,8.224744848915867e-05
128,1,12,intersect_tunnel,8.222048706013994e-05
129,1,12,pterodon_polygalaeflorus_benth_seed,8.166255154842426e-05
130,1,13,atom_numb,8.47897295865229e-05
131,1,13,dilanthanum_lithium_tetragermanium,8.428254949110198e-05
132,1,13,isoxazolidine_ring,8.374490173212891e-05
133,1,13,mm_spot,8.356642393052746e-05
134,1,13,fourier_map,8.303011841252587e-05
135,1,13,naphthalene_crystalline_standard,8.280282931349916e-05
136,1,13,phospholipid_molecule,8.254067117808427e-05
137,1,13,cyclohexyl_ring,8.252193228421781e-05
138,1,13,o_cl_hydrogen_bond,8.210828621597325e-05
139,1,13,raman_spectrometer,8.202474071590059e-05
140,1,14,phosphoru_carbon_replacement,8.73376705309836e-05
141,1,14,lithium_ion_battery,8.606077893580728e-05
142,1,14,mix_anion_system,8.577032842810184e-05
143,1,14,square_method,8.459282218870387e-05
144,1,14,n_dimethyl,8.439567250678372e-05
145,1,14,tptz_ligand,8.414664101761075e-05
146,1,14,present_investigation,8.393259454489716e-05
147,1,14,structure_display_chain,8.308555398979706e-05
148,1,14,likelihood_function,8.209402008028404e-05
149,1,14,selectivity_difference,8.204960220421632e-05
150,1,15,isopropyl_molecule,8.594844735759813e-05
151,1,15,spek_platon_squeeze_procedure,8.587906493665265e-05
152,1,15,thickness_value,8.578364800071351e-05
153,1,15,residue_specific_overall_change,8.441539917750561e-05
154,1,15,bacillus_subtili,8.429318509964738e-05
155,1,15,cyanobacterium_thermosynechococcus_elongatus,8.399577292327497e-05
156,1,15,relatively_strong_o_h,8.314304871326034e-05
157,1,15,group_rank,8.184708210134863e-05
158,1,15,sulfate_o_atom,8.143176103844014e-05
159,1,15,carboline_synthesis_focus_project,8.05733008185937e-05
160,1,16,vapour_liquid_solid_method,9.227435796313074e-05
161,1,16,stress_heat_nbsp,8.890350054969338e-05
162,1,16,ligand_link_octahedral_geometry,8.868122430313227e-05
163,1,16,square_line,8.828781328357875e-05
164,1,16,associate_color_group,8.718184163227635e-05
165,1,16,thiocyanate_solution,8.616820000173736e-05
166,1,16,mu_kappa_triangulo_triosmium,8.572991692530946e-05
167,1,16,rotation_angle_deg,8.395413360622469e-05
168,1,16,ferroelectric_oxide_bismuth_titanate,8.352588655999555e-05
169,1,16,pressure_linearly_decrease,8.271904640435987e-05
170,1,17,minus_torsion_angle,8.609936057897437e-05
171,1,17,cafads_ammoniagene,8.429043069962467e-05
172,1,17,extend_conformer,8.370943272726195e-05
173,1,17,high_symmetry_state,8.352643541041433e-05
174,1,17,n_acetylglucosamine,8.343674866773213e-05
175,1,17,nrcam_neurofascin,8.328771567722678e-05
176,1,17,tin_indium_cadmium_aluminium,8.275992087420561e-05
177,1,17,quality_management,8.231957926011418e-05
178,1,17,ybiii_atom,8.166038970174677e-05
179,1,17,single_force_function,8.152526378473595e-05
180,1,18,chelate_sulfate_ligand,9.017816665127144e-05
181,1,18,local_symmetry,8.972778689046754e-05
182,1,18,unary_form,8.477441250008666e-05
183,1,18,cap_atom,8.436311569805212e-05
184,1,18,n_ethyl_oxamate_group,8.419219576662708e-05
185,1,18,lithium_iron_vanadate,8.38484721821556e-05
186,1,18,perfect_crystal_theory,8.323816179248776e-05
187,1,18,loop_form_cleave_complex,8.268820300671942e-05
188,1,18,considerable_variability,8.217128408163058e-05
189,1,18,vehicle_alternative_fuel_source,8.208558502321165e-05
190,1,19,osteoblast_specific_transcriptional_factor,8.661656053232571e-05
191,1,19,translation_edit,8.540006410517919e-05
192,1,19,buckle_sheet,8.48075896480905e-05
193,1,19,trideuteroacetonitrile_n_atom,8.417422546748927e-05
194,1,19,mandelic_acid_acid,8.38487792647847e-05
195,1,19,weak_intermolecular_pyrimidine,8.375641850930931e-05
196,1,19,general_algebraic_formula,8.36266785028733e-05
197,1,19,simple_scheme,8.349426213588804e-05
198,1,19,dna_hydroxymethylation_comprehension,8.308797431880439e-05
199,1,19,sulfate_group_influence,8.292903312427095e-05
200,1,20,transformation_process,9.009564323207475e-05
201,1,20,adjacent_sheet,8.737573408632486e-05
202,1,20,eukaryotic_cell,8.402713886307596e-05
203,1,20,synchronous_control_sample,8.298326181277525e-05
204,1,20,cluster_type,8.268853569786212e-05
205,1,20,dichlorobenzene_ring,8.266006381501158e-05
206,1,20,metal_oxygen_core,8.26396948905171e-05
207,1,20,package_initiation_propose_site,8.262364990027076e-05
208,1,20,macromolecular_crystallization_screen_design,8.248660265356575e-05
209,1,20,triangular_face,8.236745324276792e-05
210,1,21,error_magnitude,8.670351104324341e-05
211,1,21,material_chemistry,8.573478341875314e-05
212,1,21,wavelength_measurement,8.414012755003364e-05
213,1,21,iii_secretion_chaperone,8.28472062488076e-05
214,1,21,type_ii_crystal,8.235264115113456e-05
215,1,21,hydrogen_bond_entity,8.203330675093176e-05
216,1,21,functional_complex,8.196816839356545e-05
217,1,21,mer_arrangement,8.17749945130051e-05
218,1,21,bc_plane,8.149316009348339e-05
219,1,21,pentafluorophenyl_ring_thiophene,8.146001382841524e-05
220,1,22,substitute_meso_position_phenyl,8.964792577171729e-05
221,1,22,temperature_structure,8.675011351151282e-05
222,1,22,optimal_bind_pocket_formation,8.51116127245816e-05
223,1,22,n_c,8.418958173452924e-05
224,1,22,sin_theta,8.293253394743994e-05
225,1,22,cardo_o_oxygenase_component,8.27068853288877e-05
226,1,22,amino_acid_replacement,8.215095175348835e-05
227,1,22,pure_oxide,8.186412074055942e-05
228,1,22,art_state,8.159829223772286e-05
229,1,22,tetralin_ring,8.157220057213775e-05
230,1,23,analogue_computer_display,8.587034041983624e-05
231,1,23,structure_activity_relationship,8.44493041409995e-05
232,1,23,lang_traverse_technique,8.387431711163699e-05
233,1,23,tetrahedrally_coordinate_p_atom,8.313443869740736e-05
234,1,23,cant_undulator,8.284712414814078e-05
235,1,23,non_coordinate_water_molecule,8.235976505137464e-05
236,1,23,complex_cation_amine_group,8.22693456116131e-05
237,1,23,guanidinium_unit_hydrogen_atom,8.210117160760225e-05
238,1,23,crystallographic_search_space_restriction,8.207286272613148e-05
239,1,23,storage_system_realization,8.207198602547365e-05
240,1,24,group_separation,8.913905041042975e-05
241,1,24,different_amount,8.833065489045219e-05
242,1,24,tiocl_undergo,8.58265361703933e-05
243,1,24,aromatic_ring_dihedral_angle,8.549208946371573e-05
244,1,24,micrometer_pinhole,8.453778600610689e-05
245,1,24,pi_interchain_hydrogen_bond,8.414294190315457e-05
246,1,24,electrophilic_lithiation,8.32856530140218e-05
247,1,24,kappa_kappa,8.224243656107024e-05
248,1,24,structure_factor_phase_estimate,8.183349159025533e-05
249,1,24,cu_n_bond_distance,8.173809206339687e-05
250,1,25,mix_ligand,8.836271394330503e-05
251,1,25,slightly_deviate,8.539520621275039e-05
252,1,25,new_type,8.521953981384773e-05
253,1,25,little_consistency,8.427302126911154e-05
254,1,25,bridgehead_bond_length,8.402499720965351e-05
255,1,25,genomic_program,8.3385120988324e-05
256,1,25,direction_ring_chain_combination,8.320279913742656e-05
257,1,25,hexafluoridophosphate_anion_cation,8.294556290539493e-05
258,1,25,crystal_structure_interaction,8.288773602990356e-05
259,1,25,anomalous_scatter_curve,8.285890206862086e-05
260,1,26,x_ray_undulator,9.214101560919143e-05
261,1,26,anomalous_signal,8.912602097445939e-05
262,1,26,wa_analysis,8.696749450453721e-05
263,1,26,sluggish_transformation,8.352264234647941e-05
264,1,26,znii_centre,8.318500250901022e-05
265,1,26,phenol_thienyl,8.290285464018483e-05
266,1,26,imperfection_arcsec,8.285876995412228e-05
267,1,26,pattern_nanostructure,8.264186123269499e-05
268,1,26,zero_position,8.243796035568823e-05
269,1,26,technique_block_different_contrast,8.201160828896629e-05
270,1,27,secondary_ammonium_salt,8.760479880664404e-05
271,1,27,glycosyl_torsion_angle,8.718076104490491e-05
272,1,27,different_crystallographic_site,8.427896013748732e-05
273,1,27,report_fac_adpm_complex,8.408879681433672e-05
274,1,27,aring_v_o,8.395423397220458e-05
275,1,27,image_plate_base_detector,8.224492124477389e-05
276,1,27,molecule_middot_minus_middot,8.220252057390719e-05
277,1,27,crystallography_bayesian_method,8.198630623226873e-05
278,1,27,many_explanation,8.186511096994282e-05
279,1,27,pulp_mill,8.161924765429782e-05
280,1,28,thermal_analysis,8.722034306681631e-05
281,1,28,van_intramolecular_hydrogen_bond,8.642397293902027e-05
282,1,28,post_refinement,8.574163136621131e-05
283,1,28,distinguishable_anomalous_signal,8.510980868348864e-05
284,1,28,linear_size_parameter,8.426154850596732e-05
285,1,28,pyramidal_geometry,8.392733057982378e-05
286,1,28,improve_reliability_factor,8.391189138947122e-05
287,1,28,speciman_crystallographic_direction_direction,8.386066646776182e-05
288,1,28,uniform_nanomagnetic_grain,8.256474168059219e-05
289,1,28,znii_cation,8.210061453706639e-05
290,1,29,correspond_free_base,8.798583603502134e-05
291,1,29,isomerization_state,8.499638605574641e-05
292,1,29,coordination_sequence,8.445354017765075e-05
293,1,29,factory_environment,8.422323024770453e-05
294,1,29,comb_shape_copolymer,8.396427331482539e-05
295,1,29,central_c_c_bond,8.16956015711706e-05
296,1,29,h_protein,8.128399355001361e-05
297,1,29,new_usp_conformation,8.075272432998452e-05
298,1,29,dengue_infection_chemotherapy,8.073312090528355e-05
299,1,29,refine_parameter_accuracy,8.06972282621135e-05
300,1,30,orientation_projection,9.142760636203986e-05
301,1,30,ab_plane_parallel_layer,8.730742425477505e-05
302,1,30,kev_inverse_beam_protocol,8.579538924526336e-05
303,1,30,electron_density_correlation,8.437092690998542e-05
304,1,30,escape_result,8.40527384665414e-05
305,1,30,catalyst_particle_evolve,8.395722208225632e-05
306,1,30,diffraction_condition,8.361812088712564e-05
307,1,30,c_owater,8.310817006265084e-05
308,1,30,density_map,8.280078158697658e-05
309,1,30,amidrazonate_n_atom,8.239376035291698e-05
310,1,31,unbind_subtype_b,8.829409747244948e-05
311,1,31,mu_minus,8.669676818345196e-05
312,1,31,common_use,8.508479581219384e-05
313,1,31,lix_program_scatter_solution,8.396094843149534e-05
314,1,31,effective_vibrational_frequency,8.392178342107187e-05
315,1,31,neutron_beam,8.36710575685678e-05
316,1,31,host_rest,8.351740863793736e-05
317,1,31,n_iodide_methylcocaine,8.343090624906403e-05
318,1,31,actual_commercial_screen,8.337218885763839e-05
319,1,31,membered_ring_lie,8.307221376607757e-05
320,1,32,dak_structure,8.499240409033985e-05
321,1,32,solution_lipid_interface,8.457998060860006e-05
322,1,32,acceptor_carbonyl_group,8.412411747487595e-05
323,1,32,tetrazole_ring,8.407691811153337e-05
324,1,32,nbsp_noncrystallographic_symmetry,8.381532107595433e-05
325,1,32,z_dna,8.343697201041185e-05
326,1,32,salt_asymmetric_unit,8.296151170064496e-05
327,1,32,approximately_week,8.277799053682556e-05
328,1,32,butyl_group,8.26919371344357e-05
329,1,32,zinc_ion_bridge,8.268276387286417e-05
330,1,33,n_h_group,8.630008495723947e-05
331,1,33,pharmaceutical_formulation,8.552093786752902e-05
332,1,33,complementary_characterization_technique,8.518322923162233e-05
333,1,33,relative_structure_factor_magnitude,8.496751715665317e-05
334,1,33,pathological_process,8.448073467618219e-05
335,1,33,columnar_arrangement,8.417809526387035e-05
336,1,33,two_family,8.415691404587432e-05
337,1,33,solution_specie_distribution,8.414118652989826e-05
338,1,33,k_gt,8.335606312428669e-05
339,1,33,molecular_arrangement,8.290376840541528e-05
340,1,34,f_atom,8.666369266577204e-05
341,1,34,mainly_ionic_interaction,8.665659531470132e-05
342,1,34,crystal_melt,8.665597018188333e-05
343,1,34,mm_magnesium_acetate,8.363837350361942e-05
344,1,34,vatd_fob_complex,8.362177828017211e-05
345,1,34,different_formamidinium_cation,8.342897249495296e-05
346,1,34,chemical_property,8.337864589135367e-05
347,1,34,distinct_interaction,8.256736786718655e-05
348,1,34,micrometer_pinhole,8.249772844694589e-05
349,1,34,thrombin_molecule,8.220732021789011e-05
350,1,35,optimal_sample_size,8.855871945954789e-05
351,1,35,nearly_linear_coordination_geometry,8.765291629176052e-05
352,1,35,cu_symmetry_centre_atom,8.65715132271894e-05
353,1,35,outer_benzene_ring,8.500152482746562e-05
354,1,35,antiprismatic_geometry,8.346890736803622e-05
355,1,35,long_axis,8.338957198118724e-05
356,1,35,effect_accurate_formulation,8.326741500631606e-05
357,1,35,co_nanocluster_organization,8.324954863329811e-05
358,1,35,rcconstruct_polyalanine_model,8.312990615276418e-05
359,1,35,initio_method,8.296152800229566e-05
360,1,36,scatter_angle,8.683709511850362e-05
361,1,36,corylus_avellana,8.598823508979156e-05
362,1,36,different_carboxyl_group,8.501986965552467e-05
363,1,36,obtain_crystal_structure,8.40359040909316e-05
364,1,36,nitrate_counter_anion,8.358695307049942e-05
365,1,36,symmetrical_tiling,8.318197360961051e-05
366,1,36,excellent_model_target,8.308112289844904e-05
367,1,36,ta_converter,8.300512941407303e-05
368,1,36,short_distance,8.295744735686353e-05
369,1,36,oxide_material_precursor,8.275030951731317e-05
370,1,37,ethyl_acetate_solvent_molecule,8.65970891387801e-05
371,1,37,ester_functionality,8.647466560248461e-05
372,1,37,bridge_chloride_ligand,8.587794224121754e-05
373,1,37,tran_dispose_acetonitrile_ligand,8.488886144208102e-05
374,1,37,synthetic_polymorph_mineral,8.487902275753031e-05
375,1,37,clear_fractional_order_spot,8.442308662177211e-05
376,1,37,decomposition_temperature,8.28093760473681e-05
377,1,37,d_phase,8.278393827225824e-05
378,1,37,new_representative,8.247868589942201e-05
379,1,37,d_mannose,8.237953477392263e-05
380,1,38,iteration_method,8.743212061069434e-05
381,1,38,au_p,8.502469379340908e-05
382,1,38,tensor_sum,8.281584770521959e-05
383,1,38,phase_purpose,8.238413853703557e-05
384,1,38,matrix_eigenvalue_spectrum,8.227279724510022e-05
385,1,38,loop_form_cleave_complex,8.207754439247123e-05
386,1,38,reciprocal_lattice_rod,8.150147051189819e-05
387,1,38,uncrosslinked_tripeptide,8.124355625287851e-05
388,1,38,result_species_dication,8.123665983874805e-05
389,1,38,indirect_direct_negative_effect,8.116613896218413e-05
390,1,39,iii_thermodynamically_stable_product,8.660286524209051e-05
391,1,39,wild_type_enzyme,8.527682989270152e-05
392,1,39,prismatic_crystal,8.496902837436978e-05
393,1,39,pyrophosphate_group,8.389419688516208e-05
394,1,39,minus_anion_opposite_side,8.381197571070654e-05
395,1,39,secondary_extinction_term,8.348968341816939e-05
396,1,39,atom_as_define_plane,8.325363980079521e-05
397,1,39,trichosanthin_polyalanyl,8.315214892728308e-05
398,1,39,soft_material_dynamic_behaviour,8.310645883895961e-05
399,1,39,human_disease_cell_differentiation,8.2561962448809e-05
400,1,40,intercalate_methanol_solvent_molecule,8.765797965002862e-05
401,1,40,anion_minus_pentaborate,8.501473894166604e-05
402,1,40,new_subaru_project_aim,8.38508905337793e-05
403,1,40,crystalline_thiosalicylic_acid,8.327722849177827e-05
404,1,40,cysteine_oxidation,8.301013457250976e-05
405,1,40,pd_p,8.286259546208401e-05
406,1,40,chlorobenzene_unit,8.274018900895235e-05
407,1,40,multilamellar_membrane_dna_intercalation,8.264945749823262e-05
408,1,40,vicinal_surface,8.260001931672886e-05
409,1,40,fuse_benzene_ring_substituent,8.248557677314906e-05
410,1,41,aring_interplanar_distance,8.830657522322598e-05
411,1,41,aring_large_deviation_plane,8.631785008347717e-05
412,1,41,metal_organic_framework_construction,8.430180820521792e-05
413,1,41,simple_analysis,8.386760596739408e-05
414,1,41,event_mode,8.368005546448827e-05
415,1,41,transcriptional_factor,8.352795034279887e-05
416,1,41,model_build_procedure,8.309532570231828e-05
417,1,41,tetrahedral_phosphoru,8.305431541732451e-05
418,1,41,embed_intersection,8.301098264932291e-05
419,1,41,start_picric_acid,8.265789184731271e-05
420,1,42,plant_pathogen_virulence,8.684872101076018e-05
421,1,42,laue_intensity,8.559000761627747e-05
422,1,42,furan_benzene_ring,8.5232644234646e-05
423,1,42,similar_process,8.381321220399021e-05
424,1,42,subsequent_conclusion,8.366447868896037e-05
425,1,42,development_research,8.289127413682388e-05
426,1,42,tensor_component,8.229914229209735e-05
427,1,42,common_use,8.201943015818169e-05
428,1,42,large_change,8.18120374934138e-05
429,1,42,t_n_nc_net,8.16428160481065e-05
430,1,43,symmetrical_theta,8.997690827446598e-05
431,1,43,iii_thermodynamically_stable_product,8.738528498302797e-05
432,1,43,film_order_strong_increase,8.501087580987199e-05
433,1,43,van_loock_geise_amp,8.42417680123475e-05
434,1,43,deg_precision,8.357298028678548e-05
435,1,43,screw_boat_half_chair,8.347526489394902e-05
436,1,43,dimensional_superstructure,8.323637132598407e-05
437,1,43,borazine_ring_atom,8.276986617975555e-05
438,1,43,n_refractive_index,8.262179570513867e-05
439,1,43,ester_chain,8.248024968494181e-05
440,1,44,perovskite_position,8.819046102346344e-05
441,1,44,thermus_thermophilus,8.569038268187642e-05
442,1,44,meyer_et_al_work,8.371578195571273e-05
443,1,44,sheet_form_interaction,8.37017882145478e-05
444,1,44,blodgett_film,8.350864596846452e-05
445,1,44,order_twin_boundary,8.34336966238512e-05
446,1,44,as_bond_distance_ag,8.334084259257218e-05
447,1,44,racemic_asymmetric_unit,8.314703420740051e-05
448,1,44,geometry_library,8.29550952897978e-05
449,1,44,oxime_group,8.258759128716414e-05
450,1,45,topological_notation,8.997069201528605e-05
451,1,45,sample_holder,8.707467087190936e-05
452,1,45,si_atom,8.429263387408275e-05
453,1,45,s_chelate_anion,8.263799818763941e-05
454,1,45,coordination_coordinate_water_molecule,8.258673629997451e-05
455,1,45,component_analysis,8.241368813982644e-05
456,1,45,minor_major_component,8.239630976825841e-05
457,1,45,common_antimalarial_chloroquine,8.238606261642785e-05
458,1,45,bragg_case_beam_diffraction,8.234513636509441e-05
459,1,45,p_tolyl_ring,8.233810334851118e-05
460,1,46,crystal_form_fiv_dutpase,8.701865717658152e-05
461,1,46,therapeutic_benefit_protein,8.396607942955061e-05
462,1,46,hrtem_edp,8.39492951793745e-05
463,1,46,er_stress,8.379675539296458e-05
464,1,46,structural_anisotropy,8.375191304835965e-05
465,1,46,bmi_imidazole,8.271105745593641e-05
466,1,46,simple_lennard_jones_model,8.24761341233943e-05
467,1,46,translational_displacement,8.24388995199002e-05
468,1,46,water_molecule_bidentate_nitrate,8.216254430516235e-05
469,1,46,chemically_order_beta,8.209831246496716e-05
470,1,47,nickel_affinity_chromatography,8.772655596954547e-05
471,1,47,etc_type_reflection,8.578840414061165e-05
472,1,47,intramolecular_hydrogen_bond_system,8.49950851692768e-05
473,1,47,peak_asymmetry_function,8.491122022867374e-05
474,1,47,outer_membrane_protein,8.438267722211044e-05
475,1,47,nucleotide_overhang,8.343386583815364e-05
476,1,47,mean_plane_large_deviation,8.342697114985113e-05
477,1,47,putida_sequence_analysis,8.33487931635489e-05
478,1,47,structure_vacancy_cation_order,8.332213886835963e-05
479,1,47,sugar_phosphate_backbone,8.302925758384232e-05
480,1,48,pt_n_bond_length,8.5989489411479e-05
481,1,48,heat_shock,8.500033057909775e-05
482,1,48,partial_structure,8.497888783744717e-05
483,1,48,diffraction_datum_process_collection,8.464589737930442e-05
484,1,48,alpha_decomposition_oxidation,8.35901343753658e-05
485,1,48,experimental_biophysical_method,8.239895795113353e-05
486,1,48,dxxxsmg_orn_bind_motif,8.218626354320061e-05
487,1,48,random_network_structure_model,8.175101511116241e-05
488,1,48,x_ray_diffraction_study,8.172420708716983e-05
489,1,48,dynamical_diffraction_model,8.160864946345126e-05
490,1,49,dimensional_network_hydrogen_bond,8.734666261691399e-05
491,1,49,waxs_scatter,8.541829621927456e-05
492,1,49,c_h_group,8.463383000883917e-05
493,1,49,ammonium_amino_group,8.312346337058323e-05
494,1,49,iron_base_aryloxide_complex,8.303923566506526e-05
495,1,49,chelate_plane,8.294659882159703e-05
496,1,49,trypsin_digestion,8.262180519438921e-05
497,1,49,single_crystal_tellurium,8.255844033279806e-05
498,1,49,trivalent_holmium_ion,8.238552749754779e-05
499,1,49,one_ring,8.214327372227442e-05
0,2,0,carbene_ligand,7.303105249831293e-05
1,2,0,pseudomonas_solanacearum,7.302527161970167e-05
2,2,0,thiocyanate_n_atom,7.272769095545019e-05
3,2,0,bound_automorphism,7.229923238036475e-05
4,2,0,molecular_detail,7.217383459022678e-05
5,2,0,widely_solvent_content_estimate,7.199728093826675e-05
6,2,0,dcdp_dadp_acceptor,7.194805563095763e-05
7,2,0,aring_set_datum,7.182100788472094e-05
8,2,0,type_iii_polyketide_synthase,7.157017785454272e-05
9,2,0,neighbour_molecule_benzene_ring,7.148238324531552e-05
