,run,topic,terms,p
c_space_group,8.105521578077018e-05
1,1,0,room_temperature_anharmonic_effect,8.037368495056072e-05
2,1,0,imidazolinium_ring,7.981385035617299e-05
3,1,0,cyanide_group,7.93195356963551e-05
4,1,0,cmethyl_torsion_angle,7.917234361963369e-05
5,1,0,spine_standard,7.88694903290227e-05
6,1,0,human_prostate,7.876694894921062e-05
7,1,0,imidazole_ring,7.868145490870867e-05
8,1,0,silver_synthetic_crystal,7.858054719754018e-05
9,1,0,noncovalent_catalysis,7.832594049905793e-05
10,1,1,dimensional_anionic_framework,8.348501913312482e-05
11,1,1,zigzag_layer,8.291434938689038e-05
12,1,1,molecular_guest,8.244475126657553e-05
13,1,1,liu_paper_error,8.203822958251586e-05
14,1,1,tensor_scheme,8.147342486536348e-05
15,1,1,derivative_urea,8.122634770594029e-05
16,1,1,cuprophilic_interaction,8.048279733654718e-05
17,1,1,stereogenic_centre,8.04021873672149e-05
18,1,1,substrate_entry_facilitate_gate,8.000060625045363e-05
19,1,1,e_signal,7.98075862130544e-05
20,1,2,cuii_ion,8.638294750697285e-05
21,1,2,independent_cation,8.261515475377415e-05
22,1,2,high_resolution_high_sensitivity,8.140757700841913e-05
23,1,2,pi_contact_form,8.039646191200637e-05
24,1,2,methanol_solvent,8.035638013095174e-05
25,1,2,parallel_trajectory,8.020135828396662e-05
26,1,2,dextrorotatory_alpha_space_group,8.014425615720426e-05
27,1,2,alkyl_chain_estradiol_derivative,7.955636575854739e-05
28,1,2,acid_reaction,7.944677935192246e-05
29,1,2,structural_datum,7.935180909548479e-05
30,1,3,induction_time,8.386212245873197e-05
31,1,3,malimide_grignard_reaction,8.327370370436252e-05
32,1,3,square_base_pyramidal_coordination,8.229525160544298e-05
33,1,3,double_shell_spherical_mask,8.220711259067274e-05
34,1,3,five_methanol_solvent_molecule,8.125449726115031e-05
35,1,3,water_molecule_anion_minus,8.112647615041916e-05
36,1,3,tpsi_concise_formula,8.058766827968287e-05
37,1,3,dimensional_space,8.025394704703772e-05
38,1,3,cancer_cell,8.007773954250845e-05
39,1,3,chi_axis,7.995399569022951e-05
40,1,4,fourier_transformation,8.4606027295873e-05
41,1,4,tool_algorithm,8.097833863972527e-05
42,1,4,pyramid_apex,8.096585011059323e-05
43,1,4,respectively_deg,8.022599159509133e-05
44,1,4,tangent_formula,7.965853960489701e-05
45,1,4,result_procedure,7.962333873799873e-05
46,1,4,cytosine_base,7.926891930791347e-05
47,1,4,i_deg,7.917892080700362e-05
48,1,4,ultimate_test,7.901546069231797e-05
49,1,4,pumice_structure,7.897395502421363e-05
0,2,0,middot_middot_minus,8.471486574631629e-05
1,2,0,stack_height_finite_effect,8.16332755610513e-05
2,2,0,ketone_group,7.8972381185106e-05
3,2,0,hydrogen_bond_donor_act,7.886437571939916e-05
4,2,0,chair_conformation,7.874071145555556e-05
5,2,0,growth_step,7.864577065568185e-05
6,2,0,lattice_crystal_real_model,7.816714381608378e-05
7,2,0,spherical_micelle,7.808174529781321e-05
8,2,0,twofold_symmetry_molecule_deviate,7.804562245429354e-05
9,2,0,antibiotic_thiopeptide_family_member,7.79273188733608e-05
10,2,1,n_n_prime,8.439120876841672e-05
11,2,1,superspace_group_gamma,8.398863309332755e-05
12,2,1,langbeinite_type,8.345522340979303e-05
13,2,1,middot_dpno_middot,8.23986923252041e-05
14,2,1,c_x_c,8.136277655402623e-05
15,2,1,low_re,8.049948208288902e-05
16,2,1,enteric_pathogen,8.022320807464923e-05
17,2,1,image_feature_extraction,8.01926003716637e-05
18,2,1,helical_pack,7.9942693785202e-05
19,2,1,special_issue,7.91868009600947e-05
20,2,2,planar_octagonal_arrangement,8.407795208867507e-05
21,2,2,high_temperature_factor,8.109098855460727e-05
22,2,2,beam_definer,8.064869353638597e-05
23,2,2,space_group_polar_structure,8.03756310781228e-05
24,2,2,cadmium_cation,8.027286480553496e-05
25,2,2,antiferroelectric_phasis,8.018830667103247e-05
26,2,2,tetrahedral_tilt,8.016719174758071e-05
27,2,2,angle_distortion,7.967180004393302e-05
28,2,2,akt_signal_downregulation,7.956652711879882e-05
29,2,2,centrosymmetric_space_group_crystallize,7.9416802326076e-05
30,2,3,incidence_angle,8.536258555183108e-05
31,2,3,pack_channel,8.467052428040605e-05
32,2,3,seed_storage_protein,8.425274953468701e-05
33,2,3,high_resolution_k,8.12513936099843e-05
34,2,3,powerful_method,8.11065284209707e-05
35,2,3,different_anion,8.055608625191297e-05
36,2,3,deg_average_error,7.960708474348186e-05
37,2,3,aryloxide_complex,7.950736638271289e-05
38,2,3,position_pair,7.915045985208363e-05
39,2,3,simple_beam_calculation,7.89046450818333e-05
40,2,4,real_datum,8.036604582976481e-05
41,2,4,pure_t_film_result,8.034285279610896e-05
42,2,4,average_deviation,8.024583956854824e-05
43,2,4,co_mn_analogue,7.968521155486128e-05
44,2,4,n_nonionic_detergent,7.936124598286067e-05
45,2,4,nbsp_thermophilus,7.926268422796129e-05
46,2,4,beam_divergence,7.92117255232725e-05
47,2,4,molecular_chaperone,7.888786926011158e-05
48,2,4,nmr_datum,7.885017926114243e-05
49,2,4,monodentate_dithiocarbamate_ligand,7.842816466166319e-05
0,3,0,crystal_surface,7.768676407510673e-05
1,3,0,dimensional_supramolecular_net,7.746062255269064e-05
2,3,0,methylsulfanyl_group,7.684731858818736e-05
3,3,0,polar_head_group,7.610708533630144e-05
4,3,0,pi_pi_interaction_form,7.599425854672318e-05
5,3,0,finally_development,7.567149592384004e-05
6,3,0,dissolution_crystal_growth,7.555471257852584e-05
7,3,0,nitrogen_atom,7.538874411335355e-05
8,3,0,hydrogen_bond_extensive_array,7.526486989516801e-05
9,3,0,triosephosphate_isomerase,7.520233588784624e-05
10,3,1,ring_angular_annulation,8.285565569747415e-05
11,3,1,network_flexibility,7.899810632683155e-05
12,3,1,jejuni_cell_surface_modification,7.894102508942101e-05
13,3,1,bidentate_carboxylate_group,7.787143852830873e-05
14,3,1,situ_real_time,7.735326310896733e-05
15,3,1,nearly_coplanar_arrangement,7.733023217011584e-05
16,3,1,nondestructive_technique,7.71861151658179e-05
17,3,1,anharmonic_effect,7.684944597752407e-05
18,3,1,phenyl_ring_pair,7.684595929053495e-05
19,3,1,o_h_intramolecular_molecule,7.679624480145049e-05
