,run,topic,terms,p
pramolecular_structure_formation,9.074861985023625e-05
1,1,0,asymmetric_unit_independent_molecule,8.622421682738468e-05
2,1,0,function_definition,8.599590313614368e-05
3,1,0,thickness_close_region,8.553442911845477e-05
4,1,0,human_body,8.462719100232042e-05
5,1,0,fac_arrangement_azide_ion,8.402675763534542e-05
6,1,0,reaction_chamber,8.353245762658308e-05
7,1,0,moderate_c_h,8.346908221401183e-05
8,1,0,isochroman_isocoumarin_derivative,8.34451001316045e-05
9,1,0,symmetrical_case,8.271452874461658e-05
10,1,1,seiv_ion,8.377215372864198e-05
11,1,1,acorn_structure_solution,8.341650161949564e-05
12,1,1,correct_solution,8.322343314514895e-05
13,1,1,laboratory_x_ray_analysis,8.30007690501279e-05
14,1,1,bridge_acetate,8.281791706659575e-05
15,1,1,correspond_solvent_content,8.206179399183409e-05
16,1,1,a_bind,8.204470813674651e-05
17,1,1,inter_particle_interaction,8.14275128604439e-05
18,1,1,chiral_monoclinic_space_group,8.077325665022726e-05
19,1,1,ion_standard_scatter_curve,8.075166087903024e-05
20,1,2,identical_pep_block,8.896942605217924e-05
21,1,2,topo_tomography_method,8.766869253133028e-05
22,1,2,thiourea_molecule,8.479257323297516e-05
23,1,2,squaraine_in_dye_solvate,8.36514954066828e-05
24,1,2,useful_negative_relation,8.303041625958627e-05
25,1,2,high_precision,8.2961102687664e-05
26,1,2,sigma_e_signal_pathway,8.293806792796714e-05
27,1,2,beta_aring_b_c,8.273510923909683e-05
28,1,2,high_angular_resolution,8.273220144095771e-05
29,1,2,incline_endo_terminal_ring,8.238047989173302e-05
30,1,3,calculate_reflectivity,8.44049401632132e-05
31,1,3,methoxybenzene_ring_tolyl,8.230808648273898e-05
32,1,3,cone_conformation,8.183159602721707e-05
33,1,3,ambient_temperature_liquid_suspension,8.122036708806883e-05
34,1,3,catalytic_function,8.121003404912092e-05
35,1,3,core_tetrahedral_coordination_geometry,8.101918217639327e-05
36,1,3,downward_displacement,8.092961772685289e-05
37,1,3,crystal_speciman,8.049870921340716e-05
38,1,3,solution_lipid_interface_conformation,8.047470369027527e-05
39,1,3,time_function,8.030919294762307e-05
40,1,4,kegg_database,8.600076120808667e-05
41,1,4,langbeinite_type_structure,8.325634289789078e-05
42,1,4,environment_problem,8.289533032246588e-05
43,1,4,thiazine_ring,8.285239247979328e-05
44,1,4,transition_temperature,8.2647830267374e-05
45,1,4,methylate_dna_repair_dna,8.1809702007689e-05
46,1,4,atomic_interaction_relate_transform,8.180784796163889e-05
47,1,4,long_term,8.1737534175602e-05
48,1,4,relative_structure,8.141671278193521e-05
49,1,4,photon_energy_range,8.133936500472993e-05
50,1,5,niobium_film,8.778385955706625e-05
51,1,5,glutamate_aspartate,8.614829449317548e-05
52,1,5,free_base_porphyrin,8.471614407412244e-05
53,1,5,pure_t_film,8.266761892425637e-05
54,1,5,mutation_small_molecule,8.163585328238296e-05
55,1,5,ordinary_treatment,8.156341892377043e-05
56,1,5,present_model,8.101120446573936e-05
57,1,5,dihedral_angle_borazine_ring,8.074634960926583e-05
58,1,5,terephthalate_dianion_hydrogen_bond,8.040091758281533e-05
59,1,5,mn_complex,8.021840196424434e-05
60,1,6,layer_oxhalide,9.068284644296499e-05
61,1,6,hmtpo_neutral_molecule,8.677289513016526e-05
62,1,6,dimer_destabilize_property,8.631800760476755e-05
63,1,6,unit_cell_datum,8.593036321248045e-05
64,1,6,colloidal_cluster,8.592047547057437e-05
65,1,6,relate_nonchelating_diimine,8.500688218214772e-05
66,1,6,control_unit_hardware_component,8.434443399096716e-05
67,1,6,complicate_hierarchical_structure,8.426895082788713e-05
68,1,6,symmetry_relate_monodentate_nitrate,8.419639929341823e-05
69,1,6,sheet_like_entity,8.400210103311369e-05
70,1,7,cobalt_nitrate,8.815807171423415e-05
71,1,7,k_range,8.586221777773614e-05
72,1,7,speciman_crystallographic_direction_direction,8.509614707446671e-05
73,1,7,inclusion_crystal,8.240306313675154e-05
74,1,7,c_type,8.229064441817033e-05
75,1,7,bridge_methylene,8.211970815022813e-05
76,1,7,pressure_linearly_decrease,8.162903056300689e-05
77,1,7,scatter_resonant_curve,8.15708854587041e-05
78,1,7,tetrahedral_substructural_unit,8.152438434444417e-05
79,1,7,quinoline_ring_system_naphthalene,8.137890607985828e-05
80,1,8,package_initiation,8.863591642257271e-05
81,1,8,n_c_c,8.637487121515244e-05
82,1,8,nuclear_receptor,8.441564928775767e-05
83,1,8,relative_energy,8.328101687186358e-05
84,1,8,rsa_reverse_saturable_absorption,8.315263187145645e-05
85,1,8,oxysulfide_oxyhalide,8.18811961816316e-05
86,1,8,upstream_object,8.15963776840378e-05
87,1,8,trigonal_prismatic_geometry,8.090290851775447e-05
88,1,8,small_subset,8.083330341445677e-05
89,1,8,respectively_deg_interplanar_angle,8.074928120702247e-05
90,1,9,flexible_loop_terminal_helix,8.285034790194e-05
91,1,9,low_content_component,8.278681987770988e-05
92,1,9,monodendate_imidazole_ligand,8.263436406013994e-05
93,1,9,white_radiation,8.259953953244429e-05
94,1,9,occupancy_configuration,8.241773094726213e-05
95,1,9,dirac_slater,8.240346537674418e-05
96,1,9,pressure_temperature_condition,8.19940387859964e-05
97,1,9,rietveld_profile_technique,8.198918667012976e-05
98,1,9,add_effect,8.175576707315636e-05
99,1,9,space_group,8.124527416160704e-05
100,1,10,projection_cut_method,8.46608348968888e-05
101,1,10,dimensional_nanocrystal,8.33777166260827e-05
102,1,10,lithium_polymer_battery_concept,8.315597837977151e-05
103,1,10,stress_heat_nbsp,8.24793370023165e-05
104,1,10,bin_empirical_fit_function,8.236679176215538e-05
105,1,10,image_hrtem_edp,8.181885204900581e-05
106,1,10,bidentate_chelate_sulfate_ligand,8.170044151290755e-05
107,1,10,diffract_crystal,8.166344979177495e-05
108,1,10,lead_chalcogenide,8.147652846492624e-05
109,1,10,cyclooctane_ring,8.146242028866165e-05
110,1,11,minus_ring,8.917651664399148e-05
111,1,11,multiple_choice,8.653503170644628e-05
112,1,11,great_effort,8.479393610532257e-05
113,1,11,ligand_nitrogen_oxygen_atom,8.332658737005393e-05
114,1,11,mandelic_acid_acid,8.300838421351391e-05
115,1,11,molecular_clip,8.169621138532309e-05
116,1,11,unit_cell_size,8.169561731053596e-05
117,1,11,give_experimental_alpha_lmn,8.112523946490406e-05
118,1,11,previous_work,8.102490651792566e-05
119,1,11,axis_phiv,8.095650816483442e-05
120,1,12,phase_merit_likely_figure,8.760658829015723e-05
121,1,12,dimensional_chain_structure,8.44863305032994e-05
122,1,12,trimeric_form,8.398151733801145e-05
123,1,12,c_direction,8.387828705599867e-05
124,1,12,x_ray_emission,8.331523822018008e-05
125,1,12,neutron_path,8.328731392002218e-05
126,1,12,solvate_molecule,8.182056016900397e-05
127,1,12,hydrogen_gas,8.163938785153955e-05
128,1,12,cheap_organometallic_precursor,8.152769922583428e-05
129,1,12,cytochrome_interaction_modeling,8.134021595756045e-05
130,1,13,small_perturbation,8.560228022352698e-05
131,1,13,plate_change_robot,8.468008010801885e-05
132,1,13,angle_result_small_deviation,8.384418815960235e-05
133,1,13,acridine_moiety,8.356194665141883e-05
134,1,13,intrigue_form,8.258071903815443e-05
135,1,13,high_throughput,8.257342193547073e-05
136,1,13,obtain_information,8.242045217825789e-05
137,1,13,da_minus,8.18013591579652e-05
138,1,13,unit_area,8.177905073925503e-05
139,1,13,diffraction_datum_process,8.10913369272661e-05
140,1,14,complex_crystal_structure,8.638604320071503e-05
141,1,14,unconventional_approach,8.506074513911546e-05
142,1,14,ethylenedioxy_c_atom,8.470552239658974e-05
143,1,14,x_ray_damage,8.463417514388489e-05
144,1,14,previous_study,8.416528614589134e-05
145,1,14,large_numb,8.161375288823844e-05
146,1,14,such_study,8.145813028081521e-05
147,1,14,cu_ion_contain_moiety,8.134537349809687e-05
148,1,14,partial_weight_sum,8.12567879495585e-05
149,1,14,chromeno_ring_system,8.10075979547755e-05
150,1,15,minus_melt_temperature,8.665499655312895e-05
151,1,15,image_bragg_reflection,8.355664766769112e-05
152,1,15,functional_theory_method,8.353789230430763e-05
153,1,15,methoxymethyl_phenyl_ether,8.340797665428994e-05
154,1,15,distortion_magnitude_sigmoidal_dependence,8.247807694124525e-05
155,1,15,be_pitch_strip,8.239550978463875e-05
156,1,15,different_formalism,8.237824529819776e-05
157,1,15,undulator_radiation,8.225239443514994e-05
158,1,15,tricapp_trigonal_prism,8.166222663775762e-05
159,1,15,strong_hydrogen_bond,8.133933803050943e-05
160,1,16,kinetic_arrest,8.649934274216428e-05
161,1,16,membered_pyran_ring,8.440719687307671e-05
162,1,16,polarization_factor,8.377261200790453e-05
163,1,16,alternate_fashion,8.36400269521223e-05
164,1,16,minus_s,8.336466552691482e-05
165,1,16,electron_decay,8.302782502329139e-05
166,1,16,membrane_deletion,8.300837258723762e-05
167,1,16,general_interest_question,8.296603591248242e-05
168,1,16,differential_scan_calorimetry_measurement,8.295888203432066e-05
169,1,16,structure_factor_phasis,8.176752340893741e-05
170,1,17,cationic_organic_layer,8.646682905479382e-05
171,1,17,phosphoprotein_addition,8.611469204876353e-05
172,1,17,maximum_dimension,8.531746328807531e-05
173,1,17,include_guest_molecule_conformation,8.367144815630814e-05
174,1,17,zwitter_ion_neutral_molecule,8.312712049688987e-05
175,1,17,occupancy_site,8.211146262750679e-05
176,1,17,phalacrocorax_carbo,8.203456665581752e-05
177,1,17,framework_structure,8.203169388064653e-05
178,1,17,short_long_c,8.185808793747676e-05
179,1,17,intensity_distribution,8.181629436630239e-05
180,1,18,mycobacterium_tuberculosis_putative_pnpox,9.052179627423995e-05
181,1,18,asymmetrical_symmetrical_reflection,8.484086308038591e-05
182,1,18,ligand_substitution,8.390953939969148e-05
183,1,18,beta_aring_nbsp_c,8.339975256653179e-05
184,1,18,dinuclear_cation,8.257043435688007e-05
185,1,18,point_dipole,8.237893698552487e-05
186,1,18,middot_ester_molecule,8.189477634178558e-05
187,1,18,pyramid_apex,8.176960298269602e-05
188,1,18,metal_thiocyanate_interaction,8.171294413093292e-05
189,1,18,m_mg_acetate,8.147039040596528e-05
190,1,19,cell_wall,8.612169357230966e-05
191,1,19,nearby_n_terminal,8.598920123858976e-05
192,1,19,molecular_conformation,8.52454425315794e-05
193,1,19,vapor_diffusion,8.517847155648619e-05
194,1,19,simple_sign_relationship_study,8.302465841143752e-05
195,1,19,intensity_function,8.295798869300583e-05
196,1,19,base_ligand,8.214444876709512e-05
197,1,19,new_phosphate_crystal_structure,8.199367026921943e-05
198,1,19,x_ray_laue_diffraction,8.181042320361285e-05
199,1,19,dianionic_sulfosalicylate,8.172351606936803e-05
0,2,0,naphthalene_ring_system,8.087807529195531e-05
1,2,0,extreme_environmental_condition,8.076090321801998e-05
2,2,0,potent_activity,7.888645613037413e-05
3,2,0,triazole_ring_ethoxybenzene_group,7.769879798780187e-05
4,2,0,kappa_p_chloride,7.760433157466806e-05
5,2,0,shelxl_software_package,7.736456119122226e-05
6,2,0,homology_structural_datum,7.717993266751822e-05
7,2,0,general_formula_similar_hexahydroxidometallate,7.714848517430058e-05
8,2,0,optimization_problem_formulate_extension,7.705725747641765e-05
9,2,0,tautomeric_form,7.696542178988735e-05
10,2,1,grind_board,7.989515694565114e-05
11,2,1,triplet_phase,7.87741345699637e-05
12,2,1,temperature_parameter,7.874578832409665e-05
13,2,1,profound_influence,7.872651972465027e-05
14,2,1,type_iii_polyketide_synthase,7.848146958655459e-05
15,2,1,finite_numb,7.844633363555487e-05
16,2,1,only_material_small_portion,7.832501584268836e-05
17,2,1,c_hydrogen_bond_interaction,7.8299358717787e-05
18,2,1,axis_run_chain_rise,7.814545970444186e-05
19,2,1,carbazole_ring_system,7.7940070178674e-05
20,2,2,solvent_hydrophobic_interaction,8.121893480718172e-05
21,2,2,automorphism_group,8.089848206789082e-05
22,2,2,bond_structure_significant_difference,7.983868554496887e-05
23,2,2,sb_o,7.926401776649303e-05
24,2,2,peak_shift_correction,7.916068180324558e-05
25,2,2,n_methylimidazole,7.908179841073974e-05
26,2,2,fundamental_energy,7.902407870447827e-05
27,2,2,pentyl_group,7.866125463060939e-05
28,2,2,close_c,7.847761006681289e-05
29,2,2,stock_solution,7.841981705479845e-05
0,3,0,titanium_peak_intensity,7.491434206600122e-05
1,3,0,plate_change,7.40841064337491e-05
2,3,0,b_factor,7.263092897923105e-05
3,3,0,classical_cubic_silicon_structure,7.25496933706591e-05
4,3,0,tentative_phase_diagram,7.239665592823381e-05
5,3,0,molecule_significant_twist,7.220351277006213e-05
6,3,0,powder_diffraction_experiment_series,7.20947955663805e-05
7,3,0,great_crystal,7.20670903674846e-05
8,3,0,host_cell_rna_interference,7.193099110293031e-05
9,3,0,serial_crystallographic_technology,7.192903284376183e-05
