,run,topic,terms,p
8080418e-05
1,1,0,symmetry_role,8.40791937607046e-05
2,1,0,bridge_ligand_act_ligand,8.366878027150144e-05
3,1,0,active_site_histidine_residue,8.314093406994633e-05
4,1,0,pyridyl_n,8.259725105910624e-05
5,1,0,dimeric_monomeric_form,8.247279732752463e-05
6,1,0,organic_framework,8.219194400349248e-05
7,1,0,coordinate_water_molecule,8.172765475059364e-05
8,1,0,multiple_equidistant_split,8.113834968490509e-05
9,1,0,human_disease_broad_spectrum,8.099482011892197e-05
10,1,1,cu_nimine,8.731062662424329e-05
11,1,1,propagate_crystallographically_independent_chain,8.661110029048866e-05
12,1,1,individual_profile_fit_technique,8.580969459596137e-05
13,1,1,beta_hydrolysis,8.571554748911553e-05
14,1,1,refinement_code,8.389582007056524e-05
15,1,1,cubane_like_framework,8.329029300764631e-05
16,1,1,shorten_c_n_bond,8.288796047865328e-05
17,1,1,aring_c_sime,8.258243075126342e-05
18,1,1,certain_limitation,8.247237965150157e-05
19,1,1,xu_amp,8.241658423312801e-05
20,1,2,point_indole_ring_plane,8.674732006974277e-05
21,1,2,alluaudite_like_structure,8.616422941809606e-05
22,1,2,molecular_chain,8.551357183086516e-05
23,1,2,several_site,8.47406199248774e-05
24,1,2,planar_chemical_structure_conformation,8.320021124039191e-05
25,1,2,dilute_silica,8.29466022787939e-05
26,1,2,dihredral_angle,8.289365585801909e-05
27,1,2,short_large_length,8.188001678079264e-05
28,1,2,thiazine_ring,8.162378356365579e-05
29,1,2,uhv_monochromator,8.161835397699532e-05
30,1,3,transcription_ctd_conformational_status,8.74054196925314e-05
31,1,3,dialkylammonium_thiosulfate,8.608386570475408e-05
32,1,3,table_line,8.561102755767666e-05
33,1,3,pailred_automatic_diffractometer,8.528732376190518e-05
34,1,3,essential_virulence_factor_pathogen,8.360317055345972e-05
35,1,3,large_initial_misalignment,8.340317225696373e-05
36,1,3,middot_hydrate,8.256676725855005e-05
37,1,3,bragg_brentano_geometry,8.230809694515098e-05
38,1,3,minus_bandwidth,8.230491126570758e-05
39,1,3,kinase_activation,8.153483724596588e-05
40,1,4,thiolate_s_atom,9.134812865106431e-05
41,1,4,c_c_n,8.794902188509583e-05
42,1,4,phosphatidylinositide_pi_substrate,8.627245114937493e-05
43,1,4,apical_site_l_ligand,8.56745951527091e-05
44,1,4,variable_x_ray_wavelength,8.478502551933022e-05
45,1,4,spiro_pyran_ring_atom,8.389831105453344e-05
46,1,4,tetramer_shape,8.351757397269926e-05
47,1,4,beta_domain,8.314938138300501e-05
48,1,4,phosphonoacetate_carbonyl_group,8.259605193858486e-05
49,1,4,crystallography_bayesian_method,8.256146798456997e-05
50,1,5,recombinant_triosephosphate_isomerase,8.899639192663883e-05
51,1,5,monoclinic_unit,8.617007322958789e-05
52,1,5,phenyl_outermost_pyrazole_benzene,8.519014330084193e-05
53,1,5,de_eacute,8.296666270855958e-05
54,1,5,protein_crystallization_growth,8.255547650177667e-05
55,1,5,intramolecular_dimension_improve_precision,8.227791803253265e-05
56,1,5,rare_pattern,8.202850494542225e-05
57,1,5,pi_delocalization,8.180336201397735e-05
58,1,5,continuous_solid_solution,8.13637690562568e-05
59,1,5,specific_site,8.135297301900465e-05
60,1,6,formalism_physically_establish_feature,8.575987864196434e-05
61,1,6,molecular_complex,8.34620105103596e-05
62,1,6,anomeric_effect,8.27117442923944e-05
63,1,6,material_power_specific_energy,8.250588328860042e-05
64,1,6,canadian_light_source,8.244667997872645e-05
65,1,6,ring_size,8.178458621569184e-05
66,1,6,one_znii_center,8.138484868321162e-05
67,1,6,low_ph,8.12953206610869e-05
68,1,6,n_n_monoanion,8.116026141692676e-05
69,1,6,hydroxyl_group_benzyl,8.101738101016226e-05
70,1,7,nucleotide_ligand_pyrimidine,8.660595937419738e-05
71,1,7,scientific_highlight,8.560018027131847e-05
72,1,7,prolong_presence,8.513664188724353e-05
73,1,7,furofuran_ligand_synthesis,8.499086430290066e-05
74,1,7,digitization_laue_image,8.285805508416302e-05
75,1,7,tbba_sample,8.27365122303732e-05
76,1,7,neutral_molecule,8.262700315594201e-05
77,1,7,metal_complex_work,8.227173720036641e-05
78,1,7,methylsulfinyl_substituent,8.174790537762076e-05
79,1,7,isoquinoline_ligand,8.164955518113688e-05
80,1,8,dimethylammonium_cation,8.479585385778036e-05
81,1,8,soft_x_ray_region,8.456325893335934e-05
82,1,8,dna_demethylation,8.299030555160307e-05
83,1,8,phenyl_ring_dihredral_angle,8.293228326726353e-05
84,1,8,special_issue,8.212761016914943e-05
85,1,8,high_laue_zone,8.189434070615582e-05
86,1,8,interparticle_interaction,8.14887610594869e-05
87,1,8,asymmetric_unit_decameric_ring,8.143666434477362e-05
88,1,8,protein_fold_involvement,8.134383394762338e-05
89,1,8,myoglobin_structure,8.118132862445772e-05
90,1,9,final_crystal,8.568474832838522e-05
91,1,9,n_thiourea,8.378697712789918e-05
92,1,9,indole_alkaloid_single_crystal,8.300505106448251e-05
93,1,9,different_scatter_system,8.269209251515485e-05
94,1,9,pd_atom,8.258961233187319e-05
95,1,9,pair_correlation,8.241068678581816e-05
96,1,9,anticancer_drug,8.223136450031461e-05
97,1,9,subunit_microcrystal,8.168042854073705e-05
98,1,9,speciman_edge_parallel_direction,8.151708429412814e-05
99,1,9,au_atom_close_proximity,8.132838184997962e-05
100,1,10,monoclinic_z,8.657313686284603e-05
101,1,10,significant_fluorescence_chance,8.44002425515011e-05
102,1,10,total_absorb_power,8.310702039080114e-05
103,1,10,good_route_precursor,8.260516240564122e-05
104,1,10,grow_crystal,8.225833368093821e-05
105,1,10,cation_membered_ring_centroid,8.206379961408509e-05
106,1,10,free_base,8.127978133330508e-05
107,1,10,parameter_method_sample,8.123537781280386e-05
108,1,10,substituent_ring_plane,8.091511001306956e-05
109,1,10,deg_s_angle_pd,8.071880250338385e-05
110,1,11,mpd_use,8.666402465426922e-05
111,1,11,large_distance,8.435446395688635e-05
112,1,11,occupancy_ratio,8.350522675204412e-05
113,1,11,water_molecule_o_atom,8.272425743518027e-05
114,1,11,asymmetric_o_h,8.244859693404296e-05
115,1,11,linear_position_sensitive_detector,8.243781510468404e-05
116,1,11,owater_o,8.21987094304937e-05
117,1,11,scatter_enhance_image,8.200503430995172e-05
118,1,11,phasis_bond_valence_analysis,8.165934589038907e-05
119,1,11,free_nitrate_ion,8.14039686342876e-05
120,1,12,datamatrix_code,8.633673980899833e-05
121,1,12,rskn_n_terminal_domain,8.468981630737124e-05
122,1,12,autocorrelation_function,8.390436875483587e-05
123,1,12,different_wavelength_phase_capability,8.312307939020887e-05
124,1,12,dextrorotatory_alpha_space_group,8.311343129290984e-05
125,1,12,beamline_scatter_ray,8.281360765822302e-05
126,1,12,segment_cross_undulator,8.257400748616077e-05
127,1,12,protein_sdba,8.249955804965366e-05
128,1,12,transition_metal_inorganic,8.24746022864e-05
129,1,12,pi_substrate_dephosphorylation,8.225580034377513e-05
130,1,13,boat_chair_conformation,8.570312004556956e-05
131,1,13,pack_interaction_hydrogen_bond,8.512343118183902e-05
132,1,13,centrosymmetrically_relate_anion,8.447576302660466e-05
133,1,13,practical_approach,8.435481477624491e-05
134,1,13,n_h_s,8.397802900761782e-05
135,1,13,alpha_deoxyribose_uracil_interaction,8.36970739011669e-05
136,1,13,potential_ligand,8.315619261947702e-05
137,1,13,single_rock_curve,8.265307376961795e-05
138,1,13,lang_traverse_technique,8.259048176203813e-05
139,1,13,minute_short_time_interval,8.170939148692198e-05
140,1,14,practical_class,8.504417926281022e-05
141,1,14,impact_system,8.49301483552269e-05
142,1,14,azimuth_value,8.462247687788164e-05
143,1,14,proinflammatory_cytokine,8.413842978533964e-05
144,1,14,methanoic_acid,8.404564501686463e-05
145,1,14,multilamellar_membrane,8.357520943184243e-05
146,1,14,position_dependent_correction_factor,8.310595891187224e-05
147,1,14,peak_position,8.30639432199977e-05
148,1,14,halogen_bond,8.297879904411163e-05
149,1,14,deg_sn_c_c,8.284041107712805e-05
150,1,15,variety_quality,8.715565744066188e-05
151,1,15,pheb_substrate_specificity,8.674583851329037e-05
152,1,15,curve_different_type,8.655593879861777e-05
153,1,15,profile_technique,8.54196378365201e-05
154,1,15,middot_minus_middot_minus,8.537757349146498e-05
155,1,15,planarity_maximum_deviation,8.537400874941837e-05
156,1,15,dimensional_network_generate_interaction,8.363977338220526e-05
157,1,15,cation_membered_ring_centroid,8.335572780352463e-05
158,1,15,rotator_phase,8.240145262808397e-05
159,1,15,yamashita_kato_amp,8.237417236187656e-05
160,1,16,benzenesulfonic_chloride_sulfonylation_reaction,8.5836018408065e-05
161,1,16,deg_range,8.323587182733649e-05
162,1,16,core_shell_model,8.318797717059485e-05
163,1,16,tpsi_sign_large_value,8.27298128816687e-05
164,1,16,n_terminal_affinity_tag,8.23014037578218e-05
165,1,16,alpha_beta_beta,8.186710441718846e-05
166,1,16,fe_linkage,8.165193806226917e-05
167,1,16,o_h_donor,8.163321810661741e-05
168,1,16,development_initiation,8.15766243806454e-05
169,1,16,substitute_unsubstituted_cp_ring,8.140799585375802e-05
170,1,17,set_datum,8.473523445672878e-05
171,1,17,chain_space,8.420847503434575e-05
172,1,17,eos_parameter,8.348632669077261e-05
173,1,17,powder_diffraction_experiment,8.234100449881707e-05
174,1,17,cl_association,8.20182398131422e-05
175,1,17,subtype_b,8.196100497846177e-05
176,1,17,contrast_reduce_factor,8.156299403182352e-05
177,1,17,regular_tetrahedron,8.150653860760782e-05
178,1,17,sulfonate_ligand_hydroxy_group,8.130844591177555e-05
179,1,17,baker_yeast_saicar_synthase,8.128934796128637e-05
180,1,18,isis_mari_spectrometer,8.325994740639911e-05
181,1,18,heterometal_cuii_criii_complex,8.306557190682762e-05
182,1,18,tridymite_quartz,8.279353054222581e-05
183,1,18,proliferation_cell_survival,8.248096855550243e-05
184,1,18,photochromism_reason_cavity_confine,8.197569231922784e-05
185,1,18,n_c_bond_delocalization,8.189056844471405e-05
186,1,18,calculate_measure_intensity,8.126237414582655e-05
187,1,18,elastic_displacement_mode,8.121672191747911e-05
188,1,18,ctd_regulation,8.121031914968993e-05
189,1,18,if_g,8.11955155902802e-05
190,1,19,apical_distance,8.484779921956313e-05
191,1,19,primitive_cubic_space_group,8.429908703793808e-05
192,1,19,volume_fraction,8.422250605570508e-05
193,1,19,chlorophenyl_ring,8.32249648369624e-05
194,1,19,beta_nacnac_ligand,8.315665716744602e-05
195,1,19,near_planarity,8.269803998458925e-05
196,1,19,useful_positive_relation_numb,8.262627009111484e-05
197,1,19,conserve_protein,8.247177377500363e-05
198,1,19,dppe_p_prime_p,8.236392467539548e-05
199,1,19,complex_dimensional_deformity,8.202348571984793e-05
0,2,0,hyperbolic_surface,7.478257979521031e-05
1,2,0,precisely_know_concentration_coexist,7.253003184430859e-05
2,2,0,work_function,7.23923407370793e-05
3,2,0,pale_brown_dihydrate_crystal,7.23588961026603e-05
4,2,0,sample_theorem,7.227887218450314e-05
5,2,0,ultra_high_resolution,7.221826411952725e-05
6,2,0,si_ge_atom,7.211915925731935e-05
7,2,0,vapochromic_material,7.204643307628776e-05
8,2,0,protein_region,7.200819888824244e-05
9,2,0,internal_loop,7.149709887347122e-05
