,run,topic,terms,p
ange,8.638994057068795e-05
1,1,0,uerdingen_amp,8.367446795099805e-05
2,1,0,unit_cell_size_increase,8.361590176900285e-05
3,1,0,borane_h,8.355754586581582e-05
4,1,0,new_detector,8.342746497308476e-05
5,1,0,low_dose,8.226466717522437e-05
6,1,0,imidazole_ring_form,8.161752346045657e-05
7,1,0,ambient_pressure,8.156541121758941e-05
8,1,0,arbitrary_n_dimensional_net,8.128893678922861e-05
9,1,0,lithium_crystalline_lithium_oxide,8.113576125761179e-05
10,1,1,cmca_centrosymmetric_space_group,8.532017988743018e-05
11,1,1,tape_structure,8.428527855441792e-05
12,1,1,recipe_screen_formulation,8.425401106004605e-05
13,1,1,protein_fragment_database_use,8.258608409757619e-05
14,1,1,overall_temperature_b_factor,8.098966941194214e-05
15,1,1,cm_nm_magnitude,8.08482658511683e-05
16,1,1,pi_pi_slip_interaction,8.07763208333304e-05
17,1,1,alternate_arrangement,8.052966783581642e-05
18,1,1,current_antibiotic_treatment,8.036972379277546e-05
19,1,1,spectroscopic_method,8.033612534629786e-05
20,1,2,gecko_bone,8.562014852235094e-05
21,1,2,short_intermolecular_interaction,8.415904790129731e-05
22,1,2,salicylic_acid_derivative,8.380529218952746e-05
23,1,2,quench_electrophilic_lithiation,8.378362810249216e-05
24,1,2,residue_specific_role,8.197936115067522e-05
25,1,2,active_site_nucleophile_role,8.194661443526335e-05
26,1,2,neutron_instrument,8.178535508121027e-05
27,1,2,shape_particle,8.142880001903723e-05
28,1,2,p_c_tetrahedron,8.133438042926809e-05
29,1,2,pi_intermolecular_interaction,8.092064026363485e-05
30,1,3,n_prime_dianionic_ligand,8.577933179767627e-05
31,1,3,k_structure,8.334564040464148e-05
32,1,3,prime_prime_prime_ligand,8.265159660248007e-05
33,1,3,functional_theory,8.228620071187663e-05
34,1,3,central_c_c,8.203170720312771e-05
35,1,3,sparteine_ligand,8.114943400618629e-05
36,1,3,local_cs_symmetry,8.09612895368377e-05
37,1,3,rotate_anode_generator,8.072485694009753e-05
38,1,3,deg_theta_b,8.06662071450736e-05
39,1,3,frame_buff,8.010473999795548e-05
40,1,4,srm_silicon_standard,8.71815976815157e-05
41,1,4,racemic_asymmetric_unit,8.592368401280152e-05
42,1,4,deg_rotation,8.548485959857775e-05
43,1,4,absorb_power,8.4925612649609e-05
44,1,4,room_temperature_determination,8.305086670917238e-05
45,1,4,water_ligand_bridge_chloride,8.289805307050163e-05
46,1,4,group_h_atom,8.284632024387727e-05
47,1,4,powder_diffractometer_guinier_camera,8.275904050997802e-05
48,1,4,anneal_experiment,8.246611953618089e-05
49,1,4,article_microfibrillar_structure,8.241842479305255e-05
50,1,5,c_o,8.42909419542501e-05
51,1,5,standard_bragg_angle,8.371702928542547e-05
52,1,5,imperfection_arcsec,8.35517867782635e-05
53,1,5,recruit_clathrin,8.34690559024678e-05
54,1,5,regulatory_cascade,8.248286530272285e-05
55,1,5,o_atom_irregular_coordination,8.180817283131098e-05
56,1,5,only_minor_conformational_change,8.110821281397208e-05
57,1,5,flack_parameter_resonant_scatter,8.065369586209915e-05
58,1,5,crystal_single_enantiomer,8.033257794496209e-05
59,1,5,lithium_tetragermanium,8.012895471978237e-05
60,1,6,quantitative_analysis,8.602736431152383e-05
61,1,6,hepatitis_virus,8.421650363625845e-05
62,1,6,different_approach,8.407312123089932e-05
63,1,6,novel_material,8.340292863968773e-05
64,1,6,h_protein,8.233447745646534e-05
65,1,6,sans_saxs_neutron_scatter,8.208976333128724e-05
66,1,6,qualitative_behaviour,8.152018980575514e-05
67,1,6,classical_static_structural_characterisation,8.104904822550795e-05
68,1,6,downward_diffraction_laue_spot,8.099745757097366e-05
69,1,6,crystalline_system,8.08777342493794e-05
70,1,7,human_cancer,8.645044978368088e-05
71,1,7,severe_developmental_defect,8.457713359676105e-05
72,1,7,different_pressure_temperature_condition,8.390132959723797e-05
73,1,7,protein_molecule,8.35824786820664e-05
74,1,7,beam_sensitive_organic,8.231196937477406e-05
75,1,7,water_molecule_bidentate_ligand,8.16718374384461e-05
76,1,7,aring_pyridine_n_atom,8.127784720715258e-05
77,1,7,acceptor_hydrogen_bond_donor,8.12104715026499e-05
78,1,7,mean_square_translational_displacement,8.082690185201504e-05
79,1,7,benzene_pyrrole,8.058867767781285e-05
80,1,8,mn_atom,8.852907644246058e-05
81,1,8,kraft_pulp_mill,8.564252690022304e-05
82,1,8,infinite_linear,8.339916263483064e-05
83,1,8,tetrahedron_angle,8.269464325021746e-05
84,1,8,amino_acid_residue_orientation,8.225671600810148e-05
85,1,8,conventional_excitation_laser,8.198055089925133e-05
86,1,8,calculate_intensity,8.183941598524286e-05
87,1,8,new_diamagnetic_complex,8.142119872701506e-05
88,1,8,alkaloid_ring,8.107770449531e-05
89,1,8,sigma_direction,8.089103378401303e-05
90,1,9,present_investigation,8.335773044526105e-05
91,1,9,single_powder_crystal_datum,8.18904981702787e-05
92,1,9,random_walk_technique,8.169250395913866e-05
93,1,9,kappa_acesulfame_metal_complex,8.166870984619935e-05
94,1,9,deviation_group_phenyl_ring,8.165061396718218e-05
95,1,9,tin_indium,8.115596902966661e-05
96,1,9,linear_dislocation,8.111224757343146e-05
97,1,9,such_phenomenon,8.081392579329246e-05
98,1,9,x_sime,8.073525930973176e-05
99,1,9,finite_difference,8.058172135234985e-05
0,2,0,main_interest,8.726055509412678e-05
1,2,0,dimensional_supramolecular_architecture,8.714083900202275e-05
2,2,0,tetrahedral_phosphoru,8.616735756173534e-05
3,2,0,mutation_small_molecule,8.524242004986313e-05
4,2,0,space_time_average_structure,8.509222752841503e-05
5,2,0,selenomethionine_protein_crystal,8.491905535444553e-05
6,2,0,os_bond_parameter,8.388619167071884e-05
7,2,0,diffraction_peak_asymmetric_shape,8.342295777576697e-05
8,2,0,electron_density_peak,8.338022305607908e-05
9,2,0,scandium_dope_tiocl,8.286030016643494e-05
10,2,1,cholesterol_crystallization_fundamental_aspect,8.714768173194105e-05
11,2,1,natural_aluminosilicate,8.340524525232434e-05
12,2,1,zn_m_mn_middot,8.322358435465842e-05
13,2,1,electron_density_consideration_basis,8.313443864983743e-05
14,2,1,high_pressure,8.31222379575154e-05
15,2,1,position_butylamine_chain_skeleton,8.215037655355997e-05
16,2,1,output_file,8.20685283267602e-05
17,2,1,microstructure_deep_insight,8.206101508666804e-05
18,2,1,doubly_deprotonat_hydrazone,8.185047253425188e-05
19,2,1,short_large_length_scale,8.147983320065651e-05
20,2,2,n_h_group_form,8.851199941189266e-05
21,2,2,bend_conformation,8.623786782659541e-05
22,2,2,overall_reliability,8.421292147185291e-05
23,2,2,atp_saicar_synthase_complex,8.345631539594681e-05
24,2,2,computational_experience,8.340256368825182e-05
25,2,2,n_methylethanolamine_mu,8.281566792605408e-05
26,2,2,form_crystal,8.276320442725662e-05
27,2,2,single_amino_acid_replacement,8.256850091039456e-05
28,2,2,transition_state_analogue,8.243857765289309e-05
29,2,2,o_demethylase,8.232010734624588e-05
30,2,3,mm_spot,8.81568176155659e-05
31,2,3,vdf_trfe_copolymer,8.446143444466353e-05
32,2,3,minus_cm,8.422484382077771e-05
33,2,3,ring_thiazole,8.403053145412144e-05
34,2,3,br_form_membered_ring,8.256508290864789e-05
35,2,3,distort_square_pyramidal_geometry,8.253830689951024e-05
36,2,3,atomic_model,8.245917509465415e-05
37,2,3,deg_bragg_law,8.24429732053191e-05
38,2,3,transannular_bromo_etherification_protocol,8.218094686958663e-05
39,2,3,calcium_site,8.215420009053217e-05
40,2,4,weak_intermolecular_pyrimidine,9.328456778897379e-05
41,2,4,axial_projection_plot,8.61491110457819e-05
42,2,4,increasingly_tool,8.471129602927346e-05
43,2,4,dimeric_cluster_family,8.464906582406194e-05
44,2,4,complete_kinetic_arrest,8.458872797544125e-05
45,2,4,respectively_iii_dimer,8.455445611523548e-05
46,2,4,inversion_relate_benzimidazole_group,8.363351757099797e-05
47,2,4,distribution_function,8.343930454442729e-05
48,2,4,cool_sample,8.334841660593598e-05
49,2,4,relative_structure,8.327172990447986e-05
50,2,5,planar_phenyl_ring,8.646152373314286e-05
51,2,5,long_range_strain,8.589763148365963e-05
52,2,5,form_system,8.516620810671226e-05
53,2,5,measure_physical_profile,8.490058356401916e-05
54,2,5,extra_spot,8.463265056598947e-05
55,2,5,antifungal_agent,8.42427976608246e-05
56,2,5,additional_groove,8.407157619119906e-05
57,2,5,pressure_linearly_decrease,8.374286849278801e-05
58,2,5,weak_c_h_direction,8.280459051209517e-05
59,2,5,cryocrystallographic_technique,8.232068010882872e-05
60,2,6,cl_hydrogen_bond_interaction,8.583181679049e-05
61,2,6,symmetry_relate_thiocyanate_ligand,8.560188690485824e-05
62,2,6,half_maximum_width,8.39110253979821e-05
63,2,6,significant_conformational_change_group,8.367996303559313e-05
64,2,6,nanomagnetic_grain,8.295878980411699e-05
65,2,6,alter_fluctuation,8.263884091793543e-05
66,2,6,form_sheet,8.260806095409368e-05
67,2,6,troika_concept,8.236123278668276e-05
68,2,6,robotic_sample_changer,8.222189225657701e-05
69,2,6,o_halogen_bond,8.217456993063634e-05
70,2,7,transcription_regulation,8.709987511844813e-05
71,2,7,nitrogen_atom,8.618704253406407e-05
72,2,7,triclinic_system_crystallize,8.572814138600359e-05
73,2,7,beam_divergence,8.497028025300057e-05
74,2,7,only_variable_slit,8.317514444557876e-05
75,2,7,strong_preference,8.316966107607785e-05
76,2,7,gamma_form,8.276953666491981e-05
77,2,7,subtle_question,8.260210521344345e-05
78,2,7,benzene_pyrrole_ring,8.25026002350037e-05
79,2,7,site_symmetry_cdii_atom,8.179259948829121e-05
80,2,8,mammalian_cyclooxygenase_enzyme,8.576538859405273e-05
81,2,8,require_inversion_symmetry,8.372952220847098e-05
82,2,8,interest_network_flexibility,8.369512150105663e-05
83,2,8,solid_state_nmr_spectroscopy,8.354296324755229e-05
84,2,8,new_energy_produce_process,8.310472610478514e-05
85,2,8,protein_response,8.26207347808024e-05
86,2,8,biomolecular_simulation,8.24655319761038e-05
87,2,8,neisen_type_temperature_dependence,8.211315287632754e-05
88,2,8,synchrotron_topography,8.200393987401085e-05
89,2,8,c_nbsp_aring_nbsp,8.197144440720203e-05
90,2,9,pipe_transport,8.783135542760005e-05
91,2,9,different_formalism,8.624606571877234e-05
92,2,9,half_protonated_acridine_cation,8.603462650351315e-05
93,2,9,tpsi_sign_large_value,8.526896943725223e-05
94,2,9,nearly_coplanar_arrangement,8.498365667775645e-05
95,2,9,aring_nbsp,8.466782693601273e-05
96,2,9,equine_arteritis_virus,8.365792792126545e-05
97,2,9,beamline_control,8.29185538407555e-05
98,2,9,principally_program_reference,8.242196721032637e-05
99,2,9,angular_annulation,8.201288770625391e-05
100,2,10,fiat_sample_surface,8.77079839883263e-05
101,2,10,analogue_computer_display,8.605073944296082e-05
102,2,10,hydrogen_bond_pseudo_dimeric,8.503632703066086e-05
103,2,10,er_localize_transmembrane_kinase,8.499646835798745e-05
104,2,10,macromolecular_crystal_absorb_dose,8.496252843362987e-05
105,2,10,regular_user_shift,8.400840275896695e-05
106,2,10,weight_fraction,8.341805259194196e-05
107,2,10,unique_weak_c_h,8.297757903287157e-05
108,2,10,different_crystal_structure,8.287489443950347e-05
109,2,10,dna_minor_groove,8.268410941814141e-05
110,2,11,dip_inhibit_trypsin,8.375607875435226e-05
111,2,11,c_g,8.364265850486683e-05
112,2,11,alloy_sample,8.349769809880564e-05
113,2,11,spectral_line,8.334692306467511e-05
114,2,11,tran_geometry,8.303404317879399e-05
115,2,11,modest_c_h,8.278987459943032e-05
116,2,11,identical_condition_diffraction,8.275148591859098e-05
117,2,11,b_intensity_loss_factor,8.236809562832161e-05
118,2,11,squarate_dianion,8.150603835507125e-05
119,2,11,reflection_kind,8.139547080354307e-05
120,2,12,si_o_bond,8.607181834576777e-05
121,2,12,seven_concentric_group,8.497857285027782e-05
122,2,12,weak_c_h_direction,8.472582323958792e-05
123,2,12,pack_property,8.434236508825277e-05
124,2,12,methanol_molecule_water,8.411407378799884e-05
125,2,12,ccooh_c_c,8.388849772191627e-05
126,2,12,intact_crystal_habit,8.37648589696861e-05
127,2,12,growth_sector_boundary,8.328184656680818e-05
128,2,12,intestinal_colonization,8.311604307787414e-05
129,2,12,benzene_ring_plane_deg,8.26691742956381e-05
130,2,13,c_axis_molecule,9.045883636081573e-05
131,2,13,structural_type,8.388620326375852e-05
132,2,13,methoxymethyl_phenyl_ether,8.33985655931023e-05
133,2,13,merohedry_type,8.252018487810621e-05
134,2,13,miss_phasis_term,8.246395636258984e-05
135,2,13,dimethylamino_group,8.228160800237531e-05
136,2,13,peer_review_article,8.18923018008602e-05
137,2,13,synthesis_during_anion_structure,8.174010364456773e-05
138,2,13,primary_septicaemia,8.155722865552476e-05
139,2,13,microscopic_scale,8.149855527702472e-05
140,2,14,calibration_alignment,8.835601167832917e-05
141,2,14,storage_system,8.765720735063942e-05
142,2,14,solvent_content_vm,8.734651788077417e-05
143,2,14,c_h_type,8.555944643167061e-05
144,2,14,schiff_base_complex,8.348825215310151e-05
145,2,14,technique_applicability,8.316946498658254e-05
146,2,14,food_paper,8.276913444160395e-05
147,2,14,equatorial_plane_n_atom,8.229804583132373e-05
148,2,14,neighbour_methoxy_group,8.201072655330985e-05
149,2,14,lateral_chain,8.187548275261723e-05
150,2,15,human_disease,8.549669308930755e-05
151,2,15,x_ray_microscope,8.498489228808027e-05
152,2,15,au_p,8.373182604860791e-05
153,2,15,dimer_interface_bind_hit,8.318652519107272e-05
154,2,15,protonated_n_atom,8.315233420895102e-05
155,2,15,feline_immunodeficiency_virus,8.299724797126133e-05
156,2,15,neighbour_oxalate_anion,8.25677054211119e-05
157,2,15,atom_numb,8.213407234423101e-05
158,2,15,dna_synthesis,8.209537527925349e-05
159,2,15,protein_crystallization_growth_state,8.193538332043336e-05
160,2,16,piperidone_plane,9.28083888370947e-05
161,2,16,dimethylammonium_cation,8.606011001310915e-05
162,2,16,uncertainty_reflection_intensity,8.512741009884376e-05
163,2,16,amine_perchlorate,8.478085082725957e-05
164,2,16,bend_conformation,8.456828995056274e-05
165,2,16,cotton_effect,8.453825883022386e-05
166,2,16,substitute_phenyl_ring,8.420525278181326e-05
167,2,16,peer_review,8.38352466723881e-05
168,2,16,alpha_decomposition_oxidation,8.354305443079767e-05
169,2,16,structural_basis,8.34657992866866e-05
170,2,17,substrate_peptide_terminus,8.806934013549393e-05
171,2,17,cuii_cui,8.51892343008892e-05
172,2,17,widely_application,8.488485854981216e-05
173,2,17,adenocarcinoma_cell_line,8.48499202009565e-05
174,2,17,protein_fragment_database_use,8.461522058111082e-05
175,2,17,fundamental_insight,8.459632231124699e-05
176,2,17,polydispersity_exponent,8.424911194152907e-05
177,2,17,prime_prime_n_prime,8.42257653233107e-05
178,2,17,aglaia_seed,8.416177072716854e-05
179,2,17,phenyl_isoxazoline_membered_ring,8.372151241919577e-05
180,2,18,detail_definition,9.317590026170222e-05
181,2,18,magnesium_ion,8.65734247246178e-05
182,2,18,locate_crystallographic_inversion_centre,8.622262332502751e-05
183,2,18,mu_methanol,8.479993124339154e-05
184,2,18,thus_mutant_activity_decrease,8.360792277941885e-05
185,2,18,zeta_significant_association,8.295082469325719e-05
186,2,18,c_axis_direction,8.244897092156478e-05
187,2,18,fourier_transformation_sample_theorem,8.220955703095131e-05
188,2,18,growth_promote_signal_pathway,8.211760715583283e-05
189,2,18,o_contain_ring,8.20254347553254e-05
190,2,19,mix_ligand_specie_evidence,8.781227613312599e-05
191,2,19,dihedral_angle_analysis,8.66842408774264e-05
192,2,19,shad_herr_bone_sample,8.418005078374499e-05
193,2,19,vibrational_datum,8.39628869899553e-05
194,2,19,tim_barrel_interaction_analysis,8.356959921207529e-05
195,2,19,density_modification_technique,8.312845048898903e-05
196,2,19,c_axis_chain,8.277201157971443e-05
197,2,19,monochromatic_neutron_instrument,8.27290098693781e-05
198,2,19,putida_sequence_analysis,8.23623801179447e-05
199,2,19,close_position,8.230095835638583e-05
200,2,20,ring_system_pi_interaction,8.90486227327929e-05
201,2,20,sphalerite_type,8.560029358996447e-05
202,2,20,severe_mill,8.423801760547023e-05
203,2,20,ferric_salt_know_occurrence,8.376402183044782e-05
204,2,20,proton_transfer,8.330120923524375e-05
205,2,20,spectral_feature_library,8.289382793878954e-05
206,2,20,essentially_planar_thiohydantoin_ring,8.211311694091727e-05
207,2,20,cuii_cui_ion,8.186567773524235e-05
208,2,20,degree_order,8.162986682918347e-05
209,2,20,aring_o_minus_bond,8.151264301529559e-05
210,2,21,microscopic_scale_investigation,8.930698679201585e-05
211,2,21,phenylformiminopyrrole_derivative,8.717054294136321e-05
212,2,21,dynamic_covalent_bond_formation,8.599680255680988e-05
213,2,21,fiv_dutpase,8.55956491126574e-05
214,2,21,hexadentate_ligand_potential,8.452499643699215e-05
215,2,21,carboxylate_amino,8.413784966714988e-05
216,2,21,spectral_feature_library,8.31900085508295e-05
217,2,21,jmjc_domain_oligomerization,8.289307073461158e-05
218,2,21,classical_cubic_silicon_structure,8.282136041647917e-05
219,2,21,cubic_crystal,8.264639217397245e-05
220,2,22,fundamental_energy,8.671362274327467e-05
221,2,22,opt_little_value,8.608276909187838e-05
222,2,22,average_distance,8.549382928394924e-05
223,2,22,k_structure,8.495799990769017e-05
224,2,22,mill_h,8.396457780788506e-05
225,2,22,clear_physical_mean,8.374862293611857e-05
226,2,22,strong_n_h,8.337233753522715e-05
227,2,22,crystal_stabilization,8.33471998691077e-05
228,2,22,asymmetric_unit_decameric_ring,8.317148409667925e-05
229,2,22,main_interest,8.306399884916565e-05
230,2,23,anthracene_plane,9.37066560799367e-05
231,2,23,hydrogen_bond_behaviour,8.852565125708e-05
232,2,23,imidazole_n_atom,8.607803806970589e-05
233,2,23,bulky_phosphane_ligand,8.517385991116822e-05
234,2,23,deprotonat_ppt,8.440847797887974e-05
235,2,23,slightly_distort_tetrahedral_geometry,8.425560615637436e-05
236,2,23,automorphism_group_order_respect,8.391062958878401e-05
237,2,23,very_good_agreement,8.384691999219344e-05
238,2,23,bimetallic_complex,8.370094500999719e-05
239,2,23,xanes_spectroscopy,8.34157733715889e-05
240,2,24,ammonium_sulfate,8.305166924769878e-05
241,2,24,density_modulation,8.276063470132192e-05
242,2,24,phenyl_ring_orientation,8.23626481003549e-05
243,2,24,blodgett_film,8.218340959306617e-05
244,2,24,complex_coii_atom,8.217307724194243e-05
245,2,24,substrate_ubiquitination_efficiency,8.211648501056514e-05
246,2,24,experimental_programme,8.205250794075789e-05
247,2,24,metal_atom_coordination_environment,8.180793778266508e-05
248,2,24,znii_center_comprise_coordination,8.180104704504757e-05
249,2,24,cytosine_base_atom,8.17413676197407e-05
250,2,25,previous_structure_resolution,8.858061510473956e-05
251,2,25,pole_distribution_function,8.602604388401111e-05
252,2,25,structural_motif,8.447920790546945e-05
253,2,25,global_instability_index,8.373777762618648e-05
254,2,25,numerical_technique,8.368779749342115e-05
255,2,25,pi_pi_hydrogen_bond,8.278789610452566e-05
256,2,25,crystal_growth,8.275382934486366e-05
257,2,25,apical_position,8.258447418095627e-05
258,2,25,ligand_dppm,8.24905556573629e-05
259,2,25,precise_geometrical_model,8.240909844909792e-05
260,2,26,significant_directional_intermolecular_interaction,8.720641331185937e-05
261,2,26,outer_membrane,8.576892589381904e-05
262,2,26,incidence_low_angle,8.518170470396141e-05
263,2,26,dimer_two_family,8.382075787305757e-05
264,2,26,true_diffraction_potential,8.361188417828298e-05
265,2,26,unique_reflection,8.339662024249964e-05
266,2,26,domain_protein,8.320882036515072e-05
267,2,26,owater_bond,8.299458821278073e-05
268,2,26,aring_n_s_distance,8.294467871720142e-05
269,2,26,deg_terminal_phenyl_ring,8.284032672241944e-05
270,2,27,photochromism_change,9.020214413326186e-05
271,2,27,abc_ring_system,8.790458427356694e-05
272,2,27,approximate_formula,8.42688138210492e-05
273,2,27,viral_nucleocapsid_protein_arrangement,8.40532600607666e-05
274,2,27,twofold_axis,8.299261002031026e-05
275,2,27,direct_inspection,8.295098074296645e-05
276,2,27,crystallization_growth,8.266230472593985e-05
277,2,27,new_x_ray_holography,8.255510230374879e-05
278,2,27,crystal_lattice_disorder,8.23748067389027e-05
279,2,27,half_maximum,8.200710156819842e-05
280,2,28,maximum_deviation_pyrazole_ring,8.934189118280166e-05
281,2,28,modify_overlap_sphere_method,8.581628103046151e-05
282,2,28,v_overlap_volume,8.400531159108036e-05
283,2,28,elaboration_process_geometry_difference,8.39792691123251e-05
284,2,28,si_hexagonal_phase,8.373290250270452e-05
285,2,28,ac_field,8.305193756176392e-05
286,2,28,symmetry_change,8.298541831701162e-05
287,2,28,future_application,8.290907127656943e-05
288,2,28,robotic_sample_changer_numb,8.272693810458946e-05
289,2,28,inversion_center_diimino_group,8.256002318145592e-05
290,2,29,sn_o,9.168756950666034e-05
291,2,29,aromatic_c_h,8.546423475255109e-05
292,2,29,nonlinear_optimization_problem,8.381173581430227e-05
293,2,29,fungal_protein,8.344071892039594e-05
294,2,29,piperazinediium_cation,8.309658342707119e-05
295,2,29,symmetrical_polymorph,8.296397055959572e-05
296,2,29,secondary_extinction,8.28699009404064e-05
297,2,29,correspond_topographic_dislocation_image,8.260159850567786e-05
298,2,29,reactor_core,8.254549516715075e-05
299,2,29,numerous_o_h,8.24570166572651e-05
300,2,30,pyrimidine_deamination_deaminase_domain,8.619481635442982e-05
301,2,30,peierls_barrier_reaction,8.428553132723691e-05
302,2,30,z_dx_minus_cm,8.381374926751331e-05
303,2,30,biomedical_structure_determination_method,8.334044140119944e-05
304,2,30,neutron_event_datum_acquisition,8.274689487700286e-05
305,2,30,acid_molecule,8.263824024448251e-05
306,2,30,ether_ring_crown,8.251672688839795e-05
307,2,30,diffraction_process,8.170326649335863e-05
308,2,30,angle_electron_density,8.167941371604923e-05
309,2,30,split_atom,8.157498865265977e-05
310,2,31,nucleocapsid_core,9.311336635623707e-05
311,2,31,hippuric_acid_anion,8.580736957260945e-05
312,2,31,cysteine_dioxygenase,8.429976332122995e-05
313,2,31,candidate_vaccine,8.330976579253691e-05
314,2,31,aotc_cje_campylobacter_jejuni,8.309272307779607e-05
315,2,31,cellulosome_central_component,8.308556393095796e-05
316,2,31,grain_boundary_theory,8.221156926263428e-05
317,2,31,cysteine_rich_protein,8.206646327749896e-05
318,2,31,putative_methyltransferase_gene,8.178733711303849e-05
319,2,31,capsid_form_domain,8.177288237682363e-05
320,2,32,current_application,8.686561153806838e-05
321,2,32,organism_attack_viral_infection,8.594978550543178e-05
322,2,32,neighbour_anion_benzene_ring,8.555814569103371e-05
323,2,32,phiv_plusmn_beta_delta,8.506970589079708e-05
324,2,32,deprotonat_ppt,8.497597574661855e-05
325,2,32,pyridoxine_prime_pnpoxs_oxidase,8.433478306398115e-05
326,2,32,form_column,8.267156515605254e-05
327,2,32,butyl_chain,8.266426694465955e-05
328,2,32,brief_discussion,8.14565205136958e-05
329,2,32,pd_p_p,8.119006099239165e-05
330,2,33,organism_attack_viral_infection,8.813565204369232e-05
331,2,33,br_distance,8.781895285607771e-05
332,2,33,calculate_measure_intensity_discrepancy,8.593957003268404e-05
333,2,33,axis_run_chain,8.385247750576623e-05
334,2,33,secondary_structural_feature,8.38155064182702e-05
335,2,33,bridge_chloro_ligand,8.284218292387867e-05
336,2,33,cylindrical_fashion,8.282581260720443e-05
337,2,33,positive_construction,8.250345468204656e-05
338,2,33,rotary_mode,8.234378297761648e-05
339,2,33,possible_speculation,8.228894307650744e-05
340,2,34,peptide_bind_site,8.455246323442395e-05
341,2,34,si_wafer,8.419290573650385e-05
342,2,34,bidentate_nitrate,8.387275202698086e-05
343,2,34,sodium_dicyanamide,8.354084453344296e-05
344,2,34,zachariasen_extinction_correction_application,8.322448047162928e-05
345,2,34,catalysis_discrimination,8.281701007975435e-05
346,2,34,electronic_density_fourier_transform,8.269000805139081e-05
347,2,34,solidification_process,8.24808680059779e-05
348,2,34,moderate_c_h,8.242972559814452e-05
349,2,34,independent_sum,8.227149553961814e-05
350,2,35,tetrameric_assembly,8.873867705969422e-05
351,2,35,halophilic_marine_microorganism,8.658271831429214e-05
352,2,35,terminal_domain,8.642722387045725e-05
353,2,35,carboxylic_acid_carboxyl,8.479238958659829e-05
354,2,35,ph_s,8.386671786829207e-05
355,2,35,triplet_phasis_set,8.385315920235486e-05
356,2,35,burgers_vector,8.328467747541097e-05
357,2,35,c_h_group,8.246660156157187e-05
358,2,35,c_x_c,8.223688935978377e-05
359,2,35,single_crystal_diffraction_study,8.207710476226368e-05
360,2,36,thrombin_peptide,8.377056814576299e-05
361,2,36,ni_absorption_edge,8.338346020854102e-05
362,2,36,zwitter_ion,8.33808321326646e-05
363,2,36,great_deviation,8.320957907251426e-05
364,2,36,cap_trigonal_prismatic_geometry,8.246618082722287e-05
365,2,36,cu_k_alpha_radiation,8.150409364293478e-05
366,2,36,exist_phasis,8.142742220925247e-05
367,2,36,molecular_hydrogen,8.134747431021576e-05
368,2,36,ewald_prize_nomination,8.101992317777857e-05
369,2,36,high_throughput,8.084625191503448e-05
370,2,37,iron_ion_oxidation_state,8.45027487577006e-05
371,2,37,x_ray_wavelength,8.38697943323037e-05
372,2,37,zero_order,8.329391983202101e-05
373,2,37,distort_octahedral_coordination_geometry,8.3241799728074e-05
374,2,37,ionic_amine_oxide_detergent,8.323616755362873e-05
375,2,37,benzoxazole_ring_system_coumarin,8.322708401072354e-05
376,2,37,h_pi_interaction,8.302135095230878e-05
377,2,37,protein_arrangement,8.300124212072583e-05
378,2,37,mo_k_alpha,8.255949113013112e-05
379,2,37,final_datum_set,8.225944339523906e-05
380,2,38,aring_cf,8.531808759267526e-05
381,2,38,short_range_attractive_interaction,8.511402368250208e-05
382,2,38,d_glucuronolactone_use,8.457280533307275e-05
383,2,38,growth_nucleation_imperfection,8.456401957420067e-05
384,2,38,flat_molecule,8.333610274451116e-05
385,2,38,theta_e,8.33045184805075e-05
386,2,38,deinococcus_radioduran,8.311910363845905e-05
387,2,38,unit_cell,8.302634449409895e-05
388,2,38,biological_macromolecule_crystallization,8.286158742683092e-05
389,2,38,two_crystal_type,8.242283431484523e-05
390,2,39,mean_orientation,8.613716812339148e-05
391,2,39,propose_model,8.394073675356358e-05
392,2,39,monoclinic_space_group_crystallize,8.383892840014545e-05
393,2,39,imperfection_arcsec,8.315366884039501e-05
394,2,39,single_crystal_diffraction,8.289016306771973e-05
395,2,39,self_assembly,8.277439487688644e-05
396,2,39,w_co_bond_tran,8.274427496620378e-05
397,2,39,micron_size_crystal,8.194900151362946e-05
398,2,39,solid_state_structure,8.193217838387758e-05
399,2,39,coordinate_fe_atom,8.182923761879647e-05
400,2,40,tpsi_sign,8.837650973244939e-05
401,2,40,dengue_infection_chemotherapy,8.630950644085815e-05
402,2,40,diffract_intensity_new_expression,8.545911006919029e-05
403,2,40,topograph_typical_example,8.521443379387654e-05
404,2,40,soft_x_ray_beamline,8.51544431125708e-05
405,2,40,methoxybenzene_ring_tolyl_plane,8.465444515927903e-05
406,2,40,bulk_modulus,8.438524907609854e-05
407,2,40,ligand_structure_model,8.326633525219455e-05
408,2,40,thin_atomic_focuser,8.267907252967417e-05
409,2,40,pqq_cofactor_ring,8.2260645437988e-05
410,2,41,acidothermophilic_archaeon,8.553535978683258e-05
411,2,41,supervise_quantitative_analysis,8.487193404407773e-05
412,2,41,solvent_influence,8.475586859214238e-05
413,2,41,lattice_distortion,8.330655019205789e-05
414,2,41,ideal_square_pyramidal_geometry,8.296575616062834e-05
415,2,41,one_cu_atom,8.269292376384405e-05
416,2,41,central_growth_region,8.265650939409737e-05
417,2,41,p_hydrogen_bond_o,8.26400652136197e-05
418,2,41,low_energy,8.262069184130056e-05
419,2,41,centrosymmetric_dioxane_molecule,8.232885054968819e-05
420,2,42,thf_hexane_solution_recrystallization,8.753683276106811e-05
421,2,42,x_ray_solution,8.715085145341052e-05
422,2,42,ultra_small_angle_neutron,8.562291340809135e-05
423,2,42,bacterial_speceis,8.557515910884365e-05
424,2,42,salt_hydrate,8.530236831434013e-05
425,2,42,solid_state_nmr_spectroscopy,8.52015994152659e-05
426,2,42,crystal_examination,8.458680704294254e-05
427,2,42,si_wafer,8.439093260052882e-05
428,2,42,environmental_condition,8.380661255137738e-05
429,2,42,counter_anion_link,8.366297798496734e-05
430,2,43,optimization_technique,8.921382480789007e-05
431,2,43,important_potential,8.660496169637373e-05
432,2,43,pyrene_plane,8.594084621273535e-05
433,2,43,chlorothiazole_unit,8.525167123923873e-05
434,2,43,general_formula_similar_hexahydroxidometallate,8.478013546111074e-05
435,2,43,metallic_ion_zinc_ligand,8.461040284545199e-05
436,2,43,o_torsion_angle,8.357026738552799e-05
437,2,43,naphthalen_datum,8.304266543296228e-05
438,2,43,deletion_replacement,8.26091954585509e-05
439,2,43,extend_dead_time_model,8.234314990056457e-05
440,2,44,high_yield,9.096675930972344e-05
441,2,44,mannich_type,8.65614321909308e-05
442,2,44,two_cl_atom,8.431562570197519e-05
443,2,44,n_symmetry_equivalent_reflection,8.393582685530088e-05
444,2,44,coherence_degree,8.384236642754903e-05
445,2,44,bayesian_method,8.337168920642691e-05
446,2,44,forbid_etc_type_reflection,8.297065448345287e-05
447,2,44,phase_capability,8.272791733814767e-05
448,2,44,primary_beam_intensity_distribution,8.247061087689173e-05
449,2,44,obtain_inclusion_crystal,8.234470376708761e-05
450,2,45,rna_process_event,8.718512104597617e-05
451,2,45,complex_in_middot,8.706783071411794e-05
452,2,45,catalytic_reactor,8.699395657507387e-05
453,2,45,axial_projection_plot,8.565519182255149e-05
454,2,45,aring_resolution_high_completeness,8.548464700442834e-05
455,2,45,x_ray_diffraction_intensity,8.50972312400497e-05
456,2,45,pentagonal_bipyramidal_geometry,8.38911329322882e-05
457,2,45,alternative_splice,8.383024180406019e-05
458,2,45,anion_minus_unit,8.363361317501765e-05
459,2,45,key_cellular_protein,8.317538903663041e-05
460,2,46,multimodular_scaffoldin,8.76756359850481e-05
461,2,46,adpm_ligand,8.665397496458118e-05
462,2,46,mass_polydisperse_surface,8.58073974063576e-05
463,2,46,molecule_half_presence,8.511229263039143e-05
464,2,46,unit_area,8.390334007119286e-05
465,2,46,profile_technique,8.319080205400391e-05
466,2,46,sulfonylation_reaction,8.313674455881965e-05
467,2,46,riboflavin_biosynthesis,8.269231629432287e-05
468,2,46,deg_range_lie,8.25193974783954e-05
469,2,46,selenomethionine_protein_crystal,8.220098322310237e-05
470,2,47,specular_reflection,8.72085958673581e-05
471,2,47,principle_calculation,8.55050516148981e-05
472,2,47,noticeable_quantitative_divergence,8.466938298969578e-05
473,2,47,dispersion_comment,8.420591462773943e-05
474,2,47,protein_region,8.420350206735628e-05
475,2,47,harmonic_intensity,8.404970717833825e-05
476,2,47,particular_interest,8.394337842556556e-05
477,2,47,niobium_chromium,8.35466371214612e-05
478,2,47,crystallization_process,8.351173609001672e-05
479,2,47,direction_align_ring_direction,8.335485755639501e-05
480,2,48,aring_resolution,8.476059407325128e-05
481,2,48,tungsten_atom_octahedral_arrangement,8.427833956800248e-05
482,2,48,picrate_anion,8.321449619516187e-05
483,2,48,hydrogen_bond_centrosymmetric_dimer,8.315504282111854e-05
484,2,48,additionally_pi,8.2798397278959e-05
485,2,48,grain_boundary_quasicrystal,8.239921839562516e-05
486,2,48,crystallographic_laboratory,8.185216198340027e-05
487,2,48,develope_crystal_growth,8.166328475337802e-05
488,2,48,layer_primary_connection,8.156075135782223e-05
489,2,48,triphosgene_reaction,8.123317193287107e-05
490,2,49,phase_transition,9.059874397607363e-05
491,2,49,reference_wide_range,8.649268783064964e-05
492,2,49,crystallite_size_distribution,8.507386043343459e-05
493,2,49,si_wafer,8.50503130689582e-05
494,2,49,various_o_h,8.377472241621977e-05
495,2,49,single_crystal_dispersion_curve,8.285319136443511e-05
496,2,49,space_group_structure,8.283940375017381e-05
497,2,49,molecular_replacement_model,8.262559890752938e-05
498,2,49,anthracene_moiety_plane,8.224590874656722e-05
499,2,49,tetragonal_space_group,8.223183280288768e-05
500,2,50,site_symmetry_niii_atom,8.92180225993307e-05
501,2,50,grain_boundary_plane,8.609475362580716e-05
502,2,50,diffraction_criterion,8.54867377204484e-05
503,2,50,n_angle,8.46381560709782e-05
504,2,50,dihydropyrazole_ring,8.463281364955223e-05
505,2,50,cuboctahedrally_symmetric_protein_particle,8.457059634377041e-05
506,2,50,hierarchical_structure,8.350767952361042e-05
507,2,50,i_form,8.344772047881107e-05
508,2,50,dimensional_linear,8.332692725434227e-05
509,2,50,f_intermolecular_interaction,8.331915924460328e-05
510,2,51,nonaoxide_arsenate,8.451095835742077e-05
511,2,51,significant_electron_delocalization,8.41808187087364e-05
512,2,51,human_disease,8.388173104088754e-05
513,2,51,ctd_bind_protein,8.365745235812793e-05
514,2,51,positive_strand_rna_virus,8.303203987619855e-05
515,2,51,n_atom_o_atom,8.286774737348995e-05
516,2,51,anticancer_drug,8.278803109316408e-05
517,2,51,hypersphere_pack,8.241671488218327e-05
518,2,51,molecule_overall_geometry,8.217573403128183e-05
519,2,51,monoclinic_crystalline_system,8.172111786396713e-05
520,2,52,short_h,8.555822460323683e-05
521,2,52,call_singular_value_decomposition,8.50193378716028e-05
522,2,52,approximately_aring_contact_pi,8.440839804592232e-05
523,2,52,x_ray_diffraction_intensity,8.381744030925213e-05
524,2,52,phosphorylate_residue,8.380037758356888e-05
525,2,52,dioxidovanadium_complex,8.328671452189842e-05
526,2,52,monoanion_minus_middot_complex,8.323818451331173e-05
527,2,52,well_electron_density_model,8.312191745307161e-05
528,2,52,cuii_ion,8.294597409029421e-05
529,2,52,different_contrast,8.27804705009395e-05
530,2,53,distinctive_feature,8.961960384566855e-05
531,2,53,water_molecule_chloride_anion,8.804644625503792e-05
532,2,53,central_growth_area,8.696326820688778e-05
533,2,53,anionic_schiff_base_ligand,8.583499534296985e-05
534,2,53,benzopyranone_ring,8.484131830625293e-05
535,2,53,design_rmd_diffractometer,8.455802959658309e-05
536,2,53,square_planar_environment,8.310817060474052e-05
537,2,53,distance_stack_interplanar,8.245916917663473e-05
538,2,53,n_anomeric_effect,8.221961157174715e-05
539,2,53,inorganic_perpendicular_layer,8.195436759823214e-05
540,2,54,titanium_peak_intensity,9.066308296467184e-05
541,2,54,amine_donor_group,8.536006574212039e-05
542,2,54,monitor_measurement,8.452481727246934e-05
543,2,54,pi_s_pi,8.416494795894637e-05
544,2,54,diffraction_process,8.39119248036646e-05
545,2,54,incident_energy,8.344765302806584e-05
546,2,54,space_group_refinement,8.28958482946617e-05
547,2,54,peierls_barrier_reaction,8.261508665515363e-05
548,2,54,sensitivity_position,8.211836260079322e-05
549,2,54,example_computer_program,8.188016038283463e-05
550,2,55,satisfactory_result,8.824714178239146e-05
551,2,55,iss_onboard_crystal,8.784365728284396e-05
552,2,55,hkl_index_set,8.782195620931343e-05
553,2,55,acetolactate_enantiomer,8.627280097244439e-05
554,2,55,tetrahedron_form,8.550826209552028e-05
555,2,55,electron_distribution,8.538504857356863e-05
556,2,55,trinuclear_zinc_cerium_complex,8.471706260915942e-05
557,2,55,metal_ion_interaction,8.385097279084628e-05
558,2,55,cu_atom_pair,8.352954171999892e-05
559,2,55,result_procedure,8.338609553632096e-05
560,2,56,visible_light_exposure,8.811785097045905e-05
561,2,56,dinicotinamidium_squarate_salt,8.602381359998389e-05
562,2,56,platinum_dispersion_relation,8.588300379165715e-05
563,2,56,droplet_formation,8.556157656884607e-05
564,2,56,one_cu_atom,8.271989167126936e-05
565,2,56,low_index_structure,8.265587424022134e-05
566,2,56,batch_crystallization,8.243428331850042e-05
567,2,56,symmetry_centre_lie,8.230146341243215e-05
568,2,56,subsequent_preparation,8.175352078150923e-05
569,2,56,o_h_s,8.152032885356113e-05
570,2,57,linearly_extend_conformation,8.955082551221752e-05
571,2,57,dimethylaminophenyl_ring_system,8.677418972247365e-05
572,2,57,z_benzyloxycarbonyl,8.664881722791293e-05
573,2,57,new_oxidative_catabolic_pathway,8.507085999865548e-05
574,2,57,statistical_error,8.461411174575197e-05
575,2,57,layer_sequence,8.398842211203244e-05
576,2,57,dinuclear_structure,8.28039548325568e-05
577,2,57,centrosymmetric_structure,8.249489990509712e-05
578,2,57,molecular_interaction_term,8.230760541961545e-05
579,2,57,elastic_constant,8.226297550936687e-05
580,2,58,x_ray_emission_spectroscopy,8.543741660126896e-05
581,2,58,topographic_dislocation_image,8.534240249128314e-05
582,2,58,distance_stack_interplanar,8.459028751389643e-05
583,2,58,c_c_distance_range,8.417223117838547e-05
584,2,58,pyrrolo_pyridine,8.37907656318472e-05
585,2,58,inky_cap_mushroom,8.353967597973726e-05
586,2,58,isonicotinamide_ligand_carbonyl_group,8.336143009719331e-05
587,2,58,possible_direct_experimental_assessment,8.296610319139002e-05
588,2,58,test_case,8.26806905293606e-05
589,2,58,cyclic_dimeric_sniv_complex,8.23185200323586e-05
590,2,59,sensitive_storage_phosphor_detector,8.996135643027439e-05
591,2,59,mutational_analysis,8.660834896532489e-05
592,2,59,previous_method,8.583328798372746e-05
593,2,59,absolute_stereochemistry,8.53709848793789e-05
594,2,59,hexameric_unit,8.331013482405974e-05
595,2,59,important_insight,8.327083744565676e-05
596,2,59,pathogen_inducible_oxygenase,8.315056047391636e-05
597,2,59,point_diffraction_interferometer,8.299163567698905e-05
598,2,59,global_damage,8.297159655029915e-05
599,2,59,unique_rapid_method,8.290866258104258e-05
600,2,60,incident_radiation,8.797954356504286e-05
601,2,60,previously_unknown_structure,8.59406782872685e-05
602,2,60,double_crystal_diffractometer,8.412828208170219e-05
603,2,60,enzyme_cytochrome,8.411123499318936e-05
604,2,60,gastric_mucosa,8.339534643212936e-05
605,2,60,main_beam_scatter_radiation,8.311631192169595e-05
606,2,60,osteoblast_specific_transcriptional_factor,8.301313796424647e-05
607,2,60,carboxylic_acid_anion,8.254841855890671e-05
608,2,60,asymmetric_unit_molecule_presence,8.24484939180696e-05
609,2,60,centrosymmetric_dinuclear_cdii_complex,8.223345642950148e-05
610,2,61,low_temperature_aqueous_solution,8.489883186306126e-05
611,2,61,contribute_factor,8.483215241174883e-05
612,2,61,improve_property_novel_material,8.451400067414754e-05
613,2,61,elliptical_shape,8.37836287427525e-05
614,2,61,refine_structure,8.369999116649243e-05
615,2,61,macromolecular_model_assess_confidence,8.302772355380436e-05
616,2,61,numeric_differentiation,8.242206025233915e-05
617,2,61,aring_resolution_diffractometry,8.202233700015613e-05
618,2,61,ultra_low_temperature,8.186697841131885e-05
619,2,61,sample_volume,8.181856588764521e-05
620,2,62,antisigma_factor,8.55993397483652e-05
621,2,62,chemical_reaction,8.552488520944075e-05
622,2,62,brightness_enhancement_unit,8.542771243816985e-05
623,2,62,biological_reaction,8.507433145959734e-05
624,2,62,detailed_measurement,8.399800414304736e-05
625,2,62,short_review,8.339586090193066e-05
626,2,62,approximately_aring_be,8.33017083862637e-05
627,2,62,o_h_type,8.289495785879128e-05
628,2,62,result_phasis,8.238558301339165e-05
629,2,62,polymer_battery_concept,8.238206842706222e-05
630,2,63,ion_environment,8.545980562264163e-05
631,2,63,trigonal_planar_geometry,8.453410321135716e-05
632,2,63,dcdp_bind_interaction,8.439977115247733e-05
633,2,63,segment_cross_undulator,8.349065367126469e-05
634,2,63,lot_strategy,8.27545874508253e-05
635,2,63,s_cl_h,8.254368114158655e-05
636,2,63,acetyl_substituent,8.236656140409593e-05
637,2,63,polarise_neutron_scatter,8.204247297364336e-05
638,2,63,methine_o,8.196420201722125e-05
639,2,63,oxalate_ion,8.192813444356048e-05
640,2,64,tube_vertical_parallel_direction,8.858551798523055e-05
641,2,64,active_site_serine_residue,8.522104725499942e-05
642,2,64,comparative_structural_biology_aim,8.506954393877513e-05
643,2,64,stable_polymorphic_form,8.430502046665128e-05
644,2,64,deep_insight,8.383491908353467e-05
645,2,64,crystalline_system,8.372555736781369e-05
646,2,64,model_structure_comparison,8.313648479761205e-05
647,2,64,observe_diffraction_pattern,8.288022077119205e-05
648,2,64,discuss_static_structure_characterization,8.286278088841031e-05
649,2,64,dimensional_structure,8.279297603008597e-05
650,2,65,texture_plate_sample,8.763954719434172e-05
651,2,65,centrosymmetric_hydrogen_bond_dimer,8.749733363640863e-05
652,2,65,structural_anisotropy,8.51629709038208e-05
653,2,65,binary_mixture,8.401847679325281e-05
654,2,65,coronavirus_genome,8.347724422651178e-05
655,2,65,transmembrane_domain,8.297988967420917e-05
656,2,65,pyridyl_function,8.258587766965867e-05
657,2,65,protein_crystal,8.243087320288814e-05
658,2,65,powerful_mean,8.231494335143199e-05
659,2,65,order_optical_susceptibility,8.205777530934791e-05
660,2,66,pdb_archive_remediation,8.57050255870909e-05
661,2,66,strong_bragg_reflection,8.548508909058689e-05
662,2,66,topographic_image,8.405023661942738e-05
663,2,66,phiv_plusmn_beta_delta,8.215656758971436e-05
664,2,66,bind_cargo,8.15245339236263e-05
665,2,66,butyl_group,8.152050436809997e-05
666,2,66,intensities_crystal,8.144167863483745e-05
667,2,66,positron_beam_previous_result,8.127122000908993e-05
668,2,66,pair_correlation,8.102997799663486e-05
669,2,66,combine_datum,8.099512361838891e-05
670,2,67,terminal_card_domain,9.523413160557555e-05
671,2,67,pi_column_interaction,8.755224418451137e-05
672,2,67,adjacent_chain,8.722558133738221e-05
673,2,67,hydrogen_bond_engage_monoanion,8.579478681055131e-05
674,2,67,property_structure_relationship,8.52512752519541e-05
675,2,67,speciman_edge_parallel,8.43502815981909e-05
676,2,67,thermal_neutron_laue_diffractometer,8.418644946259791e-05
677,2,67,cf_autocorrelation_function,8.300981546487164e-05
678,2,67,one_dimensional_chain,8.293264840927691e-05
679,2,67,conventional_bragg_brentano_geometry,8.271043470892298e-05
680,2,68,nonlinear_optimization_problem,8.849431777392718e-05
681,2,68,mm_nbsp_time,8.431771789005647e-05
682,2,68,neighbor_acridinium_cation,8.42201220336066e-05
683,2,68,omega_theta_scan,8.397682834692295e-05
684,2,68,solvate_molecule,8.388281411200738e-05
685,2,68,nonprotonat_protonated_n_atom,8.372614606937958e-05
686,2,68,o_h_atom_share,8.356440501397451e-05
687,2,68,additional_cap_atom,8.318984598852669e-05
688,2,68,cupt_alloy,8.30258239641497e-05
689,2,68,rigid_body_vibration_tensor,8.2745875608065e-05
690,2,69,dilanthanum_lithium_tetragermanium,9.170454892826627e-05
691,2,69,middot_l_minus,9.138811202175675e-05
692,2,69,major_minor_component_occupancy,8.904877406812904e-05
693,2,69,protonated_n_atom,8.540520167777993e-05
694,2,69,crystal_main_cluster_type,8.434785285568771e-05
695,2,69,van_der_waals_one,8.317934299301574e-05
696,2,69,crystal_structure_in_pi,8.277204993833987e-05
697,2,69,refine_carbohydrate_structure_database,8.227652349151782e-05
698,2,69,right_hand_helical_line,8.20021118126956e-05
699,2,69,high_resolution_high_sensitivity,8.193083460901498e-05
700,2,70,guinier_camera,8.879079476341546e-05
701,2,70,beta_radiation,8.835089898344639e-05
702,2,70,conserve_assembly_factor,8.573672465458709e-05
703,2,70,nucleic_acid_sample,8.508036330832589e-05
704,2,70,flexible_gpgp_linker,8.47873146599792e-05
705,2,70,non_trivial_bound_automorphism,8.424505518137945e-05
706,2,70,initial_stage,8.38184426519759e-05
707,2,70,loop_conformation,8.285455584124101e-05
708,2,70,special_issue,8.26809953922615e-05
709,2,70,topological_density,8.243391913837057e-05
710,2,71,n_prime_dianionic_ligand,8.53112303395024e-05
711,2,71,such_mix_anion_phasis,8.518942660719354e-05
712,2,71,nitrogen_carbon_oxygen,8.332738354092428e-05
713,2,71,air_wet_dry_biospecimen,8.332247733120744e-05
714,2,71,pharmaceutical_formulation,8.282371620520556e-05
715,2,71,dimensional_hybrid_pixel_detector,8.276122873652789e-05
716,2,71,coordination_crystal_structure,8.253646933077319e-05
717,2,71,secretion_system,8.210575988516395e-05
718,2,71,pentafluorophenyl_ring,8.182658238317237e-05
719,2,71,o_segment,8.177464298622455e-05
720,2,72,x_ray_wavelength,8.836629754232959e-05
721,2,72,sm_crystal,8.676709743542952e-05
722,2,72,beam_dynamic_deep_study,8.570746474636825e-05
723,2,72,developmental_defect,8.405297129531236e-05
724,2,72,nanovolume_crystallization_experiment,8.34836984003599e-05
725,2,72,monodendate_imidazole_ligand,8.317838583360464e-05
726,2,72,form_solvate,8.262118524547115e-05
727,2,72,enzyme_saicar_synthase_family,8.237142292875105e-05
728,2,72,hexafluoridophosphate_anion,8.235801215994007e-05
729,2,72,zeolite_crystal_structure,8.230020867852214e-05
730,2,73,multiple_scatter,9.008281409879898e-05
731,2,73,crystal_generate_background,8.694930622855976e-05
732,2,73,avian_haemoglobin_functional_diversity,8.467948064547177e-05
733,2,73,n_bond,8.296135240485922e-05
734,2,73,scatter_background,8.194380691329363e-05
735,2,73,heterocyclic_thiazine_ring,8.186752478033356e-05
736,2,73,development_initiation,8.162694636397019e-05
737,2,73,coordination_polymer_structure,8.158478687262082e-05
738,2,73,f_split_facet,8.149564809695884e-05
739,2,73,line_width,8.139915981392197e-05
740,2,74,benzimidazolyl_group,9.173964159898768e-05
741,2,74,mm_size_catalyst_particle,8.853118601469575e-05
742,2,74,spin_incommensurate,8.683791897872894e-05
743,2,74,micro_be_pitch_strip,8.41171424641934e-05
744,2,74,possible_speculation,8.361442949222159e-05
745,2,74,minor_major_component,8.341022317636036e-05
746,2,74,different_crystallographic_site,8.337900219857394e-05
747,2,74,thermal_acoustic_contribution,8.307860332546385e-05
748,2,74,h_hydrogen,8.167095846620949e-05
749,2,74,phenyl_coumarin,8.14567443561152e-05
750,2,75,bridge_methylene,8.805503688123679e-05
751,2,75,cuprous_chloride,8.793391112256962e-05
752,2,75,vitro_selection,8.467696312635177e-05
753,2,75,pseudo_dimeric,8.416027294484389e-05
754,2,75,patterson_map,8.340083365158457e-05
755,2,75,x_ray_crystallization,8.33682063983586e-05
756,2,75,asymmetric_substitution,8.32444773934099e-05
757,2,75,thin_difficult_wall,8.307664097045426e-05
758,2,75,previous_model,8.294490319955082e-05
759,2,75,covalent_adduct,8.260514269973655e-05
760,2,76,food_paper,8.401805814685759e-05
761,2,76,crystallographic_laboratory,8.317604191734572e-05
762,2,76,l_dihydroorotate,8.295418653817291e-05
763,2,76,subsequent_kinetic_experiment,8.261408522518072e-05
764,2,76,o_c_h,8.248271551175033e-05
765,2,76,optical_activity_main_contributor,8.228732058066747e-05
766,2,76,bond_angle_distortion,8.224138275677994e-05
767,2,76,unique_molecule,8.222370325825865e-05
768,2,76,bidentate_deprotonat_catechol,8.217919157598577e-05
769,2,76,metabolically_active_carbohydrate,8.182680781709883e-05
770,2,77,different_atom,8.510642933063029e-05
771,2,77,dta_datum,8.423055031803718e-05
772,2,77,middot_middot_polymeric,8.347589983241567e-05
773,2,77,crystal_molecular_conformation,8.334557826875127e-05
774,2,77,ester_group,8.309523491457376e-05
775,2,77,scatter_geometry,8.263706048818124e-05
776,2,77,simulate_anneal_application,8.218857724292533e-05
777,2,77,phenyl_coumarin,8.210528975686852e-05
778,2,77,refinement_automate_model_build,8.177692429723094e-05
779,2,77,kev_synchrotron_radiation,8.15775104229973e-05
780,2,78,optimal_bind_pocket,8.852124434818176e-05
781,2,78,experimental_community,8.61782777030624e-05
782,2,78,plane_aring_s_atom,8.595792079916099e-05
783,2,78,dianionic_pentadentate_schiff_base,8.57530398308697e-05
784,2,78,prime_ribose_moiety_group,8.510037452934785e-05
785,2,78,tetrahedral_minus_anion,8.50597976805429e-05
786,2,78,non_h,8.390469853463651e-05
787,2,78,infinite_s_h,8.385928944687883e-05
788,2,78,vectorial_fortran_compiler,8.35779118668132e-05
789,2,78,special_value,8.354402413763425e-05
790,2,79,aring_flux,8.617394553037381e-05
791,2,79,ellipsoidal_particle_case,8.590414304522033e-05
792,2,79,homology_structural_datum,8.567515349876296e-05
793,2,79,monosolvate_pentahydrate,8.46731431680734e-05
794,2,79,deg_deg_bragg_angle,8.461878969406452e-05
795,2,79,new_beamline,8.414313737432465e-05
796,2,79,diamond_anvil_cell,8.29051624588635e-05
797,2,79,numerical_fit_procedure,8.282423471435656e-05
798,2,79,speciman_edge_parallel_direction,8.261523045378645e-05
799,2,79,aring_n_s_distance,8.251336798589736e-05
800,2,80,shi_xu_yue_amp,8.583039123155053e-05
801,2,80,phnz_subfamily_conserve_histidine,8.576480034749717e-05
802,2,80,sulfate_o_atom,8.448508103184686e-05
803,2,80,fortran_compiler,8.408830099859813e-05
804,2,80,plane_grate_monochromator,8.3876414885726e-05
805,2,80,chlorophenyl_ring_deg,8.387506637802003e-05
806,2,80,c_h_br_distance,8.382724420941733e-05
807,2,80,spin_density,8.362598410441299e-05
808,2,80,stabilization_play_role,8.351121765968225e-05
809,2,80,middot_dihydrate,8.331688402670248e-05
810,2,81,average_ring_size,9.088305993214484e-05
811,2,81,particular_karle_hauptman_matrix,8.966256026781784e-05
812,2,81,twist_minus_ring,8.770726765846426e-05
813,2,81,krause_amp_der,8.71051449667421e-05
814,2,81,partial_order_diffraction_pattern,8.562064911605359e-05
815,2,81,ester_link,8.519216944241903e-05
816,2,81,o_h_chain,8.515405946844084e-05
817,2,81,restrict_rotation,8.456587396655134e-05
818,2,81,molecular_mean_field,8.443605411729753e-05
819,2,81,distinct_speciman,8.439723256190928e-05
820,2,82,water_o_k,8.723091232274471e-05
821,2,82,lattice_parameter_precise_value,8.59604132393002e-05
822,2,82,cr_atom,8.583166695784026e-05
823,2,82,au_atom_close_proximity,8.540333975383784e-05
824,2,82,initially_tem,8.524931383482561e-05
825,2,82,microgravity_condition,8.514879631626815e-05
826,2,82,reliability_accuracy,8.383211053069185e-05
827,2,82,intramolecular_cyclization,8.382146508066095e-05
828,2,82,vanillin_group,8.373930672863315e-05
829,2,82,naphthalene_ring_centroid,8.345750671835204e-05
830,2,83,n_hydrogen_bond,8.539924211898747e-05
831,2,83,serial_femtosecond_crystallography,8.527108202688942e-05
832,2,83,triple_helix,8.349706175237954e-05
833,2,83,aniline_benzene_ring,8.335344774102253e-05
834,2,83,photoluminescent_investigation,8.332320563111867e-05
835,2,83,metal_ion_interaction_sequence,8.27303437694176e-05
836,2,83,monohydrated_phase,8.270575052639941e-05
837,2,83,suitable_empirical_factor,8.267054564187476e-05
838,2,83,sample_orientation,8.263315447355551e-05
839,2,83,modular_distribution,8.258827897076901e-05
840,2,84,mean_deviation,8.897206131581614e-05
841,2,84,os_bond_parameter,8.829044699127949e-05
842,2,84,variable_x_ray_wavelength,8.621440458524054e-05
843,2,84,shull_moon_amp,8.561309613660427e-05
844,2,84,multiple_diffraction,8.461666393619087e-05
845,2,84,diffraction_datum_range,8.426875534471152e-05
846,2,84,dose_calculation,8.349021961772117e-05
847,2,84,ornidazole_independent_molecule,8.334087431611701e-05
848,2,84,micelle_morphology,8.232543214195106e-05
849,2,84,low_resolution_phasis,8.232037553342648e-05
850,2,85,elfstr_ouml_be,8.917247721053941e-05
851,2,85,aring_resolution_ray,8.829885464812475e-05
852,2,85,crystal_growth,8.632853747294391e-05
853,2,85,cortistatin_bioactive_natural_product,8.625404105004351e-05
854,2,85,salt_asymmetric_unit,8.599751863967203e-05
855,2,85,simple_sign_relationship_study,8.552792673955288e-05
856,2,85,subsequent_escape,8.407358063218332e-05
857,2,85,central_cuii_ion,8.318739606978217e-05
858,2,85,group_correspond_scheme,8.247170345379596e-05
859,2,85,vanadium_previously_report_complex,8.196937144609028e-05
860,2,86,carbon_thorium_atom,9.118503994748412e-05
861,2,86,isolate_tetrahedral_molecule,8.468225935421465e-05
862,2,86,electronic_structure_calculation,8.45678774349452e-05
863,2,86,viz_solid_product,8.346019152075655e-05
864,2,86,ceramic_oxide_material,8.268508650600983e-05
865,2,86,pentagonal_bipyramidal_geometry,8.243500549850281e-05
866,2,86,gastric_mucosa_bacterium,8.235975037703514e-05
867,2,86,inorganic_pyrophosphatase,8.206304968399808e-05
868,2,86,osteoblast_specific_gene,8.161490790144575e-05
869,2,86,gst_fusion,8.159590074261058e-05
870,2,87,methanolate_methanol,9.000593090843353e-05
871,2,87,human_expert,8.738561415293164e-05
872,2,87,molecule_experimental_electrostatic_potential,8.717946302188165e-05
873,2,87,c_terminal_amide,8.524054135185087e-05
874,2,87,mono_ester,8.472449018995446e-05
875,2,87,h_pi,8.464058765490541e-05
876,2,87,tau_n_s_angle,8.38088642487315e-05
877,2,87,dynamical_theory_fundamental_equation,8.380840620123005e-05
878,2,87,high_intensity,8.380091109785488e-05
879,2,87,round_robin,8.3748218910788e-05
