,run,topic,terms,p
811557149993e-05
1,1,0,l_ligand,8.356351272975844e-05
2,1,0,os_bond_parameter,8.309883348942468e-05
3,1,0,sr_corner_share_octahedron,8.288913641585784e-05
4,1,0,mn_complex,8.244406484071408e-05
5,1,0,incident_neutron_wavelength_function,8.194726164201878e-05
6,1,0,substitution_pattern,8.149943406971897e-05
7,1,0,lateral_face,8.11731495679408e-05
8,1,0,mu_new,8.077011854365693e-05
9,1,0,multi_tube_area,8.063483754799678e-05
10,1,1,raman_spectrometer,8.426278538624301e-05
11,1,1,aromatic_h_atom,8.378866882459394e-05
12,1,1,molecule_in_p_atom,8.273787662321955e-05
13,1,1,boron_heterocycle,8.225141764368484e-05
14,1,1,perfluorophenyl_group,8.145323463160316e-05
15,1,1,random_network,8.134990518937972e-05
16,1,1,dissipative_fluctuate_dynamic,8.126621673890427e-05
17,1,1,anisotropic_displacement,8.087591471102233e-05
18,1,1,oxoanion_incorporate_molecular_salt,8.066888904503436e-05
19,1,1,pathogenic_bacterium,8.056214750743165e-05
20,1,2,wavelength_anomalous_scatter_term,8.741073308266631e-05
21,1,2,further_consolidation,8.516997605213968e-05
22,1,2,absolute_stereochemistry,8.284020408475718e-05
23,1,2,amine_n_atom,8.283869696500124e-05
24,1,2,multi_tube_area,8.245184488530045e-05
25,1,2,seven_membered_ring,8.222594133571014e-05
26,1,2,incidence_low_angle,8.180144649896815e-05
27,1,2,carbazole_ring_system,8.172115606526737e-05
28,1,2,ir_spectroscopy,8.16482603144227e-05
29,1,2,fourfold_split,8.111602689271623e-05
30,1,3,direction_align_ring,8.26513395763612e-05
31,1,3,dimethylamino_group,8.228313881045193e-05
32,1,3,pentameric_form,8.1838738276884e-05
33,1,3,protein_motion_range,8.132354824649392e-05
34,1,3,carbon_carbon_bond_cleavage,8.068481976660973e-05
35,1,3,finite_order_form,8.057412135482145e-05
36,1,3,x_ray_diffraction_measurement,8.049504567399659e-05
37,1,3,sample_orientation_adjustment,8.034290820911945e-05
38,1,3,magnesium_acetate,8.029413946140227e-05
39,1,3,real_space_refinement,8.024678710668146e-05
40,1,4,work_novel_aspect,8.399172964818142e-05
41,1,4,input_datum_minimum_numb,8.316011645755692e-05
42,1,4,novel_target_site,8.25191054031244e-05
43,1,4,laser_granulometry,8.229309783114902e-05
44,1,4,dilution_refrigerator_two_set,8.17792941818197e-05
45,1,4,generalize_scale_factor,8.16785752803666e-05
46,1,4,oxy_sulfide,8.148136566673868e-05
47,1,4,dimensional_framework,8.125752444584887e-05
48,1,4,si_distance,8.061374206285021e-05
49,1,4,syncytial_virus,8.015873554456878e-05
50,1,5,azide_ligand,8.55985281124862e-05
51,1,5,mail_in_datum,8.343504051204886e-05
52,1,5,vertex_polyhedron,8.289484085181572e-05
53,1,5,correspond_solution_nbsp_concentration,8.276278755389943e-05
54,1,5,tetrahedral_minus_anion,8.228188098674174e-05
55,1,5,complete_pole_figure_retrieval,8.206653611209497e-05
56,1,5,nucleoside_diphosphate_substrate,8.134468415429033e-05
57,1,5,structural_insight,8.09501514153088e-05
58,1,5,disorder_model,8.082425645496002e-05
59,1,5,subtype_c_protease,8.05361545329129e-05
60,1,6,high_power,8.480888140527081e-05
61,1,6,neighbor_molecule,8.318063492452161e-05
62,1,6,a_type_site,8.225969972147029e-05
63,1,6,metal_bond_behaviour,8.223311398632797e-05
64,1,6,cap_prime_oligonucleotide_primer,8.213526421566813e-05
65,1,6,nbsp_b_nbsp_nbsp,8.181267799065131e-05
66,1,6,slight_tetrahedral_distortion,8.164597557363836e-05
67,1,6,uncrosslinked_tripeptide,8.139994962077267e-05
68,1,6,different_combination_probability,8.083802012020706e-05
69,1,6,hydrogen_bond_infinite_sheet,8.079637920876536e-05
70,1,7,mer_configuration_ligand,8.533921549217595e-05
71,1,7,aring_deviation_memebred_ring,8.40160653887034e-05
72,1,7,characteristic_feature,8.391752730014519e-05
73,1,7,p_bear_mineral,8.350068229236244e-05
74,1,7,polymorphic_crystal_study,8.329556252534321e-05
75,1,7,temperature_dependence,8.217496347242176e-05
76,1,7,bacterium_oxidative_fold,8.216072364903222e-05
77,1,7,alkoxide_new_tetranuclear,8.141635130696742e-05
78,1,7,simple_beam_calculation,8.13517139652502e-05
79,1,7,behaviour_shape,8.119526400077805e-05
80,1,8,theoretical_myoglobin_comparison,8.9247213690474e-05
81,1,8,n_dimethylaminoethanol_n_ligand,8.27706076156958e-05
82,1,8,hydrazide_carboxylate,8.202674801358973e-05
83,1,8,structural_form_motif,8.192690345701489e-05
84,1,8,low_resolution,8.072017833540924e-05
85,1,8,ligand_n_oxide_thiocyanate,8.066533227897598e-05
86,1,8,san_technique,8.022085876096302e-05
87,1,8,molecule_planarity,8.004825096123328e-05
88,1,8,synchrotron_source,7.998885568938867e-05
89,1,8,mmm_symmetry_site,7.983553649524413e-05
90,1,9,simultaneous_diffraction_effect_magnitude,8.786213103474945e-05
91,1,9,unusual_value,8.406360876583312e-05
92,1,9,nuclear_contribution,8.356169250056715e-05
93,1,9,inversion_center_site,8.352377377385047e-05
94,1,9,crystallographic_b_axis,8.343749143827207e-05
95,1,9,reciprocal_space,8.228087195828636e-05
96,1,9,ortho_methyl_group,8.224101252031943e-05
97,1,9,si_distance,8.18992087888131e-05
98,1,9,neutron_diffraction_study,8.186334966342709e-05
99,1,9,form_c_h,8.133771271115379e-05
0,2,0,displace_pdii_atom_planar,8.661101853133534e-05
1,2,0,terminal_beta,8.626819434069425e-05
2,2,0,bend_dna,8.546336705086184e-05
3,2,0,flavone_skeleton,8.430740049540557e-05
4,2,0,special_attention,8.418417266381412e-05
5,2,0,nano_twin_structure,8.346380232410334e-05
6,2,0,distortion_magnitude_sigmoidal_dependence,8.340285710095072e-05
7,2,0,droplet_formation,8.310289873975078e-05
8,2,0,laser_granulometry,8.308145384140612e-05
9,2,0,rotation_centre_respect,8.270667629328272e-05
10,2,1,se_lone_pair,8.723199253447307e-05
11,2,1,dihydrogenphosphate_anion,8.498680631087964e-05
12,2,1,absolute_size,8.493984881044601e-05
13,2,1,datum_process_program,8.426371476721584e-05
14,2,1,general_algebraic_formula,8.360562274039144e-05
15,2,1,free_binase,8.335376360858679e-05
16,2,1,centrosymmetric_component_adduct,8.304063292055576e-05
17,2,1,diffusion_method,8.270755250585127e-05
18,2,1,biaxial_tensile_test,8.195683988371188e-05
19,2,1,atomic_vibration_tensor,8.192791661407593e-05
20,2,2,density_functional_theory,9.278475517317174e-05
21,2,2,microscopic_model,8.479186030274352e-05
22,2,2,consensus_sequence,8.441631066816933e-05
23,2,2,crystallization_state,8.309788441864241e-05
24,2,2,response_time,8.309645655274443e-05
25,2,2,solid_product,8.277223800881438e-05
26,2,2,tran_locate_pyridine_ring,8.272015538217369e-05
27,2,2,consideration_dislocation,8.270026966751284e-05
28,2,2,damage_strain_depth_profile,8.212594370767291e-05
29,2,2,aring_wavelength_s,8.149052524667483e-05
30,2,3,crystal_conformation_pack,8.580836051213604e-05
31,2,3,calculate_theoretical_tolman_angle,8.471288714759125e-05
32,2,3,phase_angle,8.45255952904262e-05
33,2,3,sufficient_quality,8.321148385517683e-05
34,2,3,gastric_cancer_peptic_ulcer,8.319605336563311e-05
35,2,3,sub_pixel,8.235950627301281e-05
36,2,3,tran_angle,8.228017123354032e-05
37,2,3,relatively_small_perturbation,8.207954370369503e-05
38,2,3,user_friendly_software,8.206367699037027e-05
39,2,3,crystal_temperature,8.163293546284146e-05
40,2,4,apical_bond,8.382376184288411e-05
41,2,4,unprecedented_covalent_dimensional_network,8.287068168175144e-05
42,2,4,nucleotide_bind,8.245856647418198e-05
43,2,4,macrocycle_adopt_cone_conformation,8.17847009464859e-05
44,2,4,organic_molecule,8.164968173997969e-05
45,2,4,thiophene_quinoline_ring,8.164214113393424e-05
46,2,4,coaxial_geometry,8.157298842052784e-05
47,2,4,olf_domain_structure,8.155784656917355e-05
48,2,4,tetrahedron_angle,8.148659874846749e-05
49,2,4,di_n_butylamine_equivalent,8.147372118625984e-05
50,2,5,spiro_c_atom,8.335743162494825e-05
51,2,5,large_molecule,8.145433117382442e-05
52,2,5,selenomethionine_incorporation,8.140927893060524e-05
53,2,5,sulfinyl_group,8.1182727915178e-05
54,2,5,de_novo_biosynthesis,8.110843359185193e-05
55,2,5,energy_density,8.077649983631966e-05
56,2,5,elaboration_process,8.058592963509554e-05
57,2,5,n_mean_plane,8.049784457657222e-05
58,2,5,aerobic_condition,8.049593333595215e-05
59,2,5,m_tris,8.045667917285639e-05
60,2,6,key_role,8.339527183388092e-05
61,2,6,particle_shape,8.332456381936613e-05
62,2,6,holmium_derivative,8.189430093827956e-05
63,2,6,bromobenzene_unit,8.143593663447821e-05
64,2,6,secondary_extinction_term,8.141428387065874e-05
65,2,6,middot_minus_salt,8.130972387520053e-05
66,2,6,time_resolve_measurement,8.130239019300859e-05
67,2,6,anionic_architecture,8.102593096489124e-05
68,2,6,cost_safe_effective_way,8.09824550164915e-05
69,2,6,new_potential_antiprotozoal_drug,8.082757708338709e-05
70,2,7,quantity_value,8.659867476188704e-05
71,2,7,thiosulfate_anion,8.536878217262253e-05
72,2,7,cylindrical_pore,8.440567958485211e-05
73,2,7,pronounce_difference,8.424926791911856e-05
74,2,7,edge_share_octahedron,8.318695798465277e-05
75,2,7,similarly_light_element,8.198515949804373e-05
76,2,7,programmable_interface,8.192511346688988e-05
77,2,7,vapour_diffusion_technique,8.17991268689613e-05
78,2,7,prime_prime_ligand,8.171950497487844e-05
79,2,7,dichlorodimethylsilane_i,8.1691310732339e-05
80,2,8,scatter_transmit_reflect_intensity,9.18285378615158e-05
81,2,8,central_plane,8.591064137662805e-05
82,2,8,carbon_bridge,8.366953615428514e-05
83,2,8,inositol_hydrolysis,8.36116727579829e-05
84,2,8,phenyl_ring_plane,8.281540320718372e-05
85,2,8,benzothiophene_ring_system,8.27700107110509e-05
86,2,8,chelate_ring,8.240628776086963e-05
87,2,8,quinoline_ring_system,8.239404544752736e-05
88,2,8,protein_fact,8.116723622265106e-05
89,2,8,particular_in_pseudosymmetry_decrease,8.10488899640476e-05
90,2,9,c_axis_molecule_pair,8.499661035042222e-05
91,2,9,nuclear_antigen,8.41354690928959e-05
92,2,9,agi_polytype,8.278054560914698e-05
93,2,9,class_b_acid_phosphatase,8.197745453191951e-05
94,2,9,homochiral_hydrothermal_reaction,8.177735125171112e-05
95,2,9,plane_misorientation,8.155700019030409e-05
96,2,9,acetate_anion,8.099607828801692e-05
97,2,9,concise_formula,8.082524202818008e-05
98,2,9,observe_intensity_volume_domain,8.074953890998941e-05
99,2,9,different_dianion,8.046008716373224e-05
100,2,10,biaxial_tensile_test,8.664484890136114e-05
101,2,10,indolizine_moiety,8.510007592530337e-05
102,2,10,n_c_bond,8.371311624326839e-05
103,2,10,tensor_sum,8.337523231972338e-05
104,2,10,beta_octamolybdate_anion,8.267344481311768e-05
105,2,10,spine_standard_sample_holder,8.250692082151067e-05
106,2,10,active_carbohydrate,8.248332049374705e-05
107,2,10,experiment_site,8.246220160154698e-05
108,2,10,cyanobacterium_circadian_clock_oscillator,8.197727319501235e-05
109,2,10,inh_isonicotinylhydrazine_simple_mixture,8.191214235287338e-05
110,2,11,o_intermolecular_interaction,8.413202150196817e-05
111,2,11,angle_analysis_bond_length,8.353686803932596e-05
112,2,11,well_understand,8.291554785227917e-05
113,2,11,solid_state_reaction,8.27511683829113e-05
114,2,11,solvent_content_datum,8.272576584777812e-05
115,2,11,small_volume,8.189509686037852e-05
116,2,11,alpha_kinase_activation_mode,8.135308913179508e-05
117,2,11,ester_aggregate,8.130049169070608e-05
118,2,11,modify_enzyme,8.112055918921491e-05
119,2,11,trimeric_protein,8.078976780208149e-05
120,2,12,lactone_ring,8.690552227879486e-05
121,2,12,numerical_example,8.507824089321068e-05
122,2,12,close_pack_plane,8.308071485107909e-05
123,2,12,k_edge_anomalous_experiment,8.276630442081351e-05
124,2,12,cysteine_catabolism_step,8.233633248939462e-05
125,2,12,structure_pseudosymmetry_high_degree,8.225302424204369e-05
126,2,12,undulate_van,8.197265327681862e-05
127,2,12,squeeze_procedure,8.148375264025403e-05
128,2,12,supramolecular_structure,8.104914690516234e-05
129,2,12,oxide_detergent,8.099061864816631e-05
130,2,13,membrane_protein_sample,8.726096498913821e-05
131,2,13,waal_interaction,8.557772382926176e-05
132,2,13,single_electron,8.501868454459216e-05
133,2,13,sheet_form_interaction,8.35931306291186e-05
134,2,13,density_modification_phase_improvement,8.312370266940767e-05
135,2,13,acidic_h_atom,8.260304575612687e-05
136,2,13,crystallographic_net,8.196395047049468e-05
137,2,13,n_terminal_thermophilus_tag,8.173944872910224e-05
138,2,13,extremely_asymmetrical_diffraction_geometry,8.146916472880997e-05
139,2,13,zn_distance,8.108365147906789e-05
140,2,14,fluctuation_different_kind,8.338560448259574e-05
141,2,14,alkaline_addition_neutralization,8.323823266244604e-05
142,2,14,bovine_thrombin_complex_crystal,8.256177429263137e-05
143,2,14,electron_beam_evaporation,8.241023705440037e-05
144,2,14,single_shoot_methodology,8.219037510514489e-05
145,2,14,spm_polycrystalline,8.213088263270241e-05
146,2,14,derivative_selenomethionyl,8.195718833090316e-05
147,2,14,random_real_space_structure,8.113023355291197e-05
148,2,14,linker_region,8.111013996386208e-05
149,2,14,recipe_screen_formulation,8.092262282548479e-05
150,2,15,diffusion_order_nmr_spectroscopy,8.542416896941581e-05
151,2,15,membrane_stimulate_conformational_change,8.465032277876557e-05
152,2,15,btb_domain_mediate_dimerization,8.424804855541758e-05
153,2,15,recent_experiment,8.40519091035978e-05
154,2,15,low_barrier,8.363641789560007e-05
155,2,15,oxidative_cleavage,8.319561012662715e-05
156,2,15,core_tetrahedral_coordination_geometry,8.216472267585374e-05
157,2,15,intrinsic_mechanism,8.176969576424553e-05
158,2,15,flack_parameter,8.134726298288702e-05
159,2,15,chemical_reaction,8.118238767834212e-05
160,2,16,high_density,8.761393263252557e-05
161,2,16,metallic_cluster_layer,8.658437255405004e-05
162,2,16,ribosome_structure,8.654812910746507e-05
163,2,16,tensor_scheme,8.591223790822364e-05
164,2,16,count_rate,8.454938036028325e-05
165,2,16,crystalline_standard,8.43428241825788e-05
166,2,16,bromoacetyl_group,8.432414347227909e-05
167,2,16,alkaline_addition_neutralization,8.377913067906505e-05
168,2,16,methyl_c_atom_tran,8.322031608417934e-05
169,2,16,multiple_scatter_multiphonon_component,8.264035004888366e-05
170,2,17,acridine_ring,8.737179572223502e-05
171,2,17,homologous_linear_structure_series,8.585011764691525e-05
172,2,17,nrcam_neurofascin,8.440644222943839e-05
173,2,17,zero_angle_peak_manifest,8.280538862724855e-05
174,2,17,small_objective_aperture,8.27956677431368e-05
175,2,17,barycentric_representation_vertex_collision,8.265127319780031e-05
176,2,17,ill_order_material,8.247888329666422e-05
177,2,17,domain_dependent_oligomerization,8.240684269511434e-05
178,2,17,phase_difference,8.173008678863275e-05
179,2,17,important_insight,8.148595644414979e-05
180,2,18,s_shape_conformation,8.586964599444737e-05
181,2,18,crystal_structure_quality,8.447694989521244e-05
182,2,18,high_know_energy_density,8.443694567904553e-05
183,2,18,chlorine_bridge_chain,8.353130709629106e-05
184,2,18,dak_dha_kinase,8.348678397867685e-05
185,2,18,endo_angle,8.327066521699583e-05
186,2,18,anion_link_ligand,8.306921752621629e-05
187,2,18,geometrical_scheme,8.297637748280876e-05
188,2,18,aromatic_pi_pi,8.250794925297946e-05
189,2,18,x_interaction,8.211728296879863e-05
190,2,19,experimental_datum_agreement,8.501951344809716e-05
191,2,19,diffraction_intensity_distribution,8.370041788085466e-05
192,2,19,standard_sample_holder,8.313712592062763e-05
193,2,19,crystal_normalize_structure_factor,8.30367383036981e-05
194,2,19,electron_storage,8.238992226838333e-05
195,2,19,weak_intermolecular_pyrimidine_carboxyl,8.227635587248585e-05
196,2,19,intramolecular_intermolecular_o_h,8.227464001402225e-05
197,2,19,ligand_dafo_dicyanamide,8.206706624981386e-05
198,2,19,different_hkl_reflection,8.205693257707434e-05
199,2,19,situ_observation_time,8.149413602648111e-05
200,2,20,dna_synthesis,8.543876922194239e-05
201,2,20,similar_function,8.33441376724476e-05
202,2,20,mechanical_structure,8.256525747003945e-05
203,2,20,phonon_component,8.179077093350984e-05
204,2,20,site_disorder_prime_cation,8.178718670180695e-05
205,2,20,molecule_a_deg,8.17796344502163e-05
206,2,20,rapid_detector,8.166674688301002e-05
207,2,20,wavelength_dependence,8.15832426254895e-05
208,2,20,control_unit,8.141167741097746e-05
209,2,20,pdb_report_ppe_structure,8.140829074644744e-05
210,2,21,calculate_unit_cell_datum,8.391394512412062e-05
211,2,21,phosphoryl_transfer,8.387596506707659e-05
212,2,21,coronavirus_genome,8.38702121124377e-05
213,2,21,amidrazonate_n_atom,8.290627205576153e-05
214,2,21,molecular_motion_characteristic,8.2291806237501e-05
215,2,21,symmetry_relate_bmi_imidazole,8.227364014781571e-05
216,2,21,schiff_base_dianion,8.224846686882499e-05
217,2,21,membrane_envelope,8.182430278152309e-05
218,2,21,extracellular_signal_regulate_kinase,8.169998760488977e-05
219,2,21,hirshfeld_surface_analysis,8.168200661500731e-05
0,3,0,charge_density,8.275207034317505e-05
1,3,0,pep_block,8.121169571228661e-05
2,3,0,nitrogen_oxygen,8.07918034048846e-05
3,3,0,ion_distribution,8.062993513088451e-05
4,3,0,water_molecule_rearrangement,8.06223158689121e-05
5,3,0,dynamic_nature_molecular_pack,8.01593938202984e-05
6,3,0,chiral_centre,8.012651564724745e-05
7,3,0,acridine_cation,7.985206327762464e-05
8,3,0,methylphenyl_ring,7.976359140946112e-05
9,3,0,chlorothiazole_unit_methylene_bridge,7.914107597785811e-05
10,3,1,ruii_complex,8.386178724696749e-05
11,3,1,minimal_principle_mathematical_formulation,8.368635730892963e-05
12,3,1,useful_experimental_datum_range,8.153776963556066e-05
13,3,1,exocyclic_imine_function,8.150252654518313e-05
14,3,1,proliferate_cell,8.083932172988002e-05
15,3,1,discrete_molecule,8.058275389283409e-05
16,3,1,interest_candidate,8.015684965939834e-05
17,3,1,plus_anion,8.006779117013255e-05
18,3,1,electron_distribution,7.987413209402016e-05
19,3,1,pancreatic_polypeptide,7.977549688062206e-05
20,3,2,cl_association,8.509716371796077e-05
21,3,2,b_mr_triclinic_structure,8.464131983550451e-05
22,3,2,growth_behaviour,8.282546514982612e-05
23,3,2,melt_texture_growth_process,8.134439773315175e-05
24,3,2,dispersion_curve,8.133625641068729e-05
25,3,2,anomalous_scatter,8.102083384725739e-05
26,3,2,model_target,8.08654473094048e-05
27,3,2,phase_shift,8.062266454491667e-05
28,3,2,molecule_considerable_disorder,8.052077677745339e-05
29,3,2,amine_group,8.017346746075517e-05
30,3,3,chemical_formula,8.598307625414282e-05
31,3,3,thiopeptide_family,8.501294963684387e-05
32,3,3,s_triphenylmethyl,8.219717776036238e-05
33,3,3,amino_acid_residue,8.170806096842337e-05
34,3,3,shape_particle,8.146248202480497e-05
35,3,3,complete_ring_motif,8.130836070145627e-05
36,3,3,scaffold_contain_deposit_existence,8.029146435302457e-05
37,3,3,orthogonal_fivefold,8.001793920048216e-05
38,3,3,space_time_average_structure,7.988097348019912e-05
39,3,3,case_different_dimensional_framework,7.977853445998042e-05
40,3,4,bicyclic_ring_system,8.340345566786573e-05
41,3,4,thiazolium_base,8.329381034046106e-05
42,3,4,peptidyl_trnas_trna_peptide,8.327709796813084e-05
43,3,4,quantitative_information,8.282948066121366e-05
44,3,4,observe_valence_angle,8.260097093665939e-05
45,3,4,pi_delocalization,8.242086154694693e-05
46,3,4,cluster_new_type,8.134837194506312e-05
47,3,4,measure_displacement,8.078648891728965e-05
48,3,4,ethanediamine_molecule,8.066999189276653e-05
49,3,4,unit_weight,7.990684433337759e-05
50,3,5,bake_drawing,8.173868283357763e-05
51,3,5,magnetic_field_perpendicular_plane,8.105529688574386e-05
52,3,5,alicyclic_quinate,8.104595790377599e-05
53,3,5,azomethine_c_n_bond,7.990420930158464e-05
54,3,5,reservoir_solution,7.98847529050466e-05
55,3,5,diffract_intensity_beat,7.9541017085445e-05
56,3,5,different_crystal_symmetry,7.9507834201767e-05
57,3,5,peptidyl_trnas_trna,7.911923556553472e-05
58,3,5,thin_metal_foil,7.910070037197137e-05
59,3,5,extensive_intermolecular_hydrogen_bond,7.833896542710484e-05
0,4,0,new_detector,7.932522117373306e-05
1,4,0,bridge_cdii_atom,7.725271266641656e-05
2,4,0,growth_dissolution,7.724106764921743e-05
3,4,0,food_allergy_people,7.631955116522988e-05
4,4,0,lvndk_bind,7.616715127117193e-05
5,4,0,cs_solution,7.616183643956051e-05
6,4,0,k_edge,7.615210985058352e-05
7,4,0,polymeric_material,7.61053437299016e-05
8,4,0,direction_align_ring_direction,7.589182286628631e-05
9,4,0,ncs_nbsp_noncrystallographic_symmetry,7.563792157406795e-05
10,4,1,i_r_phenyl_cyclohexyl,7.901342482112606e-05
11,4,1,pentagonal_symmetry_intrigue_form,7.84825986036019e-05
12,4,1,pumilus_acetylxylan_esterase,7.67544156799736e-05
13,4,1,crystallographic_group,7.674536611553147e-05
14,4,1,column_interaction,7.637428569775502e-05
15,4,1,cardo_o_oxygenase_component,7.632811246891937e-05
16,4,1,correct_description,7.613392540210892e-05
17,4,1,electron_transport_component,7.599246889119359e-05
18,4,1,triangular_face,7.575543974299772e-05
19,4,1,double_crystal_silicon_monochromator,7.536770344857551e-05
