,run,topic,terms,p
racteristic_feature,8.4481594223639e-05
1,1,0,crystal_structure_stability,8.341451859159002e-05
2,1,0,active_site_notable_difference,8.296995377843371e-05
3,1,0,phosphonoacetate_carbonyl_group,8.287649484637534e-05
4,1,0,concordance_rate,8.254213763288073e-05
5,1,0,hps_crystal_dissolution,8.166928085376774e-05
6,1,0,aring_length_f,8.165144272082729e-05
7,1,0,ethylenediamine_molecule,8.160046840249381e-05
8,1,0,substrate_recognition,8.156995372715428e-05
9,1,0,cis_octahedral_environment_coordinate,8.127214166344307e-05
10,1,1,minus_aring_minus_s,8.39013656538665e-05
11,1,1,prismatic_coordination,8.310796022276987e-05
12,1,1,structural_biology,8.285438975646402e-05
13,1,1,regulate_proteolysis,8.282616015078593e-05
14,1,1,n_h_pair_dimer,8.205290773919293e-05
15,1,1,experimental_rock_curve,8.163752304625883e-05
16,1,1,convergent_beam_diffraction_pattern,8.145038870740222e-05
17,1,1,alpha_helix,8.07553647219388e-05
18,1,1,cis_conformation,8.069546802028968e-05
19,1,1,correspond_solvent_content_sim,8.067262951340515e-05
20,1,2,solution_specie_distribution,8.402124845165863e-05
21,1,2,h_centroid_distance,8.382829654224998e-05
22,1,2,cephalosporin_c_deacetylase,8.371111178490554e-05
23,1,2,para_substituent_additive_influence,8.250698959853967e-05
24,1,2,photochromism_reason,8.18318151370329e-05
25,1,2,information_management,8.135260427487999e-05
26,1,2,csl_coincidence_site_lattice,8.083042253762515e-05
27,1,2,binuclear_molecule_ag_interaction,8.061656194109443e-05
28,1,2,rubber_polymer_nanoparticle,8.060738347635475e-05
29,1,2,middot_complex_znii_atom,8.020951279411955e-05
30,1,3,cupric_bromide_reaction,8.200528208524164e-05
31,1,3,precise_position,8.19349441397819e-05
32,1,3,x_ray_crystallographic_result,8.151665369636684e-05
33,1,3,benzene_ring_mean_plane,8.15084324699482e-05
34,1,3,autobuilt_model,8.071057418880901e-05
35,1,3,terminal_card_domain,8.070755206357332e-05
36,1,3,mhz_resonant_frequency,8.044651388058431e-05
37,1,3,refine_occupancy_ratio,8.018778249470107e-05
38,1,3,calibration_alignment_measurement,7.946135286362087e-05
39,1,3,cuii_cui_ion,7.942453323025e-05
40,1,4,liquid_phase_diagram,8.47863231082596e-05
41,1,4,high_pressure_crystal,8.357989956553805e-05
42,1,4,sars_cov_genome_approach,8.274184817526467e-05
43,1,4,pi_substrate,8.252586188379208e-05
44,1,4,acetate_monohydrate,8.249779791465074e-05
45,1,4,mononuclear_in_znii_atom,8.173729869719238e-05
46,1,4,mid_ligand_point,8.173294604702134e-05
47,1,4,novel_supramolecular_framework,8.141183093032209e-05
48,1,4,four_new_polytype,8.122069252336309e-05
49,1,4,high_quality_crystal,8.10397795256657e-05
50,1,5,mu_acid,8.740740332665548e-05
51,1,5,delocalized_bond_system,8.637320786702139e-05
52,1,5,hydroxy_group,8.487559119851456e-05
53,1,5,anion_structure,8.391621511563166e-05
54,1,5,condensation_reaction,8.313035368820187e-05
55,1,5,triplet_phase,8.25230611969932e-05
56,1,5,dynamic_dimension,8.191674207038395e-05
57,1,5,consequently_order_disorder_transformation,8.190599119181716e-05
58,1,5,classical_n_h_addition,8.155387385962294e-05
59,1,5,axial_position,8.079694238680712e-05
60,1,6,individual_finger,8.648236598991443e-05
61,1,6,acetonitrile_molecule_anion,8.293764011866646e-05
62,1,6,substrate_uptake_form_intermediate,8.229286404702748e-05
63,1,6,asymmetric_laue_symmetric_geometry,8.136130235162389e-05
64,1,6,cyano_group,8.080361317923572e-05
65,1,6,different_enzyme,8.047204900854725e-05
66,1,6,convex_triangular_face_polyhedron,8.01017434427974e-05
67,1,6,iii_dimer,7.998163266688719e-05
68,1,6,translation_initiation_factor,7.993246609820504e-05
69,1,6,l_alanyl_cyclohexanedicarboxylic_acid,7.986977154367216e-05
70,1,7,parameter_correlation,8.44712784080505e-05
71,1,7,biomacromolecule_model,8.431287497399425e-05
72,1,7,s_configuration,8.253515746489945e-05
73,1,7,a_b,8.225784904389073e-05
74,1,7,measure_triplet_phasis,8.209343066745703e-05
75,1,7,pyridine_ring_dihedral_angle,8.186582321466525e-05
76,1,7,dimensional_net_topological_density,8.160385601127565e-05
77,1,7,rich_naphthalene_contain_polyether,8.121276991885226e-05
78,1,7,twist_conformation,8.113941614872507e-05
79,1,7,non_h_atom,8.107318368619249e-05
80,1,8,fragment_minus,8.89532143654739e-05
81,1,8,cyclic_dimeric_sniv_complex,8.395506448142301e-05
82,1,8,automatic_sample_exchange,8.274787176496361e-05
83,1,8,ion_distribution,8.199194067040067e-05
84,1,8,displace_pdii_atom_planar,8.162257722350265e-05
85,1,8,c_hydrogen,8.111197147353567e-05
86,1,8,refmac_follow_warp,8.100365057260621e-05
87,1,8,transannular_bromo_etherification_protocol,8.076317943451041e-05
88,1,8,beam_stop,8.044013496758425e-05
89,1,8,femtosecond_nanocrystallography_experiment,8.016534786309643e-05
90,1,9,o_minus_bond,8.406888019007494e-05
91,1,9,serine_hydroxyl,8.20115553535826e-05
92,1,9,n_h_link_dimer,8.19612432638922e-05
93,1,9,phenylalanine_conformation,8.175433804262779e-05
94,1,9,whole_powder_pattern,8.150700830068718e-05
95,1,9,transmit_beam,8.111609317028891e-05
96,1,9,kinematic_theory,8.096671677290473e-05
97,1,9,crystallographically_relate_ligand,8.079951170840254e-05
98,1,9,sad_experiment_anomalous_signal,8.079004519837836e-05
99,1,9,drug_treatment,8.07145313389958e-05
0,2,0,inequivalent_chloride,8.48165300638596e-05
1,2,0,pyridine_ring_plane,8.368584564967543e-05
2,2,0,consist_dimensional_pucker_network,8.2822285512172e-05
3,2,0,photon_correlation,8.241737623618455e-05
4,2,0,simple_scheme,8.222089625090137e-05
5,2,0,short_s,8.161989498906476e-05
6,2,0,structure_activity_relationship,8.141792946778225e-05
7,2,0,native_counterpart,8.129330367084962e-05
8,2,0,mutant_activity_decrease,8.111558064999573e-05
9,2,0,element_speciation,8.099166272854202e-05
10,2,1,reciprocal_space,8.62464409457747e-05
11,2,1,hkl_index,8.6196231639419e-05
12,2,1,loosely_conserve_consensus_sequence,8.290464018300526e-05
13,2,1,homo_olefin_metathesis,8.278809622570562e-05
14,2,1,k_mm_chip,8.270853927676935e-05
15,2,1,amine_n_imine_n,8.196710095865758e-05
16,2,1,methylene_group,8.148902294279913e-05
17,2,1,chain_angle_deg,8.11604561718639e-05
18,2,1,crystal_molecule,8.110512803586069e-05
19,2,1,pyramidal_coordination_geometry,8.036697984944198e-05
20,2,2,n_hydrogen_bond_chain,8.550652658040487e-05
21,2,2,adaptor_protein,8.349408102566744e-05
22,2,2,infinite_zigzag_chain,8.327354899033022e-05
23,2,2,disorder_portion,8.269736391565344e-05
24,2,2,x_ray_laue_diffraction,8.267220631894633e-05
25,2,2,cod_water_reaction,8.186860683621798e-05
26,2,2,counterion_distribution,8.120166669476013e-05
27,2,2,accuracy_give_evidence,8.117300785517917e-05
28,2,2,keto_group_furan_plane,8.093462250456369e-05
29,2,2,group_subgroup_relationship,8.086720077785686e-05
30,2,3,phase_calculation_extension,8.40233828317119e-05
31,2,3,pi_stack_interaction,8.306260671968842e-05
32,2,3,expect_symmetry_centre,8.26690610249166e-05
33,2,3,c_c_distance,8.244412179331033e-05
34,2,3,fuse_benzene,8.240462751635785e-05
35,2,3,dichlorobenzene_ring,8.211716922880171e-05
36,2,3,helical_fashion,8.172182095014681e-05
37,2,3,atomic_position,8.153949670076492e-05
38,2,3,substrate_ubiquitination_efficiency,8.148528339867402e-05
39,2,3,serine_protease_enzymatic_activity,8.135625533973346e-05
40,2,4,screw_axis,8.572291298169333e-05
41,2,4,high_symmetry_state_evolve,8.349739865167622e-05
42,2,4,hexagonal_si_phasis,8.236106093367814e-05
43,2,4,ferrocenyl_group_cyclopentadienyl_ring,8.170902751321675e-05
44,2,4,middot_middot_polymeric,8.136471175254682e-05
45,2,4,hydrogen_bond,8.119575740489566e-05
46,2,4,minimization_problem,8.116679951065165e-05
47,2,4,cadmium_cation,8.09644455347094e-05
48,2,4,aring_slippage_aring_interaction,8.086824672029691e-05
49,2,4,octahedral_arrangement,8.052410794070964e-05
50,2,5,crystal_surface_beam,8.298010928804909e-05
51,2,5,central_piperidone_plane_reference,8.205621136348798e-05
52,2,5,multiple_datum_set,8.135422974987323e-05
53,2,5,length_profile,8.117858256226241e-05
54,2,5,azomethine_n,8.09618380611419e-05
55,2,5,dicupric_lactoferrin,8.08653039426243e-05
56,2,5,deep_insight,8.071108015978603e-05
57,2,5,bis_mu_acid,8.048756769608651e-05
58,2,5,diastereomeric_pair,8.04608247466472e-05
59,2,5,substituent_ring_plane,8.044852065105681e-05
60,2,6,severe_developmental_defect_cancer,8.864078384369775e-05
61,2,6,azide_ligand,8.463799011053692e-05
62,2,6,axis_parallel_ribbon,8.192510341989892e-05
63,2,6,smectic_liquid_crystal,8.182521585535696e-05
64,2,6,monomeric_ngal_crystal,8.174951468636684e-05
65,2,6,vanadyl_atom,8.127841757551033e-05
66,2,6,protein_expression,8.077083221026396e-05
67,2,6,nanocrystalline_powder,8.062233456870266e-05
68,2,6,soft_x_ray_spectroscopy,8.048811108349294e-05
69,2,6,cuii_cation,8.018601461502632e-05
70,2,7,group_correspond_scheme,8.404204014842451e-05
71,2,7,sulfate_group_influence,8.342427659863712e-05
72,2,7,biomedical_structure_determination_method,8.321742477356411e-05
73,2,7,experimental_theoretical_profile,8.2974164166542e-05
74,2,7,vertex_n,8.259259855427481e-05
75,2,7,protonated_water_molecule,8.218104931535314e-05
76,2,7,acid_molecule,8.172204686715779e-05
77,2,7,size_initio_function,8.132264693267143e-05
78,2,7,crystal_diffraction_image,8.036962618705155e-05
79,2,7,refine_parameter,8.034430292845846e-05
80,2,8,bond_valence_analysis,8.196046719647853e-05
81,2,8,pathogenic_specie,8.176334109346766e-05
82,2,8,n_torsion,8.16912376800239e-05
83,2,8,datum_error_effect,8.150270963045754e-05
84,2,8,imidazole_ring_inhibitor,8.110166610614062e-05
85,2,8,observe_low_transition_temperature,8.062981752948756e-05
86,2,8,cotton_effect,8.019074926442582e-05
87,2,8,small_angle_neutron_scatter,7.948649363836676e-05
88,2,8,acid_oxidation,7.940862202405058e-05
89,2,8,alternative_splice,7.931852073512832e-05
90,2,9,crystal_analyzer,8.356359450053638e-05
91,2,9,c_c_o_segment,8.307294862658511e-05
92,2,9,modification_state_regulate_enzyme,8.199502446169133e-05
93,2,9,tcnoet_ligand,8.147460498618666e-05
94,2,9,end_station,8.11223702410836e-05
95,2,9,sulfur_atom,8.083516569558646e-05
96,2,9,controversial_issue,8.02969489678044e-05
97,2,9,minus_time,8.029466684143743e-05
98,2,9,refine_composition,8.019905104116494e-05
99,2,9,monomer_hexamer,8.005416861088233e-05
100,2,10,rna_dna_edit,8.52189052767934e-05
101,2,10,high_sequence_identity,8.41711138721085e-05
102,2,10,effective_drug_treatment,8.386860569901058e-05
103,2,10,columnar_arrangement_organization,8.340354009711876e-05
104,2,10,transcription_replication,8.214315956254112e-05
105,2,10,broaden_size,8.20571674802502e-05
106,2,10,complex_part,8.14953684883452e-05
107,2,10,potassium_cation,8.129917585076418e-05
108,2,10,multi_step_purification_scheme,8.122248182067619e-05
109,2,10,high_eukaryote,8.050843714827122e-05
