,run,topic,terms,p
e_thickness,8.498636549342101e-05
1,1,0,p_tolyl_ring,8.48920283878703e-05
2,1,0,typical_case,8.283084563529923e-05
3,1,0,coordination_geometry,8.277795896937923e-05
4,1,0,oxygenase_component,8.264903685717545e-05
5,1,0,coordination_crystal_structure,8.206729531934717e-05
6,1,0,unexpected_product,8.206661616795245e-05
7,1,0,olf_domain_structure,8.191195392311099e-05
8,1,0,proximal_tail_vertebra,8.16830093607967e-05
9,1,0,crystallographically_impose_inversion_symmetry,8.138445757024758e-05
10,1,1,b_cell_parameter,8.59419523673292e-05
11,1,1,site_occupancy_different_orientation,8.537219801515795e-05
12,1,1,nrfha_complex_crystal_growth,8.401089716132078e-05
13,1,1,cd_centre,8.398275054764165e-05
14,1,1,bbtz_ligand_benzene_ring,8.393334855121634e-05
15,1,1,carbon_oxygen_atom,8.36519769242363e-05
16,1,1,mu_o_tetrakis_complex,8.242396091224593e-05
17,1,1,propagate_form_chain,8.209574109873646e-05
18,1,1,c_axis_hydrogen_bond,8.202124181331614e-05
19,1,1,anisotropic_displacement,8.17053403964371e-05
20,1,2,rise_popularity,8.920906903286464e-05
21,1,2,assembly_factor_analysis,8.475577839198489e-05
22,1,2,b_ring_link,8.247419419686287e-05
23,1,2,gyration_radius,8.204407894535385e-05
24,1,2,tetrahedral_tetrachloridozincate_anion,8.177643978048011e-05
25,1,2,topographic_image,8.17205345826922e-05
26,1,2,measurement_alignment_procedure_structure,8.156272436352343e-05
27,1,2,careful_inspection,8.103674421707255e-05
28,1,2,catechol_ligand,8.069092755157906e-05
29,1,2,regression_analysis,8.048304557126483e-05
30,1,3,glu_mdap_l_gamma,8.436812520319447e-05
31,1,3,reaction_induce_self_assembly,8.35213494681233e-05
32,1,3,anomalous_scatterer,8.302966245475668e-05
33,1,3,material_catalysis_science,8.271836330974574e-05
34,1,3,overlap_complementary_capability,8.247205926181726e-05
35,1,3,brown_amp,8.173148365312239e-05
36,1,3,bridge_cdii_atom,8.164214505231173e-05
37,1,3,requirement_advantage,8.151063572012358e-05
38,1,3,phase_transition_chemical_reaction,8.145848058597628e-05
39,1,3,prime_ribose_moiety_group,8.133015976622271e-05
40,1,4,phosphorylation_state,8.731251883104773e-05
41,1,4,wavelength_anomalous_dispersion_experiment,8.471884391094455e-05
42,1,4,well_square_plane,8.42185687167105e-05
43,1,4,different_unoriented_crystal,8.397338045991816e-05
44,1,4,antimicrobial_peptide,8.350657832451078e-05
45,1,4,nbsp_noncrystallographic_symmetry,8.260702865354898e-05
46,1,4,term_order_treatment,8.248010446026148e-05
47,1,4,van_aring_cl_interaction,8.195130981962699e-05
48,1,4,central_cuii_ion,8.18600144718897e-05
49,1,4,instrument_part,8.182744671083086e-05
50,1,5,such_automorphism,8.640956636233136e-05
51,1,5,influenza_virus,8.61335071123369e-05
52,1,5,high_symmetry_grind,8.489054975224207e-05
53,1,5,mycobacterium_structure_smegmatis,8.433687288151625e-05
54,1,5,stress_relaxation_process,8.410203931072295e-05
55,1,5,minor_component,8.35187265762889e-05
56,1,5,direction_linear_chain,8.32864315652765e-05
57,1,5,minus_chloride,8.31689563116475e-05
58,1,5,bridge_nature,8.310070530040953e-05
59,1,5,displace_pdii_atom,8.303974069060743e-05
60,1,6,expose_atom,8.799563131110249e-05
61,1,6,material_chemistry_science,8.409324205986226e-05
62,1,6,particulate_sample,8.345035029919895e-05
63,1,6,antivirulence_drug_development,8.301404344784543e-05
64,1,6,multilamellar_membrane_dna_intercalation,8.25727638185439e-05
65,1,6,sm_crystal,8.189949789327028e-05
66,1,6,cyclic_ester,8.184446538895824e-05
67,1,6,time_period,8.168621015559889e-05
68,1,6,kda_identical_pep_block,8.153782117576976e-05
69,1,6,basic_concept,8.149407833355635e-05
70,1,7,orientation_projection,8.518807376873283e-05
71,1,7,proteasome_form,8.426253903996559e-05
72,1,7,distort_square_planar_environment,8.371828028538369e-05
73,1,7,double_pinhole_experiment,8.280212045582836e-05
74,1,7,extend_dimensional_layer,8.264897006441572e-05
75,1,7,square_antiprismatic_geometry,8.255959412845549e-05
76,1,7,cluster_size,8.22131141571282e-05
77,1,7,ester_aggregate_isopropyl_molecule,8.216201382866863e-05
78,1,7,ring_structure_adaptability,8.203685219017173e-05
79,1,7,proper_evaluation,8.179339610711993e-05
80,1,8,genome_contain_nucleocapsid_core,8.854579228325296e-05
81,1,8,gene_hundred,8.687132044292927e-05
82,1,8,fiber_identity_period,8.575530137297139e-05
83,1,8,benzene_ring_coplanarity,8.488107888658183e-05
84,1,8,stannic_chloride_acid_reaction,8.140471380327984e-05
85,1,8,density_displacive_modulation,8.067209995787598e-05
86,1,8,general_formula_similar_hexahydroxidometallate,8.057347236029239e-05
87,1,8,workshop_paper,8.051132598387314e-05
88,1,8,reveal_microstructure_significant_change,8.034033620809837e-05
89,1,8,aldehyde_group,8.010628860849962e-05
90,1,9,structure_factor_phasis,8.680378284112788e-05
91,1,9,atomic_position,8.596638477070962e-05
92,1,9,diffraction_datum_process,8.52865884783531e-05
93,1,9,sodium_dicyanamide,8.477953203372899e-05
94,1,9,scalar_relation,8.45138652617839e-05
95,1,9,free_nitrate_ion,8.42587364727443e-05
96,1,9,x_tem_ray,8.411232809917139e-05
97,1,9,iodobenzene_ring,8.368871968755115e-05
98,1,9,catalytic_behaviour,8.359188403064137e-05
99,1,9,prime_beta_hydrate,8.298773577551712e-05
100,1,10,unit_cell_parameter,8.42793102925864e-05
101,1,10,respiratory_syncytial_virus,8.25753239654828e-05
102,1,10,coordination_sequence,8.21649686308889e-05
103,1,10,optical_rotation,8.207341733058879e-05
104,1,10,atmospheric_condition_fluorite_superstructure,8.17216899336683e-05
105,1,10,ring_junction,8.166182976272514e-05
106,1,10,mean_square_static_displacement,8.155299480894252e-05
107,1,10,well_aring_resolution,8.123576814286366e-05
108,1,10,area_detector,8.11977619311358e-05
109,1,10,high_photon_flux,8.09337159725735e-05
110,1,11,position_substitution,8.451085703981122e-05
111,1,11,improve_precision,8.360391971822784e-05
112,1,11,core_shell_system,8.35041632268364e-05
113,1,11,terminal_thiocyanate_ligand,8.339104408107014e-05
114,1,11,phage_numb,8.253780608371424e-05
115,1,11,tetrahedral_environment,8.225852674249704e-05
116,1,11,n_bind_phenyl_ring,8.213989773978635e-05
117,1,11,eta_h,8.206107739602832e-05
118,1,11,bragg_laue_geometry,8.182233722101696e-05
119,1,11,chemical_probe,8.181514188913468e-05
120,1,12,cysteine_conversion,8.655314503802941e-05
121,1,12,mnii_complex_cation,8.442230102737432e-05
122,1,12,x_ray_optic,8.300108224907219e-05
123,1,12,g_equivalence,8.22875669370882e-05
124,1,12,lot_method,8.110816235270452e-05
125,1,12,spiral_growth_step,8.10417923545823e-05
126,1,12,deg_sample_rotation,8.096068889129446e-05
127,1,12,silicon_thin_specimen,8.0902934765495e-05
128,1,12,near_field_regime,8.077446863283907e-05
129,1,12,complex_molecular_structure,8.024697843737545e-05
130,1,13,lattice_complex_water_molecule,8.762220681745701e-05
131,1,13,present_pi_interaction,8.423312811765866e-05
132,1,13,counter_ion,8.337958920217052e-05
133,1,13,point_diffraction,8.332868821844626e-05
134,1,13,ion_coordination_geometry,8.273005257885634e-05
135,1,13,special_consideration,8.201367251621224e-05
136,1,13,dna_clamp_protein,8.185434825381114e-05
137,1,13,primordial_role,8.18355569926797e-05
138,1,13,parallel_run_zigzag_chain,8.14002798366278e-05
139,1,13,measure_reflectivity_comparison,8.119461339142962e-05
140,1,14,cholera_toxin,8.45071443641347e-05
141,1,14,cyanide_group,8.41294232020041e-05
142,1,14,l_carboxypeptidase,8.313612645364873e-05
143,1,14,average_inelastic_elastic_scatter,8.215789204628862e-05
144,1,14,large_asymmetric_unit,8.172066823662318e-05
145,1,14,hydrogen_cyanide,8.134390144839683e-05
146,1,14,methanol_one_molecule,8.12919528911557e-05
147,1,14,nucleoside_diphosphate,8.116599750514786e-05
148,1,14,molecule_experimental_electrostatic_potential,8.090845318722987e-05
149,1,14,weak_c_h_direction,8.07530958433328e-05
150,1,15,deformation_density,8.789325208725506e-05
151,1,15,flat_plate_geometry,8.625698463594145e-05
152,1,15,optimal_bind_pocket_formation,8.505842236973074e-05
153,1,15,micrometer_resolution_xnfs_detector,8.464068546318535e-05
154,1,15,scale_factor,8.378590006332647e-05
155,1,15,phase_calculation_extension,8.330280769122846e-05
156,1,15,c_pr_structure,8.328870773739097e-05
157,1,15,n_h_bond,8.300162316281038e-05
158,1,15,estimate_phasis,8.238042383329429e-05
159,1,15,iii_v_semiconductor,8.085718093776901e-05
160,1,16,high_peer_review_score,8.475835154124104e-05
161,1,16,torsion_angle,8.458684142933697e-05
162,1,16,substituent_plane,8.381910049749575e-05
163,1,16,peptidyl_trnas_trna,8.236906699809315e-05
164,1,16,resolution_function_geometrical_factor,8.199298186663826e-05
165,1,16,z_dx_minus_cm,8.187821190977265e-05
166,1,16,bidentate_ligand,8.183807722887657e-05
167,1,16,new_x_ray_camera,8.177188855259083e-05
168,1,16,vertical_distance,8.137436019330922e-05
169,1,16,schiff_base_dianion,8.136622823560479e-05
170,1,17,sequence_variation,8.333259104924638e-05
171,1,17,se_interaction,8.209429327150149e-05
172,1,17,intermolecular_n_h,8.205531858027051e-05
173,1,17,fix_type,8.202639158211265e-05
174,1,17,polarization_state,8.167701866084598e-05
175,1,17,ligand_point,8.158645076175433e-05
176,1,17,diamond_crystal,8.098913894408717e-05
177,1,17,curve_property,8.075825671602764e-05
178,1,17,vector_representative_new_method,8.031266705253403e-05
179,1,17,restrict_rotation,8.022482413315026e-05
180,1,18,low_absorption,8.686010832030801e-05
181,1,18,wild_type_structure,8.420941688159183e-05
182,1,18,cation_distribution,8.33639882935304e-05
183,1,18,coordinate_benzotriazole_ring_ring,8.308648855291996e-05
184,1,18,base_pair,8.305718642627686e-05
185,1,18,molecular_structure,8.240160408581315e-05
186,1,18,natural_aluminosilicate,8.1624662343952e-05
187,1,18,intermolecular_contact,8.15559379957023e-05
188,1,18,synchrotron_beam,8.147245623533873e-05
189,1,18,oxetane_ring,8.142420984227512e-05
190,1,19,host_cell_rna_interference,8.661408082821534e-05
191,1,19,centrosymmetric_n_h,8.17310626517852e-05
192,1,19,extracellular_c_terminus,8.156611836959624e-05
193,1,19,transmembrane_protein,8.108127903918949e-05
194,1,19,approximately_deg,8.10669986738305e-05
195,1,19,shad_herr_bone_sample,8.103649726853992e-05
196,1,19,homogeneous_sphere_pack,8.102107103352088e-05
197,1,19,membered_n,8.093343403380142e-05
198,1,19,synthesize_material_majority,8.073089735748057e-05
199,1,19,dta_datum,8.018394282633426e-05
0,2,0,order_temperature,9.034386149645825e-05
1,2,0,polyethylene_glycol,8.932599310338654e-05
2,2,0,weak_c_h_cation,8.441248082090627e-05
3,2,0,bupropion_molecule_amino_group,8.300203187690741e-05
4,2,0,thermal_slope,8.291130156587564e-05
5,2,0,root_framework,8.285797642875463e-05
6,2,0,oa_distance,8.235508915294652e-05
7,2,0,liquid_like_structure,8.202293673720798e-05
8,2,0,small_protein_structure,8.187318699143786e-05
9,2,0,acridine_moiety,8.167875393811544e-05
10,2,1,coii_complex,8.903179193692392e-05
11,2,1,distribution_error_magnitude,8.754570658648564e-05
12,2,1,hps_crystal,8.391395085837618e-05
13,2,1,micrometre_range_structure,8.389174954589707e-05
14,2,1,sucrose_glycerol,8.268848718191177e-05
15,2,1,antiphase_domain_boundary,8.25988831964586e-05
16,2,1,deg_deg,8.255700151745636e-05
17,2,1,simple_beam_calculation,8.184452732911075e-05
18,2,1,terminal_phenyl_ring,8.14342633070625e-05
19,2,1,conventional_exafs_experiment,8.137921159979076e-05
20,2,2,anomeric_effect,8.378585377539157e-05
21,2,2,be_pitch_strip,8.13434002853492e-05
22,2,2,methodology_routine_application,8.133729954631375e-05
23,2,2,x_minus,8.116124051217741e-05
24,2,2,subunit_molecular_arrangement,8.098545080544314e-05
25,2,2,estimate_weight,8.084228325367564e-05
26,2,2,keto_enol_form,8.083215904006552e-05
27,2,2,space_group_inversion_centre,8.05939692109198e-05
28,2,2,parallel_chain,8.01557033522263e-05
29,2,2,molecular_guest_amorphous_host,8.013724457200059e-05
30,2,3,dissipative_fluctuate_dynamic,8.854421816235763e-05
31,2,3,hydrogen_bond_dimer_form,8.328307559903473e-05
32,2,3,planar_cavity,8.294052518040578e-05
33,2,3,increase_mill_time,8.264579248252781e-05
34,2,3,structural_difference_relation,8.229336144368639e-05
35,2,3,crystallization_temperature,8.225382792401049e-05
36,2,3,beta_delta_beta_sin,8.208445369528224e-05
37,2,3,various_technique,8.194115257267546e-05
38,2,3,vacuum_chamber,8.176911826926655e-05
39,2,3,host_rest_geometry,8.170359814338867e-05
40,2,4,high_e_value,8.399482833569207e-05
41,2,4,aniline_benzene_ring_sulfonyl,8.34578806912895e-05
42,2,4,novo_biosynthesis,8.34524350308406e-05
43,2,4,liu_paper_error,8.342810564992022e-05
44,2,4,catechol_germanium_dioxide,8.284005059173885e-05
45,2,4,drive_force,8.277044904113496e-05
46,2,4,tube_compose_new_detector,8.196585509270607e-05
47,2,4,minus_anion_opposite_side,8.191669043534279e-05
48,2,4,znii_center_comprise_coordination,8.190972410452041e-05
49,2,4,linear_charge_density,8.183274911057073e-05
50,2,5,arp_refmac_follow_warp,8.620374078137277e-05
51,2,5,azadiene_core,8.218853924129716e-05
52,2,5,active_pharmaceutical_ingredient,8.218549526421745e-05
53,2,5,cs_symmetry,8.20444661423006e-05
54,2,5,ribonucleotide_deoxy_bind,8.189036575649129e-05
55,2,5,sars_cov_protein,8.117787713149142e-05
56,2,5,high_valent,8.086096993740974e-05
57,2,5,numerical_estimate,8.070954088322578e-05
58,2,5,method_deficiency,8.065161966131129e-05
59,2,5,small_torsion,8.063862579802585e-05
60,2,6,intramolecular_n_h,8.702601384113103e-05
61,2,6,a_bind_site,8.513693825625289e-05
62,2,6,dimercaptoethylenedicarbonitrilate_ligand_s_atom,8.411760123024552e-05
63,2,6,atom_paucity,8.411611231384584e-05
64,2,6,asymmetric_unit_molecule,8.332576181496658e-05
65,2,6,beam_dynamic_deep_study,8.251943649206023e-05
66,2,6,waclawik_amp,8.157784560274873e-05
67,2,6,hydrogen_bond_donor_act,8.12883099070995e-05
68,2,6,highly_anisotropic_crystal_dissolution,8.112041490300218e-05
69,2,6,centrosymmetric_dimer_molecule,8.075101061260064e-05
70,2,7,n_methylethanolamine,8.482196503826036e-05
71,2,7,omega_theta,8.346075722415303e-05
72,2,7,benzene_ring_middle,8.27190205112366e-05
73,2,7,tetracoordinat_si_atom,8.260427176575404e-05
74,2,7,molecular_weight_symmetry_dependency,8.255132520254461e-05
75,2,7,angle_strain_angle,8.138881595226214e-05
76,2,7,n_atom_protonated_amino,8.136482242229265e-05
77,2,7,vertical_correlation,8.1308798684711e-05
78,2,7,sample_displacement,8.10504521293431e-05
79,2,7,promise_alternative_fuel,8.088550038147842e-05
80,2,8,atomic_composition,8.734732204758644e-05
81,2,8,morphological_information,8.528654979030304e-05
82,2,8,se_bond,8.4960826858043e-05
83,2,8,urea_group,8.398156490551437e-05
84,2,8,metal_organic_framework,8.346624135670759e-05
85,2,8,polar_interaction,8.2992360444552e-05
86,2,8,alpha_beta_alpha_fold,8.267977721220905e-05
87,2,8,triplet_phase_invariant,8.228754221908626e-05
88,2,8,l_dihydroorotate_oxidation,8.191625968067465e-05
89,2,8,benzoxazole_ring_system,8.189944690781739e-05
90,2,9,complex_sample_element_speciation,8.624639762682575e-05
91,2,9,diferric_lactoferrin_dicupric_lactoferrin,8.427003557468247e-05
92,2,9,human_neutrophil_gelatinase,8.321572715818116e-05
93,2,9,high_fraction,8.16886205701446e-05
94,2,9,waste_beamtime,8.1494273452195e-05
95,2,9,crystallization_sample,8.079316951055227e-05
96,2,9,krishnamachari_amp,8.073184889157891e-05
97,2,9,grain_boundary_quasicrystal,8.062493022816729e-05
98,2,9,minus_salt_solvate,8.05048128521225e-05
99,2,9,phase_problem,8.047849066448995e-05
100,2,10,l_ligand_carboxylate_group,8.631409510971359e-05
101,2,10,pole_density,8.50536513039902e-05
102,2,10,numerical_estimate,8.309653648855384e-05
103,2,10,monomer_position,8.277958095297503e-05
104,2,10,equatorial_plane_water_molecule,8.202402565463919e-05
105,2,10,ligase_complex,8.181674035446605e-05
106,2,10,phenol_phenol,8.175641852421159e-05
107,2,10,texture_analysis,8.130661371394479e-05
108,2,10,serine_protease_enzymatic_activity,8.10515607772316e-05
109,2,10,low_background_material_thing,8.092086451021848e-05
110,2,11,vapochromic_organic_crystal,8.739783043624374e-05
111,2,11,polymeric_znii_atom,8.388725393741385e-05
112,2,11,carbamoyl_phosphate,8.277098778084991e-05
113,2,11,cis_octahedral_environment_coordinate,8.266871609823777e-05
114,2,11,projection_plot,8.225259562125799e-05
115,2,11,crystal_molecular_sheet,8.2131118220889e-05
116,2,11,animal_growth_regulation,8.193138503093269e-05
117,2,11,real_structure_configuration,8.192962424228787e-05
118,2,11,dimensional_incommensurate_modulation,8.14646782662888e-05
119,2,11,crystal_structure_dimensional_connection,8.072223941917179e-05
0,3,0,homology_structural_datum,8.150272654369666e-05
1,3,0,thiourea_unit,8.131763689528248e-05
2,3,0,diffabs_beamline,8.059943929155195e-05
3,3,0,solid_state_reaction,8.050069495560696e-05
4,3,0,nitrate_anion,7.985754654063572e-05
5,3,0,atp_bind_protein,7.891894710450571e-05
6,3,0,pt_n_bond_length,7.882808400819386e-05
7,3,0,ethoxy_formamide,7.861522227968758e-05
8,3,0,bulky_fuse_ring,7.854035764044596e-05
9,3,0,c_c_distance_range,7.850979312920008e-05
10,3,1,additional_pi_pi,8.459732493772769e-05
11,3,1,cmethyl_torsion,8.17323395822415e-05
12,3,1,large_small_deg,8.150063112224451e-05
13,3,1,distortion_apical_bond,8.046145563451497e-05
14,3,1,fungal_protein,7.980176166988492e-05
15,3,1,numerical_fit_procedure,7.938577963549254e-05
16,3,1,phonon_scatter,7.92741321424324e-05
17,3,1,multiple_wavelength_method,7.910279590905381e-05
18,3,1,base_position_pair,7.878208541480581e-05
19,3,1,recently_synthesize_quasicrystal_comparison,7.855353440164475e-05
20,3,2,merit_figure,8.430035648737838e-05
21,3,2,powder_diffraction_experiment,8.277262186260832e-05
22,3,2,propionic_acid_group,8.259569720975757e-05
23,3,2,christiansen_method,8.10299177843204e-05
24,3,2,cis_geometry,8.031687357963175e-05
25,3,2,simulate_datum_set,7.944486893916805e-05
26,3,2,tensor_scheme,7.914641439488889e-05
27,3,2,pseudo_voigt_function,7.907124332660458e-05
28,3,2,membrane_stimulate_conformational_change,7.902592449570805e-05
29,3,2,monocrystalline_heterostructure,7.901485622906336e-05
30,3,3,human_aotc,8.556664071615502e-05
31,3,3,phonon_component,8.236256965520221e-05
32,3,3,dimensional_extend_network,8.092651466373362e-05
33,3,3,vanadyl_atom,7.997855540577222e-05
34,3,3,oxo_ligand,7.987773661062874e-05
35,3,3,dsc_curve,7.97289348295581e-05
36,3,3,carboxyl_methyl_group,7.962527877338187e-05
37,3,3,thermal_expansion,7.884177063797084e-05
38,3,3,anomalous_substructure,7.881864685549834e-05
39,3,3,thiocyanate_unit,7.867349404001242e-05
40,3,4,rotation_bring_sample_displacement,8.516585726746199e-05
41,3,4,sing_usual_pendell_ouml,8.117605689352129e-05
42,3,4,weak_c,8.086476226669551e-05
43,3,4,o_h_bromide_ion,8.022125371181328e-05
44,3,4,embryonically_lethal_abnormal_vision,7.962923690691667e-05
45,3,4,dynamical_theory,7.96122901722318e-05
46,3,4,grain_boundary_theory,7.955730499229526e-05
47,3,4,luminal_domain,7.943810525470023e-05
48,3,4,start_picric_acid,7.892380512220976e-05
49,3,4,investigate_material_physical_property,7.88717329576971e-05
0,4,0,mclntyre_amp,7.479467510068625e-05
1,4,0,fac_site,7.263577980931236e-05
2,4,0,sulfonate_ligand,7.260515147005091e-05
3,4,0,numerical_example,7.245232925764593e-05
4,4,0,high_angle,7.233227362879554e-05
5,4,0,foreign_particle_formation,7.223094383144043e-05
6,4,0,global_optimum,7.21799792533126e-05
7,4,0,synchrotron_radiation_aring_resolution,7.187742432569337e-05
8,4,0,upcoming_commission_test_detail,7.166746583308903e-05
9,4,0,cyclohexyl_group,7.163770268816504e-05
