,run,topic,terms,p
906649706e-05
1,1,0,pi_pi_stack_interaction,8.613523899883778e-05
2,1,0,layer_peptide_molecule,8.440211962734263e-05
3,1,0,ultra_small_angle,8.335939848895719e-05
4,1,0,hydrazine_n_atom,8.274868608040282e-05
5,1,0,gastric_mucosa_bacterium_colonization,8.265591554232991e-05
6,1,0,additional_information,8.200794354977644e-05
7,1,0,atom_vicinity,8.179360709362885e-05
8,1,0,sr_ca,8.115332491476764e-05
9,1,0,tetrachloridoferrate_anion_cation,8.086461009376846e-05
10,1,1,scientific_science_career,8.699463363024932e-05
11,1,1,single_native_crystal,8.557769052180929e-05
12,1,1,pets_electron_crystallography,8.466847123088324e-05
13,1,1,continuous_base_position_pair,8.349916394719678e-05
14,1,1,picolinate_ligand,8.337041363588762e-05
15,1,1,dianionic_sulfosalicylate,8.308940239565685e-05
16,1,1,reactive_moiety_alkyl_hydride,8.272849900396227e-05
17,1,1,representative_member,8.241247773324313e-05
18,1,1,hierarchical_structure,8.216517696310508e-05
19,1,1,interaction_form,8.213287731671077e-05
20,1,2,trypsin_d,8.84430813562159e-05
21,1,2,orange_crystal,8.411142690769724e-05
22,1,2,condense_matt,8.38403024862148e-05
23,1,2,true_scatter_curve,8.38072669020182e-05
24,1,2,square_planar,8.375517487061875e-05
25,1,2,protox_inhibitor,8.372476127390561e-05
26,1,2,hypothetical_texturized_polycrystal,8.302298000492254e-05
27,1,2,experimental_assessment,8.27981482469884e-05
28,1,2,fluorescence_chance,8.243567858765406e-05
29,1,2,scroll_nanotube,8.243061206129456e-05
30,1,3,nucleotide_overhang,8.477341848615053e-05
31,1,3,trigonal_antiprism_unit,8.363885356404438e-05
32,1,3,deg_p_pd_cl,8.329757792808255e-05
33,1,3,mosaicity_maximum_resolution,8.293702147514096e-05
34,1,3,null_method,8.274359737442478e-05
35,1,3,unknown_composition,8.256042676459012e-05
36,1,3,naphthalen_datum,8.219303119588355e-05
37,1,3,hemidrate_anhydrous_chloride_form,8.203255078381443e-05
38,1,3,phosphorus_homolog,8.194841292641013e-05
39,1,3,benzene_unit,8.094013887062039e-05
40,1,4,fuse_benzene,8.535346929735089e-05
41,1,4,alcohol_solvent_vapor,8.485089400827479e-05
42,1,4,class_dhod_enzyme,8.388195633220436e-05
43,1,4,bidentate_carboxylate_group,8.309525091865418e-05
44,1,4,gaba_transaminase,8.225892444434143e-05
45,1,4,elastic_displacement_origin,8.210323909285697e-05
46,1,4,common_know_problem,8.185494000780328e-05
47,1,4,material_luminescent_property,8.10619484692197e-05
48,1,4,lobe_lobe,8.091981760540321e-05
49,1,4,circadian_clock_oscillator,8.079273849165072e-05
50,1,5,dense_connect_silicate,8.518379951229712e-05
51,1,5,dsb_family,8.436244803660489e-05
52,1,5,ps_exposure_time,8.393937837777426e-05
53,1,5,bias_gaussian_probability_distribution,8.379118244827028e-05
54,1,5,l_doubly_deprotonat_hydrazone,8.192049414164906e-05
55,1,5,platinum_analogue,8.176044028889973e-05
56,1,5,hg_derivative_crystal,8.168139793866416e-05
57,1,5,spherical_mask,8.112046636253832e-05
58,1,5,grain_boundary_coincidence_orientation,8.105396749693231e-05
59,1,5,degradative_pathway,8.102257936388438e-05
60,1,6,stability_activity,8.487999765429319e-05
61,1,6,metal_complex_crystal,8.482001488200991e-05
62,1,6,prime_imidazole,8.477096563037478e-05
63,1,6,bromopentoxy_chain,8.469746634146686e-05
64,1,6,x_ray_emission_spectrometer,8.46625240616275e-05
65,1,6,crystal_likely_laue_group,8.352008783218968e-05
66,1,6,occupationally_disorder_sodium,8.33566138527765e-05
67,1,6,liii_absorption_edge,8.320276831403423e-05
68,1,6,gyration_radius,8.30109986564075e-05
69,1,6,acorn_structure_solution_fragment,8.2780624715747e-05
70,1,7,central_piperidone_plane_reference,8.35947209499477e-05
71,1,7,morpholine_ring_c_atom,8.354578063821107e-05
72,1,7,predominant_type,8.345989373353171e-05
73,1,7,p_bond,8.329867393733176e-05
74,1,7,chemically_equivalent_bond_length,8.303665765373945e-05
75,1,7,harmonic_atom_vibration,8.250220006999427e-05
76,1,7,cost_function,8.195324483725668e-05
77,1,7,one_tert_butyl_group,8.19133853935443e-05
78,1,7,karle_hauptman_matrix,8.189370681416557e-05
79,1,7,scatter_angle,8.188119776786428e-05
80,1,8,myo_inositol,8.714357245070808e-05
81,1,8,nitro_amino_group,8.415312748313484e-05
82,1,8,compact_notation,8.214335176477134e-05
83,1,8,cytidine_analogue,8.193635259490809e-05
84,1,8,computer_simulation,8.176506421458599e-05
85,1,8,analytic_method,8.12744614787509e-05
86,1,8,correction_function,8.12237576163223e-05
87,1,8,znii_cation_tetrahedral_coordination,8.100241628005086e-05
88,1,8,streptomyces_lividan,8.068987281159066e-05
89,1,8,x_ray_diffractometer,8.065484287371756e-05
90,1,9,etc_soft_shell_thickness,8.798764551904701e-05
91,1,9,p_atom_effective_electronegativity,8.294246336115632e-05
92,1,9,mo_alloy_particle,8.287896575496205e-05
93,1,9,twist_conformation,8.243013716040731e-05
94,1,9,periodic_table_inert_element,8.162770181891191e-05
95,1,9,g_plusmn_satellite_reflection,8.156447200797553e-05
96,1,9,boat_conformation,8.152856623071037e-05
97,1,9,selenomethionyl_derivative,8.131807007995919e-05
98,1,9,mid_ligand_point,8.130979235622064e-05
99,1,9,experimental_datum_quantitative_fit,8.128450402745124e-05
100,1,10,occupancy_configuration,8.849854102281519e-05
101,1,10,pinhole_diffraction,8.807248600489671e-05
102,1,10,slightly_distort_octahedral_structure,8.657428137138733e-05
103,1,10,molecule_anion,8.568755031322393e-05
104,1,10,triazole_ring_ethoxybenzene_group,8.54635940527985e-05
105,1,10,twist_minus_ring,8.25491231724392e-05
106,1,10,plane_aring_s_atom,8.203251339473707e-05
107,1,10,single_crystal_tellurium,8.189150112279653e-05
108,1,10,molecule_pack,8.164954995453206e-05
109,1,10,n_donor,8.137859631167574e-05
110,1,11,inhibitor_covalent_adduct,8.839324989877946e-05
111,1,11,ring_structure_adaptability,8.484212897524091e-05
112,1,11,subfamily_highlight,8.482659349600468e-05
113,1,11,hydrogen_bond_molecule,8.460363871516911e-05
114,1,11,aring_apical_distance,8.23917229557881e-05
115,1,11,o_graph_hydrogen_bond,8.235727794096482e-05
116,1,11,size_distribution,8.186989960184003e-05
117,1,11,beta_phase,8.163989115565777e-05
118,1,11,theta_correct_equation,8.157141276046197e-05
119,1,11,concordance_rate,8.121724896416645e-05
120,1,12,self_practice_assessment,8.81770818383696e-05
121,1,12,double_pinhole,8.640432829534602e-05
122,1,12,low_anti_chi_deg,8.364862314861545e-05
123,1,12,octahedron_acidic_pyrophosphate_group,8.249074855924687e-05
124,1,12,phenyl_coumarin_ring,8.231360997243723e-05
125,1,12,well_fit,8.215377850136141e-05
126,1,12,modify_version,8.206360848182633e-05
127,1,12,incline_case,8.177770195852978e-05
128,1,12,quantitative_analysis,8.16669447732139e-05
129,1,12,refine_domain_ratio,8.152898043433797e-05
130,1,13,cell_parameter_space_group,8.884433273556739e-05
131,1,13,ribosome_crystal,8.769787602378335e-05
132,1,13,c_c_distance,8.419285113487304e-05
133,1,13,w_bond_distance,8.392629651109647e-05
134,1,13,different_type_sphere_packing,8.337466652982847e-05
135,1,13,polymerize_solution,8.330962856058605e-05
136,1,13,neutron_diffraction_study,8.262913220944512e-05
137,1,13,xnfs_detector,8.248060113172416e-05
138,1,13,serratia_marcescen,8.22860589068217e-05
139,1,13,near_field,8.185002537301838e-05
140,1,14,small_numb,8.576227857788473e-05
141,1,14,quantum_chemical_calculation,8.519729055118307e-05
142,1,14,material_chemistry,8.498675767325508e-05
143,1,14,dna_protein,8.433236906660744e-05
144,1,14,bifurcate_hydrogen_bond,8.382358564321283e-05
145,1,14,work_aim,8.339165320570609e-05
146,1,14,device_centre,8.30659573029746e-05
147,1,14,complex_part,8.26990741793366e-05
148,1,14,exhibit_axial_chirality,8.253982936913918e-05
149,1,14,aring_zn_distance,8.233198846829277e-05
150,1,15,x_ray_case,8.886547125713258e-05
151,1,15,imidazole_ligand_n_atom,8.440161548954353e-05
152,1,15,end_member,8.43912132761607e-05
153,1,15,ball_mill,8.407900633374949e-05
154,1,15,thiophene_benzene,8.394479893164605e-05
155,1,15,langbeinite_type_structure,8.369716666582438e-05
156,1,15,relatively_rapid_system,8.362669172821415e-05
157,1,15,ac_plane_parallel_layer,8.296409412405161e-05
158,1,15,evolutionarily_relate_herpesvirus,8.291859344505668e-05
159,1,15,cooperation_research,8.205984559061106e-05
160,1,16,molecular_reference_frame,8.714193025052833e-05
161,1,16,au_pi,8.517171823069649e-05
162,1,16,chelidamic_acid_middot_reaction,8.489367648885479e-05
163,1,16,g_mu_agarose_gel,8.301715891644085e-05
164,1,16,monoaqua_monohydrated_phase,8.274885471351858e-05
165,1,16,wohlauer_williams_rerefin,8.253292246022565e-05
166,1,16,growth_rate_movement,8.249632006530493e-05
167,1,16,micrometre_range,8.221714175911725e-05
168,1,16,soluble_protein,8.218171829580901e-05
169,1,16,bridgehead_bond_length,8.188133612180817e-05
170,1,17,computer_architecture,8.455971470148089e-05
171,1,17,low_index,8.432747841298172e-05
172,1,17,coordination_octahedron,8.331278931311907e-05
173,1,17,simple_form,8.326179724319266e-05
174,1,17,fmn_cyclization,8.291326767757524e-05
175,1,17,asymptotic_exact_result,8.165836413141084e-05
176,1,17,situ_cryocrystallization_technique_mean,8.162509307569852e-05
177,1,17,result_lattice_sum_evaluation,8.160740260804495e-05
178,1,17,methyl_c_atom_tran,8.155359096811225e-05
179,1,17,laue_image,8.153033928786502e-05
180,1,18,possible_phase_transition,8.581481458553355e-05
181,1,18,alpha_lob_shape_protein,8.564895830881288e-05
182,1,18,essential_dengue_virus,8.550529673099881e-05
183,1,18,effective_drug_treatment_vaccine,8.536612646459728e-05
184,1,18,s_hydrogen_bond_dimer,8.491491904639761e-05
185,1,18,cod_water_reaction,8.453048406572642e-05
186,1,18,membrane_proximal,8.294577588940116e-05
187,1,18,kikuchi_line_sharpness,8.287632045020603e-05
188,1,18,volumetric_compressibility_basis,8.286860953609218e-05
189,1,18,dinuclear_complex,8.272531835786793e-05
190,1,19,mjtim_unligand_structure,8.683041104534675e-05
191,1,19,monocapp_tetragonal_antiprism_polyhedron,8.546014705156732e-05
192,1,19,herringbone_like_pack,8.444326036428153e-05
193,1,19,wavelength_dependence,8.431618867100548e-05
194,1,19,relatively_fast_measurement,8.366619501776589e-05
195,1,19,robotic_sample_changer,8.330564733404314e-05
196,1,19,phase_error_estimate,8.268570887010056e-05
197,1,19,anthracene_moiety_proplyamine_chain,8.248576678548887e-05
198,1,19,syncytial_virus_nucleocapsid,8.23425171753598e-05
199,1,19,waals_one,8.2300760784248e-05
0,2,0,dynamic_behaviour,8.650766256454899e-05
1,2,0,usual_chair_conformation,8.440418000302838e-05
2,2,0,structure_composition,8.435608707784297e-05
3,2,0,fuse_cycloheptane_ring,8.374490606088034e-05
4,2,0,bragg_diffraction_general_case,8.241213001155649e-05
5,2,0,triphosgene_reaction,8.218049898787808e-05
6,2,0,distort_tetrahedral_configuration,8.204628404279777e-05
7,2,0,animal_growth_regulation,8.191676438130273e-05
8,2,0,cobalt_nitrate,8.176972784837708e-05
9,2,0,require_deg_rotation,8.142453355489428e-05
10,2,1,molecular_crystal,8.567856325058371e-05
11,2,1,new_structure_type,8.27151398946417e-05
12,2,1,n_prime_dianionic_ligand,8.249798901750356e-05
13,2,1,multiple_equidistant_split,8.241188669673335e-05
14,2,1,datum_retention,8.216731457299093e-05
15,2,1,cui_atom,8.186019680830048e-05
16,2,1,baker_yeast_saicar_synthase,8.166153843187168e-05
17,2,1,ethylenedioxy_group,8.148709417885639e-05
18,2,1,pkc_relate_kinase,8.140490182597614e-05
19,2,1,needle_growth_dissolution,8.136349737456917e-05
20,2,2,k_room_temperature,8.599953275300674e-05
21,2,2,biochemical_structural_analysis_basis,8.576445988421876e-05
22,2,2,counter_anion,8.55920631703323e-05
23,2,2,p_form,8.478123433025362e-05
24,2,2,chelidamic_acid_middot,8.295559781380629e-05
25,2,2,sad_phase_method,8.290607172967773e-05
26,2,2,choose_wavelength,8.176190783283697e-05
27,2,2,different_molecular_pack,8.169562502931006e-05
28,2,2,instability_index,8.133663618141362e-05
29,2,2,vm_asymmetric_unit_molecule,8.096362975986758e-05
30,2,3,march_function_correction,8.609542447527282e-05
31,2,3,covariance_weight,8.58505260669264e-05
32,2,3,oligomerization_state_correlation,8.502610469694536e-05
33,2,3,merit_figure,8.466230995430468e-05
34,2,3,peptidoglycan_uncrosslinked_tripeptide_bond,8.342093591275112e-05
35,2,3,structure_transformation,8.310497014565065e-05
36,2,3,promise_solution,8.29815632503714e-05
37,2,3,stock_solution_give_set,8.262858551054918e-05
38,2,3,apical_position_dimethylformamide,8.258240311608851e-05
39,2,3,thiophene_benzene,8.24589740167143e-05
40,2,4,incline_double_crystal_monochromator,8.842058415240982e-05
41,2,4,perfluorophenyl_group,8.472923625805558e-05
42,2,4,centroid_centroid,8.366905972113533e-05
43,2,4,diffraction_profile,8.321141193738046e-05
44,2,4,crystallographic_net_relationship,8.316730366901087e-05
45,2,4,c_deacetylase,8.269218881405708e-05
46,2,4,gas_liquid,8.224644345367943e-05
47,2,4,methanol_ligand,8.204296424910757e-05
48,2,4,influenza_virus,8.203960461630654e-05
49,2,4,phosphatidylinositide_pi_substrate,8.194252939785163e-05
50,2,5,heterocyclic_core,8.443049345294904e-05
51,2,5,weak_pi_contact,8.379639228733914e-05
52,2,5,coli_expression,8.321848405596994e-05
53,2,5,focal_spot,8.317370133382238e-05
54,2,5,twofold_screw,8.278897539158469e-05
55,2,5,molecular_interaction_term,8.273500179437744e-05
56,2,5,prime_prime_neutral_network,8.25486678485929e-05
57,2,5,free_coordinate_water_molecule,8.243374254479399e-05
58,2,5,imidazole_ring_plane,8.23877594489311e-05
59,2,5,bind_interaction,8.220051008530171e-05
60,2,6,phasis_domain,8.912230315555096e-05
61,2,6,droplet_formation,8.485558690845139e-05
62,2,6,crystal_structure_solution_study,8.424130914543773e-05
63,2,6,crystallographically_impose_inversion_center,8.419334053560801e-05
64,2,6,standard_projection_evolution,8.332812598293265e-05
65,2,6,b_long_axis,8.31319541211887e-05
66,2,6,slow_dehydration,8.285549154416493e-05
67,2,6,substrate_peak_layer,8.271899801034645e-05
68,2,6,relate_xylanas,8.255974634828338e-05
69,2,6,electron_delocalization,8.249106620678988e-05
70,2,7,electron_accelerator,8.425371714579896e-05
71,2,7,phiv_plusmn,8.402183069342934e-05
72,2,7,neutron_encode,8.349516305581725e-05
73,2,7,main_interest,8.297016751316737e-05
74,2,7,this_poster,8.253480587961709e-05
75,2,7,group_correspond_scheme_group,8.219776334986731e-05
76,2,7,nlo_property,8.189278920768784e-05
77,2,7,electron_density_difference_map,8.177497387905641e-05
78,2,7,vapour_condition_diffusion,8.137129873415448e-05
79,2,7,polymeric_material,8.134941601314744e-05
80,2,8,heterodyne_xpcs_experiment_result,9.145206277147913e-05
81,2,8,dash_structure_solution,8.966271695362931e-05
82,2,8,catalyst_particle_evolve,8.530999627408135e-05
83,2,8,protein_particle,8.344004898035174e-05
84,2,8,c_nbsp_aring_nbsp,8.282436769627435e-05
85,2,8,n_cu_n,8.243176584800907e-05
86,2,8,sugar_residue_solvent_molecule,8.224597443840063e-05
87,2,8,nsio_substrate,8.220675188187214e-05
88,2,8,asymptotic_formula,8.139595729115264e-05
89,2,8,additionally_pi,8.133086307672884e-05
90,2,9,observe_profile_accurate_description,8.83342658516694e-05
91,2,9,form_hydrogen_bond,8.792897922651905e-05
92,2,9,current_application,8.547819555291612e-05
93,2,9,growth_temperature_local_structure,8.476821450472128e-05
94,2,9,maximum_deviation_pyrazole_ring,8.44083525808607e-05
95,2,9,single_wavelength,8.43332936458234e-05
96,2,9,glide_plane,8.382772086740029e-05
97,2,9,circular_symmetry_pattern,8.333529820993904e-05
98,2,9,ethanol_water_solvent_molecule,8.259391053356178e-05
99,2,9,central_piperidone_plane_reference,8.234463106464878e-05
100,2,10,a_factor,9.236813195764221e-05
101,2,10,acetone_pentane,8.4961872643175e-05
102,2,10,approximately_week,8.434128039002425e-05
103,2,10,general_interest_question,8.422155265499549e-05
104,2,10,point_dipole_polarizability_theory,8.40123819008704e-05
105,2,10,luminescent_material_laser_host,8.392314484327156e-05
106,2,10,recent_article,8.326918583195692e-05
107,2,10,tetrahedral_coordination,8.312356639051578e-05
108,2,10,wolff_kishne_reduction,8.27836641026667e-05
109,2,10,reflection_intensity,8.228129981162597e-05
110,2,11,angle_strain,9.036599560799482e-05
111,2,11,nm_lambda_alpha,8.925258488948868e-05
112,2,11,different_chemical_composition,8.498322777997303e-05
113,2,11,membrane_deletion_construct,8.442485825631856e-05
114,2,11,order_nlo_property,8.427053858479165e-05
115,2,11,carbohydrate_structure,8.321970797160196e-05
116,2,11,cell_wall_degrade_complex,8.289510746660655e-05
117,2,11,root_mean_square_deviation,8.243870830676604e-05
118,2,11,pipe_transport,8.232970921015862e-05
119,2,11,flavivirus_protein,8.219840265002694e-05
120,2,12,diamond_anvil_cell,8.463851012179876e-05
121,2,12,contrast_variation,8.328795706624131e-05
122,2,12,field_emission,8.226966139500114e-05
123,2,12,dutp_pyrophosphatase,8.214602516010036e-05
124,2,12,w_bond,8.167116091691153e-05
125,2,12,know_cluster,8.162836069182288e-05
126,2,12,patterson_map,8.156636132692739e-05
127,2,12,y_axis_molecule,8.133484396978013e-05
128,2,12,residual_electron_density_peak,8.093969899577481e-05
129,2,12,nucleotide_specificity,8.085594632283949e-05
130,2,13,possible_substitution,8.502870729001501e-05
131,2,13,n_addition,8.320641508376406e-05
132,2,13,mathematical_condition,8.28346500105867e-05
133,2,13,reconstruction_manual_rebuild,8.282542486635311e-05
134,2,13,mix_anion_phasis,8.272007561051299e-05
135,2,13,br_form_membered_ring,8.162459035470699e-05
136,2,13,plane_opposite_side,8.140955821701811e-05
137,2,13,structure_composition,8.128134696058504e-05
138,2,13,fragment_minus,8.08071075289612e-05
139,2,13,short_cui,8.072978866187416e-05
140,2,14,carboxy_oh_group,9.148357232712163e-05
141,2,14,van_aring_cl_interaction,8.459466611780405e-05
142,2,14,datum_error,8.440528003083194e-05
143,2,14,electron_density_complete_absence,8.356422307050508e-05
144,2,14,zero_order,8.31164276503321e-05
145,2,14,miss_phasis,8.282381556248735e-05
146,2,14,triplet_phase_invariant,8.271227271677553e-05
147,2,14,approximately_aring_contact_pi,8.265529767723302e-05
148,2,14,mg_atom_octahedral_coordination,8.216675034484556e-05
149,2,14,positive_anomcc,8.190229633189066e-05
150,2,15,complex_inhibitor_different_bind,8.667794584157921e-05
151,2,15,half_protonated_acridine_cation,8.510701690039535e-05
152,2,15,ethoxy_formamide,8.271125491079586e-05
153,2,15,spine_sample,8.260232032399607e-05
154,2,15,glide_plane_screw_axis,8.256040113087943e-05
155,2,15,tetracoordinat_si_atom,8.254855133767786e-05
156,2,15,steric_crowd,8.216851347291348e-05
157,2,15,chain_angle_deg_deg,8.186274293186892e-05
158,2,15,colloidal_system,8.15826503415139e-05
159,2,15,rips_type,8.151517998979399e-05
160,2,16,multiple_isomorphous_replacement,8.870776190380569e-05
161,2,16,indirect_direct_negative_effect,8.581788303634672e-05
162,2,16,hydrophilic_protein,8.545800526992196e-05
163,2,16,x_ray_holography,8.521581912416803e-05
164,2,16,numerical_analysis,8.406374723811864e-05
165,2,16,niobium_chromium,8.392379464171285e-05
166,2,16,different_kind,8.343660717527167e-05
167,2,16,o_h_n,8.341313815897736e-05
168,2,16,local_mirror_plane,8.320133798312684e-05
169,2,16,triangular_face_polyhedron,8.319333546298557e-05
170,2,17,method_test,8.705626862953073e-05
171,2,17,adjacent_cdii_atom,8.382628981445558e-05
172,2,17,biguanide_n_atom,8.37504064116437e-05
173,2,17,experimental_hutch,8.34748135767704e-05
174,2,17,deg_c_temperature,8.327961059123541e-05
175,2,17,regulate_component,8.257972543691029e-05
176,2,17,bi_atom,8.240975633408402e-05
177,2,17,nucleoid_associate_protein,8.21478502168927e-05
178,2,17,middot_single_crystal,8.214319308266583e-05
179,2,17,furan_ring_plane,8.167165447766916e-05
180,2,18,dynamic_static_structure,8.88182028977662e-05
181,2,18,material_absolute_optical_chirality,8.691733658481839e-05
182,2,18,syn_conformation,8.659674687989714e-05
183,2,18,co_exist_alternative,8.597305907819963e-05
184,2,18,cell_envelope,8.55840231690099e-05
185,2,18,hang_drop,8.386828272582828e-05
186,2,18,pattern_designator_symbol,8.360792241325941e-05
187,2,18,putative_methyltransferase_gene,8.28430231836935e-05
188,2,18,carbon_sublattice_vacancy,8.270868456137632e-05
189,2,18,scatter_beam,8.21074953754998e-05
190,2,19,pectolytic_protein_crystal,8.634357451603999e-05
191,2,19,n_h_result,8.543400980559581e-05
192,2,19,complex_phnz_structure,8.411426262553718e-05
193,2,19,pyrrole_ring_involve_interaction,8.368943838042493e-05
194,2,19,glycerol_fermentation,8.326401798118381e-05
195,2,19,metal_ion_interaction_sequence,8.311256137111471e-05
196,2,19,obtain_component,8.286920960878501e-05
197,2,19,figure_dioxygen,8.274812147797288e-05
198,2,19,viz_configuration,8.270870654431101e-05
199,2,19,pi_pi_pi,8.23346852585236e-05
200,2,20,cap_bind_domain,8.560131665948849e-05
201,2,20,well_diffract_crystal,8.532347729263355e-05
202,2,20,prime_n_o_n,8.479058612025931e-05
203,2,20,orange_crystal,8.461198657647662e-05
204,2,20,monocyclic_analogue,8.428886044157939e-05
205,2,20,organic_layer,8.283505240668765e-05
206,2,20,exhibit_half_occupancy,8.26560638101278e-05
207,2,20,optical_system,8.249455818141468e-05
208,2,20,neutron_diffraction_experiment,8.223583968587163e-05
209,2,20,new_beta_synthesis,8.215579068482058e-05
210,2,21,substrate_uptake,8.604628477433261e-05
211,2,21,bulk_volume,8.59517344122493e-05
212,2,21,dsb_protein,8.569165462734577e-05
213,2,21,pavel_ccaron,8.473002812195912e-05
214,2,21,schiff_base_dianion,8.459880589109288e-05
215,2,21,water_molecule_schiff_base,8.452153054006893e-05
216,2,21,report_study,8.425168552406688e-05
217,2,21,physically_reasonable_shift,8.375375691494778e-05
218,2,21,dip_native_d,8.372169248861171e-05
219,2,21,phenyl_group,8.365455650458372e-05
220,2,22,acid_oxidation,8.638203688536062e-05
221,2,22,systematic_investigation,8.621498804898502e-05
222,2,22,quantitative_comparison,8.428710355246982e-05
223,2,22,ptp_w_minus,8.365774380520245e-05
224,2,22,vibrational_datum,8.320512612591172e-05
225,2,22,te_c,8.288292891409873e-05
226,2,22,d_pack_molecule_mannitol,8.274314374945791e-05
227,2,22,symmetric_beam_case,8.271343452470527e-05
228,2,22,thiolate_s_atom,8.25192871825172e-05
229,2,22,centrosymmetric_crystal_structure,8.220376415287363e-05
230,2,23,amino_group_place,8.878460109593217e-05
231,2,23,mutagenesis_structural_study,8.640836415488106e-05
232,2,23,germanium_dioxide,8.522443154124094e-05
233,2,23,electronic_density,8.42786198570646e-05
234,2,23,lamellar_nanocomposite,8.335605559838816e-05
235,2,23,o_bidentate_schiff_base,8.310342607389513e-05
236,2,23,asymmetric_laue_symmetric_geometry,8.273761738853676e-05
237,2,23,btb_domain,8.259584896290237e-05
238,2,23,calcium_dependent_interaction,8.23542568125909e-05
239,2,23,phthalimide_ring,8.201025138261296e-05
240,2,24,similar_manner,8.860519982096421e-05
241,2,24,such_study,8.525354063936721e-05
242,2,24,unit_thickness,8.511010520151403e-05
243,2,24,water_molecule_anion_minus,8.436935758802191e-05
244,2,24,er_atom,8.225452636485951e-05
245,2,24,expect_d_phase,8.204130108775779e-05
246,2,24,transmit_reflect_intensity,8.152588063357045e-05
247,2,24,novel_modification,8.100254525400932e-05
248,2,24,calculate_absorb_dose,8.093101659318371e-05
249,2,24,uranium_atom,8.079177723143064e-05
250,2,25,approximately_aring_shrinkage,8.833326191951224e-05
251,2,25,circadian_rhythm,8.632935603983748e-05
252,2,25,different_atom_polarizability,8.590042445440858e-05
253,2,25,pi_pi_contact,8.576265080536417e-05
254,2,25,crystal_habit,8.395506460131436e-05
255,2,25,pipe_transport,8.391586519455357e-05
256,2,25,cm_active_area,8.337581040526876e-05
257,2,25,purification_scheme,8.29627520181722e-05
258,2,25,core_tetrahedral_coordination_geometry,8.2704577499565e-05
259,2,25,mechanical_behaviour,8.267115915856389e-05
260,2,26,temporal_coherence_requirement,8.532285103022454e-05
261,2,26,hydrogen_bond_centrosymmetric_dimer,8.478190000722947e-05
262,2,26,optical_property,8.429599805233711e-05
263,2,26,ultra_rapid_change,8.340235481100706e-05
264,2,26,zinc_ligand,8.338299694753892e-05
265,2,26,n_terminal_d,8.325581898167077e-05
266,2,26,drug_target,8.32502955089516e-05
267,2,26,finite_difference_simple_model,8.323488584907463e-05
268,2,26,olf_domain,8.319007577553454e-05
269,2,26,zigzag_chain_propagate,8.280994192118263e-05
270,2,27,crystallographic_resolution,9.284297506793283e-05
271,2,27,fiber_identity,8.644887375936999e-05
272,2,27,special_consideration,8.40353140544236e-05
273,2,27,hydrothermally_grow_inorganic_crystal,8.337117630029467e-05
274,2,27,special_feature,8.282586405509742e-05
275,2,27,potential_antiprotozoal_drug,8.27163406719739e-05
276,2,27,pcna_human_complex_crystallization,8.270696402161883e-05
277,2,27,new_derivative,8.245561380504775e-05
278,2,27,half_protonated_acridine_cation,8.220508540406658e-05
279,2,27,specific_hear,8.20823367534326e-05
280,2,28,previous_study,8.88901747833155e-05
281,2,28,o_van_hydrogen_bond,8.496754563877383e-05
282,2,28,half_occupancy_special_position,8.390211824001164e-05
283,2,28,coincidence_concept_generalization,8.372595373160467e-05
284,2,28,large_initial_misalignment,8.354515959420623e-05
285,2,28,antiulcer_agent_sofalcone,8.232423647658669e-05
286,2,28,structure_substantial_difference,8.226289518649017e-05
287,2,28,methanol_water,8.21242484837537e-05
288,2,28,point_form,8.179931965326017e-05
289,2,28,refinement_statistic,8.17884110156967e-05
290,2,29,dimer_hydrogen_bond,8.552418332210157e-05
291,2,29,extracellular_enzyme,8.492521110643518e-05
292,2,29,well_crystal_form,8.477337008480193e-05
293,2,29,quinolizidine_moiety,8.455008564512567e-05
294,2,29,substrate_access,8.437756629350488e-05
295,2,29,o_prime_glycine,8.428815345300177e-05
296,2,29,close_similarity,8.405836296946728e-05
297,2,29,tentative_phase,8.39008546381437e-05
298,2,29,typical_example,8.337067345329723e-05
299,2,29,porod_behaviour,8.336039866411818e-05
300,2,30,secondary_structural_feature,8.881250566544919e-05
301,2,30,s_angle,8.741494188443639e-05
302,2,30,fungal_lectin_expression_pattern,8.480606673091893e-05
303,2,30,infinite_dimensional_lattice,8.47796974770973e-05
304,2,30,hydrogen_bond_infinite_sheet,8.442953586868314e-05
305,2,30,rubidium_manganese_hexathiodiphosphate,8.391873461481145e-05
306,2,30,target_function,8.361358086889507e-05
307,2,30,high_performance,8.304428667038482e-05
308,2,30,diffraction_datum_thorough_analysis,8.285718318174023e-05
309,2,30,c_h_dimensional_network,8.25670702326862e-05
310,2,31,crystallization_water_molecule,8.67463228231536e-05
311,2,31,aromatic_phenyl,8.477927272717295e-05
312,2,31,incident_beam_divergence,8.417967548357934e-05
313,2,31,imine_group,8.35635881282638e-05
314,2,31,test_sample,8.348056323316086e-05
315,2,31,replication_dna_repair,8.283338458627846e-05
316,2,31,water_molecule_nitrate_ion,8.26228819802234e-05
317,2,31,grain_boundary_situate_macrodislocation,8.259582748127877e-05
318,2,31,aryl_substitute_pyrazole_ring,8.25935338315979e-05
319,2,31,storage_ring,8.230428704476246e-05
320,2,32,alpha_elimination,8.377706298747471e-05
321,2,32,o_hydrogen_bond_bond,8.298673509728286e-05
322,2,32,maximum_position,8.223336351724423e-05
323,2,32,supramolecular_array,8.209949645215418e-05
324,2,32,metal_bind_site,8.205299432238768e-05
325,2,32,fluoride_receptor,8.203690882023543e-05
326,2,32,prime_oligonucleotide_primer,8.162101165917144e-05
327,2,32,ribosome_crystal,8.124754251879968e-05
328,2,32,translation_initiation_factor,8.123687397784893e-05
329,2,32,different_formamidinium_cation,8.109376853090114e-05
330,2,33,krause_thorand_amp_alpha,9.173829658929015e-05
331,2,33,large_deviation,9.028919302546368e-05
332,2,33,middot_oh_minus_middot,8.694240079764744e-05
333,2,33,nitrogen_donor,8.578180747767282e-05
334,2,33,common_zone,8.567660888721864e-05
335,2,33,stereogenic_center_dienone_structure,8.429213964774898e-05
336,2,33,macrocyclic_boronic_ester,8.317975841083352e-05
337,2,33,subtle_question,8.311840201165315e-05
338,2,33,coordinate_atom_coordination,8.304819870878704e-05
339,2,33,benzene_ring_system,8.299396981128665e-05
340,2,34,sulfate_anion_melaminium_cation,8.634303585959826e-05
341,2,34,framework_form_group,8.562618347439331e-05
342,2,34,spectral_range,8.561877623017037e-05
343,2,34,exact_random_walk_technique,8.445115244697386e-05
344,2,34,tetragonal_space_group,8.363658493345475e-05
345,2,34,space_group_inversion_centre,8.348033974497307e-05
346,2,34,mutational_analysis,8.26639645997915e-05
347,2,34,anion_o_atom,8.251778375084258e-05
348,2,34,vertex_n_atom,8.248183295547335e-05
349,2,34,ultra_small_angle,8.227786979898446e-05
350,2,35,phosphonoacetate_carbonyl,8.529051627614168e-05
351,2,35,dimensional_network_generate_interaction,8.501953638557676e-05
352,2,35,nitrosohydroxylaminato_group_plane,8.392066734963083e-05
353,2,35,movable_x_ray_tube,8.317197545453951e-05
354,2,35,phase_tool,8.285654824677935e-05
355,2,35,considerable_angle_distortion,8.277906778037559e-05
356,2,35,deleterious_effect,8.270733997883281e-05
357,2,35,xrd_result_dta_datum,8.266182823569482e-05
358,2,35,bulk_modulus,8.243874650519568e-05
359,2,35,crystallographic_b_axis,8.219686316050734e-05
360,2,36,oleum_reaction,8.634274172869483e-05
361,2,36,strontium_site,8.428941741613286e-05
362,2,36,solvothermal_condition_acid,8.378718451989653e-05
363,2,36,diguanidinium_hexafuorosilicate_crystal_structure,8.340698040385709e-05
364,2,36,magnetic_field_presence,8.321528866655052e-05
365,2,36,birefringence_percentage_hexagonality,8.227758858302216e-05
366,2,36,covariance_analysis_mean,8.196097026779308e-05
367,2,36,high_temperature,8.194006915032939e-05
368,2,36,serine_extension,8.167699631429239e-05
369,2,36,chemical_calculation,8.143279785568713e-05
370,2,37,si_hg,8.932405090874962e-05
371,2,37,slightly_ureido_ring_plane,8.836060044596961e-05
372,2,37,o_atom_site_symmetry,8.506009680869726e-05
373,2,37,low_dose,8.422644228115872e-05
374,2,37,phosphonoacetate_carbonyl,8.393681113776274e-05
375,2,37,cmcm_structure,8.388173838949047e-05
376,2,37,mutant_structure,8.300455842561012e-05
377,2,37,cis_configuration_coii_atom,8.296871388734228e-05
378,2,37,two_family,8.292112637904011e-05
379,2,37,y_o_bond_length,8.291583286358765e-05
0,3,0,model_target,7.391889556088641e-05
1,3,0,function_intramolecular_motion,7.287602252558345e-05
2,3,0,positive_anomcc,7.236304811794886e-05
3,3,0,complete_model,7.222956475018487e-05
4,3,0,powder_diffraction_datum,7.199257609719725e-05
5,3,0,network_polymer,7.194038175081998e-05
6,3,0,c_alpha_atom,7.19192215878301e-05
7,3,0,diffraction_profile_fourier_coefficient,7.18494207972869e-05
8,3,0,bath_conformation,7.174762808908255e-05
9,3,0,inhibitor_covalent_adduct,7.171693377968216e-05
