,run,topic,terms,p
ase,8.507150108512246e-05
1,1,0,homo_olefin,8.502653284008444e-05
2,1,0,crystal_structure_dimensional_connection,8.411728990678632e-05
3,1,0,crystallographic_description,8.394572291326473e-05
4,1,0,rotate_incline_monochromator,8.379889788487272e-05
5,1,0,derivative_benzophenone_methyl,8.328468637864148e-05
6,1,0,coherent_light_source,8.313809168092356e-05
7,1,0,dimer_two_family,8.288135881838444e-05
8,1,0,low_barrier_hydrogen_bond,8.254207961190272e-05
9,1,0,temperature_range_cover_furnace,8.24569655353134e-05
10,1,1,figure_aspartate_histidine,8.679500916595158e-05
11,1,1,bromide_water_anion,8.543267304070344e-05
12,1,1,o_owater_h,8.518729360560102e-05
13,1,1,phase_technique,8.51736529066455e-05
14,1,1,proinflammatory_cytokine,8.401649248197499e-05
15,1,1,dimensional_supramolecular_framework,8.31372368147417e-05
16,1,1,quotient_graph,8.29995298028098e-05
17,1,1,synchrotron_x_ray_microtomography,8.297080372221815e-05
18,1,1,symmetry_fix_site,8.25276896421776e-05
19,1,1,minus_anion_sandwich_cation,8.190773265515642e-05
20,1,2,c_prime_atom_tran,8.91779933748241e-05
21,1,2,only_si_framework,8.840054465426426e-05
22,1,2,core_polarization,8.52007541841313e-05
23,1,2,methanol_thiocarbonohydrazide_triazole,8.458646607810303e-05
24,1,2,x_ray_transparent_diamond,8.434385105493096e-05
25,1,2,laue_geometry,8.409144447315867e-05
26,1,2,active_site_histidine_residue,8.298182041749404e-05
27,1,2,drop_vapor_diffusion_method,8.283481825920228e-05
28,1,2,methoxybenzene_ring_tolyl_plane,8.277462858542845e-05
29,1,2,n_methylpropionamide_group,8.266190972937938e-05
30,1,3,c_o_h,8.773524969801499e-05
31,1,3,beamline_control,8.704417576006286e-05
32,1,3,nuclear_receptor,8.419342016242086e-05
33,1,3,lithium_ion_battery,8.387521714612486e-05
34,1,3,chlorpropamide_polymorph,8.36421198334324e-05
35,1,3,typical_case,8.34187125784709e-05
36,1,3,aring_h_pi_distance,8.309814813402842e-05
37,1,3,dna_bind_protein,8.249502389297519e-05
38,1,3,b_aring_c,8.231078580687942e-05
39,1,3,beta_oxidative_addition,8.18979337078086e-05
40,1,4,crystal_bragg_spot_shape,8.510756541825918e-05
41,1,4,peak_shape_angular_dependence,8.307538879117021e-05
42,1,4,chloride_reaction_product,8.296971190202244e-05
43,1,4,enhance_solubility,8.296623508675148e-05
44,1,4,k_low_temperature,8.24131907940459e-05
45,1,4,multi_body,8.222972321757502e-05
46,1,4,equatorial_plane_position,8.221161064647276e-05
47,1,4,o_keto_tautomer,8.205181091574839e-05
48,1,4,silicon_crystal_performance_test,8.198137591783468e-05
49,1,4,extensive_hydrogen_bond_interaction,8.151268585077978e-05
50,1,5,new_optical_system,8.841997859329622e-05
51,1,5,k_gt,8.640925183856222e-05
52,1,5,term_emphanisis,8.560721182249337e-05
53,1,5,centrosymmetric_structure_case,8.516700576501036e-05
54,1,5,aromatic_h_atom,8.414589217472235e-05
55,1,5,dispersion_surface_excitation,8.360637086047273e-05
56,1,5,crystal_habit,8.252447606983625e-05
57,1,5,significant_drift,8.195330073241924e-05
58,1,5,mutually_tran_configuration,8.193212918502281e-05
59,1,5,crystal_chemical_reaction_process,8.189000024309198e-05
60,1,6,future_prospect,8.52179527641136e-05
61,1,6,optimize_structure,8.517863612996597e-05
62,1,6,b_axis_ribbon,8.4633027428382e-05
63,1,6,precise_fip,8.400978789920553e-05
64,1,6,yiii_atom,8.369600504718589e-05
65,1,6,helix_group_helix,8.33474833613284e-05
66,1,6,independent_molecule,8.296384891138236e-05
67,1,6,oxidative_fold,8.27311244930141e-05
68,1,6,incident_x_ray_wave,8.228617182890242e-05
69,1,6,type_ii_cohesin_module,8.226425378516278e-05
70,1,7,thienyl_hydrogen_bond,8.679986150710763e-05
71,1,7,middot_racemic_asymmetric_unit,8.5433377110061e-05
72,1,7,eno_salt_cocrystal,8.361133535005446e-05
73,1,7,tert_butyl_isocyanide_group,8.328535751008741e-05
74,1,7,simultaneously_operate_experimental_station,8.320479587795322e-05
75,1,7,important_example,8.29501624421157e-05
76,1,7,ligand_phen_chelate,8.23816273562838e-05
77,1,7,mpr_ctb_polyalanine_linker,8.204481606020898e-05
78,1,7,peer_review,8.139931140306825e-05
79,1,7,helical_shape,8.128193181659125e-05
80,1,8,van_der_waals_force,8.70532771298749e-05
81,1,8,f_angle,8.653718991595643e-05
82,1,8,arbitrary_density_modification_technique,8.501930997738765e-05
83,1,8,scatter_curve_property,8.366057094423886e-05
84,1,8,amine_n_imine_n,8.348974596811555e-05
85,1,8,lang_projection,8.326146641428063e-05
86,1,8,tds_interference_function,8.258086921664597e-05
87,1,8,glycoluril_system_separate_ring,8.218049247259854e-05
88,1,8,residue_calcium,8.177847661476296e-05
89,1,8,x_as_p,8.174275091942067e-05
90,1,9,short_contact,9.343136099935325e-05
91,1,9,be_crystal,8.700455226306936e-05
92,1,9,proper_subgroup,8.695452251313672e-05
93,1,9,promise_alternative_fuel,8.678542856809246e-05
94,1,9,anneal_experiment,8.636914542550069e-05
95,1,9,coronaviridae_family,8.592002070419167e-05
96,1,9,exhibit_intramolecular_hydrogen_bond,8.530824079572168e-05
97,1,9,octahedral_manner,8.348165817510866e-05
98,1,9,amide_h_atom,8.230086481381019e-05
99,1,9,inversion_relate_benzimidazole_group,8.163272834675496e-05
100,1,10,ultra_small_angle_neutron,8.581455682382739e-05
101,1,10,correction_factor,8.441525605962001e-05
102,1,10,amorphous_phase,8.438810105030326e-05
103,1,10,rietveld_refinement,8.428250849901326e-05
104,1,10,weak_intermolecular_pi_pi,8.387118984930493e-05
105,1,10,intestinal_colonization_important_process,8.385606565086047e-05
106,1,10,flexible_nature,8.374862969991612e-05
107,1,10,central_benzene_ring_deg,8.338396692301478e-05
108,1,10,temperature_b,8.332924506164216e-05
109,1,10,or_b,8.314104759621664e-05
110,1,11,alpha_prime_polymorph,8.808316041690712e-05
111,1,11,pep_core,8.686827626054188e-05
112,1,11,monosolvate_pentahydrate,8.440397962320359e-05
113,1,11,cell_size,8.375995602151173e-05
114,1,11,correspond_variance_average_period,8.368695061938494e-05
115,1,11,remarkable_result,8.358041061607114e-05
116,1,11,aluminium_digermanide,8.275220804965336e-05
117,1,11,dynamical_diffraction,8.251612876061142e-05
118,1,11,transcription_initiation,8.244079850931183e-05
119,1,11,current_antibiotic_treatment,8.223500420014123e-05
120,1,12,o_h_intramolecular_deg,8.427738007183526e-05
121,1,12,squaric_acid_h_atom,8.424723559862893e-05
122,1,12,nbsp_time_atom,8.37600183749661e-05
123,1,12,fan_previously_propose_method,8.356112373002205e-05
124,1,12,coordinate_complex,8.327115480382942e-05
125,1,12,oligomerization_state,8.288112416515144e-05
126,1,12,trustful_relevant_result,8.234692712807523e-05
127,1,12,mu_mu,8.194019578184902e-05
128,1,12,reduce_form,8.163649751045781e-05
129,1,12,resolution_function_geometrical_factor,8.15495291663132e-05
130,1,13,perk_activation,9.268138157795841e-05
131,1,13,square_pyramidal,8.880964351677005e-05
132,1,13,incline_endo_terminal_ring,8.632126384072274e-05
133,1,13,distort_octahedral_structure,8.382657791996063e-05
134,1,13,coii_atom_coordinate,8.341166578011514e-05
135,1,13,adduct_find_distance,8.302484014013309e-05
136,1,13,energy_density,8.296481158290873e-05
137,1,13,syringaldehyde_molecule,8.267301013275774e-05
138,1,13,oxetane_ring_respect,8.245509868168535e-05
139,1,13,stable_net_crystallographic_net,8.244144510113724e-05
140,1,14,fringe_visibility,8.603424539439232e-05
141,1,14,amino_group,8.575212652398632e-05
142,1,14,l_phenylalanine_molecule,8.378617517744757e-05
143,1,14,chemical_energy_environment,8.349649262958673e-05
144,1,14,subunit_report_small_terminase,8.320613896655827e-05
145,1,14,dihredral_angle,8.286868539885384e-05
146,1,14,alumina_membrane_surface,8.283135253190488e-05
147,1,14,trigonal_monoclinic_form,8.278608230408563e-05
148,1,14,acid_acid,8.2691615545518e-05
149,1,14,dominate_film,8.226254987738613e-05
150,1,15,laue_diffraction,8.82043550741893e-05
151,1,15,sro_cuo_system_investigation,8.620696532390324e-05
152,1,15,water_molecule_nitrate_ion,8.610780539918646e-05
153,1,15,modern_diffraction_methodology,8.579857539871223e-05
154,1,15,slightly_different_similar_condition,8.515697460210758e-05
155,1,15,substrate_ubiquitination_efficiency,8.456504428107502e-05
156,1,15,aring_plusmn_value,8.393447209945469e-05
157,1,15,purified_protein,8.320259233510247e-05
158,1,15,tetrahedral_pyramidal,8.291088001535938e-05
159,1,15,catalysis_view,8.28816538193543e-05
160,1,16,methanol_vapor_exposure,8.567146645476491e-05
161,1,16,c_h_plane,8.56129902879024e-05
162,1,16,bound_automorphism,8.457372618674922e-05
163,1,16,acid_reversible_dehydration,8.400525988713475e-05
164,1,16,aring_o_contact,8.400025226886183e-05
165,1,16,tpsi_magnitude,8.398176305789748e-05
166,1,16,l_dihydroorotate,8.365160575951575e-05
167,1,16,tetramer_shape_difference_account,8.323718287506621e-05
168,1,16,ester_moiety_pyridine_ring,8.306381297248477e-05
169,1,16,tetragonal_structure_type,8.29322075249264e-05
170,1,17,scatter_signal,8.798838556923547e-05
171,1,17,physiological_condition,8.686811056528773e-05
172,1,17,protein_model_build,8.531056014874599e-05
173,1,17,middot_hydrate,8.356350951921242e-05
174,1,17,carboxylate_group_benzene_ring,8.262510921330698e-05
175,1,17,bond_system,8.16489778334065e-05
176,1,17,mir_multiple_isomorphous_replacement,8.156462463802097e-05
177,1,17,undulator_period,8.155993298487468e-05
178,1,17,sulfate_anion_r,8.148714778480773e-05
179,1,17,inh_isonicotinylhydrazine,8.148682705431517e-05
180,1,18,crystallographic_b_axis,8.847747010554492e-05
181,1,18,catalyst_initiator,8.660929935499775e-05
182,1,18,nucleocapsid_protein_interest,8.522826619289679e-05
183,1,18,zn_o_bond_distance,8.432987751104833e-05
184,1,18,severe_developmental_defect,8.385019215325337e-05
185,1,18,nmr_spectrum,8.346144563457875e-05
186,1,18,dimensional_architecture,8.300468234234565e-05
187,1,18,magnitude_measure_need,8.260995909889771e-05
188,1,18,facility_user,8.242777153673659e-05
189,1,18,ring_open,8.204117729039978e-05
190,1,19,determination_various_example,9.020065945527175e-05
191,1,19,viz_analogue_i,8.501102167348481e-05
192,1,19,ester_moiety,8.43922390279161e-05
193,1,19,phase_tool,8.363260174731608e-05
194,1,19,nanopillar_vertical_correlation_increase,8.322453063828407e-05
195,1,19,vapour_diffusion,8.311964194480328e-05
196,1,19,strong_o_h,8.29486290698725e-05
197,1,19,idealize_molecular_geometry_library,8.2842283978733e-05
198,1,19,rh_n_bond_length,8.27532815361854e-05
199,1,19,correct_intensity_statistical_error,8.2740995650164e-05
200,1,20,o_bond_length_si,8.610919087525035e-05
201,1,20,synthesize_material_majority,8.419149246413945e-05
202,1,20,bacterial_speceis,8.365457177639268e-05
203,1,20,approximately_deg,8.360366269373536e-05
204,1,20,selenomethionine_contain_variant,8.34198884710413e-05
205,1,20,absolute_optical_chirality,8.336595363948255e-05
206,1,20,difference_map,8.306933725526006e-05
207,1,20,program_reference,8.304399158605361e-05
208,1,20,amino_acid_identity,8.250361572171131e-05
209,1,20,mu_o_tetrakis_complex,8.247294687164625e-05
210,1,21,respective_phenyl,8.951113381023856e-05
211,1,21,heterodyne_xpcs_experiment_result,8.586744468767915e-05
212,1,21,horse_breed_industry,8.582731490674103e-05
213,1,21,quantitative_comparison,8.490564859559574e-05
214,1,21,diffraction_spot,8.429683796597995e-05
215,1,21,resolution_phase,8.429618890864236e-05
216,1,21,x_ray_area,8.426899885602586e-05
217,1,21,ctb_region,8.418866001660437e-05
218,1,21,hirudin_c_terminal_peptide,8.395047010973785e-05
219,1,21,resonant_curve,8.36018127009715e-05
220,1,22,l_gamma,8.682946721382048e-05
221,1,22,total_function,8.680711356820602e-05
222,1,22,math_domain,8.65181119007859e-05
223,1,22,femtosecond_scale_xfel_pulse,8.616936576487602e-05
224,1,22,high_ratio,8.554655326686732e-05
225,1,22,van_der_waals_interaction,8.491195910838702e-05
226,1,22,newly_create_stereogenic_centre,8.428007502192168e-05
227,1,22,synchrotron_source,8.400074028768175e-05
228,1,22,time_period,8.366070707543531e-05
229,1,22,short_cd,8.338443929136494e-05
230,1,23,oxygen_transport,8.396560941291808e-05
231,1,23,krause_thorand_amp_alpha,8.368722213061368e-05
232,1,23,measurement_alignment_procedure,8.339669903707281e-05
233,1,23,oxide_material_precursor,8.27414282605761e-05
234,1,23,macrocyclic_n_atom,8.272675473086645e-05
235,1,23,important_influence,8.246387907166316e-05
236,1,23,anion_one_f_atom,8.208704589701175e-05
237,1,23,enterprise_innovation,8.185292108924233e-05
238,1,23,pulse_electron_beam,8.111446032237581e-05
239,1,23,incident_neutron_wavelength,8.084992759213425e-05
240,1,24,position_extra_peak_intensity,8.89616025836503e-05
241,1,24,catalyst_initiator,8.628753012482317e-05
242,1,24,coordinate_ybiii_atom,8.531125871524073e-05
243,1,24,train_personnel,8.501807919623116e-05
244,1,24,general_formula_family,8.348239427381261e-05
245,1,24,n_s_angle,8.343849020371076e-05
246,1,24,diffractometer_control,8.262692214503063e-05
247,1,24,prime_n_diethyl_n,8.253957980408954e-05
248,1,24,bind_cargo,8.252432217025458e-05
249,1,24,central_piperidone_plane,8.249969242127311e-05
250,1,25,phase_transition,8.861866589199254e-05
251,1,25,different_crystallization_environment,8.58449640100292e-05
252,1,25,k_absorption_edge,8.581494063310854e-05
253,1,25,square_tetrahedral_pyramidal,8.487705141552648e-05
254,1,25,algebraic_method,8.455037754794619e-05
255,1,25,amide_group_interplanar_angle,8.454311311774238e-05
256,1,25,maximally_diverse_condition,8.45276050434673e-05
257,1,25,density_segmentation,8.441401126959346e-05
258,1,25,one_h_atom,8.371761615535361e-05
259,1,25,overall_temperature_parameter,8.354811909268983e-05
260,1,26,structure_ring,8.813520119092679e-05
261,1,26,naphthyl_ring_plane,8.668726792497256e-05
262,1,26,pseudo_dimeric,8.659303663025829e-05
263,1,26,luminescent_property,8.556241734184715e-05
264,1,26,ring_phenylene,8.451132336454048e-05
265,1,26,nano_microcrystal,8.273311236394059e-05
266,1,26,axial_position_phenyl_group,8.271270391508807e-05
267,1,26,structural_evolution,8.270382228090999e-05
268,1,26,lignin_relate_biphenyl,8.220623425387043e-05
269,1,26,saxs_camera,8.218630743275143e-05
270,1,27,ground_beam_line,8.916570882482582e-05
271,1,27,centrosymmetric_n,8.548847910785675e-05
272,1,27,adaptor_protein,8.333165093186412e-05
273,1,27,substrate_target_amino_group,8.273855274686711e-05
274,1,27,drug_resistance,8.271486555674873e-05
275,1,27,molecular_fragment_dynamic,8.268886961946868e-05
276,1,27,aetiologic_agent,8.26831850464435e-05
277,1,27,vanadyl_group,8.240857893106468e-05
278,1,27,fan_amp,8.210615179319229e-05
279,1,27,cytoplasmic_kinase_domain,8.209070345885239e-05
280,1,28,particular_emphasis,9.202890853257667e-05
281,1,28,multimodular_scaffoldin,8.556597315705563e-05
282,1,28,result_calculation,8.544679260733474e-05
283,1,28,crystalline_lithium_oxide,8.474432255971441e-05
284,1,28,expect_value,8.4646938482129e-05
285,1,28,uranium_derivatis_protein_protein,8.44791853616137e-05
286,1,28,gas_load_setup,8.416973102337211e-05
287,1,28,several_variant,8.359497072865627e-05
288,1,28,guanidine_cation_acceptor_atom,8.352171480858239e-05
289,1,28,template_nmr_structure_use,8.35199635844955e-05
290,1,29,inversion_symmetry,8.631274145309491e-05
291,1,29,k_domain_l_domain,8.589349427233743e-05
292,1,29,layer_assemble,8.388208156178046e-05
293,1,29,polymer_battery,8.319740091119236e-05
294,1,29,high_symmetry,8.313691987602435e-05
295,1,29,cryomethod_brief_overview,8.271884246401407e-05
296,1,29,o_deg,8.242468744345788e-05
297,1,29,hgii_atom,8.239373721414938e-05
298,1,29,matthews_probability_solvent_content,8.206871745977088e-05
299,1,29,influenza_virus,8.181906723831786e-05
300,1,30,cation_chain,8.717505714398603e-05
301,1,30,c_owater,8.557363712047231e-05
302,1,30,well_crystal_form,8.462121899316466e-05
303,1,30,synchrotron_datum,8.450624188741021e-05
304,1,30,minus_adci_anion,8.303876982771877e-05
305,1,30,alpha_polymorph,8.298602680593239e-05
306,1,30,zachariasen_extinction_correction_application,8.250279333567685e-05
307,1,30,anomalous_signal,8.241003322276081e-05
308,1,30,chemical_energy,8.226844977138408e-05
309,1,30,electron_carrier,8.173976589609862e-05
310,1,31,soft_x_ray_microscope,9.070181042109378e-05
311,1,31,average_error,8.464503760104508e-05
312,1,31,asymmetric_unit_triazine_molecule,8.388750288362635e-05
313,1,31,wave_point,8.379360748290305e-05
314,1,31,carbohydrate_structure,8.315032582117176e-05
315,1,31,crystal_system,8.212237062372527e-05
316,1,31,minus_deg,8.20631778464777e-05
317,1,31,cellular_process,8.159320729891313e-05
318,1,31,thienyl_hydrogen_bond,8.136246335269345e-05
319,1,31,well_case,8.096483790736867e-05
320,1,32,global_damage,8.762963224603257e-05
321,1,32,dodecyl_chain,8.724701227792779e-05
322,1,32,molecule_form_dimer_inversion,8.473278136678345e-05
323,1,32,ptp_prime_prime_prime,8.42112409326543e-05
324,1,32,ho_atom,8.339999986999166e-05
325,1,32,cu_ion,8.339838374581139e-05
326,1,32,fascinate_drawing,8.331949932655644e-05
327,1,32,weight_fraction,8.294184664355828e-05
328,1,32,rhomboedric_z,8.265912382745997e-05
329,1,32,rotation_axis_element_precision,8.26565178725314e-05
330,1,33,diffraction_condition_degradation,8.49790046809202e-05
331,1,33,microgravity_condition,8.444319689399678e-05
332,1,33,low_index_structure_factor,8.415174529185658e-05
333,1,33,half_uncoordinated_water_molecule,8.396012481044678e-05
334,1,33,k_range,8.321392935769267e-05
335,1,33,atomic_scatter_calculation,8.317932739344365e-05
336,1,33,upcoming_commission_test_detail,8.2561917269748e-05
337,1,33,sofa_chair,8.204147564642615e-05
338,1,33,solvent_parameter,8.201842719454284e-05
339,1,33,extinction_correction,8.157471204243826e-05
340,1,34,ureido_ring,8.67078185255442e-05
341,1,34,vertical_correlation,8.566319845268412e-05
342,1,34,triplet_phasis,8.406065587642793e-05
343,1,34,protein_crystal_trial_calculation,8.377900803660126e-05
344,1,34,middot_methanoic_acid_disolvate,8.374380403743502e-05
345,1,34,flap_position_n_atom,8.311487041867979e-05
346,1,34,needle_growth_dissolution,8.225534955818882e-05
347,1,34,extracellular_signal_regulate_kinase,8.212647405029478e-05
348,1,34,inorganic_hybrid,8.178682818718911e-05
349,1,34,unsmooth_scatter_datum,8.165614361052102e-05
350,1,35,crystallization_condition_relative_stability,8.459752401926402e-05
351,1,35,give_configuration,8.435485262525764e-05
352,1,35,s_aring_f_interaction,8.404550514985441e-05
353,1,35,theoretical_framework,8.39647451612176e-05
354,1,35,gpa_diamond_anvil_cell,8.386025037779886e-05
355,1,35,bond_metallic_nature,8.375847850247025e-05
356,1,35,rubber_mechanical_viscoelastic_property,8.366148240717081e-05
357,1,35,fmn_adenylylation,8.351261724951365e-05
358,1,35,chelate_acetato_ligand,8.305660548818887e-05
359,1,35,observe_molecular_conformation,8.276146703563699e-05
360,1,36,mirror_plane_atom,8.568674080003315e-05
361,1,36,stock_solution_give_set,8.512969569702186e-05
362,1,36,virulence_determinant,8.427961564628666e-05
363,1,36,reverse_saturable_absorption,8.391304019421184e-05
364,1,36,different_metal_substitute_form,8.355028883940061e-05
365,1,36,conformational_flexibility,8.301492903058947e-05
366,1,36,powder_pattern_procedure,8.300373797087541e-05
367,1,36,spine_standard,8.29679660457683e-05
368,1,36,beamline_angular_acceptance,8.283827243152148e-05
369,1,36,group_presence,8.276673408982303e-05
370,1,37,conduct_reaction,8.902983344331238e-05
371,1,37,scatter_vector,8.594718702235964e-05
372,1,37,high_heat_load,8.393762901124844e-05
373,1,37,oxalate_ligand_bridge,8.330912448410922e-05
374,1,37,crystal_structure_component,8.302559048825339e-05
375,1,37,target_function,8.280741789602343e-05
376,1,37,figure_dioxygen,8.256338019902226e-05
377,1,37,tc_onset_temperature,8.254283316723778e-05
378,1,37,directional_intermolecular_interaction,8.251667414242557e-05
379,1,37,solvent_accessibility_correlation,8.236492801368373e-05
380,1,38,current_decade_end,8.477222304919482e-05
381,1,38,propagate_chain,8.466077925706474e-05
382,1,38,x_ray_diffraction_experiment,8.421759721366906e-05
383,1,38,peptide_main_chain,8.405735876460204e-05
384,1,38,precise_structural_information,8.276949591328405e-05
385,1,38,statistical_error_band,8.209586662037071e-05
386,1,38,v_atom,8.20777755024542e-05
387,1,38,nh_c_segment,8.191334647587212e-05
388,1,38,benzimidazolyl_group,8.185777354712899e-05
389,1,38,cycliz_reaction,8.144489915993652e-05
390,1,39,l_phosphonium_substitute_hydrazone,8.602997202419624e-05
391,1,39,excite_wavefield_amplitude,8.585859877832602e-05
392,1,39,n_diethylpentanaminium_fragment,8.448686803321154e-05
393,1,39,significant_drift,8.422371668642258e-05
394,1,39,dimensional_incommensurate_modulation,8.4196758560815e-05
395,1,39,chloride_bridge,8.408732255326926e-05
396,1,39,protein_arrangement,8.401242807096615e-05
397,1,39,datum_protein_structure,8.393716303420272e-05
398,1,39,primary_nitramino_group,8.3556093780816e-05
399,1,39,silica_analogue,8.272800570700401e-05
400,1,40,micrometre_range,8.579632621513496e-05
401,1,40,reference_photon_energy,8.524621505281474e-05
402,1,40,trigonal_form,8.355882153769943e-05
403,1,40,regular_tetrahedron,8.340297914584391e-05
404,1,40,high_flux,8.334765575738898e-05
405,1,40,invariant_direct_observation,8.332394646800945e-05
406,1,40,substitute_cyclopentadienyl,8.260963704233016e-05
407,1,40,density_map,8.251056901901034e-05
408,1,40,intermolecular_o_h,8.220580633495935e-05
409,1,40,bridge_chloro_ligand,8.201200971769755e-05
410,1,41,measure_triplet_phasis,8.872798431803643e-05
411,1,41,pseudo_mm_symmetry_element,8.849542027870089e-05
412,1,41,two_dimensional_saxs_pattern,8.654460011811975e-05
413,1,41,extensive_dimensional_network,8.399080742751405e-05
414,1,41,interplanar_angle,8.384407294703992e-05
415,1,41,crystal_absorption,8.376970160902705e-05
416,1,41,derivative_urea,8.363221392212237e-05
417,1,41,pumilus_acetylxylan_esterase,8.325648614252424e-05
418,1,41,middot_iminodiacetate_dianion,8.307444408679232e-05
419,1,41,room_temperature_crystal,8.290133972124813e-05
420,1,42,half_uncoordinated_water_molecule,8.715418108307005e-05
421,1,42,effective_elastic_tensor,8.61103457356088e-05
422,1,42,cyclohexene_oxide_polyamine_reaction,8.449713654319372e-05
423,1,42,current_description,8.220123908782817e-05
424,1,42,high_sequence_identity,8.204576902038546e-05
425,1,42,th___plusmn,8.195369895523189e-05
426,1,42,structural_variation,8.161151783348642e-05
427,1,42,substituent_deg,8.114446188757926e-05
428,1,42,high_pressure,8.099123263758142e-05
429,1,42,pyramidal_coordination_geometry,8.098875855325912e-05
430,1,43,water_hydroxyl_shell,8.835696508942062e-05
431,1,43,independent_vibrational_datum,8.674001806740972e-05
432,1,43,chelate_nccn_group,8.580626937329652e-05
433,1,43,magnetic_scatter_length_profile,8.57373806639059e-05
434,1,43,accurate_formulation,8.527207942745416e-05
435,1,43,d_c,8.519436610171663e-05
436,1,43,model_uniqueness,8.379597517101963e-05
437,1,43,substrate_access,8.357764075109257e-05
438,1,43,adsc_quantum_ccd_detector,8.324435629361953e-05
439,1,43,thiocyanate_anion_bidentate_function,8.287398647207811e-05
440,1,44,usual_powder_diffraction_technique,8.71979055090173e-05
441,1,44,mononuclear_complex,8.532666726887931e-05
442,1,44,ngal_dimer,8.523570165896935e-05
443,1,44,translation_initiation,8.35911396225025e-05
444,1,44,delaney_symbol_method,8.303656687269703e-05
445,1,44,dilanthanum_lithium,8.286863949997882e-05
446,1,44,examine_structure_dianion,8.20524073734815e-05
447,1,44,library_application,8.131199962952948e-05
448,1,44,free_surface,8.118325249412938e-05
449,1,44,electron_storage_ring,8.116646136711968e-05
450,1,45,fragment_bond,8.634284798966711e-05
451,1,45,mixture_quantitative_mineralogical_analysis,8.617476901881433e-05
452,1,45,physiological_role,8.542193859395137e-05
453,1,45,mandelic_acid_acid,8.405279845303102e-05
454,1,45,residue_consist_enzyme,8.362254696474848e-05
455,1,45,cubic_silicon,8.32128389782894e-05
456,1,45,sofa_chair_conformation,8.286601882903355e-05
457,1,45,great_crystal,8.22429798661869e-05
458,1,45,valuable_information,8.164847908066671e-05
459,1,45,crystallographic_study,8.161584439443242e-05
460,1,46,pure_potassium_dihydrogen,9.650154010141839e-05
461,1,46,moiety_interaction,8.693650364550632e-05
462,1,46,discuss_static_structure,8.649684309411687e-05
463,1,46,holz_line,8.399212867669597e-05
464,1,46,plant_pathogen_virulence,8.320393516979978e-05
465,1,46,photographic_method_requirement_advantage,8.291356374807598e-05
466,1,46,incommensurate_magnetic_order,8.247123158439851e-05
467,1,46,luminescent_material_laser_host,8.21755987015248e-05
468,1,46,viz_derivative_crystal_structure,8.187780760656747e-05
469,1,46,xpd_technique,8.169882838454709e-05
470,1,47,heterodyne_xpcs_result,8.601300258426153e-05
471,1,47,bc_plane,8.439034361342543e-05
472,1,47,common_graphical_user_interface,8.398407775353456e-05
473,1,47,crystalline_organic_inorganic_hybrid,8.382143004911003e-05
474,1,47,individual_reflection_maximum_position,8.371611869898477e-05
475,1,47,pyromellitate_anion,8.361703667954145e-05
476,1,47,spectral_range,8.32922873038191e-05
477,1,47,trans_a_b,8.303940767728455e-05
478,1,47,protein_crystallization_process,8.280629898962946e-05
479,1,47,edp_diffraction_spot_position,8.181071686247799e-05
480,1,48,crystallographically_independent_anion,8.866724011493085e-05
481,1,48,additional_information,8.663447946798623e-05
482,1,48,beta_dominate_film,8.638304117896839e-05
483,1,48,student_simple_apparatus,8.429925923449444e-05
484,1,48,inelastic_neutron,8.376929101439116e-05
485,1,48,near_zone_axis_orientation,8.342431324956448e-05
486,1,48,f_link,8.269509526965929e-05
487,1,48,quinoline_ring_system_naphthalene,8.256208933199292e-05
488,1,48,well_fit_curve,8.247721392181447e-05
489,1,48,ultra_low_temperature,8.242845697284326e-05
490,1,49,close_region,8.404481085391885e-05
491,1,49,centrosymmetric_dimer_yield,8.318810073449269e-05
492,1,49,add_effect,8.313195368197973e-05
493,1,49,diffraction_datum_set,8.311740742327589e-05
494,1,49,circle_diffractometer_collimator,8.2966650143075e-05
495,1,49,customize_crystallization_cocktail,8.240822779980569e-05
496,1,49,material_mixture,8.24080435578219e-05
497,1,49,enzyme_ligand_hydrogen,8.207369301837489e-05
498,1,49,additional_membered_ring,8.149556093198396e-05
499,1,49,static_distortion,8.134210792126189e-05
0,2,0,molecular_crystal,7.354774046604013e-05
1,2,0,anomeric_effect,7.294857826983347e-05
2,2,0,cf_autocorrelation_function,7.286041415017888e-05
3,2,0,anisotropic_displacement_parameter,7.23549097988715e-05
4,2,0,initio_function,7.209246906221477e-05
5,2,0,dimesional_supramolecular_architecture,7.183566622784022e-05
6,2,0,adaptor_protein,7.156687257337541e-05
7,2,0,axially_elongate_phen_tcnoet,7.129185378111802e-05
8,2,0,mosaic_investigate_crystal,7.122888126799001e-05
9,2,0,le_le_charge_compensation,7.122560324093115e-05
