,run,topic,terms,p
8.221937954701797e-05
1,1,0,anti_disposition,8.207966277366912e-05
2,1,0,n_thiourea_h_atom,8.182360982450278e-05
3,1,0,pack_hydrogen_bond,8.109290172512153e-05
4,1,0,ligand_point,8.03291058771498e-05
5,1,0,acceptor_hydrogen_bond_donor,8.022458818721304e-05
6,1,0,homogeneity_step,8.01520906090892e-05
7,1,0,protein_fact,7.998792885714019e-05
8,1,0,structure_comparable_contribution,7.996605535388776e-05
9,1,0,biaxial_test_machine,7.982848554472801e-05
10,1,1,porous_alumina_membrane,8.59390733312195e-05
11,1,1,peptidoglycan_uncrosslinked_tripeptide_bond,8.368615318014592e-05
12,1,1,post_column,8.202237072292813e-05
13,1,1,relative_orientation,8.079778719530564e-05
14,1,1,vertex_collision,8.022118280823794e-05
15,1,1,alpha_carboxy_terminal_subdomain,8.005389248875135e-05
16,1,1,pseudouridine_rrna_uridine,7.987759081380186e-05
17,1,1,difluorobenzyloxy_ring_pyrimidine,7.97614395999369e-05
18,1,1,adjacent_site,7.94633334433971e-05
19,1,1,uncertainty_reflection_intensity,7.925557475460535e-05
20,1,2,distort_octahedral_cr_atom,8.141326656535253e-05
21,1,2,common_know_problem,8.023391585841545e-05
22,1,2,communication_path,7.983912543786457e-05
23,1,2,vertebrate_dinucleotide,7.955507412205397e-05
24,1,2,dsc_curve,7.943332044907275e-05
25,1,2,luminescent_material,7.911365751060313e-05
26,1,2,math_domain,7.893562627862374e-05
27,1,2,hydrogen_atom_anisotropic_motion,7.891886497121578e-05
28,1,2,chemical_shift,7.876061488561515e-05
29,1,2,operational_crystallographic_laboratory_network,7.851250857688344e-05
30,1,3,cis_junction,8.277949847254075e-05
31,1,3,fourier_transform,8.224334121125964e-05
32,1,3,molecular_oxygen_bind_space,8.135195919498185e-05
33,1,3,human_recombinant_tetranectin,8.113179460863538e-05
34,1,3,crystallographic_direction,8.099640205072706e-05
35,1,3,cylinder_dimension,8.07046614846277e-05
36,1,3,infinite_zigzag_chain,8.04609118008388e-05
37,1,3,bidentate_ligand,8.001203019402655e-05
38,1,3,chain_angle_deg_deg,7.999555986324671e-05
39,1,3,s_triphenylmethyl,7.988856863427953e-05
40,1,4,collagen_model_polypeptide,7.996639268063471e-05
41,1,4,transmembrane_kinase,7.994036601486578e-05
42,1,4,exact_fiber_identity_period,7.95687437886935e-05
43,1,4,bridge_bipyridine_ligand,7.94604766231939e-05
44,1,4,difference_molecular_similarity,7.8944156496826e-05
45,1,4,use_extend_record,7.888752611035377e-05
46,1,4,uncrosslinked_tripeptide,7.88646858228356e-05
47,1,4,chemical_composition,7.884299649424876e-05
48,1,4,hydrogen_sulfate_anion,7.857921369288706e-05
49,1,4,superlattice_reflection,7.849116395907626e-05
0,2,0,a_factor,8.203571703360812e-05
1,2,0,immune_system_evasion,8.059553141245729e-05
2,2,0,dithiolane_ring,8.025633426008749e-05
3,2,0,dispersion_comment,7.954721127164341e-05
4,2,0,human_disease_cell_differentiation,7.85630325102663e-05
5,2,0,triazole_group,7.811018788125311e-05
6,2,0,model_completeness,7.798201302987797e-05
7,2,0,dna_protein_complex,7.748772992528966e-05
8,2,0,inorganic_organic_layer,7.737901010211108e-05
9,2,0,t_a,7.713397205870281e-05
10,2,1,scatter_geometry,7.88783421119675e-05
11,2,1,normal_bond_length,7.87252283435803e-05
12,2,1,cost_function,7.816880122143791e-05
13,2,1,true_space_group,7.786396165755045e-05
14,2,1,acceptor_hydrogen_bond_donor,7.757533343000377e-05
15,2,1,pyrimidine_imidazole,7.71145475969977e-05
16,2,1,program_suite_crystfel,7.706718756007816e-05
17,2,1,micellar_core,7.694565883850996e-05
18,2,1,bulk_material,7.677074799812633e-05
19,2,1,publish_datum,7.674754458082868e-05
20,2,2,correct_intensity,8.164793681066062e-05
21,2,2,deprotonat_ppt_ligand,8.013231078532216e-05
22,2,2,matrix_eigenvalue_spectrum,8.001978524116031e-05
23,2,2,guanidinium_cation,7.987212962032083e-05
24,2,2,condition_record_experimental_datum,7.900321509127804e-05
25,2,2,middot_polymeric_znii_atom,7.817494036000877e-05
26,2,2,computer_program,7.815529974120023e-05
27,2,2,iii_dimeric_complex,7.695553916895648e-05
28,2,2,tricyclic_core,7.690396652849601e-05
29,2,2,hexagonal_crystal_form,7.663768523801026e-05
0,3,0,substitute_meso_position_phenyl,7.42590094381091e-05
1,3,0,similar_calculation,7.270206323999432e-05
2,3,0,quinohaemoprotein_alcohol_similar_feature,7.208225251658175e-05
3,3,0,direct_image,7.194531025223985e-05
4,3,0,central_c_c_respect,7.181987498395253e-05
5,3,0,lipid_enclose_transport_vesicle,7.179436898881877e-05
6,3,0,sample_ambient,7.173605670730452e-05
7,3,0,hexane_acetonitrile,7.159926596822839e-05
8,3,0,vehicle_alternative_fuel_source,7.158347614887896e-05
9,3,0,dislocation_contrast,7.153649158491027e-05
