,run,topic,terms,p
metry,8.740570819217952e-05
1,1,0,correlation_analysis,8.696613424022532e-05
2,1,0,e_pathway,8.351064032745946e-05
3,1,0,function_possible_speculation,8.301900609166969e-05
4,1,0,systematic_formic_acid,8.194248966242637e-05
5,1,0,configuration_assignment,8.123331487451746e-05
6,1,0,characterization_fully_automatic_screen,8.107403813504073e-05
7,1,0,piano_stool_geometry,8.099629302838927e-05
8,1,0,primary_imine,8.082947444771914e-05
9,1,0,emerge_new_structure,8.047321454145265e-05
10,1,1,chiral_space_group_crystallize,8.620422287419184e-05
11,1,1,elemental_absorption,8.580751616445563e-05
12,1,1,monodentate_carboxylate,8.569032046528926e-05
13,1,1,only_si_framework,8.553338309878194e-05
14,1,1,coherent_inelastic_cross_section,8.391251531764456e-05
15,1,1,dimensional_search,8.331948402645594e-05
16,1,1,aring_neighbour_molecule,8.14442263139157e-05
17,1,1,sulfur_site,8.1363032151241e-05
18,1,1,mix_film,8.114399346574605e-05
19,1,1,chemical_energy,8.07502510079285e-05
20,1,2,neighbour_anion,9.080750010875969e-05
21,1,2,complement_pathway,8.655411751158168e-05
22,1,2,peo_pep_sls_contrast,8.597459272044822e-05
23,1,2,flexible_beta_hinge_region,8.525040673112666e-05
24,1,2,layer_oxhalide,8.462298457727285e-05
25,1,2,mycoplasma_pneumonia,8.3681613910294e-05
26,1,2,estimate_standard_deviation,8.266863182978572e-05
27,1,2,potential_medical_application_derivative,8.192875500666462e-05
28,1,2,p_level,8.107750771563465e-05
29,1,2,n_s_angle,8.099789443223287e-05
30,1,3,estimate_standard_deviation,8.363701453899718e-05
31,1,3,naphthoquinone_skeleton_periphery,8.278722125957633e-05
32,1,3,microbial_gaba_transaminase,8.275628924560676e-05
33,1,3,t_a_w,8.212898253534391e-05
34,1,3,o_n_atom,8.157976902598444e-05
35,1,3,trigonal_region,8.149214286063933e-05
36,1,3,anomeric_effect,8.123408583460906e-05
37,1,3,ellipse_axis,8.079623103016402e-05
38,1,3,nonparametric_kernel_density,8.073959651133996e-05
39,1,3,hydrazide_carboxylate_group,8.055664387309127e-05
40,1,4,soft_c_h,8.310587183779934e-05
41,1,4,diamagnetic_complex,8.252005491407642e-05
42,1,4,sulfur_bond,8.157928114168664e-05
43,1,4,component_twin,8.146891021057862e-05
44,1,4,thermally_preparable_orthovanadate,8.098850856479044e-05
45,1,4,exclusive_formation,8.080206478600604e-05
46,1,4,respectively_ii_i,8.073149455539747e-05
47,1,4,c_deg_rotation,8.064872774877578e-05
48,1,4,cl_hydrogen_bond_interaction,8.050139477653946e-05
49,1,4,pyridinium_ring_cation,8.025815374979666e-05
50,1,5,rubber_polymer,8.251522774726028e-05
51,1,5,isostructure_crystal,8.248464443161811e-05
52,1,5,spatial_temporal_control,8.2254661328527e-05
53,1,5,great_similarity,8.216482208665055e-05
54,1,5,stoe_furnace,8.208470529100136e-05
55,1,5,potential_hydrogen_storage_material,8.205897505307355e-05
56,1,5,relative_structure_factor,8.150329975818027e-05
57,1,5,pattern_formation,8.146088591612477e-05
58,1,5,bulk_volume_compression,8.100433286660907e-05
59,1,5,chain_motif,8.087537994609039e-05
60,1,6,well_fit,8.598169078604084e-05
61,1,6,hyperbolic_dimensional_layer_structure,8.401450262815985e-05
62,1,6,tpsi_sign_large_value,8.399361602268458e-05
63,1,6,iodide_ligand,8.261585770881094e-05
64,1,6,fip_large_value,8.149416741782547e-05
65,1,6,tpsi_magnitude,8.111738759602657e-05
66,1,6,external_action_subject_crystal,8.106725085201471e-05
67,1,6,asymmetric_unit_molecule_crystal,8.099523361699132e-05
68,1,6,sesrga_crystal,8.071535587645701e-05
69,1,6,lot_method_successful_application,8.031753602763327e-05
70,1,7,monoclinic_space_group,8.351607066771006e-05
71,1,7,hydrate_proton_transfer_hydrate,8.29115396264164e-05
72,1,7,polyunsaturat_fatty_acid,8.238124313554446e-05
73,1,7,propose_site,8.21873501984239e-05
74,1,7,amide_bond_benzoyl_pi,8.191968417284946e-05
75,1,7,unit_weight,8.183138962097307e-05
76,1,7,p_spectrum,8.162714984884456e-05
77,1,7,prominent_role,8.162369020183933e-05
78,1,7,distort_octahedral_cr_atom,8.150941450314189e-05
79,1,7,bind_heavy_atom_cluster,8.106393205364534e-05
80,1,8,short_intermolecular_contact,8.498171576804193e-05
81,1,8,useful_negative_relation,8.261534292752978e-05
82,1,8,silica_matrix,8.20706943761827e-05
83,1,8,aloe_arborescen,8.16816346933158e-05
84,1,8,carboxylate_amino,8.134173626893175e-05
85,1,8,central_growth,8.127859404182406e-05
86,1,8,premature_association,8.12635374274769e-05
87,1,8,activity_decrease,8.104093483636226e-05
88,1,8,stack_pyridine,8.095409490888117e-05
89,1,8,mn_distance,8.073981035834991e-05
90,1,9,precursor_peptide,8.54107774028749e-05
91,1,9,morpholine_ring_c_atom,8.384787342007834e-05
92,1,9,fmn_adenylylation,8.30870932919026e-05
93,1,9,kato_fringe_visibility,8.280700397648002e-05
94,1,9,infinite_chain,8.19978824766343e-05
95,1,9,stack_molecule,8.182111595832366e-05
96,1,9,goniometer_design_geometry,8.172532042653536e-05
97,1,9,human_expert,8.171066293316934e-05
98,1,9,amidrazonate_n_atom,8.156247999637e-05
99,1,9,issue_understand,8.149335030437206e-05
0,2,0,crystal_surface_beam,7.726345697980329e-05
1,2,0,exact_solution,7.717660647398057e-05
2,2,0,thermal_contribution,7.677200659961143e-05
3,2,0,cation_sphere,7.653028500515305e-05
4,2,0,co_linear,7.628836095070474e-05
5,2,0,chiral_chain,7.624098538515978e-05
6,2,0,pyridoxine_prime_pnpoxs_oxidase,7.616460781856029e-05
7,2,0,ring_plane_maximum_deviation,7.518154529191362e-05
8,2,0,escherichia_coli_clone,7.515341982141483e-05
9,2,0,cyclic_ring,7.511667551608655e-05
10,2,1,metal_lattice_hydrate_molecule,7.856973335808174e-05
11,2,1,didysprosium_aluminium_digermanide,7.8255312813942e-05
12,2,1,polarization_factor,7.741469499768173e-05
13,2,1,well_case,7.649413341500561e-05
14,2,1,single_wavelength_anomalous_scatter,7.621115814246094e-05
15,2,1,viral_nucleocapsid_protein_arrangement,7.61519056541998e-05
16,2,1,bpy_bipyridine,7.561962414144107e-05
17,2,1,complex_crystal,7.557557402200486e-05
18,2,1,phenylene_ring,7.552865501119528e-05
19,2,1,powder_diffraction_technique,7.552840483435025e-05
