,run,topic,terms,p
s_cm,8.576616761402138e-05
1,1,0,monoprotonated_ethanediamine_molecule_cation,8.227104087212315e-05
2,1,0,atomic_model_refinement,8.169195558651294e-05
3,1,0,equimolar_mixture_k,8.131785382473968e-05
4,1,0,water_methanol_solvate_molecule,8.108926431194402e-05
5,1,0,pyromellitate_anion,8.100091495641667e-05
6,1,0,wide_variety,8.080817930080024e-05
7,1,0,catena_mu_structure,8.061129997734538e-05
8,1,0,position_extra_peak_intensity,8.034601294297744e-05
9,1,0,tim_barrel_interaction,8.031684255738895e-05
10,1,1,low_background_material,8.74970697507251e-05
11,1,1,chloride_ligand,8.546005014030052e-05
12,1,1,terephthalate_dianion_hydrogen_bond,8.318842524436104e-05
13,1,1,approximately_deg_dihedral_angle,8.217310399310234e-05
14,1,1,near_physiological_temperature,8.203190609412745e-05
15,1,1,peer_review_article,8.183428415028837e-05
16,1,1,time_period,8.125316500513529e-05
17,1,1,envelope_sofa_conformation,8.112942746810192e-05
18,1,1,s_site,8.071846827686257e-05
19,1,1,trigonal_planar_coordination_geometry,8.067133248906203e-05
20,1,2,present_chemical_specie_nature,8.53916666823257e-05
21,1,2,call_pole_figure_measurement,8.329188280580247e-05
22,1,2,free_base,8.303900487403145e-05
23,1,2,wave_polarization_component,8.300072169104911e-05
24,1,2,computer_architecture,8.241331858543846e-05
25,1,2,function_possible_speculation,8.218806503116877e-05
26,1,2,angular_dependence,8.200894215367717e-05
27,1,2,ribosome_microcrystal,8.1954190634937e-05
28,1,2,c_h_numb,8.122230400146767e-05
29,1,2,transmit_beam_intensity_loss,8.074298617462301e-05
30,1,3,p_aring_bond_distance,8.635986712703034e-05
31,1,3,membered_heterocycle,8.494799065851015e-05
32,1,3,modification_state,8.430856964423501e-05
33,1,3,prime_ligand_n_atom,8.401201460907203e-05
34,1,3,terpyridine_transition_metal,8.379454510669983e-05
35,1,3,bridge_ligand_act_ligand,8.295042241966507e-05
36,1,3,theory_poor_agreement,8.154445776223627e-05
37,1,3,powder_diffraction_experiment_series,8.121398374872126e-05
38,1,3,crystal_diffraction,8.100441171048936e-05
39,1,3,low_contrast,8.060603097921112e-05
40,1,4,acta_crystallographica_section_e,9.610226666415206e-05
41,1,4,compact_formula,8.59848470288776e-05
42,1,4,image_hrtem_edp,8.523513079845768e-05
43,1,4,electron_microscopy,8.39238806992236e-05
44,1,4,hexagonal_o_distance_ge,8.379757130222525e-05
45,1,4,specific_radiation_damage_indication,8.358735138304819e-05
46,1,4,proximal_tail_vertebra,8.30520551244584e-05
47,1,4,magnetic_order_information,8.25003685432518e-05
48,1,4,volume_reduction,8.233104205956538e-05
49,1,4,hydrogen_bond_behaviour,8.152553675689841e-05
50,1,5,cyclic_dimer,8.517767154602429e-05
51,1,5,pi_crystalline_complex,8.44843478280555e-05
52,1,5,tube_compose_new_detector,8.415354554257976e-05
53,1,5,degradation_premature_association,8.399614380749502e-05
54,1,5,qualitatively_direct_comparison,8.391884422717157e-05
55,1,5,sufficient_quality,8.301586416838426e-05
56,1,5,planar_benzene_ring,8.262009246634195e-05
57,1,5,ethanol_solution,8.254170001114576e-05
58,1,5,tetrahedral_tetrachloridozincate,8.229162767798987e-05
59,1,5,growth_sector_boundary,8.22280708804934e-05
60,1,6,downward_diffraction_laue_spot,8.922252184860268e-05
61,1,6,dimensional_deformity,8.415589660069843e-05
62,1,6,diffraction_geometry_fringe_eacute,8.382547442828787e-05
63,1,6,dy_eu_analogue,8.30616652218374e-05
64,1,6,middot_minus_crystal_structure,8.29389632948146e-05
65,1,6,xpd_use,8.25899314512752e-05
66,1,6,oxidative_carbon_phosphoru,8.258060729233172e-05
67,1,6,circular_symmetry,8.221410664055608e-05
68,1,6,heptamer_alpha_crystal,8.19055798058976e-05
69,1,6,technology_technique,8.1713287391324e-05
70,1,7,l_ligand,8.871899993670122e-05
71,1,7,chemo_resistance_disease_recurrence,8.636335191566019e-05
72,1,7,slightly_different_conformation,8.571990713373691e-05
73,1,7,da_method_high_resolution,8.491889093495795e-05
74,1,7,substituent_deg,8.457651240968642e-05
75,1,7,diastereoselectivity_high_degree,8.388775535730061e-05
76,1,7,benzopyranone_ring_deg,8.28227695440431e-05
77,1,7,connectivity_constitution_atomic_coordinate,8.165260343313427e-05
78,1,7,proteasome_regulate_component,8.160367375513579e-05
79,1,7,energy_save_procedure,8.120386476405567e-05
80,1,8,original_crystal,8.587245820817557e-05
81,1,8,angular_increment,8.5405529407189e-05
82,1,8,correct_solution,8.330445107366429e-05
83,1,8,crystallization_phase_diagram_region,8.297397858843253e-05
84,1,8,weak_c_h_pair,8.203848841891736e-05
85,1,8,be_thick_w_foil,8.173477779124669e-05
86,1,8,heterocycle_majority,8.145641063490932e-05
87,1,8,triazolophenanthroline_result_bay,8.100325078147601e-05
88,1,8,widely_solvent_content_estimate,8.077692314161194e-05
89,1,8,ring_system_pi_interaction,8.072870080025556e-05
90,1,9,economic_loss,8.651471910525559e-05
91,1,9,square_planar_geometry_ligand,8.407346594367644e-05
92,1,9,structural_relationship,8.38905363567105e-05
93,1,9,three_orthorhombic_crystal,8.302256346710619e-05
94,1,9,various_o_h,8.280086643080089e-05
95,1,9,future_test_possible_material,8.20821275887989e-05
96,1,9,cyclopentane_ring,8.183822639526946e-05
97,1,9,oxetane_ring_respect,8.172937907574051e-05
98,1,9,poly_coordination_polymer,8.12819822369555e-05
99,1,9,in_site,8.127454570655855e-05
100,1,10,new_type,8.514666894392299e-05
101,1,10,antivirulence_drug,8.321663531222206e-05
102,1,10,sime_lattice_parameter,8.297390112670285e-05
103,1,10,crystallographic_group,8.245358091515057e-05
104,1,10,pattern_decomposition_method,8.173829588207307e-05
105,1,10,individual_spine,8.168282023806595e-05
106,1,10,bridge_group,8.168270666724823e-05
107,1,10,way_touch,8.166264371327206e-05
108,1,10,absorption_energy_low_energy,8.14504579381735e-05
109,1,10,femtosecond_scale,8.144597228291987e-05
110,1,11,numeric_differentiation,8.64561991325763e-05
111,1,11,hydrazide_carboxylate,8.340331185698896e-05
112,1,11,nucleotide_contain_protein,8.226875049828765e-05
113,1,11,histidine_residue,8.182713434027903e-05
114,1,11,standard_chair_conformation,8.086254115138454e-05
115,1,11,methoxyphenyl_ring,8.081842964410427e-05
116,1,11,datum_process,8.050020467014127e-05
117,1,11,reaction_chamber,8.041500338958795e-05
118,1,11,phosphatidylinositide_pi_substrate_activity,8.031452743120775e-05
119,1,11,screw_axis,8.029661069286278e-05
120,1,12,transmission_laue_case,8.692308452159257e-05
121,1,12,square_pyramidal_configuration,8.583469571335786e-05
122,1,12,n_s_distance,8.485001359381187e-05
123,1,12,o_h_plane_parallel,8.309893130994545e-05
124,1,12,substrate_metal_bind_hydrolysis,8.243897978129642e-05
125,1,12,refine_structure,8.156592237906634e-05
126,1,12,ligand_l_structure_composition,8.150115617064281e-05
127,1,12,ex_situ_sample,8.125989125589233e-05
128,1,12,middot_minus_middot_crystal,8.107470003706018e-05
129,1,12,dysprosium_trinitrate,8.090697841042946e-05
130,1,13,n_diethylpentanaminium_fragment,8.56076209517064e-05
131,1,13,decay_rate,8.415527653607526e-05
132,1,13,han_amp,8.325822439676668e-05
133,1,13,ni_presence_melt,8.300250569888392e-05
134,1,13,independent_sum,8.257169031961663e-05
135,1,13,water_molecule_o_atom,8.243749400883544e-05
136,1,13,rubber_polymer,8.228297330070476e-05
137,1,13,receptor_ligand,8.21258601676429e-05
138,1,13,alternative_fuel_source,8.187070477834282e-05
139,1,13,finite_measurement_range,8.18560100617473e-05
140,1,14,pr_structure,8.618645930451424e-05
141,1,14,aring_contact,8.468501698000851e-05
142,1,14,n_s_angle,8.412812796876245e-05
143,1,14,prime_cation,8.367673434143277e-05
144,1,14,novel_structure,8.355535961020047e-05
145,1,14,pyramidal_coordination,8.332205795556076e-05
146,1,14,polymer_solution,8.327165826169115e-05
147,1,14,benzene_ring_coplanarity,8.313435294097245e-05
148,1,14,middot_br_minus,8.302707432102906e-05
149,1,14,residue_tyrosine_nearby_arginine,8.245931018559458e-05
150,1,15,bc_plane_parallel,8.749389363539181e-05
151,1,15,superconduct_parent,8.543371852450158e-05
152,1,15,refine_unit_cell_dimension,8.489184163745503e-05
153,1,15,raman_spectroscopy,8.475539487991185e-05
154,1,15,empirical_fit_function,8.36321074007578e-05
155,1,15,nitrate_dissimilation,8.351933854298637e-05
156,1,15,crystal_structure_stabilization,8.350481529684985e-05
157,1,15,methoxybenzoyl_group,8.251783822557938e-05
158,1,15,trigonal_planar_coordination_geometry,8.223784142841673e-05
159,1,15,magnitude_measure_need,8.21298241671039e-05
160,1,16,pi_intermolecular_hydrogen_bond,8.592137722577642e-05
161,1,16,envelope_protein,8.521495144134306e-05
162,1,16,complex_bis_mu_acid,8.497436959179856e-05
163,1,16,structural_genomic_program,8.424480081657499e-05
164,1,16,seed_storage,8.423882355432772e-05
165,1,16,electron_density_decay,8.40183680694732e-05
166,1,16,azo_n_atom,8.34488182924663e-05
167,1,16,cctbx_bulk_solvent_correction,8.294015219477129e-05
168,1,16,ag_separation,8.280543861469245e-05
169,1,16,antipyrine_benzene_ring,8.136018163378496e-05
170,1,17,fundamental_diffraction_equation,8.431424651995569e-05
171,1,17,parallel_trajectory,8.336503923161856e-05
172,1,17,recombinant_enzyme,8.275467678819413e-05
173,1,17,thermal_decomposition,8.228438090690477e-05
174,1,17,adjacent_subunit,8.193954199481311e-05
175,1,17,correspond_pr,8.176000709982326e-05
176,1,17,methylate_dna,8.160087222328412e-05
177,1,17,schiff_base_pyridine_ring,8.151595963749908e-05
178,1,17,absorption_background_scatter,8.148912019844331e-05
179,1,17,new_anionic_architecture,8.144590728382957e-05
180,1,18,centrosymmetric_acid_h_atom,8.6864673051852e-05
181,1,18,lie_spiro_c_atom,8.551587764084927e-05
182,1,18,ring_mean_plane,8.341731341717132e-05
183,1,18,available_rotation,8.310941419313267e-05
184,1,18,volume_twin_domain_fraction,8.285128229043764e-05
185,1,18,s_p_tolyl,8.268690885893498e-05
186,1,18,tetrahedron_angle,8.242350298474235e-05
187,1,18,situ_observation,8.16242300620429e-05
188,1,18,interdigitat_phenyl_ring,8.152023400591842e-05
189,1,18,cl_ion_displacement,8.137033955792204e-05
190,1,19,amorphous_natural_aluminosilicate,8.55334349709004e-05
191,1,19,profile_technique,8.531761810691473e-05
192,1,19,nb_twofold_rotation_axis,8.487517566608418e-05
193,1,19,monoclinic_z,8.399570255879158e-05
194,1,19,spm_polycrystalline,8.298603024652431e-05
195,1,19,crystallographically_observe_molecular_structure,8.270556627743842e-05
196,1,19,terminal_n_atom,8.252006773224398e-05
197,1,19,x_ray_interferometry,8.243766143298974e-05
198,1,19,slow_dehydration,8.236137119572952e-05
199,1,19,methylsulfanyl_group_pyrrolidine_substituent,8.216925641694389e-05
0,2,0,group_mn_atom,7.404391249610158e-05
1,2,0,water_coordinate_znii_atom,7.359804990667148e-05
2,2,0,further_microscopic_scale_investigation,7.276518183119428e-05
3,2,0,active_site_nucleophile,7.270790952997244e-05
4,2,0,centrosymmetric_component_adduct,7.219087918272266e-05
5,2,0,accurate_intensity_measurement_purpose,7.209517060624442e-05
6,2,0,define_examination_temperature,7.192207836141043e-05
7,2,0,incident_neutron_wavelength,7.172915319648224e-05
8,2,0,dna_hydroxymethylation,7.162071451770024e-05
9,2,0,nondestructive_technique,7.16167349146684e-05
