,run,topic,terms,p
est,8.341976516998977e-05
1,1,0,representative_member,8.310024247610884e-05
2,1,0,infinite_dimensional_network,8.298177734712293e-05
3,1,0,two_ester_molecule,8.272419729779875e-05
4,1,0,output_file,8.18966171879224e-05
5,1,0,analytical_expression,8.176848366173072e-05
6,1,0,gastric_mucosa,8.1359914770955e-05
7,1,0,tube_count_rate,8.121951896057742e-05
8,1,0,dppm_ligand,8.107289491591074e-05
9,1,0,b_type_site,8.096098372587078e-05
10,1,1,fourier_component,8.473264102225214e-05
11,1,1,carbamoyl_phosphate,8.370555638309956e-05
12,1,1,immunoaffinity_metal_affinity_chromatography,8.334610901471549e-05
13,1,1,remarkable_property,8.170086088189739e-05
14,1,1,methoxyphenyl_group,8.154986468938424e-05
15,1,1,inositol_hydrolysis,8.123242316240812e-05
16,1,1,previous_method,8.120879422012538e-05
17,1,1,thiocyanate_ligand_n_atom,8.058167398859823e-05
18,1,1,pd_p,8.043828487263859e-05
19,1,1,solvent_parameter,8.005295246928862e-05
20,1,2,homodimeric_kda_pyruvate_structure,8.559217094448713e-05
21,1,2,root_framework,8.326995548345045e-05
22,1,2,main_structural_form_motif,8.252775108485634e-05
23,1,2,salt_solvate,8.145088036958562e-05
24,1,2,cl_hydrogen_bond,8.141250663173205e-05
25,1,2,datum_set_systematic_difference,8.13053562610953e-05
26,1,2,crystal_normalize_structure_factor,8.076133787578323e-05
27,1,2,bicapp_trigonal_prismatic_geometry,8.075054144684948e-05
28,1,2,dutp_pyrophosphatase,8.071617471580326e-05
29,1,2,imidazole_ring_inhibitor,8.063464389841099e-05
30,1,3,heavy_atom_derivative_crystal,8.793889026017451e-05
31,1,3,viral_replication_template,8.432325125048411e-05
32,1,3,dimensional_pucker_network,8.432215957789758e-05
33,1,3,affinity_intein,8.300956451726882e-05
34,1,3,human_disease_broad_spectrum,8.258903228397011e-05
35,1,3,z_benzyloxycarbonyl,8.250065506654857e-05
36,1,3,soft_x_ray_region,8.223254721081374e-05
37,1,3,hexafluoridophosphate_anion_cation,8.197207938475297e-05
38,1,3,target_site,8.188937195174564e-05
39,1,3,molecular_electron_density,8.17476444632186e-05
40,1,4,parameter_method_sample,8.618203732072859e-05
41,1,4,focus_device,8.447494879571e-05
42,1,4,lamellar_microdomain,8.433997479128722e-05
43,1,4,electron_density_peak,8.279060580501261e-05
44,1,4,z_dna,8.231382235742773e-05
45,1,4,energy_save_key_technology,8.22161360196961e-05
46,1,4,nearly_molecular_geometry,8.166222218506301e-05
47,1,4,reduction_product,8.050814597301264e-05
48,1,4,k_edge,8.044976593420602e-05
49,1,4,rietveld_refinement_program,8.0348425594269e-05
50,1,5,large_temperature_range,8.610996599738587e-05
51,1,5,strongly_distort_octahedron,8.424274360893942e-05
52,1,5,control_sample,8.39519111810087e-05
53,1,5,n_oxide,8.256894258619943e-05
54,1,5,polycrystal_gross_physical_property,8.248362504304457e-05
55,1,5,n_cu,8.136923036711511e-05
56,1,5,cmcm_structure,8.118645564694919e-05
57,1,5,monoanion_minus_middot_complex,8.104108120669302e-05
58,1,5,vm_micro_be,8.088886862288285e-05
59,1,5,bc_aring_plusmn_bth,8.040739101399584e-05
60,1,6,b_ring_link,8.635717325311662e-05
61,1,6,tautomeric_form,8.384427625580246e-05
62,1,6,report_study,8.20987821362479e-05
63,1,6,double_diffraction,8.201461102839325e-05
64,1,6,molecule_half,8.175368429334661e-05
65,1,6,coordinate_ligand_uranium_atom,8.14572221495047e-05
66,1,6,ring_adopt_chair_conformation,8.115738358251416e-05
67,1,6,ctd_conformational_status,8.09478874873938e-05
68,1,6,pi_pi_interaction,8.091845757546326e-05
69,1,6,property_structure,8.08456028041818e-05
70,1,7,mpr_ctb_polyalanine_linker,8.401702546023314e-05
71,1,7,pi_stack_interaction,8.378146427750253e-05
72,1,7,catalytic_site_binase_molecule,8.371794300188587e-05
73,1,7,overcorrection_increase_peak,8.314519159965806e-05
74,1,7,quasi_planar_moiety,8.282147420022783e-05
75,1,7,ab_plane_parallel_slab,8.154927144525197e-05
76,1,7,recognition_site,8.109564772809061e-05
77,1,7,high_energy_resolution,8.098961802778297e-05
78,1,7,expect_result,8.092692625907578e-05
79,1,7,entrance_surface,8.089201967247393e-05
80,1,8,isopropanol_acetone_ethanol,8.48715194492985e-05
81,1,8,fock_approximation,8.416760630363243e-05
82,1,8,middot_anion,8.38232784393609e-05
83,1,8,wohlauer_williams_rerefin,8.378849496703108e-05
84,1,8,distrontium_single_crystal,8.325873165313555e-05
85,1,8,photoluminescence_property,8.313349708038901e-05
86,1,8,acceptor_property,8.209261110727455e-05
87,1,8,eubacterial_ribg,8.201040057128195e-05
88,1,8,amine_donor_group,8.177006438714833e-05
89,1,8,ideal_orientation,8.103095748563477e-05
90,1,9,c_c_distance,8.572721455006711e-05
91,1,9,pd_p,8.533627837091342e-05
92,1,9,complex_structure_binase,8.46846223889098e-05
93,1,9,rmerge_value,8.383800501907999e-05
94,1,9,well_structure,8.319587138777974e-05
95,1,9,monoclinic_orthorhombic_phasis,8.304961053769791e-05
96,1,9,diferric_lactoferrin_dicupric_lactoferrin,8.298597872742685e-05
97,1,9,clathrin_bind_site,8.194571784502118e-05
98,1,9,electron_lone_pair,8.182207268543497e-05
99,1,9,middot_complex,8.166661060466664e-05
0,2,0,infinite_s_h,8.146833960961808e-05
1,2,0,high_pressure_research_sample,8.086456855996822e-05
2,2,0,solubiliz_detergent,8.02875319440605e-05
3,2,0,wild_type_enzyme,8.004784117721886e-05
4,2,0,large_asymmetric_unit,7.924394406808957e-05
5,2,0,only_minor_conformational_change,7.90224144073363e-05
6,2,0,timepix_detector,7.878544918432796e-05
7,2,0,mjtim_loop,7.866472048797376e-05
8,2,0,plane_mean_deviation,7.861806707988026e-05
9,2,0,electron_density_peak,7.845141141533583e-05
10,2,1,anharmonic_effect,8.520854629776081e-05
11,2,1,nrfha_complex_crystal_growth,8.392748949486294e-05
12,2,1,alpha_structure,8.077520766342129e-05
13,2,1,simple_sign_relationship,8.028118456914913e-05
14,2,1,anomalously_scatter_atom,8.009391202840666e-05
15,2,1,biological_macromolecule_crystallization,7.98028605720626e-05
16,2,1,cyanobacterium_thermosynechococcus_elongatus,7.939404052714226e-05
17,2,1,elfstr_ouml,7.938682805768799e-05
18,2,1,hydrogenous_material,7.926870158436107e-05
19,2,1,additional_local_disorder,7.882625637317161e-05
20,2,2,vapochromic_crystal,8.37825705133953e-05
21,2,2,n_h_pair_dimer,8.309318975288144e-05
22,2,2,benzotriazole_ring_system,7.976806334564116e-05
23,2,2,scatter_enhance_image_diffraction,7.96071509035606e-05
24,2,2,accurate_description,7.83018827488268e-05
25,2,2,beam_orientation,7.812290002104892e-05
26,2,2,hypothetical_protein,7.785964491327412e-05
27,2,2,critical_point,7.779503818401633e-05
28,2,2,potent_proteasome_inhibitor_bortezomib,7.739136781725797e-05
29,2,2,triazole_group,7.728319244053275e-05
30,2,3,chromeno_ring,8.323413306319316e-05
31,2,3,amine_n_atom,8.25390410455624e-05
32,2,3,high_density_hydrogen,8.247495204721512e-05
33,2,3,sodium_dicyanamide_dafo,8.052638375431253e-05
34,2,3,middot_triazole_ring,7.960209424416777e-05
35,2,3,post_translational_modification,7.939910665416262e-05
36,2,3,donor_molecule,7.86414473990962e-05
37,2,3,n_c_c_chain,7.853152608769193e-05
38,2,3,tridentate_n_atom,7.811170248441105e-05
39,2,3,n_bond,7.810472984506673e-05
0,3,0,gas_load,7.547233532061188e-05
1,3,0,dimension_coincide_crystal_domain,7.466206702940337e-05
2,3,0,polyethylene_glycol,7.45370454548491e-05
3,3,0,oxalate_ion_o_atom,7.266830321648972e-05
4,3,0,substrate_recognition,7.261576896651527e-05
5,3,0,ethoxybenzene_group,7.258532838677528e-05
6,3,0,ionic_surfactant_sodium_dodecyl,7.232695997624026e-05
7,3,0,unsmooth_scatter_datum,7.213121671742206e-05
8,3,0,hkl_index_set,7.191724090043579e-05
9,3,0,high_pressure_high_temperature,7.17903471636747e-05
