,run,topic,terms,p
idue_benzene_ring,8.413298013949711e-05
1,1,0,scan_calorimetry,8.335954470220103e-05
2,1,0,hexadentate_ligand,8.261250340494067e-05
3,1,0,coordinate_sn_atom,8.236879834632318e-05
4,1,0,dimensional_layer_structure,8.220994597219932e-05
5,1,0,solubility_microscopy_measurement,8.21657511786476e-05
6,1,0,inelastic_scatter,8.209762692758723e-05
7,1,0,loop_increase_thermal_stability,8.207359283012607e-05
8,1,0,burgers_vector,8.133457788272615e-05
9,1,0,hetero_antiparallel_form,8.115900615598346e-05
10,1,1,different_beam,8.343426924428301e-05
11,1,1,independent_cation,8.271389044952243e-05
12,1,1,cyclopentane_ring_pucker,8.205726990173202e-05
13,1,1,correspond_solvent_content_sim,8.169706307602003e-05
14,1,1,central_component,8.16631693134001e-05
15,1,1,phase_transition,8.15551523056472e-05
16,1,1,shikimate_pathway,8.145726223077708e-05
17,1,1,dichlorobenzene_ring,8.128189476456396e-05
18,1,1,acetonitrile_molecule_anion,8.082010398345392e-05
19,1,1,paracrystalline_material_disorder,8.046887733152319e-05
20,1,2,likelihood_function,8.572219176845855e-05
21,1,2,czochralski_technique,8.482688142567875e-05
22,1,2,cl_interaction,8.46550622725736e-05
23,1,2,crystallographic_symmetry_molecule,8.381851660227867e-05
24,1,2,beam_stop,8.237211326686484e-05
25,1,2,differential_thermal_analysis,8.227666314372733e-05
26,1,2,middot_ester_molecule,8.171124446914715e-05
27,1,2,w_foil,8.096560947420944e-05
28,1,2,pumilus_acetylxylan,8.05274492074548e-05
29,1,2,channel_type_crystal_structure,8.05198282949416e-05
30,1,3,formic_hydrazide,8.463039193834514e-05
31,1,3,cyclohexanedicarboxylic_acid,8.222270874489258e-05
32,1,3,spiro_pyran_ring,8.185187959564076e-05
33,1,3,dimethylamino_group,8.18460917508618e-05
34,1,3,base_presence,8.18196272392807e-05
35,1,3,methoxy_methyl,8.158091088475826e-05
36,1,3,lipid_enclose_transport_vesicle,8.156810766352885e-05
37,1,3,h_acceptor,8.12992344029636e-05
38,1,3,chromium_vanadium_titanium_dihalide,8.095722555177577e-05
39,1,3,fuse_ring,8.058561628657158e-05
40,1,4,o_pi,8.539853685937928e-05
41,1,4,lorentzian_profile,8.519176863236674e-05
42,1,4,uniform_nanomagnetic_grain,8.337989467938447e-05
43,1,4,pizza_box_stack,8.286797121664353e-05
44,1,4,tls_obtain_component,8.274443623148806e-05
45,1,4,dimeric_cluster_family,8.197040539417658e-05
46,1,4,terephthalate_dianion,8.164784803118679e-05
47,1,4,o_torsion,8.119162688462309e-05
48,1,4,minus_molecule,8.114293792553233e-05
49,1,4,purified_protein,8.105541240582443e-05
50,1,5,transmission_electron_microscopy_scan,8.566558914552775e-05
51,1,5,axis_parallel,8.49707351270879e-05
52,1,5,tautomeric_form,8.372214231334826e-05
53,1,5,dsb_protein,8.330816380747986e-05
54,1,5,carbonylthiourea_group,8.257254668650906e-05
55,1,5,human_carbonic_anhydrase,8.176863349572385e-05
56,1,5,tetradentate_schiff_base_ligand,8.150733680078562e-05
57,1,5,nitrate_ion_o_atom,8.108139812621154e-05
58,1,5,traverse_technique,8.104641539609485e-05
59,1,5,z_dna_structure,8.06295882992772e-05
60,1,6,guanidine_cation,8.685074615305241e-05
61,1,6,step_finite_numb,8.428514213370044e-05
62,1,6,c_alpha_tran,8.241663663892211e-05
63,1,6,n_prime_dihydrate,8.18242665585863e-05
64,1,6,x_ray_interferometry,8.169848762600948e-05
65,1,6,site_disorder_prime_cation,8.162593087009871e-05
66,1,6,mx_beamline_pair,8.149314071181872e-05
67,1,6,owater_bond_zn,8.135340049468496e-05
68,1,6,radius_waals_der,8.130334040115658e-05
69,1,6,half_boat,8.11336166040828e-05
70,1,7,further_research,8.463950647700313e-05
71,1,7,helical_shape,8.37197662676035e-05
72,1,7,zn_o_bond_distance,8.321166747700054e-05
73,1,7,maximum_deformation,8.284575085259536e-05
74,1,7,pulse_source,8.191676995401657e-05
75,1,7,calcite_bassanite_gypsum_ferrite,8.188659235206003e-05
76,1,7,synthesize_material_majority,8.172045651836801e-05
77,1,7,monomer_model,8.097005146488886e-05
78,1,7,dirac_slater,8.082023952152597e-05
79,1,7,autocorrelation_function,8.057940289019465e-05
80,1,8,sulfate_ion,8.51842476064746e-05
81,1,8,storage_ring,8.436635672774164e-05
82,1,8,near_field_speckle,8.407680088001816e-05
83,1,8,solubiliz_detergent,8.221165449819189e-05
84,1,8,magnetic_domain_pair_domain,8.200644647075215e-05
85,1,8,bc_plane_supramolecular_layer,8.19765574647239e-05
86,1,8,reference_wide_range,8.177989042093301e-05
87,1,8,anchor_hemicellulas,8.171814120680106e-05
88,1,8,consideration_dislocation,8.169211698113729e-05
89,1,8,residue_build,8.138768496045728e-05
90,1,9,robl_experimental_hutch,8.963703189574694e-05
91,1,9,psgr_phiv,8.611746250064503e-05
92,1,9,large_substrate,8.292242749067879e-05
93,1,9,homo_olefin,8.287178465696999e-05
94,1,9,benzimidazole_ring_mean_plane,8.27691540155104e-05
95,1,9,successive_gauche_torsion_angle,8.255137732557382e-05
96,1,9,crystal_speciman,8.106102064149119e-05
97,1,9,e_configurat_isomer,8.093729960748663e-05
98,1,9,membrane_stimulate_conformational_change,8.085695541321768e-05
99,1,9,endoribonuclease_call_nonstructural_protein,8.039002059363225e-05
0,2,0,individual_atom,8.157547779616414e-05
1,2,0,crystal_twinning,8.024358721140107e-05
2,2,0,steric_congestion,8.021542746546098e-05
3,2,0,specific_tensor_property,7.931760513744775e-05
4,2,0,enzyme_phosphoethanolamine_transferase,7.88330286065997e-05
5,2,0,pathological_process_multitude,7.838437892440393e-05
6,2,0,optical_rotation,7.827549229678276e-05
7,2,0,rna_process_event,7.827052944048454e-05
8,2,0,ehippase_entamoeba_histolytica,7.812138790073155e-05
9,2,0,strong_substituent_interaction,7.812004768447115e-05
10,2,1,extend_conformation,8.317772713587445e-05
11,2,1,cis_junction,8.127155450772503e-05
12,2,1,xpd_technique,8.092586084496935e-05
13,2,1,plate_sample,7.984701311276826e-05
14,2,1,fortran_compiler,7.96659625424743e-05
15,2,1,sci_usa,7.942814113856699e-05
16,2,1,order_anharmonic_nuclear_motion,7.915089240138299e-05
17,2,1,asymmetric_unit_content,7.904260420753218e-05
18,2,1,ligand_free_form,7.897652126455342e-05
19,2,1,current_antibiotic_treatment_enhancement,7.874689621970506e-05
20,2,2,similar_manner,8.128182408368738e-05
21,2,2,ring_junction_h_atom,8.070297197799989e-05
22,2,2,silver_nitrate,8.064963822132799e-05
23,2,2,lone_pair,7.953940518493031e-05
24,2,2,nucleation_growth_decouple,7.933738335664534e-05
25,2,2,previously_propose_method,7.916873467855017e-05
26,2,2,ester_methoxyimino,7.890317386916364e-05
27,2,2,spine_standard,7.841429144945046e-05
28,2,2,crystal_pack_feature,7.789656582914533e-05
29,2,2,ethanol_solvent,7.780718566097892e-05
30,2,3,pharmaceutical_ingredient,8.27736675691928e-05
31,2,3,structural_homolog,8.144672784848357e-05
32,2,3,benzene_substitution,7.95144185544693e-05
33,2,3,method_basic_concept,7.926858747986314e-05
34,2,3,molecular_complex,7.91384274762692e-05
35,2,3,cap_prime_oligonucleotide_primer,7.904507052772349e-05
36,2,3,pep_core,7.874141631490265e-05
37,2,3,instead_powder_catalytic_reactor,7.86957907949846e-05
38,2,3,inversion_dimer,7.863235110738603e-05
39,2,3,propylaminomethyl_chain,7.856972133519371e-05
