,run,topic,terms,p
ure_k,8.314213523608868e-05
1,1,0,atom_vibration,8.257325161163735e-05
2,1,0,b_ring_link,8.239493698875874e-05
3,1,0,unbind_state,8.178030803202169e-05
4,1,0,current_decade,8.166642646851895e-05
5,1,0,circle_diffractometer_collimator,8.085012779749784e-05
6,1,0,rossendorf_beamline,8.03542547665271e-05
7,1,0,drastic_change,7.991334998000722e-05
8,1,0,protein_domain_definition,7.981571209997212e-05
9,1,0,chlorine_bridge_chain,7.980856051980149e-05
10,1,1,prior_information,8.281347673434041e-05
11,1,1,standard_uncertainty,8.119759201869472e-05
12,1,1,topographic_dislocation_image,8.023269649831452e-05
13,1,1,tran_pyrazine,8.018394665171507e-05
14,1,1,powder_neutron_diffraction,7.902393302029906e-05
15,1,1,geometrical_scheme,7.886737729250986e-05
16,1,1,double_strand_chain_structure,7.883684613234561e-05
17,1,1,crystalline_arrangement,7.880041200167411e-05
18,1,1,sapphire_substrate_niobium_film,7.844378602006983e-05
19,1,1,angular_increment,7.841805106086571e-05
20,1,2,salt_asymmetric_unit,8.205392176056315e-05
21,1,2,le_le_charge_compensation,8.204028832946272e-05
22,1,2,carboxylic_acid_group,8.169257085688893e-05
23,1,2,seven_beta,8.039810647080419e-05
24,1,2,eno_salt_cocrystal,8.035911101836625e-05
25,1,2,pyridine_contain_ligand,8.029563053683949e-05
26,1,2,shikimate_pathway,7.941684545834042e-05
27,1,2,reactor_core,7.941514789504265e-05
28,1,2,impurity_phasis,7.922983861187819e-05
29,1,2,usp_ecr_subunit,7.911611371353191e-05
30,1,3,structural_relationship,8.879639317017518e-05
31,1,3,indazole_mean_plane,8.332483202428716e-05
32,1,3,size_distribution_function,8.113640708601352e-05
33,1,3,deg_cl_te,8.070373062841091e-05
34,1,3,multilamellar_membrane,7.990210730885625e-05
35,1,3,minimum_gap,7.989913936053627e-05
36,1,3,sample_orientation,7.967209597674876e-05
37,1,3,liquid_phase_diagram,7.931008747105435e-05
38,1,3,slightly_distort_chair_conformation,7.917830126560351e-05
39,1,3,pressure_hexagonal_structure_refinement,7.874793686831755e-05
40,1,4,high_completeness,8.19528387076296e-05
41,1,4,ionic_amine_oxide_detergent,8.035896036090708e-05
42,1,4,surface_loop_residue_calcium,8.022561892878237e-05
43,1,4,beta_alpha,7.965778903204094e-05
44,1,4,datamatrix_reader,7.963503705568196e-05
45,1,4,electrophoretic_mobility_shift,7.92973859172005e-05
46,1,4,sn_c_c,7.912102017785706e-05
47,1,4,aring_resolution_high_completeness,7.898055691036711e-05
48,1,4,paroxetine_hemihydrate_arrangement,7.876057424603806e-05
49,1,4,guinier_camera,7.861919644236372e-05
0,2,0,x_interaction,7.343304015578924e-05
1,2,0,scatter_datum_fit_model,7.333006765454077e-05
2,2,0,component_twin,7.309963016069314e-05
3,2,0,stoe_stadi_p_powder,7.259375329657987e-05
4,2,0,kda_iron_metalloenzyme,7.257418477636005e-05
5,2,0,lot_method,7.227038555446967e-05
6,2,0,measurement_series,7.217136296986494e-05
7,2,0,centric_reflection,7.194637117804306e-05
8,2,0,nmr_structure_use,7.184051818255187e-05
9,2,0,asymmetric_shape,7.170556360861321e-05
