,run,topic,terms,p
8536014325774e-05
1,1,0,nitrogen_boron_heterocycle,8.954729655732193e-05
2,1,0,versatile_reader,8.59074856178848e-05
3,1,0,sphere_method,8.490097118383662e-05
4,1,0,new_method,8.308135928789818e-05
5,1,0,external_reflection,8.269970209623231e-05
6,1,0,new_material_find_goal,8.248254080619488e-05
7,1,0,single_nanotube,8.203349830305257e-05
8,1,0,substitute_benzene_ring,8.198290900595913e-05
9,1,0,dimensional_array,8.178741408998495e-05
10,1,1,qian_han_amp,8.716023563854046e-05
11,1,1,minor_twin_fraction,8.693574690814579e-05
12,1,1,stannic_chloride_acid,8.547256382384114e-05
13,1,1,hydrogen_atom_anisotropic_motion,8.441596471026362e-05
14,1,1,sample_flow,8.429776035333898e-05
15,1,1,polyketide_synthase,8.294174877186838e-05
16,1,1,lie_spiro_c_atom,8.251174313301583e-05
17,1,1,bc_plane,8.22744933418327e-05
18,1,1,powder_diffraction_peak,8.223010723561682e-05
19,1,1,salicylic_acid_derivative,8.221449244572027e-05
20,1,2,van_intramolecular_hydrogen_bond,9.086825997366957e-05
21,1,2,benzothiophene_ring_system,8.747001538372203e-05
22,1,2,diffraction_peak,8.655134415505763e-05
23,1,2,n_prime_dihydrate,8.526926029871494e-05
24,1,2,oligomeric_saccharide,8.496096323104945e-05
25,1,2,binary_alloy,8.469025354001528e-05
26,1,2,johann_type,8.461628789982698e-05
27,1,2,multiple_lattice,8.399938783476609e-05
28,1,2,neutron_beam,8.36915037985316e-05
29,1,2,ketone_group,8.326570409463008e-05
30,1,3,long_periodicity,8.722982476003804e-05
31,1,3,graphene_layer,8.534325678966082e-05
32,1,3,ternary_protein_complex,8.46671905557615e-05
33,1,3,anion_benzene_ring,8.438022270087126e-05
34,1,3,pseudouridine_rrna_uridine_isomerization,8.396027010543104e-05
35,1,3,extensive_array,8.37352442610026e-05
36,1,3,concentration_range,8.359906138849946e-05
37,1,3,orthorhombic_crystal_form,8.30088773102078e-05
38,1,3,total_scatter_experiment,8.264184436161041e-05
39,1,3,surface_fractal_dimension,8.261679133040861e-05
40,1,4,stereogenic_center_dienone_structure,8.968539895086665e-05
41,1,4,class_dhod_enzyme,8.567085779890292e-05
42,1,4,plane_wave_incident_condition,8.545859852160429e-05
43,1,4,flash_freeze_crystal,8.522987521430373e-05
44,1,4,structure_factor_phasis_set,8.410149686104257e-05
45,1,4,disorder_portion,8.27958034716616e-05
46,1,4,o_interaction,8.256683144578774e-05
47,1,4,estimate_weight_accuracy,8.248571347046318e-05
48,1,4,independent_complex,8.244023001369512e-05
49,1,4,near_future_likely_development,8.241380391450125e-05
50,1,5,aring_resolution_crystal_structure,8.648438175710215e-05
51,1,5,flavin_mononucleotide_dependent_manner,8.619228636096863e-05
52,1,5,relatively_large_deviation,8.61031587938789e-05
53,1,5,equibiaxial_load_path,8.564781408096528e-05
54,1,5,symmetry_deg_k_deg,8.406961366932832e-05
55,1,5,debye_scherrer_geometry,8.357822253659327e-05
56,1,5,pentamer_formation,8.287557956202948e-05
57,1,5,native_form,8.278508812378122e-05
58,1,5,s_configuration,8.25815505907302e-05
59,1,5,tetrahedron_share_vertex,8.242190912569907e-05
60,1,6,centrosymmetrically_relate_ring,8.84046366738163e-05
61,1,6,energy_scale,8.645457546609497e-05
62,1,6,laue_spot,8.614500910103791e-05
63,1,6,plane_wave,8.563918710100985e-05
64,1,6,hettrick_underwood_scheme,8.43672402134839e-05
65,1,6,identical_dimer_form_molecule,8.374115009971267e-05
66,1,6,two_bridge_acetate,8.356297996904696e-05
67,1,6,normal_equation_invert_matrix,8.323480317644691e-05
68,1,6,o_h_pair,8.316337996930483e-05
69,1,6,cation_membered_ring,8.296834661324307e-05
70,1,7,neighbour_methoxy_group,8.448752039089653e-05
71,1,7,coii_atom,8.370003098584627e-05
72,1,7,solid_state,8.363149377456458e-05
73,1,7,salt_hydrate,8.326536528818029e-05
74,1,7,test_measurement_result,8.311215037475026e-05
75,1,7,multiscale_approach,8.304419398962295e-05
76,1,7,n_cinnamoyl,8.292151570372244e-05
77,1,7,paired_l_ligand,8.264662684177697e-05
78,1,7,new_polymorph_structure,8.24956329952511e-05
79,1,7,big_data_software_technology,8.22243058227744e-05
80,1,8,delaney_symbol_method,8.866481594973772e-05
81,1,8,experimental_phasis,8.843474965975657e-05
82,1,8,aring_planarity,8.60342533124886e-05
83,1,8,observe_polyhedron,8.576744747966173e-05
84,1,8,terminal_benzene_ring,8.498112696921604e-05
85,1,8,theory_poor_agreement,8.429417373262535e-05
86,1,8,meridional_reflection,8.416596697836727e-05
87,1,8,hemi_labile_donor,8.397035192299712e-05
88,1,8,crystallization_experiment_ultimate_test,8.356893535578414e-05
89,1,8,n_substituent,8.34317451144302e-05
90,1,9,pseudo_centrosymmetric_dimer,8.505604083796193e-05
91,1,9,axial_position_methanol_ligand,8.442028975749151e-05
92,1,9,close_contact,8.427776190955138e-05
93,1,9,prime_prime_ligand,8.417225362477123e-05
94,1,9,oxygen_molecule_insertion_reaction,8.396030578057376e-05
95,1,9,lateral_chain,8.345992664065069e-05
96,1,9,unoriented_crystal,8.330308363901738e-05
97,1,9,lead_asymptotic_term,8.330259730610326e-05
98,1,9,corner_share_polyhedron,8.30461272562005e-05
99,1,9,extend_network,8.284475730274885e-05
100,1,10,gamma_atom,8.951690086354601e-05
101,1,10,only_variable_slit,8.841767933310446e-05
102,1,10,c_nbsp_aring_nbsp,8.441450988541615e-05
103,1,10,structure_factor_phasis_set,8.401888543482533e-05
104,1,10,integrate_intensity_independent_variable,8.38242368803392e-05
105,1,10,water_molecule_hydroxy_group,8.353504174234492e-05
106,1,10,uranium_derivatis_protein,8.351322835560759e-05
107,1,10,finite_order_form,8.337249710967446e-05
108,1,10,nitrophenyl_group,8.315339351336772e-05
109,1,10,cyclohexyl_ring,8.309953571746617e-05
110,1,11,zigzag_chain_structure,8.687919892643021e-05
111,1,11,human_mitochondrion,8.639876007502528e-05
112,1,11,catalysis_view_point_interest,8.505152142177117e-05
113,1,11,present_report,8.40318981505457e-05
114,1,11,standard_step,8.362325260238452e-05
115,1,11,sulfonyl_benzene_ring,8.282816776193476e-05
116,1,11,ccd_detector_performance,8.276105632453662e-05
117,1,11,recombinant_tetranectin,8.234060443213359e-05
118,1,11,sphere_pack,8.231365783897395e-05
119,1,11,tetramer_shape,8.224414139171846e-05
120,1,12,acid_reaction,8.85583990754596e-05
121,1,12,mean_o,8.822257062008113e-05
122,1,12,problematic_small_molecule_structure,8.680688226966184e-05
123,1,12,vector_representative,8.680450402687103e-05
124,1,12,catechol_derivative,8.419369305789326e-05
125,1,12,requirement_advantage,8.287738403029206e-05
126,1,12,minus_zwitterion,8.285791949576864e-05
127,1,12,novel_structure,8.256048543967616e-05
128,1,12,thiophene_quinoline_ring,8.219319178608227e-05
129,1,12,direct_comparison,8.214649074063447e-05
130,1,13,main_beam,8.650889509411926e-05
131,1,13,furan_benzene,8.381656471581102e-05
132,1,13,silico_screen,8.342823756353297e-05
133,1,13,property_structure_relationship,8.319574921959246e-05
134,1,13,bacillus_subtili_bacteriophage,8.310325887261908e-05
135,1,13,curve_different_type_distortion,8.241871752580292e-05
136,1,13,cupric_bromide_reaction,8.201662593928055e-05
137,1,13,mpa_atm,8.201094552771389e-05
138,1,13,genome_replication,8.15919454310411e-05
139,1,13,dna_replication,8.14009903210767e-05
140,1,14,dy_coordination,8.740773101455902e-05
141,1,14,single_line_defect,8.593806333071505e-05
142,1,14,seco_dammarane,8.584771045074533e-05
143,1,14,psgr_phiv_goniometer,8.541152393048427e-05
144,1,14,phalacrocorax_carbo_haemoglobin,8.515705620341357e-05
145,1,14,phenyl_ring_pair,8.386896762423477e-05
146,1,14,benzenesulfonic_chloride_sulfonylation_reaction,8.297702856223897e-05
147,1,14,centre_n_h,8.292888421085512e-05
148,1,14,different_datum_process_program,8.282481968062328e-05
149,1,14,weak_n_h,8.220430487191177e-05
150,1,15,strong_mandate,8.544892105916214e-05
151,1,15,essential_virulence_function,8.469733455677197e-05
152,1,15,online_combination,8.445509668896226e-05
153,1,15,typical_deformation,8.380299978723412e-05
154,1,15,cation_group,8.347696312605905e-05
155,1,15,similar_resolution_diffract_crystal,8.335565714782642e-05
156,1,15,pyridine_molecule_dbia_acid,8.32152108132129e-05
157,1,15,present_solution,8.304554478613358e-05
158,1,15,co_p_atom,8.296919221448487e-05
159,1,15,beryllium_monochromator_crystal,8.232993743820729e-05
160,1,16,molecular_chaperone,9.06068532618825e-05
161,1,16,diffraction_quality_crystal_form,9.026803772917053e-05
162,1,16,degradation_premature_association,8.460935326705724e-05
163,1,16,outermost_pyrazole_benzene,8.36937592455377e-05
164,1,16,o_h_intramolecular_formation,8.280773895707164e-05
165,1,16,beta_alkaline_catalytic_domain,8.270584817256438e-05
166,1,16,profile_analysis,8.26787481557254e-05
167,1,16,promise_result,8.250730120886285e-05
168,1,16,single_thiocyanate_bridge,8.22215392371753e-05
169,1,16,deg_benzene_ring,8.218192553999961e-05
170,1,17,notable_difference,8.594112474409115e-05
171,1,17,reaction_mechanism,8.475544162079107e-05
172,1,17,mandelic_acid_acid_unit,8.446712274396589e-05
173,1,17,waals_gap,8.347144003959297e-05
174,1,17,complex_dimensional_framework_structure,8.305082196155303e-05
175,1,17,plane_crystal,8.298262889099023e-05
176,1,17,relative_orientation,8.293453115478498e-05
177,1,17,squeeze_procedure,8.221144852596478e-05
178,1,17,bridge_group,8.220974825775671e-05
179,1,17,tetrahydrobenzene_ring,8.215410244016558e-05
180,1,18,mean_accuracy,8.598041275803293e-05
181,1,18,high_affinity,8.580662820401039e-05
182,1,18,hang_drop,8.56858648923922e-05
183,1,18,optical_rotation_sign,8.535321021833735e-05
184,1,18,o_owater_h,8.436350619627431e-05
185,1,18,weak_hydrogen_bond_presence,8.431261996898082e-05
186,1,18,coordinate_environment,8.361748820198063e-05
187,1,18,pqq_contain_enzyme_type,8.345276348114715e-05
188,1,18,gamma_ring,8.343628842146669e-05
189,1,18,long_term,8.340875326773651e-05
190,1,19,ptp_receptor_type,9.511819544816101e-05
191,1,19,ring_respectively_deg,8.647468193690798e-05
192,1,19,g_plusmn_satellite_reflection,8.502767179778958e-05
193,1,19,ortho_methyl_group,8.461122955100993e-05
194,1,19,phase_information,8.404858076009762e-05
195,1,19,oxygen_core,8.401611612841517e-05
196,1,19,tensor_component_sign,8.385023257064505e-05
197,1,19,frequent_because,8.377339358395362e-05
198,1,19,small_single_crystal,8.201972851101443e-05
199,1,19,initial_formation,8.200118101216502e-05
200,1,20,average_thickness,8.65180045393673e-05
201,1,20,low_angle,8.537600468134833e-05
202,1,20,warren_averbach_wa_analysis,8.513365055892635e-05
203,1,20,water_o_atom,8.478193806716983e-05
204,1,20,atp_bind_pocket,8.329242324320127e-05
205,1,20,mix_anion_phasis,8.318949443543054e-05
206,1,20,bragg_law_expression,8.245384226364207e-05
207,1,20,imidazole_ring_close_interaction,8.22211360183195e-05
208,1,20,cycloheptane_ring,8.188120206452322e-05
209,1,20,tran_tran_tran,8.138029142629909e-05
210,1,21,imidazole_ring,8.497008185345856e-05
211,1,21,covalent_adduct,8.477313449267184e-05
212,1,21,er_stress,8.466412669686345e-05
213,1,21,thin_film,8.406338960673417e-05
214,1,21,cdii_atom,8.292702479195798e-05
215,1,21,fac_arrangement_azide_ion,8.281108427726609e-05
216,1,21,effective_drug_treatment,8.276929958587445e-05
217,1,21,structure_different_anion,8.256977334478838e-05
218,1,21,vertex_n,8.236777175143682e-05
219,1,21,azaaromatic_chloride,8.203484867495019e-05
220,1,22,phosphinate_o_atom,8.559557963241944e-05
221,1,22,polarize_usans_option,8.530728533892427e-05
222,1,22,thiadiazole_system,8.52270393771235e-05
223,1,22,trigonal_bipyramidal_coordinate_geometry,8.518572128799228e-05
224,1,22,quantitative_fringe,8.395347822915825e-05
225,1,22,different_anion,8.340913238859771e-05
226,1,22,transmission_electron_microscopy_scan,8.328825775746094e-05
227,1,22,modify_overlap_sphere_method,8.325837021631277e-05
228,1,22,formation_associate_exothermicity,8.278049701799489e-05
229,1,22,dien_diethylenetriamine_moiety,8.224449194295409e-05
230,1,23,protein_intramolecular_motion,8.656759351357188e-05
231,1,23,total_function,8.451497869431785e-05
232,1,23,silicon_monochromator,8.368522909453422e-05
233,1,23,van_hydrogen_bond,8.344894779035781e-05
234,1,23,separate_step,8.34471470753792e-05
235,1,23,independent_sum,8.290654903595771e-05
236,1,23,bromide_hemidrate,8.279888150970308e-05
237,1,23,result_phasis,8.274520124910775e-05
238,1,23,different_dimension,8.170317234927866e-05
239,1,23,ouml_ssbauer,8.159275533983193e-05
240,1,24,refraction_effect_magnitude,8.42249682773681e-05
241,1,24,piperazinium_cation,8.417344041290498e-05
242,1,24,speciman_edge_parallel,8.388341979344729e-05
243,1,24,commercial_screen,8.367847634795027e-05
244,1,24,equivoltage_partition_existence,8.283417281977116e-05
245,1,24,respiratory_disorder_treatment_pharmaceutical,8.260269509458017e-05
246,1,24,present_investigation,8.25216802842844e-05
247,1,24,dodecyl_chain,8.229399581588118e-05
248,1,24,dehydrogenation_process_hydrogenation,8.214805569656249e-05
249,1,24,cryocooled_macromolecular_crystal,8.195476059122621e-05
250,1,25,br_atom,9.161211796144594e-05
251,1,25,thespesia_populnea,8.749372535790621e-05
252,1,25,delta_e_energy_resolution,8.563345402334073e-05
253,1,25,methylene_h_atom,8.520284150151063e-05
254,1,25,unfavourable_protein_aggregation,8.434090785715306e-05
255,1,25,low_barrier,8.426913864287858e-05
256,1,25,methylene_h,8.382390783441212e-05
257,1,25,terminal_phenyl_ring,8.338675480666123e-05
258,1,25,hexagonal_o_distance_ge,8.337718609783759e-05
259,1,25,recombinant_protein,8.31930608095069e-05
260,1,26,confusion_goniometer_sphere,8.738331251319455e-05
261,1,26,vapochromism_call_humidity,8.725770777618271e-05
262,1,26,alcohol_molecule,8.711076079788759e-05
263,1,26,substituent_plane,8.437888798813128e-05
264,1,26,conventional_expression,8.419155973862982e-05
265,1,26,carbozole_system_phenyl_ring,8.373558685187506e-05
266,1,26,c_h_hydrogen_bond,8.354950074831435e-05
267,1,26,polarization_state,8.307098474910259e-05
268,1,26,inert_gas_condensation_technique,8.260183148931725e-05
269,1,26,bacterial_cytochrome_crystal_structure,8.23368657605319e-05
270,1,27,human_aotc,8.532834664904757e-05
271,1,27,cm_nm_magnitude,8.369712769132967e-05
272,1,27,effective_pipe_transport,8.344855923140091e-05
273,1,27,topo_tomography_experiment,8.338827491489678e-05
274,1,27,experimental_hall,8.295397463590293e-05
275,1,27,graze_incidence_monochromator,8.25964703085758e-05
276,1,27,o_atom_arsine_ligand,8.242456552506418e-05
277,1,27,metallic_cluster_layer,8.212526822239525e-05
278,1,27,needle_type,8.167934882073922e-05
279,1,27,correspond_size_distribution_function,8.164246388180363e-05
280,1,28,large_influence,8.466560930649586e-05
281,1,28,backscatter_position,8.417770808165352e-05
282,1,28,monomeric_complex,8.238385808181508e-05
283,1,28,cys_substitute_kaib_mutant,8.237575662362725e-05
284,1,28,amore_program,8.208833692684626e-05
285,1,28,van_intramolecular_hydrogen_bond,8.198182686382037e-05
286,1,28,quality_management,8.195398024363859e-05
287,1,28,minus_deg,8.183507753494598e-05
288,1,28,bragg_geometry_silicon_crystal,8.145611807200595e-05
289,1,28,coordinate_benzotriazole_ring_ring,8.112147901373243e-05
290,1,29,centrosymmetric_pair,8.961660463790557e-05
291,1,29,nitrogen_oxygen_atom,8.582503207272039e-05
292,1,29,detergent_presence,8.485849060180143e-05
293,1,29,c_repeat,8.470338331689754e-05
294,1,29,scatter_effect,8.440756759148513e-05
295,1,29,half_protonated_acridine_cation,8.361137452505672e-05
296,1,29,detector_geometry,8.273983518302716e-05
297,1,29,gecko_vertebra,8.198065266700608e-05
298,1,29,misorientation_angle_distribution,8.190463883178984e-05
299,1,29,respective_phenyl,8.181450000400002e-05
300,1,30,obtain_structure_great_accuracy,8.888694204053498e-05
301,1,30,beta_group_nucleophilic_reaction,8.763290824985509e-05
302,1,30,malimide_grignard_reaction_product,8.488939217383905e-05
303,1,30,pyrrolidine_piperidine_ring,8.487648558521007e-05
304,1,30,evaluation_procedure,8.434230214771058e-05
305,1,30,constant_include_angle,8.428282100450359e-05
306,1,30,r_increase,8.354460382949034e-05
307,1,30,structural_fragment,8.318490439722922e-05
308,1,30,dead_time,8.314249360033548e-05
309,1,30,dimensional_supramolecular_structure,8.238451050637784e-05
310,1,31,diffraction_geometry,9.011639775597731e-05
311,1,31,z_form_layer,8.525074607891696e-05
312,1,31,extremal_value,8.493457193630139e-05
313,1,31,relative_intensity,8.475132917296158e-05
314,1,31,crystallization_purification,8.400246520905291e-05
315,1,31,h_g_function,8.324975634241822e-05
316,1,31,weight_fraction,8.317429585728893e-05
317,1,31,ligand_point,8.31204622177005e-05
318,1,31,nucleotide_bind,8.286239985526472e-05
319,1,31,evaluation_procedure,8.22622649488775e-05
320,1,32,relatively_short_exposure_time,8.766545370234203e-05
321,1,32,peripheral_ring_deg,8.661668049206772e-05
322,1,32,apex_edge,8.504060573391931e-05
323,1,32,prime_prime,8.471767577942906e-05
324,1,32,symmetrize_harmonic,8.420111033867894e-05
325,1,32,datum_point,8.388455287229181e-05
326,1,32,structure_factor,8.365723135966994e-05
327,1,32,previously_unknown_phase,8.304008821101436e-05
328,1,32,sigma_e_signal_pathway,8.278866020705312e-05
329,1,32,deglycosylat_glycosylat_protein,8.272197612347318e-05
330,1,33,direct_tool,8.829789945205755e-05
331,1,33,o_interaction,8.536313911132805e-05
332,1,33,square_grid_motif,8.459432066815298e-05
333,1,33,n_prime_dihydrate,8.44959244226134e-05
334,1,33,short_n_n_bond,8.36539841231426e-05
335,1,33,develope_model,8.292483557323332e-05
336,1,33,unsaturated_ring,8.290770235545957e-05
337,1,33,individual_p_form,8.281036300256766e-05
338,1,33,cardiac_ryanodine_receptor,8.266018911848048e-05
339,1,33,schenk_empirical_theoretical_formula,8.256936447596409e-05
340,1,34,stereogenic_centre,9.16191134475771e-05
341,1,34,lot_method,8.3717206921732e-05
342,1,34,experimental_detail,8.315043058869384e-05
343,1,34,cathode_material_generation,8.284811706809478e-05
344,1,34,inorganic_crystal,8.264167037204536e-05
345,1,34,spm_polycrystalline,8.252070597364146e-05
346,1,34,bragg_angle,8.211818217703412e-05
347,1,34,useful_negative_relation,8.195741454913437e-05
348,1,34,crystal_structure_intermolecular_interaction,8.178846568767806e-05
349,1,34,datum_quality_poor_indicator,8.147062483482649e-05
350,1,35,baker_yeast,8.69829006400481e-05
351,1,35,unit_tran_cis_configuration,8.6184114445255e-05
352,1,35,poymeric_chain,8.497324246747293e-05
353,1,35,tertiary_alcohol,8.322101912306462e-05
354,1,35,function_high_density_region,8.283293821137736e-05
355,1,35,b_nbsp,8.282993548929043e-05
356,1,35,form_column,8.266949636191667e-05
357,1,35,aluminium_barium,8.25506991055583e-05
358,1,35,sulfate_anion_r,8.254381482245231e-05
359,1,35,employ_resolution_shell,8.250559363275508e-05
360,1,36,twin_fraction,8.950953641615936e-05
361,1,36,b_nbsp,8.659175974715132e-05
362,1,36,tin_indium,8.442700061570438e-05
363,1,36,post_refinement_know_procedure,8.437447754247937e-05
364,1,36,cryomethod_brief_overview,8.408107763811966e-05
365,1,36,essentially_planar_mean_deviation,8.400530864879e-05
366,1,36,pair_functional_ensemble,8.366437417730563e-05
367,1,36,add_feature,8.34156361186626e-05
368,1,36,btc_acid,8.277385509518426e-05
369,1,36,pyridine_ring_plane,8.262155266619386e-05
370,1,37,aspergillus_nig_beta,8.78475063225957e-05
371,1,37,refine_composition,8.683000474537185e-05
372,1,37,f_metal_atom,8.486839573178049e-05
373,1,37,main_phasis,8.408078616257947e-05
374,1,37,nh_c_torsion_angle,8.373876227502403e-05
375,1,37,stereochemical_comparison,8.325835974572601e-05
376,1,37,parameter_study_microreactor,8.306073636297813e-05
377,1,37,halometallate_system,8.287413929553053e-05
378,1,37,bulk_volume,8.286400328632588e-05
379,1,37,molecule_anion_nitrate,8.263471252107927e-05
380,1,38,ligand_free_form,8.78181248993231e-05
381,1,38,oks_octaketide_synthase,8.490669504996572e-05
382,1,38,selenomethionine_incorporation,8.362428175756438e-05
383,1,38,environmental_material_sample,8.327249647931823e-05
384,1,38,molecule_isopropyl_group,8.295747878267724e-05
385,1,38,symmetric_laue_image,8.27727036357393e-05
386,1,38,condition_record_experimental_datum,8.268718985805007e-05
387,1,38,relative_accuracy,8.251093415585839e-05
388,1,38,space_group_k,8.232728740052196e-05
389,1,38,equatorial_position,8.191406720059085e-05
390,1,39,sample_position,8.838417930398656e-05
391,1,39,single_room_temperature,8.605143432256344e-05
392,1,39,slightly_decrease,8.600027435140484e-05
393,1,39,prime_cap,8.544807012608155e-05
394,1,39,zinc_ion,8.540377489978827e-05
395,1,39,escherichia_coli_inorganic_pyrophosphatase,8.496204676546881e-05
396,1,39,de_novo_biosynthesis,8.413218487462238e-05
397,1,39,typically_aring_diffract_crystal,8.406320067250418e-05
398,1,39,slight_distortion,8.399055759503004e-05
399,1,39,readout_system,8.369086661123845e-05
400,1,40,tran_conformation,8.769582947034372e-05
401,1,40,carboxy_oh_group,8.718047842646824e-05
402,1,40,singly_bond_amide,8.601358080172336e-05
403,1,40,expect_characteristic,8.508757296101371e-05
404,1,40,order_phase_transition,8.344643264828281e-05
405,1,40,functional_significance,8.338799267849818e-05
406,1,40,linear_structure,8.269159499417467e-05
407,1,40,dx_deg,8.260848577633885e-05
408,1,40,stock_solution_crystallization_cocktail,8.140054747417167e-05
409,1,40,q_gamma,8.138517623516407e-05
410,1,41,molecular_oxygen_bind_space,8.555405285086614e-05
411,1,41,de_novo_biosynthesis,8.554724276425923e-05
412,1,41,structural_insight,8.54056161480461e-05
413,1,41,cu_symmetry_centre_atom,8.439581269992176e-05
414,1,41,pectolytic_protein_crystal,8.372109812861586e-05
415,1,41,imine_tautomer,8.233931999617336e-05
416,1,41,secretion_chaperone,8.23205021460085e-05
417,1,41,map_interpretation,8.226078339377955e-05
418,1,41,low_resolution,8.214534186638533e-05
419,1,41,merge_r_factor,8.206892326058483e-05
420,1,42,p_c_tetrahedron,8.878433109835595e-05
421,1,42,average_observe_valence_angle,8.692951261520123e-05
422,1,42,theory_poor_agreement,8.594142537758539e-05
423,1,42,neutron_event,8.454164153211401e-05
424,1,42,single_phasis,8.331155062077338e-05
425,1,42,n_propylquinolinium,8.312942287712763e-05
426,1,42,particular_future_application,8.278601420240278e-05
427,1,42,n_terminal_domain,8.228378676442176e-05
428,1,42,finite_range,8.207957775713497e-05
429,1,42,hydroxy_group,8.17246412742096e-05
430,1,43,linear_hydrogen_bond,8.778942587002673e-05
431,1,43,bioresorbable_biodegradable_material,8.534154706252075e-05
432,1,43,methine_c_atom,8.44724444571608e-05
433,1,43,leave_hand_pattern,8.35587577576184e-05
434,1,43,significant_conformational_flexibility,8.318497648222975e-05
435,1,43,prime_prime_prime,8.291783111670437e-05
436,1,43,well_diffract_crystal,8.26284644851962e-05
437,1,43,bone_sample,8.240789754954799e-05
438,1,43,toru_parameter,8.228604657780451e-05
439,1,43,mu_mu_dihydrate,8.193628090294486e-05
440,1,44,two_family,8.709435543661433e-05
441,1,44,tetrahedral_environment,8.688908974364492e-05
442,1,44,alpha_lmn,8.646908833186063e-05
443,1,44,weak_cation_anion,8.634554225663005e-05
444,1,44,correct_table,8.600592322836828e-05
445,1,44,z_form_layer,8.515243833143364e-05
446,1,44,acid_pyda_minus,8.342587176558783e-05
447,1,44,bulk_solvent_model_parameter,8.226915001588792e-05
448,1,44,vapour_diffusion_method,8.179617985940223e-05
449,1,44,optical_system,8.169562333057603e-05
450,1,45,tensor_property,8.732718608050998e-05
451,1,45,rational_function,8.44625992122509e-05
452,1,45,high_temperature_reaction,8.439907667168275e-05
453,1,45,aqueous_solution,8.411542217235737e-05
454,1,45,ferroelectric_ferroelastic_property,8.401728368851295e-05
455,1,45,biological_speciman,8.350393453382557e-05
456,1,45,calpha_polyalanine_model,8.311841419483884e-05
457,1,45,sm_content,8.287836863865664e-05
458,1,45,crystal_likely_laue_group,8.274598267393283e-05
459,1,45,beta_successive_basic_residue,8.213827949323336e-05
460,1,46,disorder_binary_alloy,8.953075342423749e-05
461,1,46,fiv_dutpase,8.425578406428038e-05
462,1,46,probabilistic_formula,8.358065716155592e-05
463,1,46,issue_overcome_technique,8.308253224437099e-05
464,1,46,x_ray_diffraction_image,8.301596166838483e-05
465,1,46,double_crystal_monochromator,8.284415220488163e-05
466,1,46,approximately_planar_deviation,8.252726249562127e-05
467,1,46,c_n_double_bond,8.247179557919277e-05
468,1,46,palladium_complex,8.188725812729681e-05
469,1,46,broaden_size,8.149987243182401e-05
470,1,47,herringbone_motif,8.895347930231289e-05
471,1,47,in_site,8.539057740646323e-05
472,1,47,significant_expansion,8.480013514785883e-05
473,1,47,steric_measure,8.452023741470192e-05
474,1,47,deg_average_error,8.365658868601568e-05
475,1,47,parameter_method_sample,8.347110046085902e-05
476,1,47,chiral_angle_special_value,8.312746933433864e-05
477,1,47,quantitative_phase_analysis,8.308302019220541e-05
478,1,47,aring_v_o,8.294867211411513e-05
479,1,47,plusmn_antimalarial_drug_structure,8.262896802987426e-05
480,1,48,owater_h,8.771838513683238e-05
481,1,48,hexagonal_material,8.743290134685405e-05
482,1,48,recombinant_production,8.520594721703138e-05
483,1,48,local_domain,8.472993187022654e-05
484,1,48,o_minus_torsion_angle,8.440267575338338e-05
485,1,48,average_procedure,8.344439170130637e-05
486,1,48,unit_weight_matrix_use,8.332812641432137e-05
487,1,48,unambiguous_sequence_assignment,8.315489911767506e-05
488,1,48,intermolecular_aromatic_c_h,8.292554162833182e-05
489,1,48,multiple_dataset,8.29115453850574e-05
490,1,49,chain_main_chain,8.747649815643472e-05
491,1,49,naphthylene_ring_system,8.525834046461373e-05
492,1,49,parallel_execution,8.517948206690066e-05
493,1,49,sparteine_base,8.440825114684125e-05
494,1,49,situ_cryocrystallization,8.363788062085937e-05
495,1,49,atom_paucity,8.32513089653933e-05
496,1,49,direction_parallel_run_chain,8.303856837438327e-05
497,1,49,large_unit_cell_complex,8.25903111710105e-05
498,1,49,anionic_ring,8.250562967981755e-05
499,1,49,short_perpendicular_distance,8.214635215341452e-05
0,2,0,detail_discussion,8.625872109743654e-05
1,2,0,crystallographic_asymmetric_unit_complex,8.557717114244982e-05
2,2,0,dimensional_lattice,8.434262921415338e-05
3,2,0,dhqase_type,8.427086762315323e-05
4,2,0,protein_equal_rate,8.416113042734484e-05
5,2,0,mutant_enzyme_activity,8.382774279403323e-05
6,2,0,determination_various_example,8.357827232594346e-05
7,2,0,geometrical_scheme,8.345395769506048e-05
8,2,0,anionic_cationic_layer,8.339294019156804e-05
9,2,0,fuse_benzene,8.266782117504281e-05
10,2,1,thermodynamically_stable_product,8.821882089517513e-05
11,2,1,conformation_systematic_study,8.770612889226043e-05
12,2,1,equivariant_type,8.672517754735019e-05
13,2,1,novel_material,8.513338311451139e-05
14,2,1,image_plate_detector,8.501083200550385e-05
15,2,1,soft_x_ray_beamline,8.473129616601639e-05
16,2,1,monomer_position,8.253226933185482e-05
17,2,1,r_phenyl,8.230903792461816e-05
18,2,1,ccd_detector_predominant_market,8.228201868297494e-05
19,2,1,bridge_pair,8.226204047143307e-05
20,2,2,low_temperature_aqueous_solution,8.504536338680242e-05
21,2,2,hg_atom_mmm_symmetry,8.344683604524753e-05
22,2,2,apically_coordinate_pyridine_molecule,8.342598280711845e-05
23,2,2,ctd_bind_protein,8.311197793329412e-05
24,2,2,group_subgroup,8.301527146106656e-05
25,2,2,r_minus,8.293771784565286e-05
26,2,2,benzene_ring_middle,8.290914205415783e-05
27,2,2,therapeutic_prophylactic_treatment,8.27885635866106e-05
28,2,2,datum_retention,8.246610580526371e-05
29,2,2,detail_description,8.240232256625531e-05
30,2,3,electron_density_average,9.017522944086446e-05
31,2,3,foreign_particle_formation_impurity,8.444936555666274e-05
32,2,3,npyridyl_interaction,8.406845768390534e-05
33,2,3,minus_be,8.277641823226427e-05
34,2,3,amide_h,8.248327316603843e-05
35,2,3,focus_device,8.18862498520564e-05
36,2,3,biphenyl_unit_alternative_orientation,8.178894156537066e-05
37,2,3,regular_near_neighbour_order,8.166492322105087e-05
38,2,3,ferrocenyl_group_cyclopentadienyl_ring,8.160739007589649e-05
39,2,3,intensity_loss,8.159270164687798e-05
40,2,4,estimate_s_anomalous_signal,9.29052760713936e-05
41,2,4,active_carbohydrate,8.736927790223636e-05
42,2,4,substantial_difference,8.693625603635266e-05
43,2,4,chromium_vanadium,8.520726427243342e-05
44,2,4,incident_beam,8.282389825203237e-05
45,2,4,intramolecular_dimension,8.259184991775206e-05
46,2,4,catecholic_dioxygenas,8.238453698404884e-05
47,2,4,phosphatidylinositide_pi_substrate,8.194474761434124e-05
48,2,4,pentagonal_symmetry_form,8.159285341606491e-05
49,2,4,structure_substantial_difference,8.14721080522579e-05
50,2,5,coordinaltion_polymer,8.813254072144714e-05
51,2,5,aring_cl_atom,8.729343113909073e-05
52,2,5,backbone_atom,8.331209409985674e-05
53,2,5,external_influence_different_type,8.272472238821938e-05
54,2,5,two_different_method,8.249319338571196e-05
55,2,5,atom_vicinity,8.217080317288914e-05
56,2,5,zwitterionic_state,8.201738022857907e-05
57,2,5,amine_h_atom_donor,8.186459312474573e-05
58,2,5,near_edge_structure,8.184388148173084e-05
59,2,5,precise_structural_information,8.161957535664352e-05
60,2,6,znii_ion_geometry,8.902658900322171e-05
61,2,6,fan_previously_propose_method,8.554818816117779e-05
62,2,6,measure_theoretical_performance,8.37189130468571e-05
63,2,6,sample_orientation_adjustment,8.35727037666617e-05
64,2,6,thallium_atom,8.342575315700197e-05
65,2,6,waxs_datum_structural_fluctuation,8.27968410939242e-05
66,2,6,weight_fraction,8.232307693091709e-05
67,2,6,real_space_information,8.173294827223977e-05
68,2,6,intermediate_high_incident_energy,8.162543772012777e-05
69,2,6,topological_density_calculation,8.133271967104118e-05
70,2,7,small_set,8.494963395834454e-05
71,2,7,dna_hydroxymethylation,8.447555493995398e-05
72,2,7,powder_sample,8.415013134187088e-05
73,2,7,essentially_planar_pyrimidine_ring,8.353299333336081e-05
74,2,7,exafs_experiment,8.338323915790646e-05
75,2,7,molecular_geometry,8.273277942094091e-05
76,2,7,accurate_crystallographic_structure,8.255040817762393e-05
77,2,7,although_chlorpropamide_polymorphic_property,8.210026836340935e-05
78,2,7,polyketide_synthase,8.181027541733348e-05
79,2,7,know_molecule,8.168098983612263e-05
80,2,8,description_comparison,8.720943766556903e-05
81,2,8,unidimensional_profile,8.490712492313905e-05
82,2,8,tridentate_manner,8.326194842667327e-05
83,2,8,metal_lattice_hydrate_molecule,8.325678197283162e-05
84,2,8,c_axis_parallel,8.30506235403804e-05
85,2,8,macromolecular_crystal_structure_determination,8.278605677215751e-05
86,2,8,experiment_site,8.257233778235498e-05
87,2,8,lipid_envelope,8.157016393687989e-05
88,2,8,aromatic_ring,8.139767958411769e-05
89,2,8,synthesize_material_majority,8.102521796319405e-05
90,2,9,yttrium_lanthanide,8.620883797673204e-05
91,2,9,open_phenomenon_problem,8.554206594876248e-05
92,2,9,n_cu,8.455158497839907e-05
93,2,9,mean_deviation,8.430985807455363e-05
94,2,9,stack_pi_pi,8.367245108392982e-05
95,2,9,hydrogen_atom_anisotropic_motion,8.298820715266911e-05
96,2,9,ion_standard_scatter_curve,8.282885127374723e-05
97,2,9,glide_plane,8.233468328106793e-05
98,2,9,sulfate_anion_r,8.232108577951442e-05
99,2,9,cytoplasmic_kinase,8.191154251376112e-05
100,2,10,molecular_electron_density,8.782300546328006e-05
101,2,10,mu_n_methylethanolamine_mu,8.584991960329974e-05
102,2,10,interdigitat_phenyl_ring,8.430865497144491e-05
103,2,10,axial_mn,8.346841329308669e-05
104,2,10,phase_transition_chemical_reaction,8.34460592396109e-05
105,2,10,polar_head_group,8.302948042812524e-05
106,2,10,tran_effect,8.28972779191105e-05
107,2,10,dichloro_trans,8.196847749054661e-05
108,2,10,n_torsion,8.173661040340971e-05
109,2,10,alpha_elimination,8.172616482781727e-05
110,2,11,basic_tridymite_framework,8.730201890007732e-05
111,2,11,fluorophenyl_ring,8.349859044323137e-05
112,2,11,fourier_transformation,8.32663239693065e-05
113,2,11,non_monotonic_intensity_variation,8.325161135863949e-05
114,2,11,pure_t_film_result,8.275976936048888e-05
115,2,11,relatively_rapid_dissolution,8.268487069058617e-05
116,2,11,symmetry_azimuth_value,8.25435649302126e-05
117,2,11,vm_asymmetric_unit_molecule,8.240658868898444e-05
118,2,11,analysis_sort,8.220957895639174e-05
119,2,11,morphological_differentiation_secondary_metabolism,8.213750107591643e-05
120,2,12,molecular_bioscience_main_interest,8.491451293497074e-05
121,2,12,methyl_group_exception,8.438432767533772e-05
122,2,12,dimensional_extend_network,8.410554585356995e-05
123,2,12,crystal_pack,8.404205534052156e-05
124,2,12,absorption_energy_low_energy,8.362018579312911e-05
125,2,12,motion_range,8.344330280072534e-05
126,2,12,accurate_structure_factor,8.340954737130226e-05
127,2,12,hettrick_underwood_scheme,8.284355419768197e-05
128,2,12,dispersion_relation,8.272513347427927e-05
129,2,12,sample_ti_atom,8.260939643421707e-05
130,2,13,new_polymorph_structure,8.719447434118004e-05
131,2,13,neutron_diffraction_datum,8.584419460116792e-05
132,2,13,brief_discussion,8.393575734269342e-05
133,2,13,ribosome_structure,8.298664409294057e-05
134,2,13,single_crystal_dispersion_curve,8.29384665245659e-05
135,2,13,non_crystallographic_symmetry_constraint,8.261987637473746e-05
136,2,13,asymmetrically_cut_crystal,8.257713386277456e-05
137,2,13,average_distance,8.224005565827425e-05
138,2,13,fresnel_diffraction_formalism,8.223816028483515e-05
139,2,13,nonclassical_hydrogen_bond,8.184789892870639e-05
140,2,14,general_agreement,8.817996298153278e-05
141,2,14,internet_available_bioinformatic_resource,8.640675485830068e-05
142,2,14,nucleotide_ligand,8.54340370656028e-05
143,2,14,asymmetric_unit_dimer,8.419958416382774e-05
144,2,14,aryl_substitute_pyrazole_ring,8.364062460335879e-05
145,2,14,o_c_p_h,8.35685283513318e-05
146,2,14,bromide_ion,8.33703425489238e-05
147,2,14,distinct_speciman_exposure,8.30462302949725e-05
148,2,14,protein_domain_definition,8.280764507340757e-05
149,2,14,ray_trace_analysis,8.247921983859765e-05
150,2,15,datamatrix_code,8.620297157542427e-05
151,2,15,atomic_number,8.425216598443868e-05
152,2,15,corundum_standard,8.415062885261823e-05
153,2,15,anionic_ring,8.38489176254703e-05
154,2,15,seed_storage_protein,8.345258309729995e-05
155,2,15,phenyl_ring_involve_interaction,8.311207132082037e-05
156,2,15,simple_atomic_scatter_calculation,8.244528618759504e-05
157,2,15,heterodimer_high_order_structure,8.235816419485087e-05
158,2,15,aminothiophenol_derivative,8.235590696742142e-05
159,2,15,tile_set,8.22417620942306e-05
160,2,16,standard_uncertainty,9.05026696648966e-05
161,2,16,detector_unit,8.333153671696913e-05
162,2,16,intermolecular_pyrimidine,8.319764530791226e-05
163,2,16,aring_te_c_o,8.303915788225889e-05
164,2,16,z_dna_nucleotide,8.303430495220111e-05
165,2,16,damage_strain_depth_profile,8.294170474266997e-05
166,2,16,sample_environment_range,8.28944551636509e-05
167,2,16,image_bragg_reflection_position,8.28837389455583e-05
168,2,16,ligand_structure_model,8.219046456724604e-05
169,2,16,measure_theoretical_performance,8.207300065605053e-05
170,2,17,cytoplasmic_kinase,8.532135447573878e-05
171,2,17,dppm_ligand,8.404950192408531e-05
172,2,17,promise_condition,8.346545013900315e-05
173,2,17,dimesional_supramolecular_architecture,8.309824317295939e-05
174,2,17,n_donor_ligand_carboxylate,8.287190375111401e-05
175,2,17,chloride_bind_analogue,8.271973992770315e-05
176,2,17,principal_reflection_bragg_angle,8.259310970735354e-05
177,2,17,benzofuran_plane_ring,8.257892454503095e-05
178,2,17,corylus_avellana,8.253496402703305e-05
179,2,17,middot_polymeric_znii_atom,8.238047802003273e-05
180,2,18,substrate_entry_facilitate_gate,8.604750683180581e-05
181,2,18,attach_phenyl_ring_deg,8.596728140813875e-05
182,2,18,overall_modulation,8.510797796409296e-05
183,2,18,only_comparable_arrangement,8.351552287516167e-05
184,2,18,invariant_point,8.35074845153052e-05
185,2,18,invert_matrix,8.325246191015346e-05
186,2,18,mnii_ion,8.315830393379243e-05
187,2,18,subunit_observe_plasticity,8.266629609274186e-05
188,2,18,layer_oxhalide,8.214395450919422e-05
189,2,18,x_ray_microscope,8.199017221057339e-05
190,2,19,methanocaldococcus_jannaschii,8.481206581204067e-05
191,2,19,erk_protein_constitutive_activation,8.47974105816735e-05
192,2,19,lattice_constant_difference,8.477050445392261e-05
193,2,19,complexing_property,8.45717550779387e-05
194,2,19,individual_network,8.372061757788537e-05
195,2,19,phenol_phenol,8.340604886700346e-05
196,2,19,complex_anion,8.305518434092077e-05
197,2,19,inky_cap,8.275329716136787e-05
198,2,19,available_information,8.222278336540118e-05
199,2,19,report_study_purpose,8.160763260861139e-05
200,2,20,large_substrate_accommodation,9.092123458091268e-05
201,2,20,result_phasis,8.595808091202843e-05
202,2,20,silicon_crystal_performance_test,8.506313389810592e-05
203,2,20,phenone_o_atom,8.437070440704385e-05
204,2,20,major_er_stress_transducer,8.420186690712747e-05
205,2,20,molecule_central_membered_ring,8.381901486413152e-05
206,2,20,conformation_independent_structure_comparison,8.378141332334817e-05
207,2,20,ho_gly_oh,8.364129101844177e-05
208,2,20,symmetry_axis,8.351879676990637e-05
209,2,20,potential_problem,8.350536947893537e-05
210,2,21,simple_physical_model,8.996085180315763e-05
211,2,21,borazine_ring,8.906727460812355e-05
212,2,21,tetraselenoantimonate_orange_crystal,8.700759544650706e-05
213,2,21,furan_plane_ester_group,8.505218341385653e-05
214,2,21,o_deg_angle,8.456275151052824e-05
215,2,21,peak_shape_angular_dependence,8.36338864942194e-05
216,2,21,free_surface_relaxation,8.282506730115003e-05
217,2,21,post_translational_modification,8.254081217080703e-05
218,2,21,o_tridentate_ligand_atom,8.249162393219288e-05
219,2,21,crystallographic_centre,8.248215498365841e-05
220,2,22,der_waal_interaction,9.16936157475107e-05
221,2,22,pale_brown_color_change,8.518127278473833e-05
222,2,22,unique_b_axis,8.32966530575043e-05
223,2,22,formic_hydrazide,8.26585998738893e-05
224,2,22,primary_function,8.163390874803381e-05
225,2,22,dilanthanum_lithium_hexagermanide,8.157841218538763e-05
226,2,22,cu_nanocomposite_thin_film,8.134921096578494e-05
227,2,22,crystallization_environment,8.086329898300891e-05
228,2,22,dose_calculation_phenomenon,8.077438483013492e-05
229,2,22,approximate_measurement,8.068872450603283e-05
230,2,23,n_bond_distance_zn,8.50179649497645e-05
231,2,23,correspond_dimension,8.48625323088761e-05
232,2,23,concomitant_loss,8.416605531864937e-05
233,2,23,crystal_cation_distribution_determination,8.37455654291699e-05
234,2,23,beta_chair,8.325939932346184e-05
235,2,23,near_field_regime,8.295685029956073e-05
236,2,23,disodium_dianion,8.250361211503511e-05
237,2,23,regular_user_shift,8.249370267357708e-05
238,2,23,inter_particle_interaction,8.221203747047006e-05
239,2,23,approximate_measurement,8.213734144680416e-05
240,2,24,cbz_dissolution_md_simulation,8.786868310875316e-05
241,2,24,middot_l_minus,8.60236519758912e-05
242,2,24,selenium_antimony_elemental_manganese,8.527839391049445e-05
243,2,24,correction_proper_evaluation,8.301108670885082e-05
244,2,24,waxd_detector,8.293338375177667e-05
245,2,24,pt_n_bond_length,8.275578910840568e-05
246,2,24,downward_diffraction,8.262390406259464e-05
247,2,24,centrosymmetric_acid_h_atom,8.210027848496697e-05
248,2,24,dialkylammonium_thiosulfate,8.206953183022674e-05
249,2,24,recently_synthesize_quasicrystal_comparison,8.188237575797801e-05
250,2,25,y_o_bond_length,8.719547437827529e-05
251,2,25,uncoordinated_water_molecule_anion,8.36592204246676e-05
252,2,25,chaperone_protein,8.346644053740713e-05
253,2,25,free_nitrate_ion,8.33574259103233e-05
254,2,25,bipyridine_ligand,8.296396933352747e-05
255,2,25,z_benzyloxycarbonyl,8.248922036486405e-05
256,2,25,membrane_protein_sample,8.238474296123235e-05
257,2,25,ligand_imidazole_ring,8.205462418816772e-05
258,2,25,ferredoxin_oxidoreductase,8.186815202083733e-05
259,2,25,p_distance,8.139725101975924e-05
260,2,26,molecular_unit,8.717291196008722e-05
261,2,26,fragment_dihedral_angle_deg,8.679215466551208e-05
262,2,26,o_o,8.477646322588737e-05
263,2,26,viz_independent_dimensional_chain,8.453405064049766e-05
264,2,26,tetrameric_assembly,8.443975602036706e-05
265,2,26,tensor_component,8.404570802839767e-05
266,2,26,cl_cl_te,8.282209780899943e-05
267,2,26,diffraction_experiment,8.274832239128058e-05
268,2,26,metallic_cluster_layer,8.248131669547433e-05
269,2,26,cation_form_dihedral_angle,8.216592541068692e-05
270,2,27,triplet_probability_distribution_monitor,8.521867839077004e-05
271,2,27,impurity_crystalline_phasis_presence,8.495035797849138e-05
272,2,27,sample_grain,8.451953143188043e-05
273,2,27,glycine_cleavage_system_enzyme,8.390887844117913e-05
274,2,27,recrystallization_phenomenon,8.302438530746976e-05
275,2,27,x_ray_beam_path,8.293703848985763e-05
276,2,27,contact_form,8.269534269970914e-05
277,2,27,beta_alpha,8.239708397537778e-05
278,2,27,o_h_intramolecular_formation,8.161974112249484e-05
279,2,27,tran_dispose_acetonitrile_ligand,8.130006585285004e-05
280,2,28,direct_correlation_function,8.777443492202837e-05
281,2,28,optical_chirality,8.766370787132085e-05
282,2,28,pn_middot_middot_polymeric,8.604906012013308e-05
283,2,28,triphosgene_reaction,8.49958139490471e-05
284,2,28,typical_saxs_sans_experiment,8.417085775172493e-05
285,2,28,sphere_method,8.299961660047894e-05
286,2,28,noncovalent_catalysis,8.288161581542235e-05
287,2,28,correlation_length,8.281327923288456e-05
288,2,28,structure_strike_feature,8.26877642492218e-05
289,2,28,single_bunch,8.186465747780952e-05
