,run,topic,terms,p
ry,8.790283921121623e-05
1,1,0,absorption_edge,8.744536017079579e-05
2,1,0,model_system,8.667218389998724e-05
3,1,0,lanthanum_ruthenium,8.457440983037097e-05
4,1,0,hrsvn_structure,8.361584316508383e-05
5,1,0,water_molecule_anion_minus,8.339540890165994e-05
6,1,0,form_system,8.217116399661187e-05
7,1,0,laue_case,8.154787431205948e-05
8,1,0,benzofuran_ring,8.149621696811103e-05
9,1,0,n_h_amine_hydroxymethyl,8.131287022214133e-05
10,1,1,similar_negative_charge_target,8.723236289625881e-05
11,1,1,form_inversion,8.38982017129297e-05
12,1,1,general_liquid_handle_robot,8.336569001673154e-05
13,1,1,possible_practical_application,8.228491193646124e-05
14,1,1,half_oxide_ligand,8.213540232332981e-05
15,1,1,crystal_position_k,8.193099234197168e-05
16,1,1,polydispersity_exponent,8.186893707333021e-05
17,1,1,statistical_study,8.177154143766045e-05
18,1,1,user_operation,8.120978788555297e-05
19,1,1,membered_ring_envelope_conformation,8.10813756427347e-05
20,1,2,e_minus_sim,8.824388173504488e-05
21,1,2,bacterial_quinol_oxidase,8.759479725623896e-05
22,1,2,corner_share_octahedron,8.68033451867647e-05
23,1,2,alpha_carboxy_terminal_subdomain,8.489250710477747e-05
24,1,2,bromobenzene_ring,8.467204883039015e-05
25,1,2,solid_state,8.419873533607099e-05
26,1,2,excellent_model_target,8.417235350661656e-05
27,1,2,quasi_planar_moiety,8.37662422517915e-05
28,1,2,isobutyl_substituent,8.354306688482588e-05
29,1,2,conclusive_proof,8.302577468888312e-05
30,1,3,crystallography_bayesian_method,8.627413369475493e-05
31,1,3,hrtem_edp,8.626388688717938e-05
32,1,3,movi_atom,8.493819531260029e-05
33,1,3,mars_surface,8.491802047284597e-05
34,1,3,water_molecule_organic_molecule,8.40559084135319e-05
35,1,3,essentially_planar_mean_deviation,8.362985566597462e-05
36,1,3,nanowire_si_hexagonal_phase,8.352260903353757e-05
37,1,3,heptane_chain_end,8.282768503764884e-05
38,1,3,self_assembly,8.254926367716055e-05
39,1,3,silico_screen,8.239216919119103e-05
40,1,4,minus_theta,8.77111282946884e-05
41,1,4,dinicotinamidium_squarate_salt,8.495034819229014e-05
42,1,4,type_ii_cohesin,8.455798550567301e-05
43,1,4,defocused_convergent_beam,8.394543408097374e-05
44,1,4,free_base,8.391663472441405e-05
45,1,4,potential_biological_activity,8.371729845103972e-05
46,1,4,loop_generate_hydrogen_bond,8.353358104677812e-05
47,1,4,deviation_remain_atom_plane,8.306814646610937e-05
48,1,4,tetrahedral_coordination_geometry,8.268104192042806e-05
49,1,4,dien_diethylenetriamine_moiety,8.245377108121704e-05
50,1,5,relative_intensity,8.740587789210388e-05
51,1,5,alpha_beta_beta_alpha,8.654612086901335e-05
52,1,5,symmetry_analysis,8.606603911114679e-05
53,1,5,dha_kinase,8.388980545770805e-05
54,1,5,significant_fluorescence_chance,8.313071366391167e-05
55,1,5,focus_device,8.299185961281781e-05
56,1,5,polycrystalline_speciman,8.286851107652747e-05
57,1,5,c_p_h,8.28673642720625e-05
58,1,5,single_bunch,8.200664372246021e-05
59,1,5,dimensional_host_lattice,8.181928814889346e-05
60,1,6,tetramer_interface_vicinity,9.083368165374227e-05
61,1,6,ferrocenyl_ring,9.006868095186403e-05
62,1,6,certain_feature_respect,8.73679642021243e-05
63,1,6,b_type_site,8.597541204484065e-05
64,1,6,size_solution_specie_distribution,8.479330545058534e-05
65,1,6,hydrogen_cyanide,8.335223244317098e-05
66,1,6,water_solvent_molecule,8.258637642315321e-05
67,1,6,sub_pixel,8.255021335400515e-05
68,1,6,tran_geometry,8.207176768964095e-05
69,1,6,available_datum,8.205861071907482e-05
70,1,7,count_rate,9.35314320262406e-05
71,1,7,tridentate_ligand_atom,8.7052052073519e-05
72,1,7,monoprotonated_ethanediamine_molecule_cation,8.55504813865231e-05
73,1,7,industrial_application,8.45777219006834e-05
74,1,7,metallic_texture_thin_film,8.322919629173068e-05
75,1,7,high_resolution_transmission_electron,8.305663122431425e-05
76,1,7,dimensional_column,8.297274834266216e-05
77,1,7,exactly_equivariant_type,8.2331276101626e-05
78,1,7,k_alpha_line,8.211797062111336e-05
79,1,7,pd_p_distance,8.193417704739307e-05
80,1,8,s_configuration,8.352206341553226e-05
81,1,8,record_time,8.280316335887574e-05
82,1,8,spectroscopic_method,8.204864208991724e-05
83,1,8,transmit_intensity,8.19920098837823e-05
84,1,8,pyrene_plane,8.165049327823155e-05
85,1,8,ring_steroid,8.163757341370656e-05
86,1,8,sluggish_transformation,8.156705051808276e-05
87,1,8,fourfold_split,8.1529526263141e-05
88,1,8,metal_substrate,8.135704753752365e-05
89,1,8,prime_o_prime_kappa,8.115665571676613e-05
90,1,9,sample_symmetry_change,9.106992321436304e-05
91,1,9,cation_coordination,8.620983760255802e-05
92,1,9,coherence_base_technique,8.44148574247286e-05
93,1,9,p_tolyl,8.416947276488022e-05
94,1,9,electron_beam_evaporation,8.37155195448881e-05
95,1,9,salt_concentration,8.287559751280382e-05
96,1,9,complete_model_reconstruction_scaffold,8.24876731118981e-05
97,1,9,x_tem_ray,8.209570634595355e-05
98,1,9,symmetry_state,8.118386194794116e-05
99,1,9,alpha_n_terminal_tail,8.109202711596816e-05
100,1,10,dimensional_polymeric_structure,8.479128666539595e-05
101,1,10,final_value,8.422906576694764e-05
102,1,10,general_mathematical_problem,8.359639883255741e-05
103,1,10,fig_boronic_ester,8.25846946008426e-05
104,1,10,high_sequence,8.208809758631779e-05
105,1,10,activity_decrease,8.195661517281781e-05
106,1,10,anomalous_scatter_correction,8.189394196128981e-05
107,1,10,low_barrier,8.149616222169911e-05
108,1,10,rehydration_phenomenon,8.141622530919413e-05
109,1,10,phenylphosphonate_group,8.129550860640195e-05
110,1,11,bend_crystal,8.90520143056344e-05
111,1,11,hybrid_pixel_array_detector,8.560431313969618e-05
112,1,11,ferrocenyl_ring,8.460824586913271e-05
113,1,11,holmium_derivative,8.413520320886341e-05
114,1,11,merit_figure,8.388058448584714e-05
115,1,11,fast_datum_collection,8.362334717135164e-05
116,1,11,previously_report_complex,8.328449321812687e-05
117,1,11,detection_system,8.324025948999927e-05
118,1,11,guini_camera,8.257927513854591e-05
119,1,11,active_site_nucleophile,8.241306170885839e-05
120,1,12,cl_te_o,8.895012429263687e-05
121,1,12,structural_study,8.680786067821413e-05
122,1,12,orange_crystal,8.570371637377518e-05
123,1,12,lead_intermolecular_c_h,8.568126051488639e-05
124,1,12,silico_screen,8.502567013773241e-05
125,1,12,primary_amino_group,8.479643246820572e-05
126,1,12,n_bond_length,8.44181809275146e-05
127,1,12,valence_unit,8.354725082996672e-05
128,1,12,cl_o,8.344444467448621e-05
129,1,12,minus_salt_cation,8.300991327640573e-05
130,1,13,obtain_result,8.735531538230398e-05
131,1,13,coordination_numb,8.371638171556222e-05
132,1,13,experimental_datum_agreement,8.359194951985247e-05
133,1,13,charge_oxidation_state_radius,8.328582938782944e-05
134,1,13,surface_actual_ultrasonic_oscillation,8.30015778271695e-05
135,1,13,spop_high_order_oligomerization,8.28711781289794e-05
136,1,13,large_order_optical_susceptibility,8.257716116550854e-05
137,1,13,halophilic_marine_microorganism,8.251650552933281e-05
138,1,13,thermal_expansion_experiment,8.183745579803492e-05
139,1,13,texture_thin_film,8.177599466878058e-05
140,1,14,thf_hexane_solution,8.525149696541152e-05
141,1,14,pathological_process_multitude,8.353603690238575e-05
142,1,14,ligand_phen_chelate,8.333656154760367e-05
143,1,14,clathrin_adaptor_complex,8.205425950554982e-05
144,1,14,finite_emittance,8.170463310736947e-05
145,1,14,call_shashlik_like_pattern,8.157610850635723e-05
146,1,14,crystallization_experiment,8.145036039202552e-05
147,1,14,flock_house_virus,8.139915436286532e-05
148,1,14,pseudouridine_rrna,8.139549463015684e-05
149,1,14,complete_satisfactory_explanation,8.128112974683141e-05
150,1,15,ordinary_imperfect_crystal,8.580851844247142e-05
151,1,15,all_result,8.398057496568856e-05
152,1,15,viz_dimensional_anionic_framework,8.36229748959252e-05
153,1,15,molecule_rapid_loss,8.332292841620797e-05
154,1,15,different_technique,8.330570423160442e-05
155,1,15,adjacent_plane,8.296464980582285e-05
156,1,15,approximately_planar_ring,8.295007001866129e-05
157,1,15,square_pyramidal_coordination_geometry,8.282353741855332e-05
158,1,15,host_cell_rna_interference,8.262110082228466e-05
159,1,15,metal_substrate_ion,8.21758317658262e-05
160,1,16,active_site_notable_difference,8.635807718272717e-05
161,1,16,sample_holder,8.428041725141963e-05
162,1,16,strong_intermolecular_o_h,8.426732269278876e-05
163,1,16,or_b,8.376573929560806e-05
164,1,16,triazine_ring_plane,8.338276949016848e-05
165,1,16,great_deviation,8.327770221788385e-05
166,1,16,ill_order_material,8.299564153847664e-05
167,1,16,trigonal_bipyramidal_configuration_polyhedron,8.272626150808703e-05
168,1,16,ring_system_plane,8.21088340486488e-05
169,1,16,significant_discrepancy,8.197994884432678e-05
170,1,17,sn_c,8.782514785736483e-05
171,1,17,imine_c_n_bond,8.64413082470461e-05
172,1,17,thiadiazole_system,8.535519480064225e-05
173,1,17,purify_enzyme_solution,8.419982237682491e-05
174,1,17,fundamental_diffraction_equation,8.36670257737477e-05
175,1,17,prime_biosynthesis,8.355482641907353e-05
176,1,17,ring_thiazole,8.330807024962325e-05
177,1,17,intramolecular_motion_change,8.325748625992204e-05
178,1,17,total_coordination_numb,8.247214903035593e-05
179,1,17,molecule_isopropyl_group,8.245598368719543e-05
180,1,18,domain_size_decrease,8.617747894584912e-05
181,1,18,biological_system_thiocyanate,8.615550209384297e-05
182,1,18,sodium_dicyanamide,8.562160424180153e-05
183,1,18,x_ray_reflectivity,8.466360373464597e-05
184,1,18,student_background,8.39547607956971e-05
185,1,18,ring_chain_combination,8.322497136904323e-05
186,1,18,c_h_presence,8.322362736194306e-05
187,1,18,double_chain_structure,8.314810553619321e-05
188,1,18,pyrazine_ring,8.295985686584934e-05
189,1,18,respectively_ii_i,8.27271216432455e-05
190,1,19,troika_concept_base_nbsp,8.563512865587038e-05
191,1,19,tetragonal_prism,8.516343725945435e-05
192,1,19,anthracene_molecule,8.510166124705704e-05
193,1,19,low_ph,8.507792450378562e-05
194,1,19,single_photon,8.453145952145446e-05
195,1,19,luminescent_material_laser_host,8.444676258234091e-05
196,1,19,multiple_lattice,8.234102184449619e-05
197,1,19,general_specimen,8.226249692596661e-05
198,1,19,net_quotient_graph,8.210102462120611e-05
199,1,19,continuous_operation,8.203846092126358e-05
200,1,20,birk_type_inhibitor,8.578020004316603e-05
201,1,20,aring_neighbour_molecule,8.473668422097729e-05
202,1,20,coordinate_ligand,8.302368968101736e-05
203,1,20,unary_form,8.2348541055554e-05
204,1,20,real_datum_refinement_phase,8.196068874180005e-05
205,1,20,march_function_correction,8.194852986012082e-05
206,1,20,bidentate_bipyridine_cis_chloride,8.184484257038854e-05
207,1,20,vehicle_alternative_fuel_source,8.175223245925925e-05
208,1,20,n_s_h,8.103576184785427e-05
209,1,20,texture_parameter,8.100618800485839e-05
210,1,21,pseudo_theta,8.573139379024445e-05
211,1,21,plane_lie_chi_axis,8.507025001995416e-05
212,1,21,adp_product,8.321742393154113e-05
213,1,21,solution_general_scatter_theory,8.275782560473706e-05
214,1,21,double_crystal_synchrotron_topography,8.270257617497445e-05
215,1,21,ring_open,8.208166253097289e-05
216,1,21,electron_density_decay,8.186523794478549e-05
217,1,21,acesulfame_metal_complex,8.184237268308824e-05
218,1,21,sequence_variation,8.138836248558249e-05
219,1,21,z_dna_nucleotide,8.127476781345422e-05
220,1,22,unique_induce_fit_mechanism,8.394673684528605e-05
221,1,22,symmetry_relate_thiocyanate_ligand,8.36277124087358e-05
222,1,22,robotic_sample_changer,8.253898347298702e-05
223,1,22,technique_block_different_contrast,8.242475007074412e-05
224,1,22,recently_synthesize_quasicrystal,8.227006699022951e-05
225,1,22,predict_inner_membrane_metalloenzyme,8.226460740947901e-05
226,1,22,crystfel_monte_carlo_integration,8.222570131337222e-05
227,1,22,experimental_rock_curve,8.220623579261e-05
228,1,22,bicrystal_topograph,8.211979758709792e-05
229,1,22,o_dimer_hydrogen_bond,8.205546871415711e-05
230,1,23,sulfur_sad,8.562317801446389e-05
231,1,23,zn_o_bond_distance,8.367429454675314e-05
232,1,23,cis_octahedral_geometry,8.33773280792856e-05
233,1,23,azomethine_c_n_bond,8.322842542308742e-05
234,1,23,xpd_use,8.257903325308785e-05
235,1,23,therapeutic_approach,8.248089940351345e-05
236,1,23,alternate_orientation,8.233897082329991e-05
237,1,23,numeric_publish_crystallographic_datum,8.189416077495623e-05
238,1,23,detailed_structural_comparison,8.150003484752308e-05
239,1,23,transmission_mode,8.149718594611344e-05
240,1,24,toru_parameter_wide_range,8.777647893678102e-05
241,1,24,crystal_molecular_sheet,8.708701677897036e-05
242,1,24,laboratory_synthesize_membrane,8.49375602204786e-05
243,1,24,low_energy,8.433536958477154e-05
244,1,24,symmetry_relate_domain,8.403126905165842e-05
245,1,24,c_c_torsion_angle,8.365877271313046e-05
246,1,24,mu_n_ring,8.363388978816665e-05
247,1,24,extend_structure_stabilization,8.353439980215752e-05
248,1,24,o_hmtpo_atom,8.284677351792807e-05
249,1,24,oligomeric_saccharide,8.256091787519726e-05
250,1,25,anti_orientation,8.555430813196916e-05
251,1,25,rapid_sample,8.503582627123298e-05
252,1,25,cu_n_bond_distance,8.423862939846096e-05
253,1,25,topological_notation_dimensional_network,8.363223827677621e-05
254,1,25,anionic_cationic_layer,8.323708533195232e-05
255,1,25,peak_diffract_wave_amplitude,8.276452468918585e-05
256,1,25,c_angle,8.268479528365115e-05
257,1,25,tc_ferroelectric_phase,8.226639464801037e-05
258,1,25,activity_decrease,8.223884581988464e-05
259,1,25,hydrogen_bond_perchlorate_anion,8.207659758377625e-05
260,1,26,crystal_structure_solution_study,8.477858950292708e-05
261,1,26,g_similar_density,8.453173348092062e-05
262,1,26,tran_dispose_acetonitrile_ligand,8.305419564022545e-05
263,1,26,research_reactor,8.303257880639774e-05
264,1,26,prior_report,8.263189175622748e-05
265,1,26,cylindrical_scroll_structure_determination,8.262121784404138e-05
266,1,26,well_study_example,8.251344983554274e-05
267,1,26,mm_cadmium_chloride,8.210385150168623e-05
268,1,26,young_modulus,8.20154882198792e-05
269,1,26,ethoxybenzene_group,8.180996964460341e-05
270,1,27,coprinus_cinereus,8.67810007989961e-05
271,1,27,lattice_constant,8.66745049540287e-05
272,1,27,measurement_alignment,8.601346527911698e-05
273,1,27,pronounce_difference,8.532863155374773e-05
274,1,27,neisen_parameter,8.526615762625503e-05
275,1,27,thiazolium_base,8.449970018042863e-05
276,1,27,alkaliphilic_bacillus_sp_mannanase,8.402545825095439e-05
277,1,27,c_c_bond,8.38462110410108e-05
278,1,27,timepix_detector,8.37977087719058e-05
279,1,27,maximum_likelihood_target_function,8.332826374228577e-05
280,1,28,molecule_aromatic_ring,8.669817508157534e-05
281,1,28,benzene_ring_pyridine,8.448352401393543e-05
282,1,28,benzoxazole_ring_system,8.381799787487003e-05
283,1,28,ii_deg,8.344398353441336e-05
284,1,28,o_atom_nitrate,8.28209323179643e-05
285,1,28,adjacent_ligand,8.245468278011024e-05
286,1,28,mu_mu_dihydrate,8.243950483625379e-05
287,1,28,functional_form_magnitude_consequence,8.207150946540104e-05
288,1,28,iron_sulfur,8.191740159537307e-05
289,1,28,neutral_specie_hydrogen_bond,8.187636592397558e-05
290,1,29,multilamellar_membrane,8.737878567297963e-05
291,1,29,cafads_ammoniagene,8.509314960786205e-05
292,1,29,apical_position_water_molecule,8.470127999860086e-05
293,1,29,pendant_diethylamino_group,8.442977174521728e-05
294,1,29,gaba_transaminase,8.432964078098807e-05
295,1,29,prime_ligand_n_atom,8.42656946061293e-05
296,1,29,o_h_variety,8.323536948422186e-05
297,1,29,ewald_method_general_principle,8.307509277664898e-05
298,1,29,finite_measurement_range,8.303519548628624e-05
299,1,29,sigmoidal_dependence,8.281338892176416e-05
300,1,30,resolution_cutoff,8.795432643826416e-05
301,1,30,sulfonyl_bridge,8.70296616617912e-05
302,1,30,cytoplasmic_nuclear,8.644915819138283e-05
303,1,30,lang_projection,8.55299715960799e-05
304,1,30,anion_hydroxyl_group,8.373673768729081e-05
305,1,30,fruit_body_formation,8.35877699688878e-05
306,1,30,biomacromolecular_crystal_quality,8.345533501798889e-05
307,1,30,l_domain,8.341710328400273e-05
308,1,30,process_datum_collection,8.299546051747236e-05
309,1,30,bend_crystal,8.249330081071543e-05
310,1,31,susceptible_residue,8.74095206994478e-05
311,1,31,minus_solid_solution,8.67567793322252e-05
312,1,31,bridge_thiocyanate_ligand,8.554806359655782e-05
313,1,31,raman_unit,8.472537317016358e-05
314,1,31,h_position,8.425107407066462e-05
315,1,31,fluconazole_ligand,8.374992818263697e-05
316,1,31,framework_vertex_constant_area,8.308598789360888e-05
317,1,31,sandwich_structure,8.287568433928646e-05
318,1,31,aring_o_distance,8.279506801118799e-05
319,1,31,z_form_layer,8.259902125275288e-05
320,1,32,flap_methylene_c_atom,8.808574697216904e-05
321,1,32,thermal_vibration,8.807781402644131e-05
322,1,32,rigid_body,8.706478258242483e-05
323,1,32,deduce_amino_acid_identity,8.585532126887626e-05
324,1,32,optical_activity_main_contributor,8.524869910532502e-05
325,1,32,protein_model_portal_model,8.370159692955303e-05
326,1,32,strontium_magnesium,8.330731988902863e-05
327,1,32,long_wavelength,8.312970964232438e-05
328,1,32,piperidine_n_substituent_modification,8.28447439745244e-05
329,1,32,fit_procedure,8.253636053616751e-05
330,1,33,heat_load,8.814308807796159e-05
331,1,33,atomic_focuser_crystal_atom,8.629255414222112e-05
332,1,33,electron_storage,8.450219595035318e-05
333,1,33,proper_subgroup,8.442591519184582e-05
334,1,33,crystal_class,8.308616968899202e-05
335,1,33,twist_chair,8.274872071495004e-05
336,1,33,mesoionic_bromination,8.177188629378358e-05
337,1,33,substrate_recognition,8.159899839028085e-05
338,1,33,line_shape,8.143840651456812e-05
339,1,33,many_brazilian_laboratory,8.141889649597675e-05
340,1,34,absorb_power,8.67616322613659e-05
341,1,34,c_h_result,8.598107220753642e-05
342,1,34,dispersion_comment,8.508614881979124e-05
343,1,34,b_molecule,8.487349651355276e-05
344,1,34,iodide_methylcocaine,8.346294643155476e-05
345,1,34,ir_bond,8.2803141411289e-05
346,1,34,acetolactate_decarboxylase,8.268456809945147e-05
347,1,34,f_c_h,8.263202109060445e-05
348,1,34,biophysical_method,8.193320049051823e-05
349,1,34,dispersion_surface_coordinate,8.176908651048863e-05
350,1,35,bidentate_phenanthroline_ligand,8.64991962244861e-05
351,1,35,n_terminal_math_domain,8.49315682842493e-05
352,1,35,triiodide_ion,8.453038236661773e-05
353,1,35,c_s_bond,8.404146073272894e-05
354,1,35,chemical_structure,8.388114016542788e-05
355,1,35,glycouril_framework_respect,8.365073846399247e-05
356,1,35,monochromator_crystal,8.328732496638315e-05
357,1,35,central_core,8.25904499519045e-05
358,1,35,volume_fractality_absence,8.247924202967525e-05
359,1,35,essential_virulence_factor_pathogen,8.197090112332024e-05
360,1,36,atomic_pair,8.685835622475784e-05
361,1,36,n_c_bond,8.660530460141075e-05
362,1,36,zi_type,8.608750517577552e-05
363,1,36,dislocation_structure,8.587117467765567e-05
364,1,36,trigonal_system,8.497110660745344e-05
365,1,36,polarization_state,8.494867472999056e-05
366,1,36,hydrogen_atom,8.450556755377789e-05
367,1,36,silicon_monochromator,8.313324965348494e-05
368,1,36,n_atom_protonated_amino,8.309776217994182e-05
369,1,36,structurally_characterize_archaeal_tim,8.26023044902404e-05
370,1,37,special_advantage,8.596553722920204e-05
371,1,37,inelastic_technique_diffraction,8.560761269000894e-05
372,1,37,flexible_beta,8.513208788198192e-05
373,1,37,c_prime_atom,8.44791694984177e-05
374,1,37,regular_tetrahedron,8.388161891431741e-05
375,1,37,saxs_pattern,8.346761479117869e-05
376,1,37,obtain_crystal,8.333490235059572e-05
377,1,37,h_hydrogen,8.30197476376392e-05
378,1,37,twofold_rotational_symmetry,8.299451499115177e-05
379,1,37,crystal_order,8.252094364265969e-05
380,1,38,strong_pi,8.722076770395101e-05
381,1,38,cupric_bromide,8.546456347914519e-05
382,1,38,phenyl_dimethoxyphenyl_ring,8.45110006387569e-05
383,1,38,iron_contain_protein_crystal,8.438842685157726e-05
384,1,38,titration_calorimetry,8.330252648190038e-05
385,1,38,standard_sample_holder,8.270351113160399e-05
386,1,38,hydration_dehydration_behavior,8.267197184888137e-05
387,1,38,cylindrical_micelle,8.238717673020603e-05
388,1,38,mix_anion,8.195751837405222e-05
389,1,38,perk_kinase_domain,8.195030037787147e-05
390,1,39,homology_evaluation,9.043149097918644e-05
391,1,39,linker_absence_different_dimension,8.554086071428816e-05
392,1,39,needle_crystal,8.416398424394027e-05
393,1,39,single_nanotube,8.383531550511544e-05
394,1,39,topoisomerase_cytotoxicity,8.344959626720219e-05
395,1,39,symmetry_edge_share_octahedron,8.341594288159587e-05
396,1,39,twist_boat_chair_conformation,8.283916990717197e-05
397,1,39,phosphonium_substitute_hydrazone,8.272604150019927e-05
398,1,39,new_energy_save_procedure,8.246516783675344e-05
399,1,39,k_cl_ion,8.236300654027021e-05
400,1,40,crystal_in_o_h,8.71302732817027e-05
401,1,40,aring_separation,8.666227712788491e-05
402,1,40,dna_protein,8.654484551166856e-05
403,1,40,separate_determination,8.630355840534683e-05
404,1,40,molecular_dipole_moment,8.581497413500019e-05
405,1,40,teller_distortion,8.542357979354762e-05
406,1,40,domain_ratio,8.506003821201609e-05
407,1,40,inelastic_x_ray_scatter,8.468078973302447e-05
408,1,40,acetyl_group_plane,8.463893751490285e-05
409,1,40,scatter_factor_product,8.415734218561883e-05
410,1,41,acidic_methylene_h_atom,8.899543004203048e-05
411,1,41,real_time_five_example,8.760750132762967e-05
412,1,41,dna_bind_domain,8.596562682085562e-05
413,1,41,o_demethylase_vanillate_aromatic,8.59217714231046e-05
414,1,41,sodium_channel,8.533260712100279e-05
415,1,41,chloride_calcium_sodium_citrate,8.455267624595828e-05
416,1,41,growth_dissolution,8.365603866348658e-05
417,1,41,hemi_labile_donor,8.35410597453595e-05
418,1,41,peierls_barrier_reaction,8.299531551409121e-05
419,1,41,matthew_coefficient_analysis,8.271111837753189e-05
420,1,42,functional_relevance,8.723835288000355e-05
421,1,42,dianionic_o_atom,8.605201830431483e-05
422,1,42,strain_field,8.542245869433056e-05
423,1,42,phase_stability_phase_transformation,8.42400083837534e-05
424,1,42,s_angle,8.402310259567113e-05
425,1,42,methylsulfanyl_group_pyrrolidine_substituent,8.272177593292696e-05
426,1,42,constant_thickness_lamella,8.244497312330146e-05
427,1,42,correct_equation,8.229516800919565e-05
428,1,42,amino_acid_identity,8.184434951521291e-05
429,1,42,potential_coordination_node,8.184192830186083e-05
430,1,43,property_tensor_component,8.715031494664879e-05
431,1,43,symmetry_relate_molecule,8.410400445983775e-05
432,1,43,medium_strength,8.402644109884728e-05
433,1,43,pinonic_acid,8.372484369428069e-05
434,1,43,xnfs_technique_certain_limitation,8.28386725005969e-05
435,1,43,hydration_dehydration_behavior,8.259121959748655e-05
436,1,43,o_o_prime_prime,8.216670889929751e-05
437,1,43,normal_hydrogen_bond,8.173482269446638e-05
438,1,43,ribitol_ribose,8.157293845968217e-05
439,1,43,short_range_order_degree,8.155951849632058e-05
440,1,44,ligand_prime_n_atom,8.645871034688559e-05
441,1,44,multiwavelength_anomalous_dispersion,8.368409355263922e-05
442,1,44,specific_oscillation,8.353545235323899e-05
443,1,44,label_vector,8.306410245864023e-05
444,1,44,optical_chirality,8.301707277218516e-05
445,1,44,cl_plane,8.300673846853377e-05
446,1,44,centrosymmetric_bright_blue_crystal,8.293313747117741e-05
447,1,44,half_water_molecule,8.271285777662354e-05
448,1,44,substrate_peak_layer,8.225533138566871e-05
449,1,44,fringe_contrast_intensity,8.222847236677353e-05
450,1,45,human_immunodeficiency,8.701143624774383e-05
451,1,45,k_metallic_zinc,8.509996523131142e-05
452,1,45,nonpolar_hydrocarbon_exterior,8.455001170041735e-05
453,1,45,reflection_kind,8.45274097174615e-05
454,1,45,eclipse_geometry,8.451633245037298e-05
455,1,45,macroscopic_scale,8.440407802025524e-05
456,1,45,central_quinoline,8.40434196422398e-05
457,1,45,chemically_order_beta,8.29355950807928e-05
458,1,45,analysis_datum_collection,8.27734473085919e-05
459,1,45,omega_term,8.276836922966136e-05
460,1,46,anomalous_scatter_curve,8.869378550834614e-05
461,1,46,triazolium_ring,8.527791610903771e-05
462,1,46,single_force,8.485593896453691e-05
463,1,46,usp_ecr_subunit,8.44897746959421e-05
464,1,46,literature_report_different_hypothesis,8.430608484090817e-05
465,1,46,multilamellar_membrane_dna_intercalation,8.356902253749661e-05
466,1,46,beta_dominate_film,8.347940657325436e-05
467,1,46,crystal_diffraction_experiment,8.337457217095389e-05
468,1,46,equimolar_mixture,8.317924434362133e-05
469,1,46,o_crystal_contact,8.270291943355958e-05
470,1,47,carbonylthiourea_group,8.96748991092879e-05
471,1,47,neighbour_molecule_benzene_ring,8.852500141662472e-05
472,1,47,adjacent_zwitterion,8.60673479151202e-05
473,1,47,novel_mu_n_ring,8.553915199589265e-05
474,1,47,high_density_hydrogen,8.444898750647847e-05
475,1,47,radiation_damage_effect,8.410864354329178e-05
476,1,47,organic_nature_molecular_complex,8.337768133486708e-05
477,1,47,radiation_k_alpha_line,8.333693251962175e-05
478,1,47,alpha_thin_film,8.328722207181048e-05
479,1,47,dna_package,8.287559723501763e-05
480,1,48,phenyl_ring_deg_angle,8.964980402053474e-05
481,1,48,bay_area,8.790002097596247e-05
482,1,48,ag_atom,8.75931033298423e-05
483,1,48,benzoxazole_ring_system,8.4901637372871e-05
484,1,48,variable_sample,8.490094280165439e-05
485,1,48,x_ray_area,8.463414982909556e-05
486,1,48,certain_general_algebraic_formula,8.453649611772689e-05
487,1,48,powerful_mean,8.43861757084225e-05
488,1,48,bond_one_short_h,8.376518228084254e-05
489,1,48,mean_size,8.316116529050052e-05
490,1,49,pichia_pastoris,8.639137421738498e-05
491,1,49,model_calculation,8.601501726858157e-05
492,1,49,kappa_acesulfame_metal_complex,8.597962692844958e-05
493,1,49,hdak_card,8.488080880877962e-05
494,1,49,latent_variable_space,8.363871033212691e-05
495,1,49,structure_comparable_contribution,8.349179836966319e-05
496,1,49,layer_linkage,8.307253733695264e-05
497,1,49,thc_case,8.280997008407505e-05
498,1,49,time_resolution,8.27723046605267e-05
499,1,49,paired_l_ligand,8.270426593578941e-05
0,2,0,multiple_structure_factor,8.430754856443237e-05
1,2,0,hydrogen_bond_high_degree,8.396011196948014e-05
2,2,0,heterodyne_xpcs_experiment_result,8.375704827984246e-05
3,2,0,pre_bio_pulp_bleach,8.227234628826751e-05
4,2,0,underlie_anharmonic_potential,8.225237354796597e-05
5,2,0,new_tetranuclear,8.21945146574235e-05
6,2,0,dynamical_theory,8.212347846680466e-05
7,2,0,crystallization_growth,8.186247809207153e-05
8,2,0,technique_combination,8.175209267070241e-05
9,2,0,rlml_gene,8.162169518916979e-05
10,2,1,critical_step,8.996501970525034e-05
11,2,1,ac_plane_parallel,8.854477310255974e-05
12,2,1,direction_dimensional_chain,8.682586390407818e-05
13,2,1,century_de_eacute,8.287322750548666e-05
14,2,1,systematic_study,8.268434968163816e-05
15,2,1,situ_sample,8.261129506788003e-05
16,2,1,envelope_conformation,8.241363684298163e-05
17,2,1,crystalline_inclusion_gas_clathrate,8.19197801561232e-05
18,2,1,qualitatively_direct_comparison,8.167712854988124e-05
19,2,1,pivotal_role,8.159982761300061e-05
20,2,2,isonicotinamide_ligand_carbonyl_group,8.600030142356669e-05
21,2,2,rapidly_grow_application_need,8.445856046352978e-05
22,2,2,clear_fractional_order_spot,8.359941458427462e-05
23,2,2,s_dibenzyl_dithiophosphate,8.298206656654949e-05
24,2,2,call_pole_figure_measurement,8.295302792715866e-05
25,2,2,important_issue,8.290507886303507e-05
26,2,2,crystal_physical_property_term,8.258713217350699e-05
27,2,2,high_angular_resolution,8.218522423267667e-05
28,2,2,chain_space,8.159785822761654e-05
29,2,2,beam_calculation,8.149726734274001e-05
30,2,3,benzene_plane_ring_plane,8.47465498822235e-05
31,2,3,model_structure_comparison,8.470299185251265e-05
32,2,3,salicylic_phenyl,8.407070719881123e-05
33,2,3,molecule_guanidine,8.386583446086e-05
34,2,3,active_site,8.265029636080501e-05
35,2,3,sulfonylation_reaction,8.208095303621864e-05
36,2,3,etc_bioavailability_solubility,8.177687231355885e-05
37,2,3,translate_ribosome,8.169782052927933e-05
38,2,3,focus_property,8.161325513319963e-05
39,2,3,neighbour_anion_benzene_ring,8.137574526779268e-05
40,2,4,organic_nature,8.631483319195742e-05
41,2,4,focus_effect,8.461491928223528e-05
42,2,4,rigid_body,8.454381024783605e-05
43,2,4,different_enzyme_activity,8.396195674346226e-05
44,2,4,hydrophobic_interaction,8.341464629336854e-05
45,2,4,magnetic_orientation,8.26518884282864e-05
46,2,4,methoxyamino_h_atom_replacement,8.256612443439509e-05
47,2,4,available_datum,8.235669779765106e-05
48,2,4,seven_o_atom,8.226929412546845e-05
49,2,4,urea_group,8.206935698709275e-05
50,2,5,b_intensity_loss_factor,8.603855343070237e-05
51,2,5,local_scale,8.449149983203813e-05
52,2,5,o_c_angle,8.279644578903241e-05
53,2,5,crystal_conformation_pack,8.262453246545367e-05
54,2,5,middot_cocrystal,8.146870737645368e-05
55,2,5,little_consistency,8.137220292540171e-05
56,2,5,chocolate_product,8.092140487394148e-05
57,2,5,dimensional_net_topological_density,8.064442762263371e-05
58,2,5,nitro_amino,8.060398492230014e-05
59,2,5,tetrahedron_form_layer,8.059493333072055e-05
60,2,6,crystal_structure_intermolecular_interaction,8.514709230598527e-05
61,2,6,triazole_ring_ethoxybenzene_group,8.492030395518736e-05
62,2,6,ring_like_structure,8.485603303388924e-05
63,2,6,single_force_function,8.409942508998774e-05
64,2,6,methyl_acrylate,8.407144440772968e-05
65,2,6,acid_dihydrate,8.344047733696463e-05
66,2,6,cone_conformation,8.301541636367167e-05
67,2,6,mandelic_acid_acid_unit,8.274454075009813e-05
68,2,6,drug_target,8.269707255713453e-05
69,2,6,complex_sample,8.211267970855955e-05
70,2,7,pi_contact_form,8.655512729433702e-05
71,2,7,thienyl_hydrogen_bond,8.452079811375691e-05
72,2,7,phosphane_ligand,8.438715931101866e-05
73,2,7,diffract_ray,8.412403498307421e-05
74,2,7,phase_numerical_example,8.40048141086516e-05
75,2,7,curve_different_type_distortion,8.301746857374352e-05
76,2,7,predominant_oxidation_product,8.19029282703317e-05
77,2,7,van_addition,8.169203179055953e-05
78,2,7,sim_factor,8.16516371482296e-05
79,2,7,element_chemical_property,8.161573196917418e-05
80,2,8,hydrophobic_interaction,8.624405726771915e-05
81,2,8,main_facility,8.558082723876569e-05
82,2,8,obtain_inclusion_crystal,8.502342438649386e-05
83,2,8,delocalize_bond,8.424989763675301e-05
84,2,8,circadian_clock_oscillator,8.385800223448841e-05
85,2,8,crystal_diffraction,8.251146292368365e-05
86,2,8,investigate_phalanx_individual_finger,8.224171662985295e-05
87,2,8,bor_d_structure,8.194430940170567e-05
88,2,8,triazine_molecule,8.107752389621976e-05
89,2,8,carbazole_ring,8.101532502400386e-05
90,2,9,ring_thiophene_benzene,8.63199620474534e-05
91,2,9,scroll_structure_identification,8.603408311821786e-05
92,2,9,pure_rotation,8.536856970819044e-05
93,2,9,dominate_primary_model,8.447036085986324e-05
94,2,9,sandwich_structure,8.423926900058306e-05
95,2,9,respectively_ring_deg,8.317996937337028e-05
96,2,9,pentamer_formation,8.248021765172523e-05
97,2,9,centrosymmetric_site,8.182773417714428e-05
98,2,9,distort_octahedron,8.181862102659756e-05
99,2,9,micellar_surface_unit_charge,8.127846014501858e-05
100,2,10,dimensional_net_topological_density,8.57550390299698e-05
101,2,10,residual_electron_density,8.202037211413316e-05
102,2,10,electron_microscopy_image,8.175441741546517e-05
103,2,10,optical_microscope,8.150748219268223e-05
104,2,10,microstructure_deep_insight,8.137384936921183e-05
105,2,10,structural_magnetic_transition,8.125122940184648e-05
106,2,10,receptor_ligand,8.124589408873266e-05
107,2,10,exact_mechanism,8.121688048701699e-05
108,2,10,c_terminal_end,8.11970647839583e-05
109,2,10,instrumental_broaden_magnitude,8.101487008913084e-05
110,2,11,classical_n_h_addition,8.496506731466937e-05
111,2,11,orient_tran,8.355432721142844e-05
112,2,11,tetartohedrally_twin_crystal,8.323370325401852e-05
113,2,11,c_s_h,8.313148248271987e-05
114,2,11,electron_diffraction_pattern,8.144279634923502e-05
115,2,11,er_atom,8.131356494181785e-05
116,2,11,near_zone,8.112695250403015e-05
117,2,11,material_porosity,8.064770317930983e-05
118,2,11,macro_ring,8.056730877907779e-05
119,2,11,complex_crystal_pack,8.047267664944418e-05
120,2,12,reversible_dehydration,8.458508312720173e-05
121,2,12,ctd_characterize_modification,8.312705672247644e-05
122,2,12,n_prime,8.302709221432068e-05
123,2,12,dihydropyrimidine_ring,8.237423991067887e-05
124,2,12,alpha_kinase_activation_mode,8.220002949749736e-05
125,2,12,physical_mean,8.174133038083145e-05
126,2,12,tetramer_ellipsoidal_shape_dimer,8.158264668540776e-05
127,2,12,time_resolution,8.153481071485152e-05
128,2,12,gallbladder_stone,8.141681737961077e-05
129,2,12,dimensional_deformity,8.133178673716672e-05
130,2,13,chlorothiazide_molecule,8.667551358689471e-05
131,2,13,short_n,8.400358122222828e-05
132,2,13,structural_lattice,8.313780834468969e-05
133,2,13,recently_synthesize_quasicrystal_comparison,8.25546764425393e-05
134,2,13,large_substrate,8.193086004575306e-05
135,2,13,translation_function_effect,8.156282516038704e-05
136,2,13,ctd_bind_protein,8.141834249841668e-05
137,2,13,molecule_a,8.132369801438501e-05
138,2,13,x_ray_diffraction_experiment,8.111893349746592e-05
139,2,13,cm_minus_dx_deg,8.087052119681587e-05
140,2,14,intramolecular_cyclization,9.068057573453088e-05
141,2,14,vacuum_uv,9.046513097166249e-05
142,2,14,short_time,8.550931982730639e-05
143,2,14,v_overlap_volume,8.361737484086768e-05
144,2,14,anion_minus_unit,8.273012163699726e-05
145,2,14,new_mix_metal_complex,8.263705319029175e-05
146,2,14,nanoparticle_dynamic,8.261423329957766e-05
147,2,14,potassium_sodium_silver_tetraniobium,8.120575049811212e-05
148,2,14,bromide_water_anion,8.104651877527114e-05
149,2,14,connectivity_constitution,8.0982974183419e-05
150,2,15,such_automorphism,8.571841466349679e-05
151,2,15,nrfa_nitrite_reductase,8.418690280123218e-05
152,2,15,stress_relaxation_process,8.394559569737967e-05
153,2,15,coordinate_atom,8.380620090739766e-05
154,2,15,user_intervention,8.355258165173789e-05
155,2,15,gamma_ring,8.297250427237092e-05
156,2,15,anion_terminal_sulfur_atom,8.296687056932583e-05
157,2,15,protein_interaction,8.295398255501938e-05
158,2,15,c_s_bond,8.253528547728986e-05
159,2,15,pfor_ferredoxin_oxidoreductase,8.230081686719043e-05
0,3,0,twin_structure_occurrence,7.930166136911948e-05
1,3,0,independent_niii_complex_molecule,7.928629652352942e-05
2,3,0,c_type_lectin,7.927391225446989e-05
3,3,0,saxs_simulation,7.92327524371373e-05
4,3,0,observe_line_defect,7.912816628323712e-05
5,3,0,lie_spiro_c_atom,7.876834774321004e-05
6,3,0,great_deviation,7.875696334572332e-05
7,3,0,derive_nociceptin_receptor_ligand,7.836502692960995e-05
8,3,0,original_crystal,7.801675033092897e-05
9,3,0,predominant_market,7.79053289199415e-05
10,3,1,group_f_atom,8.493757258749883e-05
11,3,1,langbeinite_type_structure,8.107654294709112e-05
12,3,1,hydrogen_bond_high_degree,8.02632114034433e-05
13,3,1,dha_kinase,8.002053220887544e-05
14,3,1,g_mu_microgravity,7.977955518956627e-05
15,3,1,march_function_correction,7.975817342574382e-05
16,3,1,spiral_growth,7.92433680836832e-05
17,3,1,tripodal_conformation,7.918855519070348e-05
18,3,1,horizontal_thgr,7.889263931752438e-05
19,3,1,nucleoside_diphosphate_kinase,7.826643317975087e-05
20,3,2,chain_fragment,8.267186571076473e-05
21,3,2,dianionic_ligand,8.028578126215257e-05
22,3,2,calcium_accumulation_autonomous_zone,7.999868444893083e-05
23,3,2,cation_cation,7.960796950000503e-05
24,3,2,high_fraction,7.93957697000343e-05
25,3,2,diffract_wave,7.911796971328701e-05
26,3,2,non_coordinate_cyano_group,7.877266169681382e-05
27,3,2,tightly_regulate_process,7.867090489983474e-05
28,3,2,suitable_weight,7.820058706473208e-05
29,3,2,x_ray_diffract_crystal,7.81760646029251e-05
30,3,3,peptidoglycan_recognition,8.017317457802002e-05
31,3,3,ch_group,7.965293099572046e-05
32,3,3,anion_link,7.91600750805754e-05
33,3,3,point_mention_question_respect,7.88519713307151e-05
34,3,3,rapidly_grow_application,7.869753678333162e-05
35,3,3,dimeric_complex,7.812043802460867e-05
36,3,3,series_expansion,7.795445779794202e-05
37,3,3,enol_form,7.781819196363e-05
38,3,3,molecular_structure_similar,7.772702871530372e-05
39,3,3,triclinic_polymorph,7.756542844570777e-05
0,4,0,dinuclear_complex_molecule,7.244340835229201e-05
1,4,0,intramolecular_motion,7.23663717812858e-05
2,4,0,pixel_area_detector,7.219439834583225e-05
3,4,0,structural_comparison,7.210324087796788e-05
4,4,0,optimize_structure,7.206402919568228e-05
5,4,0,overall_structure,7.185943428206278e-05
6,4,0,minor_redox,7.179431934373944e-05
7,4,0,theoretical_inversion,7.173524503178904e-05
8,4,0,catechol_derivative,7.157464188637744e-05
9,4,0,calixarene_unit,7.142358584301932e-05
