,run,topic,terms,p
terminal_helix,9.391612949436003e-05
1,1,0,hydrogen_bond_kind,8.471782670544635e-05
2,1,0,low_temperature_study,8.398583345728537e-05
3,1,0,o_n_kappa,8.38707026778463e-05
4,1,0,grind_board,8.37888749732472e-05
5,1,0,troika_concept_base_nbsp,8.347472085849003e-05
6,1,0,general_layout,8.31138354301998e-05
7,1,0,methylsulfinyl_substituent_methyl_group,8.298273250041597e-05
8,1,0,benzene_ring_dihedral_angle,8.232778902530744e-05
9,1,0,rubber_mechanical_viscoelastic_property,8.216271959750678e-05
10,1,1,condensation_reaction,9.011923479266908e-05
11,1,1,in_cuii_ion,8.542554146873113e-05
12,1,1,minus_two_br_ion,8.298460676458513e-05
13,1,1,dimeric_protein,8.246288764248432e-05
14,1,1,graze_incidence,8.240861611570004e-05
15,1,1,o_halogen_bond,8.233592086993834e-05
16,1,1,prime_gmp_complex,8.20611736709096e-05
17,1,1,cu_n_distance,8.205365583801766e-05
18,1,1,protein_particle,8.200466813786057e-05
19,1,1,minimization_problem,8.185620731114074e-05
20,1,2,asymmetric_unit_planar_molecule,9.062999086736558e-05
21,1,2,heterocyclic_ring_respect,8.491642576682368e-05
22,1,2,cage_vertex,8.421950096392449e-05
23,1,2,lithium_iron_vanadate,8.36698054239856e-05
24,1,2,function_definition_range,8.308716490765928e-05
25,1,2,extensive_ligand,8.281691503415159e-05
26,1,2,o_intermolecular_interaction,8.264610877808183e-05
27,1,2,correspond_free_base_metallation,8.23893789338768e-05
28,1,2,thrombin_peptide,8.23622315901035e-05
29,1,2,vertex_polyhedron,8.207650597609302e-05
30,1,3,recombinant_tetranectin,8.5944007366377e-05
31,1,3,ring_motif,8.34831271432232e-05
32,1,3,neutron_diffraction_study,8.323482598416557e-05
33,1,3,aldehyde_group,8.281075263818081e-05
34,1,3,centrosymmetric_crystal_structure,8.159719000605638e-05
35,1,3,inter_particle_interaction,8.147659413012072e-05
36,1,3,pure_potassium_dihydrogen_crystal,8.129283615043874e-05
37,1,3,invariant_point,8.120850237161113e-05
38,1,3,esi_mass,8.093684123547452e-05
39,1,3,sb_ras_integration_project,8.088409458018717e-05
40,1,4,basidiomycete_coprinus_cinereus,8.990460966280163e-05
41,1,4,tentative_phase,8.53961477453733e-05
42,1,4,o_aring_distance,8.411861895881943e-05
43,1,4,aring_large_deviation_plane,8.392840330074909e-05
44,1,4,measure_displacement,8.356118686352899e-05
45,1,4,chain_structure,8.24109754987565e-05
46,1,4,extra_spot,8.238277816766103e-05
47,1,4,screw_relate_molecule,8.185002497346984e-05
48,1,4,high_power_undulator_beamline,8.148106790739186e-05
49,1,4,selenium_antimony_elemental_manganese,8.138392428225553e-05
50,1,5,elaboration_process,8.547345864563178e-05
51,1,5,central_growth_region,8.503422786498116e-05
52,1,5,accoustical_mode,8.347712281955178e-05
53,1,5,capillary_concentrator,8.324535811181573e-05
54,1,5,trial_calculation,8.29179650447e-05
55,1,5,principle_enantiomorph_apply_method,8.233996298563616e-05
56,1,5,triclinic_system_crystallize,8.138199884955497e-05
57,1,5,scatter_resonant_curve,8.115851281385087e-05
58,1,5,isonicotinamide_ligand,8.106252699263362e-05
59,1,5,non_trivial_bound_automorphism,8.10581531949997e-05
60,1,6,flap_position,8.743331124448227e-05
61,1,6,well_case,8.702542927741093e-05
62,1,6,para_substituent,8.60367342128879e-05
63,1,6,nucleic_acid_structure_counterion,8.500168263299324e-05
64,1,6,cathode_material,8.474376698475804e-05
65,1,6,triangulo_triosmium,8.25580973936337e-05
66,1,6,fuse_cycloheptane_ring,8.214596563418742e-05
67,1,6,heterocyclic_ring_respect,8.203200979675879e-05
68,1,6,perchlorate_ion,8.185215732923333e-05
69,1,6,pyridyl_n_atom,8.184768518884795e-05
70,1,7,large_void,9.941316063163745e-05
71,1,7,integrate_intensity,8.86074435031879e-05
72,1,7,automatic_fit_procedure,8.796305062571324e-05
73,1,7,beta_alpha,8.575400682385098e-05
74,1,7,mnii_ion,8.537708708176646e-05
75,1,7,image_bragg_reflection,8.524562525688892e-05
76,1,7,deep_insight,8.451390464048585e-05
77,1,7,peo_corona_pep_core,8.399885604899485e-05
78,1,7,o_n_atom,8.368768425501765e-05
79,1,7,key_active_site_residue,8.359614280903225e-05
80,1,8,nitrosohydroxylaminato_group_plane,9.007476073077332e-05
81,1,8,complex_salt_hydrate,8.759961422385584e-05
82,1,8,free_surface_relaxation,8.319197343813157e-05
83,1,8,crystal_conformation_pack_term,8.302689077219522e-05
84,1,8,dmap_ligand,8.301223898763495e-05
85,1,8,sharp_variation,8.287517015686311e-05
86,1,8,cp_mas_nmr_spectrum,8.239064878560405e-05
87,1,8,structural_distortion,8.203742578082016e-05
88,1,8,interparticle_interaction,8.19768600585862e-05
89,1,8,statistical_fluctuation,8.193945154248849e-05
90,1,9,anomalous_correlation,8.453014085958922e-05
91,1,9,phase_error_estimate,8.313265615308087e-05
92,1,9,interaction_formation,8.235948537066466e-05
93,1,9,rubber_polymer_nanoparticle,8.227400526165161e-05
94,1,9,sodium_dodecyl,8.222909323878644e-05
95,1,9,monochromatic_macromolecular_crystallography,8.217555305615322e-05
96,1,9,benzothiophene_ring_system,8.212383734858056e-05
97,1,9,system_substitute_phenyl_ring,8.201265621410978e-05
98,1,9,mononuclear_agi_complex_cation,8.183690464165349e-05
99,1,9,interferometer_in_beam_splitter,8.15346139217286e-05
100,1,10,growth_nucleation_imperfection_nature,8.792979920808483e-05
101,1,10,photoluminescent_investigation,8.510972874318713e-05
102,1,10,small_crystal,8.441512950707836e-05
103,1,10,useful_information,8.365517198271356e-05
104,1,10,sample_exchange,8.312743014928322e-05
105,1,10,escherichia_coli_expression,8.277054762299855e-05
106,1,10,catalytic_process,8.23257325924113e-05
107,1,10,monoclinic_unit_cell,8.191119134695249e-05
108,1,10,intensity_distribution_analysis,8.166404829562725e-05
109,1,10,ehippase_ability,8.1406686439545e-05
110,1,11,fiber_identity_period,8.632496280038759e-05
111,1,11,scatter_radiation,8.524463520321715e-05
112,1,11,serine_phosphorylation,8.511625938427743e-05
113,1,11,mirror_relate_layer,8.479333041426465e-05
114,1,11,collect_datum,8.432358816870895e-05
115,1,11,practical_approach,8.356817222012363e-05
116,1,11,numerical_analytic_solution,8.347660841157429e-05
117,1,11,complete_model,8.323173641851352e-05
118,1,11,tetrazole_ring,8.321871239884768e-05
119,1,11,individual_volume_fraction,8.294553832511392e-05
120,1,12,benzothiophene_ring,8.613813660774448e-05
121,1,12,inversion_relate_dimer,8.355287083292594e-05
122,1,12,f_intermolecular_interaction,8.294948328809481e-05
123,1,12,experimental_realisation,8.285379860302655e-05
124,1,12,beta_gamma,8.284789112867713e-05
125,1,12,total_external_reflection,8.244999966644444e-05
126,1,12,ligand_tetrahydrofuran_methyl,8.232250605567241e-05
127,1,12,prime_donor_set,8.195479201159175e-05
128,1,12,adjacent_plane,8.186752122176041e-05
129,1,12,mammalian_cytochrome,8.177183760525234e-05
130,1,13,microfluidic_x_ray_microdiffraction,8.906146342693412e-05
131,1,13,s_angle_pd,8.602471626198325e-05
132,1,13,therapy_design,8.346167178713398e-05
133,1,13,sls_contrast,8.331910653856839e-05
134,1,13,slightly_different_orientation,8.328825613941359e-05
135,1,13,nucleotide_sequence_specificity,8.274424098971239e-05
136,1,13,cuii_cation,8.196756692025206e-05
137,1,13,general_position_occupy,8.138445194335064e-05
138,1,13,dynamical_diffraction,8.100720815018751e-05
139,1,13,collect_datum_cell_parameter,8.067446177912291e-05
140,1,14,individual_b_factor,8.848163168523919e-05
141,1,14,solution_solid_state,8.446230872474076e-05
142,1,14,fob_bind,8.348773782930897e-05
143,1,14,methoxybenzoyl_group,8.311099520673086e-05
144,1,14,propose_site,8.238037203159395e-05
145,1,14,dash_structure_solution_program,8.203863938003175e-05
146,1,14,simple_linear,8.191230342564551e-05
147,1,14,bis_mu_acid,8.181314597612845e-05
148,1,14,adpm_complex,8.180000653887012e-05
149,1,14,low_absorption,8.176139102227504e-05
150,1,15,centrosymmetric_bright_blue_crystal,8.726020294198818e-05
151,1,15,alpha_alpha_delta,8.261321937447008e-05
152,1,15,two_cl_atom,8.214435006930497e-05
153,1,15,control_unit,8.208849375597376e-05
154,1,15,different_proportion_atom,8.163702902712714e-05
155,1,15,contain_study_prefer_technique,8.142349081011954e-05
156,1,15,numerical_estimate,8.102640257558999e-05
157,1,15,molecular_hydrogen,8.102565059651773e-05
158,1,15,ping_pong,8.101363192258356e-05
159,1,15,cd_separation,8.09772831909262e-05
160,1,16,aring_apical_distance,8.688397766665361e-05
161,1,16,mixture_quantitative_mineralogical_analysis,8.389135091130696e-05
162,1,16,hydrogen_bond_acceptor_donor,8.270309955695621e-05
163,1,16,analogous_sm_crystal,8.226183412739128e-05
164,1,16,beta_sheet_alpha_helix,8.191978852505554e-05
165,1,16,in_oxadiazinone_ring,8.179823503748281e-05
166,1,16,tetragonal_lysozyme_crystal,8.176958853217723e-05
167,1,16,dimeric_molecule,8.174732633016115e-05
168,1,16,free_nitrate,8.158414517929787e-05
169,1,16,phosphine_substitute_complex,8.105778652421424e-05
170,1,17,experiment_model_fit,8.759919984420646e-05
171,1,17,vme_board,8.549853663841577e-05
172,1,17,steric_congestion,8.44897135033178e-05
173,1,17,van_der_waals_interaction,8.388540074973388e-05
174,1,17,alpha_structure,8.322259769096413e-05
175,1,17,dsb_protein_complement,8.300822026338983e-05
176,1,17,x_ray_wideband_holography,8.287429319753661e-05
177,1,17,microscope_vacuum,8.27753231523096e-05
178,1,17,cone_angle,8.268815221845276e-05
179,1,17,incompatible_result,8.23952216787359e-05
180,1,18,loss_diffraction_pattern,8.785575749003901e-05
181,1,18,pterodon_polygalaeflorus,8.589012234255311e-05
182,1,18,hexagonal_o_distance,8.506279276816754e-05
183,1,18,board_storage_requirement,8.392716789349034e-05
184,1,18,aring_co_o,8.354513413658849e-05
185,1,18,ring_chain,8.352653609827791e-05
186,1,18,dislocation_model,8.328259861075349e-05
187,1,18,short_bunch,8.325832006590067e-05
188,1,18,crystallographic_study,8.23346422718519e-05
189,1,18,short_hydrogen,8.215665713854943e-05
190,1,19,salt_concentration,8.968258189561897e-05
191,1,19,general_algebraic_formula,8.478725366458795e-05
192,1,19,wavelength_anomalous_scatter_term,8.3918085478382e-05
193,1,19,pdf_calculation_experiment,8.388455346642987e-05
194,1,19,phase_method,8.218806449601941e-05
195,1,19,mo_alloy_particle,8.19483281734884e-05
196,1,19,half_uncoordinated_water_molecule,8.176495697818787e-05
197,1,19,ribosomal_kinase,8.17580762548671e-05
198,1,19,tetralin_ring_system,8.161983804131751e-05
199,1,19,vv_atom,8.151236890188648e-05
0,2,0,full_length,8.322652603663403e-05
1,2,0,centrosymmetric_mononuclear_zriv,7.977637050341644e-05
2,2,0,asymmetric_unit_molecule_presence,7.879734659792186e-05
3,2,0,simultaneous_refinement,7.870905413223114e-05
4,2,0,calcium_accumulation_autonomous_zone,7.790274468457828e-05
5,2,0,stack_direction,7.789014629017739e-05
6,2,0,cis_thioamide,7.788449408964261e-05
7,2,0,web_site,7.765416380036456e-05
8,2,0,w_mm,7.73610055430986e-05
9,2,0,magnesium_acetate,7.713586091276062e-05
10,2,1,nm_wavelength,8.345380646514586e-05
11,2,1,lipid_interface,7.966768016632121e-05
12,2,1,powder_diffraction_technique,7.916108256835635e-05
13,2,1,upstream_object,7.907308856576915e-05
14,2,1,dsb_protein,7.859903876501339e-05
15,2,1,thc_case,7.853790062487516e-05
16,2,1,___,7.842414445786763e-05
17,2,1,escherichia_coli_expression,7.823157103121968e-05
18,2,1,deviation_remain_atom_plane,7.781050740923167e-05
19,2,1,collagen_model,7.777634983814852e-05
20,2,2,carbazolyl_fragment,8.214003983621619e-05
21,2,2,figure_aspartate,7.862531496304722e-05
22,2,2,sin_phiv,7.85038985562068e-05
23,2,2,aring_kev,7.742580844874702e-05
24,2,2,ev_energy,7.709692606457747e-05
25,2,2,discuss_static_structure,7.688892661010555e-05
26,2,2,high_energy_physic_experiment,7.671580631749759e-05
27,2,2,deformation_pure_rotation_component,7.669963375787187e-05
28,2,2,i_structure,7.661131770751842e-05
29,2,2,structural_change,7.652654037895762e-05
0,3,0,putative_methyltransferase_gene,7.617935728937031e-05
1,3,0,complex_inhibitor,7.555551245983774e-05
2,3,0,objective_aperture,7.456599707976507e-05
3,3,0,pumilus_acetylxylan,7.327037903500742e-05
4,3,0,wavelength_chemical_energy_environment,7.255142128009614e-05
5,3,0,kegg_database,7.214443871274855e-05
6,3,0,stability_because_understand_order,7.204589934998577e-05
7,3,0,start_material_chirality_knowledge,7.204141593540756e-05
8,3,0,surface_electrostatic_charge_distribution,7.188783101250664e-05
9,3,0,solid_state,7.184073784529215e-05
