,run,topic,terms,p
nsion,8.439388921749212e-05
1,1,0,non_covalent,8.204256568948927e-05
2,1,0,excite_wavefield,8.178150876797245e-05
3,1,0,tripodal_conformation,8.177647337190976e-05
4,1,0,simple_general_rule,8.132145796221538e-05
5,1,0,neisen_parameter,8.03993962165738e-05
6,1,0,dianion_o_atom,8.035993243568129e-05
7,1,0,di_n_butylamine,8.02971166298923e-05
8,1,0,adjacent_urea_group,8.021438968063035e-05
9,1,0,benzimidazole_ring_system,8.005017659843395e-05
10,1,1,inversion_symmetry_special_position,8.73136067674373e-05
11,1,1,elfstr_ouml_be,8.447052291690892e-05
12,1,1,test_sample,8.399332034996046e-05
13,1,1,actual_commercial_screen,8.311605753799651e-05
14,1,1,middot_ester_molecule,8.22083009624271e-05
15,1,1,scandium_phosphate_dihydrate_middot,8.111495418078927e-05
16,1,1,normal_equation,8.091064975308301e-05
17,1,1,aring_zn_o,8.081792968617622e-05
18,1,1,ethoxy_formamide_group,8.06861484827476e-05
19,1,1,methanol_molecule,8.050833511840339e-05
20,1,2,flap_dynamic,8.605495106908102e-05
21,1,2,ring_system_slippage,8.54232833413104e-05
22,1,2,discrete_complex_molecule,8.306389634930175e-05
23,1,2,beam_protocol,8.241179602488943e-05
24,1,2,enterprise_innovation,8.195781324331842e-05
25,1,2,s_bond,8.101924897036272e-05
26,1,2,metallic_zinc_ion,8.093547953884017e-05
27,1,2,thiocyanate_ion_several_site,8.091357131302153e-05
28,1,2,extensive_intermolecular_hydrogen_bond,8.080864187614424e-05
29,1,2,organic_nature_molecular_complex,8.074477164209093e-05
30,1,3,piperidone_ring,8.885003806137631e-05
31,1,3,crystallite_size_distribution,8.298159252526118e-05
32,1,3,crystallographic_symmetry_constraint,8.142821614003017e-05
33,1,3,fhv_whnv_protein,8.132012078177926e-05
34,1,3,two_dimensional_saxs_pattern,8.117965116520062e-05
35,1,3,alluaudite_structure,8.10403770330926e-05
36,1,3,vibrational_frequency,8.092714741946828e-05
37,1,3,slip_pi_pi,8.081086681829087e-05
38,1,3,domain_ratio,8.074343298173401e-05
39,1,3,fluconazole_ligand,8.057453572780677e-05
40,1,4,translation_edit,8.535803524392508e-05
41,1,4,crystal_lattice_disorder,8.491590388126071e-05
42,1,4,ptp_ligand,8.333488019860477e-05
43,1,4,thiocyanate_group,8.255920236489353e-05
44,1,4,normal_aromatic_ring,8.205140892442811e-05
45,1,4,sphalerite_type,8.204088976894713e-05
46,1,4,conduct_reaction,8.190808331637447e-05
47,1,4,neutron_instrument,8.136435240368256e-05
48,1,4,silicon_monochromator,8.114084581313355e-05
49,1,4,perpendicular_distance,8.094782903816013e-05
50,1,5,material_catalysis_science,8.274123750557892e-05
51,1,5,trimethylphenyl_ring,8.229433179235659e-05
52,1,5,positional_thermal_disorder,8.198737659995538e-05
53,1,5,chloride_molecule_anion,8.153836433740801e-05
54,1,5,heterocycle_majority,8.149728628231049e-05
55,1,5,middot_asymmetric_unit,8.114508838686058e-05
56,1,5,mutation_result,8.054352563082263e-05
57,1,5,g_similar_density,8.049186116530364e-05
58,1,5,ribose_moiety_group,8.037214228383025e-05
59,1,5,pentagonal_symmetry,8.008102601700875e-05
60,1,6,rei_centre_sphere,8.412206273688152e-05
61,1,6,high_dose,8.366188560879986e-05
62,1,6,tetramer_ellipsoidal_shape,8.341820934478405e-05
63,1,6,spatial_resolution,8.297989737353816e-05
64,1,6,nicotinate_residue_benzene_ring,8.199304375060638e-05
65,1,6,irregular_coordinate_environment,8.161753976098682e-05
66,1,6,c_f_h,8.118289258395551e-05
67,1,6,secondary_structural_feature,8.117479235357237e-05
68,1,6,amorphous_binary_system_structure,8.101083267488865e-05
69,1,6,o_cation_hydrogen_bond,8.072965559583433e-05
70,1,7,o_deg,8.87471982159463e-05
71,1,7,x_ray_phase,8.669680273269885e-05
72,1,7,f_angle,8.478183409015387e-05
73,1,7,ug_rich_repeat_bind,8.360374192017676e-05
74,1,7,helix_selection_rule,8.28252785669032e-05
75,1,7,chemical_composition,8.257056835085944e-05
76,1,7,ratio_occupancy_factor,8.210366878773321e-05
77,1,7,translation_function_rotation,8.178223934626721e-05
78,1,7,duplex_dna,8.152951166917311e-05
79,1,7,occupancy_site_set,8.137719442151252e-05
80,1,8,n_dimethylaminoethanol_n_ligand,8.30057528999774e-05
81,1,8,triplet_reliability,8.25346600745515e-05
82,1,8,piperidine_ring,8.18026047882951e-05
83,1,8,middot_minus_middot_dihydrate,8.158121440845347e-05
84,1,8,close_position,8.148969956574883e-05
85,1,8,metal_foil_low_absorption,8.146226487887487e-05
86,1,8,relate_observe_dimer,8.13091738640502e-05
87,1,8,methyl_acrylate_unit,8.123036076924707e-05
88,1,8,silicon_crystal_performance_test,8.118631196499594e-05
89,1,8,metal_site,8.106784161496893e-05
90,1,9,material_layer_order_region,8.632451229291147e-05
91,1,9,diprotonat_histidinium_cation,8.515555262990552e-05
92,1,9,deg_narrow_range,8.252031867757003e-05
93,1,9,dimensional_datamatrix_code,8.241633345579231e-05
94,1,9,restrain_square_method,8.162118851596453e-05
95,1,9,o_cation_hydrogen_bond,8.127095800802705e-05
96,1,9,nitrophenoxy_group,8.070236870265867e-05
97,1,9,indolizine_moiety,8.064191555610301e-05
98,1,9,cbed_disc,8.054288518997835e-05
99,1,9,methanocaldococcus_jannaschii,8.046063377915151e-05
0,2,0,aring_cl_bond,8.994663483968994e-05
1,2,0,b_long_axis,8.708600157612978e-05
2,2,0,anthracene_benzene_hydrogen_cyanide,8.485053180206966e-05
3,2,0,enzyme_phosphoethanolamine_transferase,8.436143400257994e-05
4,2,0,usp_ecr_subunit,8.43486172948073e-05
5,2,0,formation_disruption,8.427809358891495e-05
6,2,0,crystallization_temperature,8.310550190790761e-05
7,2,0,alpha_structure,8.279431083272572e-05
8,2,0,n_prime_cation,8.274141343008784e-05
9,2,0,computer_simulation,8.269810125012337e-05
10,2,1,locate_crystallographic_inversion_centre,8.898151028733525e-05
11,2,1,rotation_centre_respect,8.669679872079163e-05
12,2,1,mycoplasma_pneumonia_hypothetical_protein,8.632792980430972e-05
13,2,1,individual_spine,8.454792137154613e-05
14,2,1,impinge_radiation_power_density,8.41439533748584e-05
15,2,1,polydispersity_exponent,8.346942127887754e-05
16,2,1,tcnoet_ligand,8.32039153005302e-05
17,2,1,membered_ring_corrugate_layer,8.309947376806705e-05
18,2,1,tricyclic_tertiary_alcohol,8.223398771076185e-05
19,2,1,structure_formation,8.217752908022223e-05
20,2,2,brown_dihydrate,8.773157906769515e-05
21,2,2,ring_deg,8.38814946528659e-05
22,2,2,mu_acid,8.309862269045295e-05
23,2,2,protein_equal_rate,8.246154589680876e-05
24,2,2,secondary_structural_feature,8.221060010284283e-05
25,2,2,angle_result_small_deviation,8.189475906986512e-05
26,2,2,isomorphous_crystal,8.15224504914206e-05
27,2,2,rna_silence,8.145744773455431e-05
28,2,2,in_middot_niii_ion,8.133281547367482e-05
29,2,2,dcdp_bind_interaction_heat,8.099816944734915e-05
30,2,3,conventional_high_temperature_reaction,8.880045412746011e-05
31,2,3,low_background_material_thing,8.825654404861538e-05
32,2,3,de_novo,8.719270313129572e-05
33,2,3,diffraction_datum_process,8.431837192671833e-05
34,2,3,protein_structural_characterization,8.407139085062244e-05
35,2,3,tga_thermogravimetric_analysis,8.31541636563906e-05
36,2,3,cryocrystallographic_technique,8.287299816430067e-05
37,2,3,relative_accuracy,8.275149935298815e-05
38,2,3,long_range,8.24089918497145e-05
39,2,3,polydispersity_exponent_large_range,8.141349774253684e-05
40,2,4,close_contact,8.386763558438707e-05
41,2,4,approximately_aring_shrinkage,8.357331454866294e-05
42,2,4,image_analysis,8.269833928805415e-05
43,2,4,md_simulation_datum,8.261522298857938e-05
44,2,4,n_net_dimensional_lattice,8.234222412540054e-05
45,2,4,aring_neighbour_molecule,8.225675715204143e-05
46,2,4,neighbour_methoxy_o_atom,8.202151537697053e-05
47,2,4,delta_lambda,8.177555654498045e-05
48,2,4,heterodimeric_ligand_bind_region,8.177216357793085e-05
49,2,4,cyclopentadienyl_ring,8.175324586442055e-05
50,2,5,powder_diffraction_technique,8.681806874946381e-05
51,2,5,dynamic_covalent_bond_formation,8.60675070438257e-05
52,2,5,grow_numb,8.320509336926745e-05
53,2,5,metal_substrate_ion,8.195450147964661e-05
54,2,5,evidence_forensic_analysis,8.155891788497534e-05
55,2,5,dihedral_angle_quinoline_plane,8.148983373681665e-05
56,2,5,han_amp,8.130968884935609e-05
57,2,5,cullin_component,8.111842496127707e-05
58,2,5,disulfide_cross_link_strategy,8.110701603504964e-05
59,2,5,sigma_final_value,8.096783649512805e-05
60,2,6,herringbone_like_arrangement,8.55490154520037e-05
61,2,6,small_subset,8.493635011055107e-05
62,2,6,carbon_thorium,8.407054229782568e-05
63,2,6,reconstruction_program,8.301615399837016e-05
64,2,6,carboxylic_acid_carboxyl,8.29717268642037e-05
65,2,6,elaboration_process,8.242307356352834e-05
66,2,6,cation_hydrogen_bond,8.23087903303332e-05
67,2,6,atomic_position,8.203178269199596e-05
68,2,6,mannich_type_reaction,8.199712094071786e-05
69,2,6,valence_unit_vu,8.191199514747856e-05
70,2,7,complementary_characterization_technique_combination,8.715124816094448e-05
71,2,7,prime_n_kappa,8.615860303445494e-05
72,2,7,bromide_hemidrate,8.40884898092872e-05
73,2,7,crystal_lattice,8.398118307841279e-05
74,2,7,diprotonat_cation,8.322496026885358e-05
75,2,7,essential_dengue,8.318472234587395e-05
76,2,7,high_gram_positive_bacterium,8.268679723639702e-05
77,2,7,growth_band,8.233067595113365e-05
78,2,7,k_alpha,8.18191101456077e-05
79,2,7,acetyl_substituent_syn_configuration,8.171030793505235e-05
80,2,8,bend_dna,8.58292068539037e-05
81,2,8,chemical_reaction_mechanism,8.284058255996647e-05
82,2,8,be_symmetry_trigonal_prism,8.275036328228137e-05
83,2,8,isostructuralism_evidence,8.240529773099601e-05
84,2,8,crystallographically_independent_na_atom,8.22263914276029e-05
85,2,8,individual_reflection_maximum_position,8.21577478809814e-05
86,2,8,terminal_step,8.189992576805881e-05
87,2,8,exhibit_intramolecular_hydrogen_bond,8.173393039124377e-05
88,2,8,pnma_space_group,8.152284659084747e-05
89,2,8,atomic_vibration_component_covariance,8.131688526919857e-05
90,2,9,square_pyramidal_configuration,8.752644056411522e-05
91,2,9,electron_storage,8.535415164419519e-05
92,2,9,small_molecule_ligand,8.533185272160734e-05
93,2,9,benzyloxy_group,8.477684026943467e-05
94,2,9,functional_structure,8.468805871201878e-05
95,2,9,bessel_transform,8.413761497029364e-05
96,2,9,vertical_parallel_direction,8.375774348892226e-05
97,2,9,important_issue,8.361931468510726e-05
98,2,9,isomorphism_class,8.285601521327353e-05
99,2,9,electronically_similar_element,8.245839442984026e-05
100,2,10,bridge_bimetallic_complex_cyano,9.01129247185964e-05
101,2,10,gaba_transaminase,8.685667308637096e-05
102,2,10,thespesia_populnea,8.575916584366491e-05
103,2,10,orn_bind_motif,8.458590951814948e-05
104,2,10,connectivity_constitution,8.384886063549406e-05
105,2,10,butterfly_conformation,8.368354875736573e-05
106,2,10,test_sample,8.321446183346206e-05
107,2,10,wave_configuration,8.311994597070458e-05
108,2,10,time_enlarge_time,8.308344603932653e-05
109,2,10,alpha_synthetic_derivative_study,8.271368705822634e-05
110,2,11,dengue_infection,8.606132942337606e-05
111,2,11,br_hydrogen_bond_interaction,8.589551770766247e-05
112,2,11,reliability_factor,8.47343333377464e-05
113,2,11,remain_phenolic_o_atom,8.384689752019705e-05
114,2,11,bridge_ligand_act_ligand,8.37013525857328e-05
115,2,11,sad_datum_set,8.25961159932429e-05
116,2,11,synthetic_percursor,8.219874467613943e-05
117,2,11,b_spline_function,8.211558471631632e-05
118,2,11,tetranuclear_complex,8.16995171563944e-05
119,2,11,middot_asymmetric_unit,8.138886156166317e-05
120,2,12,incompatible_result,8.824135543168807e-05
121,2,12,long_axis,8.739981630463044e-05
122,2,12,hydrogen_contain,8.66950708309618e-05
123,2,12,structure_submission,8.548380338625311e-05
124,2,12,dimethyl_sulfide_molecule,8.314485835627201e-05
125,2,12,grind_state,8.286537060474169e-05
126,2,12,ping_pong,8.2798583120578e-05
127,2,12,pale_brown_water,8.255909255494527e-05
128,2,12,recent_research,8.203752049314629e-05
129,2,12,similar_negative_charge_target,8.184135543579063e-05
130,2,13,previously_report_type,8.904759744704694e-05
131,2,13,centroid_distance_matrix,8.623484266379752e-05
132,2,13,conserve_p_loop_motif,8.455558709155941e-05
133,2,13,generalize_scale_factor_approach,8.445688998143777e-05
134,2,13,pyrophosphate_group,8.371937659130187e-05
135,2,13,loop_arrangement,8.31023930211412e-05
136,2,13,secondary_ammonium_salt,8.294620966240596e-05
137,2,13,nicotinamide_moiety,8.256800362844638e-05
138,2,13,cytochrome_interaction_modeling,8.245364510318985e-05
139,2,13,aiip_peak_intensity_use,8.217557512432974e-05
140,2,14,free_cl_ion,8.665259786749798e-05
141,2,14,structure_model,8.475739479617697e-05
142,2,14,minor_twin_fraction,8.465820435603284e-05
143,2,14,pd_intermetallic,8.42745205492345e-05
144,2,14,ground_beam_line,8.414808395825176e-05
145,2,14,structural_polymer,8.411801283667971e-05
146,2,14,cool_upon_tiocl_undergo,8.33051223841258e-05
147,2,14,amino_group_place,8.287097000701201e-05
148,2,14,a_factor,8.27557921767808e-05
149,2,14,ferroelectric_phase_transition,8.274958810857864e-05
150,2,15,type_stack,8.822955830905064e-05
151,2,15,dihydropyrimidine_ring,8.722638703889518e-05
152,2,15,coincidence_concept_generalization,8.687987254539319e-05
153,2,15,sub_mev_mev_bandwidth,8.603956734047102e-05
154,2,15,point_dipole_polarizability,8.571773656414444e-05
155,2,15,anion_link,8.558791294561207e-05
156,2,15,carbonyl_c_o_atom,8.340176249875597e-05
157,2,15,sample_small_quantity_information,8.318894599080146e-05
158,2,15,crystal_chemical_reaction_process,8.294210973893626e-05
159,2,15,pendant_benzene_ring,8.214862766785767e-05
160,2,16,ion_pair,8.95731899388945e-05
161,2,16,situ_cryocrystallization,8.773654539792901e-05
162,2,16,dsb_protein,8.586655779280574e-05
163,2,16,multi_wavelength,8.443343870038195e-05
164,2,16,correspond_scatter_intensity,8.37017799787163e-05
165,2,16,spatial_resolution,8.366648150318164e-05
166,2,16,o_keto,8.337720924012274e-05
167,2,16,n_atom,8.334413826470968e-05
168,2,16,acridinium_n_h_group,8.316344317020957e-05
169,2,16,oligomeric_saccharide_structure_mannoside,8.228406498068712e-05
170,2,17,material_structure,9.308051314469852e-05
171,2,17,hardware_component,9.234356162551761e-05
172,2,17,neutral_network,9.013496405937446e-05
173,2,17,primordial_role,8.549867274100301e-05
174,2,17,bright_blue_crystal,8.541834784379205e-05
175,2,17,minus_solid_solution,8.530908433955518e-05
176,2,17,solvent_vapor,8.37992327532166e-05
177,2,17,dynamic_beam_size,8.358877811760812e-05
178,2,17,crystal_reflection,8.306184301957541e-05
179,2,17,prime_n_kappa,8.287250296969297e-05
180,2,18,motility_flagellar_assembly_promote,8.534489906153417e-05
181,2,18,g_similar_density,8.430438030034068e-05
182,2,18,rietveld_refinement,8.336461285694298e-05
183,2,18,tunnel_junction,8.319504736549033e-05
184,2,18,point_mutant,8.306934466343703e-05
185,2,18,enzyme_phosphoethanolamine,8.283064607663862e-05
186,2,18,cubic_langbeinite_type_structure,8.278228342344766e-05
187,2,18,multiple_structure_factor,8.237514852257397e-05
188,2,18,regular_user_shift,8.235725543262863e-05
189,2,18,alcohol_molecule,8.215077203861914e-05
190,2,19,entire_complex,8.569647188321402e-05
191,2,19,coli_expression_contaminant,8.505010902070295e-05
192,2,19,fei_atom,8.457003662803986e-05
193,2,19,butylammonium_thiosulfate,8.33695229068109e-05
194,2,19,dna_protein,8.209942872587564e-05
195,2,19,previous_multicrystal_design,8.152644276358889e-05
196,2,19,consideration_dislocation,8.138094330455175e-05
197,2,19,distortion_apical_bond,8.134684944416097e-05
198,2,19,boat_conformation,8.130056248464382e-05
199,2,19,benzene_dihedral_angle,8.115575184956513e-05
200,2,20,phase_constraint,8.652714349217067e-05
201,2,20,dichloride_dizinc_selenium,8.520071890847108e-05
202,2,20,molecular_nanomaterial,8.507622789396135e-05
203,2,20,methyl_acrylate,8.440856829688589e-05
204,2,20,whnv_protein,8.270908510960662e-05
205,2,20,cross_link_efficiency,8.196238204805175e-05
206,2,20,twin_significantly_reduce_tendency,8.191927998919065e-05
207,2,20,ferric_salt,8.10670116583717e-05
208,2,20,n_h_extend_chain,8.106108124053976e-05
209,2,20,sulfatase_like_catalytic_domain,8.077279706061322e-05
210,2,21,large_correlation_length,8.472975199815611e-05
211,2,21,uninodal_net,8.428693259671547e-05
212,2,21,incommensurate_dimensional_modulation,8.342826504287296e-05
213,2,21,disorder_matrix,8.294680888748557e-05
214,2,21,high_temperature_high_pressure,8.249048320094772e-05
215,2,21,previously_report_kappa_polymorph,8.246910506209627e-05
216,2,21,o_intermolecular_interaction,8.20468830335013e-05
217,2,21,ring_centroid,8.183326882176858e-05
218,2,21,static_structure_factor,8.137021642772955e-05
219,2,21,amine_oxide_detergent,8.11966226260872e-05
220,2,22,furan_benzene,8.650964591776178e-05
221,2,22,single_diamondoid_network,8.603353197610554e-05
222,2,22,agi_atom,8.573005791857053e-05
223,2,22,acetate_group_pyridine_ring,8.540173620870097e-05
224,2,22,beta_alpha_ring,8.482165549779644e-05
225,2,22,consideration_dislocation,8.436007310470949e-05
226,2,22,intermolecular_pyrimidine,8.334436617563259e-05
227,2,22,read_collect_image,8.247650376998443e-05
228,2,22,germanium_crystal,8.236623904883252e-05
229,2,22,aring_size,8.215566374104683e-05
230,2,23,protein_envelope,8.845264955730302e-05
231,2,23,pi_pi_slip_interaction,8.489336532283274e-05
232,2,23,carboxylic_acid_dimer,8.406230601068882e-05
233,2,23,twin_component,8.386176700724559e-05
234,2,23,middot_polymorph,8.324652214124221e-05
235,2,23,random_walk_technique,8.206035437427611e-05
236,2,23,axe_homohexameric_structure,8.172892837422687e-05
237,2,23,aring_cu_namine,8.161923293399828e-05
238,2,23,weak_intensity,8.159605674571666e-05
239,2,23,infinite_double_strand_chain,8.114623848748139e-05
240,2,24,te_c_o,8.404918502938784e-05
241,2,24,generate_pulse_rate,8.29204315090489e-05
242,2,24,calculation_experiment,8.270092657226816e-05
243,2,24,flexible_beta,8.264682145003502e-05
244,2,24,event_mode,8.239335462388655e-05
245,2,24,quantum_crystal,8.21367780373399e-05
246,2,24,square_pyramidal_geometry,8.160575489105315e-05
247,2,24,bipyramidal_configuration,8.13949865955681e-05
248,2,24,layer_present_pi_interaction,8.125891085218163e-05
249,2,24,normal_value,8.094968271304975e-05
250,2,25,advance_research,8.588549354668376e-05
251,2,25,solid_state_nmr_spectroscopy,8.585975222928337e-05
252,2,25,deg_narrow_range,8.548555840703119e-05
253,2,25,carboxylate_o_atom,8.533277284881542e-05
254,2,25,stable_structure,8.368298930836935e-05
255,2,25,vanadium_pentoxide_powder,8.347649108190298e-05
256,2,25,c_torsion_angle,8.343235258406527e-05
257,2,25,dimer_destabilize_property,8.312991326514988e-05
258,2,25,adpm_azadipyrromethene_fac_arrangement,8.304738832021815e-05
259,2,25,benzoxazole_ring_system_coumarin,8.254314842002779e-05
260,2,26,amide_group_interplanar_angle,8.552692993970816e-05
261,2,26,centrosymmetric_ring,8.525251311289248e-05
262,2,26,transition_state_analogue,8.44007736679152e-05
263,2,26,hang_drop,8.36131620312496e-05
264,2,26,n_nonionic_detergent,8.276309001396847e-05
265,2,26,experimental_electron_density_model,8.267630659997918e-05
266,2,26,general_algebraic_formula,8.263856239589566e-05
267,2,26,current_limitation_use,8.201147998965116e-05
268,2,26,normally_photographic_intensity_measurement,8.160473587877479e-05
269,2,26,mutant_type,8.153655594196033e-05
270,2,27,aromatic_ring_centroid,8.635319800334617e-05
271,2,27,bromobenzene_unit_chlorobenzene,8.586867494122052e-05
272,2,27,ester_methoxyimino_residue,8.446830935326607e-05
273,2,27,organic_crystal,8.362549136240817e-05
274,2,27,detailed_measurement,8.35905816224163e-05
275,2,27,know_molecule,8.311001092754927e-05
276,2,27,type_stack,8.308839582986348e-05
277,2,27,n_crystal_structure,8.26575574494952e-05
278,2,27,derivative_form_dihedral_angle,8.261918484943952e-05
279,2,27,t_value,8.247710082574341e-05
280,2,28,material_edp,9.094328316110269e-05
281,2,28,acetone_pentane,8.6538374525334e-05
282,2,28,layer_present_pi_interaction,8.564778759139522e-05
283,2,28,automate_model_build,8.459959633184555e-05
284,2,28,square_planar_coordination_geometry,8.414027374433988e-05
285,2,28,carbamoyl_phosphate,8.303961707634846e-05
286,2,28,diffract_plane,8.294057416465236e-05
287,2,28,peo_pep_sls_contrast,8.29030094585227e-05
288,2,28,catalysis_residue_crucial_role,8.271015949176378e-05
289,2,28,complete_datum,8.211236352954825e-05
290,2,29,n_bond_length,8.516174420940624e-05
291,2,29,crystalline_structure,8.45765733677821e-05
292,2,29,bind_pocket,8.422673603233175e-05
293,2,29,triclinic_system_crystallize,8.328063847929504e-05
294,2,29,site_symmetry_niii_atom,8.312159703944874e-05
295,2,29,hydrogen_gas_pressure,8.269621901419943e-05
296,2,29,phenyl_ring_conjugate_system,8.26697176582651e-05
297,2,29,cation_link,8.24235861939628e-05
298,2,29,opt_little_value,8.193141598025174e-05
299,2,29,cuboctahedrally_symmetric_protein_particle,8.183027443303236e-05
300,2,30,nacnac_ligand,8.864197738014055e-05
301,2,30,centroid_separation,8.766838738214756e-05
302,2,30,au_pi_contact,8.663534966499772e-05
303,2,30,organic_cation_water_molecule,8.292364018197626e-05
304,2,30,resolution_datum,8.255820319070949e-05
305,2,30,crystalline_arrangement,8.248642749111484e-05
306,2,30,reduction_chemical_reaction,8.224149892786745e-05
307,2,30,average_length,8.199481886563444e-05
308,2,30,distort_octahedral_manner,8.194608311942129e-05
309,2,30,invert_matrix,8.188929580312855e-05
310,2,31,statistical_property,8.782495410207448e-05
311,2,31,rectangular_shape,8.280680192328801e-05
312,2,31,promise_result,8.235414025733333e-05
313,2,31,squarate_anion_o_atom,8.235244498026096e-05
314,2,31,form_dimer_hydrogen_bond,8.225524231181264e-05
315,2,31,ambient_condition,8.214405691706337e-05
316,2,31,delta_lambda,8.18406238767917e-05
317,2,31,c_h_perchlorate_anion,8.175551503438583e-05
318,2,31,aring_co_o,8.157367488108717e-05
319,2,31,horse_breed_industry,8.135720466260806e-05
320,2,32,five_example,8.730611901700673e-05
321,2,32,silicon_single_crystal,8.48106550137589e-05
322,2,32,short_large_length_scale,8.417442578900836e-05
323,2,32,chain_cdii_cation,8.407352192550331e-05
324,2,32,double_strand_chain_structure,8.384110129774023e-05
325,2,32,clathrin_adaptor_complex,8.376546462887512e-05
326,2,32,specification_add_feature,8.310291590055563e-05
327,2,32,well_crystal_form,8.273291327803299e-05
328,2,32,protein_crystal_property,8.260347786584119e-05
329,2,32,molecular_replacement,8.230474553589526e-05
330,2,33,kinase_inhibitor_activity_spectrum,8.648324792909996e-05
331,2,33,new_cocktail,8.44544702335172e-05
332,2,33,free_electron_laser,8.410144408669371e-05
333,2,33,ab_plane_parallel_slab,8.408974965810042e-05
334,2,33,femtosecond_nanocrystallography,8.275007330035116e-05
335,2,33,recently_synthesize_quasicrystal_comparison,8.238150595798556e-05
336,2,33,parallel_row,8.23310440364648e-05
337,2,33,fragment_minus,8.19559473761505e-05
338,2,33,identical_dimer_form_molecule,8.192843549837745e-05
339,2,33,polymer_concentration,8.179362881631969e-05
340,2,34,polymeric_anion,8.611280900165728e-05
341,2,34,planar_geometry,8.336983957429657e-05
342,2,34,infinite_layer_structure,8.28115875202489e-05
343,2,34,x_ray_crystallographic_result,8.206856836132361e-05
344,2,34,significant_difference_bi,8.203134237547228e-05
345,2,34,sulfate_anion_r,8.198452807272282e-05
346,2,34,deg_molecule_a,8.189945678800634e-05
347,2,34,measure_friedel_pair,8.164147198068125e-05
348,2,34,methoxybenzene_ring_tolyl_plane,8.151488241623166e-05
349,2,34,sample_priori_information,8.151163312117632e-05
350,2,35,otc_structure,9.333838314500595e-05
351,2,35,dynamic_static_structure,8.566683700065112e-05
352,2,35,orthorhombic_form,8.412069797952292e-05
353,2,35,optical_rotation_sign,8.34966306936996e-05
354,2,35,adsc_quantum_ccd_detector,8.238015284392332e-05
355,2,35,fe_s_fe_plane,8.234003976383414e-05
356,2,35,escherichia_coli_expression_system,8.199467262432293e-05
357,2,35,yeast_proteasome,8.188944769332102e-05
358,2,35,si_dw_factor,8.170677359449713e-05
359,2,35,hydrogen_bond_high_degree,8.160428490168844e-05
360,2,36,crystallographic_symmetry,8.503609600710644e-05
361,2,36,p_spectrum,8.380481598963946e-05
362,2,36,crystalline_inclusion,8.343085886020585e-05
363,2,36,pnma_space_group_crystallize,8.318781709674048e-05
364,2,36,short_intermolecular_c,8.315504150769287e-05
365,2,36,metric_parameter,8.311758652673748e-05
366,2,36,laboratory_x_ray_analysis,8.279964705556232e-05
367,2,36,n_dimethylaminoethanol,8.266270512873505e-05
368,2,36,scientific_area,8.263026659706528e-05
369,2,36,fe_s,8.248237150016458e-05
370,2,37,prismatic_crystal,8.840211389894289e-05
371,2,37,publish_datum_check,8.742082748226913e-05
372,2,37,oxygen_sublattice,8.489580120494231e-05
373,2,37,anion_piperazinium_cation,8.489272575380508e-05
374,2,37,methoxy_group,8.418863989205417e-05
375,2,37,benzyl_ring_tolyl,8.388286851319038e-05
376,2,37,relate_element,8.220845974609973e-05
377,2,37,ambient_condition,8.189743295775955e-05
378,2,37,substitution_feature_diazaborinane_series,8.189229241976636e-05
379,2,37,syncytial_virus_nucleocapsid,8.143182266923495e-05
0,3,0,diffractometer_large_initial_misalignment,7.418900303265916e-05
1,3,0,specific_line,7.294225547603877e-05
2,3,0,square_potential,7.288337830423272e-05
3,3,0,antibiotic_thiopeptide_family,7.278770252556477e-05
4,3,0,size_dispersion,7.243877947564572e-05
5,3,0,cu_ion_contain_moiety,7.227361115508688e-05
6,3,0,corner_share,7.21186375925515e-05
7,3,0,planar_deviation,7.179995441720348e-05
8,3,0,classical_ptp,7.178835557578576e-05
9,3,0,individual_unit,7.173618676776004e-05
