,run,topic,terms,p
ond,8.643403147499512e-05
1,1,0,deg_lead,8.43770990176708e-05
2,1,0,drastic_variation,8.384874496863442e-05
3,1,0,agent_therapeutic_prophylactic_treatment,8.350805670344224e-05
4,1,0,phnz_structural_comparison,8.305886115827176e-05
5,1,0,primary_amino_group,8.256456217379496e-05
6,1,0,smectic_phase,8.212321084552843e-05
7,1,0,significant_conformational_flexibility,8.212320255922001e-05
8,1,0,bragg_profile,8.09956910559338e-05
9,1,0,bimodal_size_distribution,8.099400947468413e-05
10,1,1,central_piperidone_plane_reference,8.471288273097767e-05
11,1,1,d_inhibitor_covalent_adduct,8.425628919098793e-05
12,1,1,snapshot_set,8.35746721505499e-05
13,1,1,langbeinite_type,8.342958552688291e-05
14,1,1,isothermal_titration_calorimetry,8.336752128467222e-05
15,1,1,mean_o,8.291395093515306e-05
16,1,1,calculate_reflectivity,8.162810193883262e-05
17,1,1,alpha_chair_conformation_beta,8.14464927213648e-05
18,1,1,adjacent_layer,8.105085134482248e-05
19,1,1,detuning_technique,8.10469840897207e-05
20,1,2,polarization_factor,8.542898948184566e-05
21,1,2,unit_cell_parameter,8.472067731738385e-05
22,1,2,da_procedure,8.415112033563469e-05
23,1,2,catalytic_function,8.252068347405298e-05
24,1,2,biological_function,8.206697258973443e-05
25,1,2,real_space,8.202442373447988e-05
26,1,2,middot_minus_molecular_salt,8.201797344040917e-05
27,1,2,polarization_state_energy_resolution,8.20022197498771e-05
28,1,2,coli_expression_contaminant,8.18645676756698e-05
29,1,2,pyrene_anthracene_durene,8.104092217425126e-05
30,1,3,hydration_water_molecule,8.54246955036074e-05
31,1,3,heterocyclic_thiazine_ring,8.523632601616983e-05
32,1,3,intermolecular_o_h,8.466205788651285e-05
33,1,3,imidazole_ring_form,8.389032619855792e-05
34,1,3,mu_agarose_gel,8.3351297088322e-05
35,1,3,dimensional_h_nmr_spectrum,8.3140270130516e-05
36,1,3,s_triphenylmethyl,8.226399977043829e-05
37,1,3,coordinate_ag_atom,8.216303419206471e-05
38,1,3,weak_c_h_pair,8.127862825437225e-05
39,1,3,ethyl_acetate_solvent_molecule,8.121065149530421e-05
40,1,4,b_intensity_loss,8.74335253942841e-05
41,1,4,fragment_crystal,8.529900447533885e-05
42,1,4,form_molecular_layer,8.473736273599672e-05
43,1,4,downward_displacement,8.339039637517364e-05
44,1,4,chain_structure,8.284199193511193e-05
45,1,4,laue_spot_split,8.18031043366215e-05
46,1,4,centrosymmetric_dinuclear_cdii_complex,8.155965856549407e-05
47,1,4,hexagonal_o_distance_ge,8.149131799201825e-05
48,1,4,native_crystal,8.12222955428988e-05
49,1,4,century_de_eacute,8.111366137318295e-05
50,1,5,double_bond,8.498137261086494e-05
51,1,5,kegg_database,8.36203647399152e-05
52,1,5,valence_unit,8.306843906659638e-05
53,1,5,crystallographic_asymmetric_unit_monomer,8.282106013381607e-05
54,1,5,scatter_indicatrice,8.225403834946613e-05
55,1,5,prismatic_geometry,8.21943197609012e-05
56,1,5,crystallographic_asymmetric_unit,8.218696970927127e-05
57,1,5,complete_chain,8.185743418173474e-05
58,1,5,constant_thickness,8.181710142140118e-05
59,1,5,various_aspect,8.158012047083566e-05
60,1,6,fielek_model,8.399064201764318e-05
61,1,6,monte_carlo_integration,8.392292782474413e-05
62,1,6,bromide_hemidrate,8.379215419067757e-05
63,1,6,significant_difference_bi,8.376789932232131e-05
64,1,6,dimensional_network_form_interaction,8.304559505992533e-05
65,1,6,thiocyanate_four_n_atom,8.278133139293819e-05
66,1,6,present_triglyceride,8.265132587063503e-05
67,1,6,ptp_w_minus,8.247732044056758e-05
68,1,6,aggregate_inside_nm_radius,8.181530547966259e-05
69,1,6,amine_carboxyl,8.160386264366242e-05
70,1,7,silicon_standard,8.515269900700184e-05
71,1,7,ber_ii_reactor,8.507096925657794e-05
72,1,7,condensation_technique,8.497074934041962e-05
73,1,7,polar_bond,8.461538311494236e-05
74,1,7,barycentric_representation_vertex_collision,8.41517308430472e-05
75,1,7,rotation_crystallographic_group,8.40239641176517e-05
76,1,7,dichlorobenzene_ring,8.395336188160488e-05
77,1,7,run_polymeric_chain,8.38544249641977e-05
78,1,7,material_layer,8.354014987909269e-05
79,1,7,inversion_centre_locate_dimer,8.314117076421789e-05
80,1,8,methine_o,8.67603193325144e-05
81,1,8,chelate_acetate_ligand,8.431987858562914e-05
82,1,8,matthew_coefficient_analysis,8.410893401634685e-05
83,1,8,compute_phonon_spectrum,8.402753629659684e-05
84,1,8,absolute_configuration,8.28432970989862e-05
85,1,8,direction_align_ring_direction,8.250194369058884e-05
86,1,8,sufficient_phase_power,8.195019724100632e-05
87,1,8,different_molecular_pack,8.167269954007338e-05
88,1,8,hetero_dinuclear_complex,8.164621346796955e-05
89,1,8,cyclopentane_ring,8.116283567766099e-05
90,1,9,spectrum_library,8.795903332703845e-05
91,1,9,centrosymmetric_structure,8.593134020991261e-05
92,1,9,relative_phasis,8.445071276504052e-05
93,1,9,mean_plane_large_deviation,8.443796901793897e-05
94,1,9,chloride_anion,8.441350464356432e-05
95,1,9,bulk_solvent,8.345211746970608e-05
96,1,9,corona_model,8.241870131079323e-05
97,1,9,total_angular_range,8.232316848966625e-05
98,1,9,substantial_difference,8.219217863442583e-05
99,1,9,mclntyre_amp,8.15605620273628e-05
100,1,10,minus_molecule,8.499669770802067e-05
101,1,10,programmable_interface,8.376370747126811e-05
102,1,10,peak_asymmetry,8.293368015926329e-05
103,1,10,terephthalate_dianion,8.270899965565553e-05
104,1,10,gt_correctly_determine,8.265563262444574e-05
105,1,10,axis_aring_pitch,8.21796146026543e-05
106,1,10,dha_kinase,8.2026560452324e-05
107,1,10,biphenyl_fragment,8.195651502653089e-05
108,1,10,substrate_peptide,8.187701254500455e-05
109,1,10,refraction_index,8.16057598993574e-05
110,1,11,atomic_model,9.094076787904252e-05
111,1,11,bimodal_size,8.984449016091677e-05
112,1,11,approximately_minor_major_occupancy,8.964741558071863e-05
113,1,11,middot_complex_salt_hydrate,8.865719642130537e-05
114,1,11,diverse_system,8.598597475569396e-05
115,1,11,i_boat_conformation,8.531200222699223e-05
116,1,11,fix_focus_spot,8.249834220021706e-05
117,1,11,new_optical_system,8.246714039499368e-05
118,1,11,sulfonamide_group,8.235801097934775e-05
119,1,11,diffraction_datum_process_collection,8.2008897227943e-05
120,1,12,___,8.774594140306604e-05
121,1,12,femtosecond_scale_xfel_pulse,8.480111089226293e-05
122,1,12,phase_merit,8.38341240188104e-05
123,1,12,high_order_structure,8.287157037858844e-05
124,1,12,low_limit,8.222888937593141e-05
125,1,12,insect_cell_system,8.217476591713575e-05
126,1,12,age_relate_bone_growth,8.170866358927531e-05
127,1,12,intermolecular_o_h,8.155841412962642e-05
128,1,12,monoaqua_monohydrated_phase,8.155491848392555e-05
129,1,12,twin_component,8.147977448291354e-05
130,1,13,gpgp_linker,8.680648156469071e-05
131,1,13,high_heat,8.423879164542093e-05
132,1,13,fe_s_fe_plane,8.325883662769355e-05
133,1,13,f_protein,8.237111927857831e-05
134,1,13,orn_bind_motif,8.233095973420928e-05
135,1,13,similar_calculation,8.171313445078073e-05
136,1,13,bragg_peak,8.157872409563616e-05
137,1,13,scientific_science_career,8.155455575987334e-05
138,1,13,ps_exposure_time_pattern,8.142187129962222e-05
139,1,13,parallel_gold_like_lattice,8.141214610983801e-05
140,1,14,foreign_particle_formation_impurity,9.044817147347093e-05
141,1,14,evaluation_synthesis_design,8.697770707622705e-05
142,1,14,symmetrical_theta,8.610997045029526e-05
143,1,14,rapid_pdb_growth,8.396050784464466e-05
144,1,14,dppm_ligand,8.390213165089708e-05
145,1,14,additional_experimental_datum,8.376640684173827e-05
146,1,14,nc_net,8.317045638532845e-05
147,1,14,similar_molecule,8.308623264758087e-05
148,1,14,internal_standard,8.268134293401135e-05
149,1,14,ccd_detector,8.221775354981652e-05
150,1,15,nicotinamide_moiety,8.662138151985799e-05
151,1,15,previous_work,8.494386002850093e-05
152,1,15,ligand_bridge_chloride,8.428358381361324e-05
153,1,15,n_oxide_atom,8.274672828617472e-05
154,1,15,beam_bragg_reflection,8.260433271266804e-05
155,1,15,tran_position,8.243750643848467e-05
156,1,15,calcium_ion_presence,8.237247265365362e-05
157,1,15,monodentate_carboxylate_bridge,8.200464146553607e-05
158,1,15,g_mu_microgravity,8.194854966165938e-05
159,1,15,symmetry_deg,8.155927586046815e-05
160,1,16,obvious_metric,8.501913639255078e-05
161,1,16,electron_density_average,8.406179943560306e-05
162,1,16,structural_fragment,8.380328868106051e-05
163,1,16,energy_dispersive_detector,8.317255055486142e-05
164,1,16,recent_decade,8.279844107638051e-05
165,1,16,synthesize_material_majority,8.270332283697236e-05
166,1,16,o_unit,8.264763794154285e-05
167,1,16,x_ray_intensity,8.21219610998457e-05
168,1,16,aliphatic_chain,8.158646225909262e-05
169,1,16,beam_orientation,8.130714731720867e-05
170,1,17,product_carbonyl,8.597133969272464e-05
171,1,17,ec_cdo_cysteine_dioxygenase,8.371214955102468e-05
172,1,17,nbsp_case,8.329083003125859e-05
173,1,17,methanol_water,8.297487976672103e-05
174,1,17,heteroepitaxic_structure,8.271456088548042e-05
175,1,17,element_chemical_property,8.252013383935638e-05
176,1,17,t_deg,8.189109169903888e-05
177,1,17,clear_fractional_order_spot,8.173453184938826e-05
178,1,17,datum_collection_strategy,8.169801553916162e-05
179,1,17,explicit_enumeration,8.167327795372113e-05
180,1,18,layer_linkage,8.678055954206132e-05
181,1,18,low_temperature_phasis,8.56448834658979e-05
182,1,18,middot_minus_middot_minus,8.544451420085863e-05
183,1,18,vm_asymmetric_unit_molecule,8.418545347546468e-05
184,1,18,colloid_rich_phase,8.341785043014814e-05
185,1,18,large_scale_operation,8.321173813670086e-05
186,1,18,robotic_sample,8.311411070326447e-05
187,1,18,dihedral_angle_quinoline_plane,8.267454484212351e-05
188,1,18,helical_fashion,8.197182434486482e-05
189,1,18,high_quality_crystal,8.150666074243851e-05
190,1,19,endo_angle,8.720855439307234e-05
191,1,19,zeta_dimeric_state,8.481178160611757e-05
192,1,19,additional_water_molecule,8.445869938518293e-05
193,1,19,instrument_resolution,8.441493260071785e-05
194,1,19,membered_ring_formation,8.330620227832852e-05
195,1,19,model_fix_conformation,8.296259244576845e-05
196,1,19,cluster_new_type_existence,8.292784377824432e-05
197,1,19,valence_unit,8.282645855795158e-05
198,1,19,high_power,8.245008758125322e-05
199,1,19,correct_description,8.230908664815777e-05
0,2,0,middot_middot_structure,9.09118374841649e-05
1,2,0,zinc_ion_bridge,8.475417586386746e-05
2,2,0,alloy_sample,8.446074389018606e-05
3,2,0,loop_interaction,8.287814039803708e-05
4,2,0,viz_derivative,8.266300533641588e-05
5,2,0,active_site_serine_residue,8.136753280696366e-05
6,2,0,various_example,8.117672827357725e-05
7,2,0,tetrameric_assembly,8.117525167147604e-05
8,2,0,zigzag_belt,8.110753527442616e-05
9,2,0,experiment_site,8.103521809204552e-05
10,2,1,lambda_line,8.665131299180982e-05
11,2,1,web_site,8.533064967134268e-05
12,2,1,refine_domain_ratio,8.508267625397614e-05
13,2,1,molecule_pair,8.474568455023547e-05
14,2,1,aring_o_n,8.427006751736775e-05
15,2,1,structural_report,8.42547626952398e-05
16,2,1,reciprocal_space_additional_spot,8.344802819151621e-05
17,2,1,separate_crystal,8.285521911548398e-05
18,2,1,temperature_control_batch_crystallization,8.276173333154534e-05
19,2,1,hydrogen_storage,8.264628364977578e-05
20,2,2,interference_pattern,8.496655495927031e-05
21,2,2,metal_pincer_complex,8.354797470102163e-05
22,2,2,microdefect_inclusion_line_defect,8.330291514357437e-05
23,2,2,monodentate_acesulfamate_ligand,8.267380619207973e-05
24,2,2,bulk_anisotropic_solvent,8.255937699022173e-05
25,2,2,carbon_carbon_bond_cleavage,8.248907803676538e-05
26,2,2,kinase_family,8.179230010607301e-05
27,2,2,important_factor,8.173209926179927e-05
28,2,2,cylindrical_pore,8.17146255245191e-05
29,2,2,imidazole_ligand,8.167004657341422e-05
30,2,3,large_correlation_length,8.786670145927717e-05
31,2,3,overcorrection_increase,8.628014679716807e-05
32,2,3,obtain_approach,8.530382405211666e-05
33,2,3,ring_system_dihedral_angle,8.380564392660246e-05
34,2,3,bind_parameter,8.269043163224603e-05
35,2,3,prime_n_o_n,8.263354935747027e-05
36,2,3,zone_axis_multi_beam,8.260371335470966e-05
37,2,3,consensus_sequence,8.257483383548311e-05
38,2,3,fresnel_diffraction_formalism,8.249906033270515e-05
39,2,3,n_dimethylaminoethanol,8.188004016136213e-05
40,2,4,bidentate_bipyridine,8.365138714064215e-05
41,2,4,axis_correspond,8.341500283037026e-05
42,2,4,biological_conclusion,8.278739895414712e-05
43,2,4,orthorhombic_space_group,8.270480642149008e-05
44,2,4,cycloisomerization_reaction,8.238272393997505e-05
45,2,4,mn_distance,8.237577441724995e-05
46,2,4,independent_cuii_center,8.232078264659682e-05
47,2,4,characterization_fully_automatic_screen,8.226577670996545e-05
48,2,4,ptp_ligand_n_atom,8.212163561556496e-05
49,2,4,powder_diffraction_datum,8.16611954557922e-05
50,2,5,k_gt,8.43648948515594e-05
51,2,5,niobium_film,8.386998198421625e-05
52,2,5,tensile_test,8.363555576812161e-05
53,2,5,figure_aspartate_histidine,8.360738742918016e-05
54,2,5,x_ray_absorption,8.236332205346985e-05
55,2,5,mixture_film_growth,8.183176759481682e-05
56,2,5,polymerize_solution_thermodynamic_instability,8.176927516321755e-05
57,2,5,crystalline_standard,8.173731790810393e-05
58,2,5,bis_coii_complex,8.148035508619955e-05
59,2,5,substrate_cruciform,8.145593803788128e-05
60,2,6,enzyme_open_conformation,8.81484795925001e-05
61,2,6,fast_electron,8.678726711107487e-05
62,2,6,high_stability,8.367081445053971e-05
63,2,6,nucleophilic_reaction,8.354345833112464e-05
64,2,6,carbon_thorium_atom,8.257119576608816e-05
65,2,6,phase_capability,8.248823571983474e-05
66,2,6,neutral_molecule,8.211313352652113e-05
67,2,6,c_terminal,8.208722099157617e-05
68,2,6,monocapp_tetragonal_antiprism_polyhedron,8.136031553152912e-05
69,2,6,projection_cut_method,8.130664577904256e-05
70,2,7,polyalanine_model,8.462141501579975e-05
71,2,7,grind_board,8.137765648688691e-05
72,2,7,electron_delocalization_influence,8.131331414721216e-05
73,2,7,centrosymmetric_complex_cation,8.092661079697797e-05
74,2,7,food_allergy_people_subpopulation,8.090997514345033e-05
75,2,7,phenanthroline_ligand,8.075766097966668e-05
76,2,7,oxidative_fold,8.07552252755419e-05
77,2,7,calculate_intensity,8.054859509694263e-05
78,2,7,tetracoordinate_si_atom,8.049936861569305e-05
79,2,7,n_anomeric_effect_manifestation,8.044463148201477e-05
80,2,8,p_loop,9.061768622315572e-05
81,2,8,dioxane_dimer_molecule,8.597210699831086e-05
82,2,8,dicyanamide_anion,8.487100780593092e-05
83,2,8,formulation_chemical,8.394033299248736e-05
84,2,8,squarate_anion_o_atom,8.295498807960494e-05
85,2,8,minus_myo_inositol,8.288600326728914e-05
86,2,8,solar_cell,8.182130821259554e-05
87,2,8,laue_diffraction,8.175123161349402e-05
88,2,8,structural_model,8.17414838882471e-05
89,2,8,cpg_methylat_cytosine,8.149862357266682e-05
90,2,9,decrease_temperature,8.563944683647172e-05
91,2,9,wide_angle_neutron_scatter,8.326929639867675e-05
92,2,9,phthalimide_ring_system,8.311870777271407e-05
93,2,9,opposite_side,8.25160624697196e-05
94,2,9,ferroelectric_phase_distinct_symmetry,8.195325617223109e-05
95,2,9,insertion_reaction,8.141170446466127e-05
96,2,9,parameter_calculation,8.134071275828108e-05
97,2,9,regular_user_shift,8.115891165274922e-05
98,2,9,multicatalytic_protein_complex,8.107355389142399e-05
99,2,9,aring_cu_c,8.05148744669359e-05
100,2,10,eugenol_ring_acetylsalicylic_acid,8.324240599318677e-05
101,2,10,crystallization_cocktail_standard_set,8.298862488223568e-05
102,2,10,hydrogen_bond_acceptor_donor,8.271510379575501e-05
103,2,10,cation_surround_axis,8.212375557762289e-05
104,2,10,respective_phenyl,8.195303410760076e-05
105,2,10,remarkable_role,8.181792272511335e-05
106,2,10,near_field_speckle,8.177671466451139e-05
107,2,10,flap_methyl_group,8.165882525963394e-05
108,2,10,long_history,8.165872574868002e-05
109,2,10,cell_parameter,8.133879613477483e-05
110,2,11,continuous_molecular_chain,8.485562150130687e-05
111,2,11,liquid_phase_diagram,8.428544897146174e-05
112,2,11,middot_cl_minus_chloride,8.407275003131313e-05
113,2,11,multiple_scatter_multiphonon_component,8.377315491123484e-05
114,2,11,result_lattice_sum_evaluation,8.26072335137022e-05
115,2,11,density_map,8.172060119459374e-05
116,2,11,synthesis_thymine,8.14120632942501e-05
117,2,11,xrd_result_dta_datum,8.123244366729634e-05
118,2,11,in_middot,8.119438051783666e-05
119,2,11,protein_native_form_site,8.102076116485595e-05
120,2,12,ureido_ring_plane,8.502370903564442e-05
121,2,12,neutron_event_datum_acquisition,8.306769250792599e-05
122,2,12,x_stuff_ray,8.286914535276794e-05
123,2,12,linker_absence_different_dimension,8.235645524030176e-05
124,2,12,size_artifact,8.23254792393757e-05
125,2,12,femtosecond_nanocrystallography,8.189227459268828e-05
126,2,12,moderate_c_h,8.152788816916688e-05
127,2,12,cell_surface,8.1466863620023e-05
128,2,12,aromatic_degradation,8.124311854051473e-05
129,2,12,octahedron_phase_rotation,8.112183170573053e-05
130,2,13,avian_haemoglobin,8.444315141143622e-05
131,2,13,optimal_sample_size,8.365520084587323e-05
132,2,13,c_c_torsion_angle,8.274287520059211e-05
133,2,13,dbia_acid,8.165531821200775e-05
134,2,13,decarboxylation_product_single_enantiomer,8.161888745589617e-05
135,2,13,there_pi,8.127066032281768e-05
136,2,13,interdigitat_phenyl_ring,8.124794817330436e-05
137,2,13,genome_contain_nucleocapsid_core,8.108044210562e-05
138,2,13,arene_pi_hydrogen_bond,8.102706988192248e-05
139,2,13,nbsp_mm,8.089530184577379e-05
140,2,14,net_density,8.709105525593249e-05
141,2,14,bismuth_titanate,8.622562416531631e-05
142,2,14,overall_reliability,8.389118630104805e-05
143,2,14,lateral_face,8.262163249013887e-05
144,2,14,th___plusmn,8.181597902793797e-05
145,2,14,bond_fixation,8.165676951285032e-05
146,2,14,pendant_benzene_ring,8.152251382680594e-05
147,2,14,native_counterpart,8.150515087801455e-05
148,2,14,active_site_geometry,8.142100621416765e-05
149,2,14,vanillin_group,8.113555406931829e-05
150,2,15,irregular_ladder_dimensional_column,8.5479384387063e-05
151,2,15,cost_safe_effective_way,8.29223181177814e-05
152,2,15,scroll_nanotube,8.290676885689525e-05
153,2,15,aqueous_solvent,8.27616184393751e-05
154,2,15,gene_expression,8.272311357212729e-05
155,2,15,model_calculation,8.172709477730232e-05
156,2,15,n_acetylacetamide_residue,8.129540109571567e-05
157,2,15,turkish_plant,8.126887382188548e-05
158,2,15,potential_application,8.097775411246129e-05
159,2,15,large_angle,8.07473502243454e-05
0,3,0,protein_dsb_family,7.80034366533835e-05
1,3,0,transport_vesicle,7.754633103156039e-05
2,3,0,space_group_k,7.747860447541171e-05
3,3,0,final_r,7.734859676644724e-05
4,3,0,unfavoured_form,7.68710930043801e-05
5,3,0,o_cation_hydrogen_bond,7.679506944728123e-05
6,3,0,specie_distribution,7.674294488742462e-05
7,3,0,local_twofold_symmetry,7.618176562317248e-05
8,3,0,diffractometry_example,7.598631682330227e-05
9,3,0,flap_tip,7.55939072830737e-05
10,3,1,kappa_kappa_kappa,7.747797241774559e-05
11,3,1,flexible_loop,7.716646690985156e-05
12,3,1,carboxylic_acid_anion,7.687352972858236e-05
13,3,1,effect_accurate_formulation,7.679493290781866e-05
14,3,1,pyramid_base_atom,7.616538065743147e-05
15,3,1,nucleation_condition,7.606603615136241e-05
16,3,1,sigma_direction,7.5866583040786e-05
17,3,1,exit_face,7.585324330976377e-05
18,3,1,rhomboedric_z,7.54447099119857e-05
19,3,1,osteoblast_differentiation_bone_formation,7.537318213903866e-05
