,run,topic,terms,p
88672095188452e-05
1,1,0,tolyl_group,8.584870141777997e-05
2,1,0,protonated_dioxopromethazinium_cation,8.49811627685711e-05
3,1,0,extremely_asymmetric_diffraction_case,8.458507485808564e-05
4,1,0,solid_liquid_phase_diagram,8.454566847509159e-05
5,1,0,pressure_function_pseudosymmetry,8.368978282751045e-05
6,1,0,thiosulfate_anion_organic_cation,8.237243493184392e-05
7,1,0,scatter_pattern,8.227704576898177e-05
8,1,0,matthew_coefficient_analysis,8.198726339057626e-05
9,1,0,suitable_object,8.165765369921024e-05
10,1,1,zeta_dimeric_state,8.743277598484967e-05
11,1,1,conformational_mobility,8.602820152232497e-05
12,1,1,sample_small_quantity_information,8.390215182840945e-05
13,1,1,square_method,8.282937412587183e-05
14,1,1,zwitterionic_state,8.263845814722658e-05
15,1,1,chromeno_ring_system,8.255226839053573e-05
16,1,1,homologous_linear_structure_series,8.23703310422646e-05
17,1,1,microbial_gaba_transaminase,8.23243009863714e-05
18,1,1,kappa_catena,8.212448809841865e-05
19,1,1,diethyl_intramolecular_cyclization,8.211068221373377e-05
20,1,2,isolate_tetrahedral_molecule,8.728102294038307e-05
21,1,2,indolizine_moiety,8.711193068186744e-05
22,1,2,fuse_benzene,8.535221403804134e-05
23,1,2,experimental_assessment,8.42721232563563e-05
24,1,2,dhqase_type_crystallographic_structure,8.410734624455968e-05
25,1,2,syn_configuration,8.35219123145848e-05
26,1,2,nb_twofold_rotation_axis,8.34188611287173e-05
27,1,2,high_flexibility,8.331560987305403e-05
28,1,2,thompson_paper,8.318133240629643e-05
29,1,2,developmental_defect,8.296551514018239e-05
30,1,3,chemical_structure_conformation,8.542046100125776e-05
31,1,3,biguanide_n_atom,8.529513292125068e-05
32,1,3,reference_photon,8.524910126127329e-05
33,1,3,germanium_case_similar_determination,8.443398625362496e-05
34,1,3,common_sigma,8.406702502031853e-05
35,1,3,boronic_ester,8.399426717109446e-05
36,1,3,dysprosium_trinitrate,8.376952269192684e-05
37,1,3,uv_light,8.303507815099293e-05
38,1,3,model_uniqueness,8.291524421625724e-05
39,1,3,undulator_period,8.275809856274168e-05
40,1,4,n_c_bond_delocalization,8.346262958136505e-05
41,1,4,imidazole_ligand_n_atom,8.329893869051284e-05
42,1,4,binary_mixture,8.32427229318747e-05
43,1,4,tran_pyrazine,8.3003362176264e-05
44,1,4,iodine_molecule_form,8.289771495817298e-05
45,1,4,close_similarity,8.249616089472685e-05
46,1,4,anomalous_scatter_correction,8.228242620644623e-05
47,1,4,hexadentate_ligand_potential,8.223639662654515e-05
48,1,4,bismuth_titanate_stable_structure,8.158037460257033e-05
49,1,4,o_intermolecular_hydrogen_bond,8.119701326013397e-05
50,1,5,aotc_anabolic_ornithine_transcarbamoylase,8.598675582314943e-05
51,1,5,etc_type_reflection,8.366488036110275e-05
52,1,5,short_range,8.31085630165609e-05
53,1,5,silicon_monochromator,8.301388149129276e-05
54,1,5,symmetry_analysis,8.1845233078521e-05
55,1,5,dimensional_framework,8.178859476357862e-05
56,1,5,angular_acceptance,8.172939897819021e-05
57,1,5,hydration_water_molecule,8.169867955002811e-05
58,1,5,peptide_molecule,8.112420383589471e-05
59,1,5,interferometer_in_beam_splitter,8.108313506122925e-05
60,1,6,sesrga_crystal,8.403739160640611e-05
61,1,6,mid_ligand_point,8.365410758279564e-05
62,1,6,strike_feature,8.344950133492165e-05
63,1,6,ng_amp,8.318900769170314e-05
64,1,6,gel_filtration_ionic_exchange,8.254741937397016e-05
65,1,6,close_similarity,8.219088570603293e-05
66,1,6,powder_datum,8.201604754076232e-05
67,1,6,high_pressure_pseudosymmetry,8.162262483510587e-05
68,1,6,absolute_stereochemistry,8.15921866852901e-05
69,1,6,rapamycin_complex_crystal_structure,8.152491258051174e-05
70,1,7,nbsp_time_atom,8.68594917970964e-05
71,1,7,state_eoss_equation,8.567356109402094e-05
72,1,7,lead_intramolecular_c_h,8.533450532955092e-05
73,1,7,final_residual,8.211927337574196e-05
74,1,7,dimensional_datamatrix_code,8.191571956184001e-05
75,1,7,peak_shape_angular_dependence,8.179053058055874e-05
76,1,7,thermal_effect,8.167466744970631e-05
77,1,7,protein_expression,8.154152658373682e-05
78,1,7,phosphoryl_transfer,8.146699304889626e-05
79,1,7,br_contact,8.13464048801056e-05
80,1,8,equal_bi,8.26592401028119e-05
81,1,8,x_ray_diffraction_image,8.259103503342409e-05
82,1,8,s_interval_s,8.246155474279027e-05
83,1,8,near_neighbour,8.199398331338368e-05
84,1,8,protein_domain_definition,8.197235174130474e-05
85,1,8,saturable_absorption,8.15244778589487e-05
86,1,8,refine_structure_test_reconstruction,8.134832469965922e-05
87,1,8,crystallographic_inversion_centre,8.11285625287818e-05
88,1,8,illustrative_sample,8.090333495099508e-05
89,1,8,c_n_bond,8.08918321203953e-05
90,1,9,vertical_correlation,8.995537989316441e-05
91,1,9,quantitative_phase_analysis,8.603842094023528e-05
92,1,9,present_theoretical_framework,8.58184999385552e-05
93,1,9,mineral_group,8.47516536110132e-05
94,1,9,differentiation_structure_hydrogen_atom,8.28295040123571e-05
95,1,9,zeta_dimer_interface_bind,8.278248643153585e-05
96,1,9,coli_expression_contaminant,8.238473699089396e-05
97,1,9,mu_kappa,8.214956821677904e-05
98,1,9,thf_hexane_solution_recrystallization,8.173900288835394e-05
99,1,9,search_model,8.169498370765508e-05
100,1,10,different_relative_spatial_distribution,8.972334597962033e-05
101,1,10,middot_l_minus,8.6285754528882e-05
102,1,10,camera_application,8.43738233780463e-05
103,1,10,kinetic_analysis,8.432577016005997e-05
104,1,10,phonon_component,8.418695606448223e-05
105,1,10,structure_formation_process,8.407378735982695e-05
106,1,10,c_hydrogen,8.335715454528862e-05
107,1,10,x_ray_scatter_technique,8.313792791081112e-05
108,1,10,west_nile_fever,8.27308539831232e-05
109,1,10,continuous_x_ray_spectrum,8.22347916688332e-05
110,1,11,line_drum,8.801249614443768e-05
111,1,11,behaviour_shape,8.762877914538972e-05
112,1,11,effective_width,8.414303795907155e-05
113,1,11,crystal_structure_stack_direction,8.310963397076318e-05
114,1,11,regular_user_shift,8.291311040318148e-05
115,1,11,single_hydrogen_bond,8.285025327116006e-05
116,1,11,x_ray_source,8.237240653484233e-05
117,1,11,centrosymmetric_n_h,8.186095104673158e-05
118,1,11,fluorescent_photon,8.16117350419735e-05
119,1,11,additional_measurement,8.150410609548291e-05
120,1,12,geometry_temporal_coherence_requirement,8.88757468398532e-05
121,1,12,bioinformatic_resource,8.74555441209807e-05
122,1,12,s_dibenzyl,8.462879527920945e-05
123,1,12,protein_crystal_amorphous_protein,8.358725944106122e-05
124,1,12,c_delta,8.296394630495029e-05
125,1,12,post_growth_anneal_experiment,8.233311079710792e-05
126,1,12,sufficient_sensitivity,8.164492411912799e-05
127,1,12,boundary_condition,8.116464158836155e-05
128,1,12,hypersphere_pack,8.102874999964373e-05
129,1,12,ribosomal_rna_process_factor,8.089440440051861e-05
130,1,13,square_planar_coordination_geometry,8.946895747706751e-05
131,1,13,active_form,8.663875362960545e-05
132,1,13,contain_dna,8.460973267323574e-05
133,1,13,zwitterionic_tautomer_crystallize,8.364938252187547e-05
134,1,13,extinction_correction,8.249085884683431e-05
135,1,13,root_framework,8.227373212981922e-05
136,1,13,dimensional_pack,8.220004624131624e-05
137,1,13,bifurcate_hydrogen_bond,8.154217325192264e-05
138,1,13,particular_karle_hauptman_matrix,8.145040893262575e-05
139,1,13,cryocooled_macromolecular_crystal,8.117774042584333e-05
140,1,14,minor_conformational_change,8.475391727988849e-05
141,1,14,local_behaviour,8.394101518983702e-05
142,1,14,p_level,8.340130456681502e-05
143,1,14,ug_rich_repeat,8.339885177190316e-05
144,1,14,unit_cell_time_time,8.206290113656753e-05
145,1,14,downward_diffraction_laue_spot,8.190974507586956e-05
146,1,14,planar_phenyl,8.189457167147626e-05
147,1,14,variability_rationale,8.17205047144409e-05
148,1,14,trimodular_c_terminal_fragment,8.15557408992632e-05
149,1,14,amine_group,8.151221245548908e-05
150,1,15,common_know_problem,8.482661749342756e-05
151,1,15,crystallography_bayesian_method_rise,8.478977743646302e-05
152,1,15,non_classical_hydrogen_bond,8.429177300240245e-05
153,1,15,entrance_surface_point_source,8.329939819918706e-05
154,1,15,crystallogenesis_datum,8.248799557666741e-05
155,1,15,beam_line,8.216503979404269e-05
156,1,15,crystallographic_description,8.181005128375128e-05
157,1,15,cavity_imbed_methyl_group,8.136221991663656e-05
158,1,15,cis_donor,8.130325639460423e-05
159,1,15,crystal_temperature,8.106070057464682e-05
160,1,16,chlorophenyl_ring,8.604544862931152e-05
161,1,16,inversion_crystallographic_centre,8.369285565233749e-05
162,1,16,nitrate_counter_ion,8.338180485627521e-05
163,1,16,sigma_transversal_accoustical_mode,8.293609051169216e-05
164,1,16,new_protocol,8.24730633735242e-05
165,1,16,post_growth,8.233872972902202e-05
166,1,16,hinge_domain_link,8.220216815695101e-05
167,1,16,vertebrate_red_blood_cell,8.197763364355945e-05
168,1,16,incident_wave,8.158511856522564e-05
169,1,16,k_domain,8.145860451620057e-05
170,1,17,thiourea_molecule,8.52283824011092e-05
171,1,17,dft_density_functional_theory,8.492046255954964e-05
172,1,17,n_decyldiethylphosphine_oxide,8.424191208633258e-05
173,1,17,high_valent,8.397012968288764e-05
174,1,17,crystal_diffraction_quality,8.333496217070114e-05
175,1,17,present_system_intensify_beam,8.224531487257267e-05
176,1,17,add_atom,8.200526244282957e-05
177,1,17,phosphide_pentanickel_tetraphosphide,8.196972193525927e-05
178,1,17,food_paper_industry,8.187485869949452e-05
179,1,17,energy_produce_process,8.180998437322969e-05
180,1,18,true_scatter_curve,8.823148294363924e-05
181,1,18,phasis_possible_combination,8.559859612327648e-05
182,1,18,perfect_germanium_crystal,8.378965956112769e-05
183,1,18,discriminant_analysis,8.339511192893674e-05
184,1,18,grow_crystal,8.283142934238258e-05
185,1,18,ligand_ring,8.215282006209668e-05
186,1,18,electrophoretic_mobility_shift_assay,8.192464927953939e-05
187,1,18,development_initiation_stage,8.184244607140284e-05
188,1,18,endoplasmic_reticulum,8.181125493636262e-05
189,1,18,unit_tran_cis_configuration,8.14620953678411e-05
190,1,19,adjacent_ligand,8.49631371713652e-05
191,1,19,cryocrystallographic_technique,8.290679672921814e-05
192,1,19,high_fraction,8.218640394509458e-05
193,1,19,extracellular_c_terminus,8.196720087536163e-05
194,1,19,sulfate_group,8.17943401221917e-05
195,1,19,distort_octahedral_mn_atom,8.142401965407365e-05
196,1,19,surface_fractal_dimension,8.140996681032857e-05
197,1,19,focal_shift,8.134889483073118e-05
198,1,19,vacancy_cation,8.129135343372038e-05
199,1,19,huge_molecular_weight,8.126277746574789e-05
0,2,0,dppe_p_prime_p,7.800054420036129e-05
1,2,0,powder_pattern,7.753949702375624e-05
2,2,0,virus_influenza_crystal_structure,7.678081832726615e-05
3,2,0,cmca_centrosymmetric_space_group,7.636937209296542e-05
4,2,0,widely_solvent_content_estimate,7.614480315415719e-05
5,2,0,embl_esrf_robotic_sample,7.604440238104654e-05
6,2,0,benzimidazole_ring,7.54748371293852e-05
7,2,0,unsolved_sad_datum_set,7.544804280703038e-05
8,2,0,nbsp_thermophilus_hypothetical_protein,7.543240682320554e-05
9,2,0,dppm_ligand,7.477294669087529e-05
10,2,1,topological_family,8.01416159921894e-05
11,2,1,low_gamma_radiation_count,7.78663652831084e-05
12,2,1,alkaline_cellulase,7.719422632227668e-05
13,2,1,unligand_complex_enzyme,7.649881222555011e-05
14,2,1,rapid_sample,7.649585232470729e-05
15,2,1,functional_form_magnitude_consequence,7.648875499384495e-05
16,2,1,infinite_molecular_unit,7.593197016403262e-05
17,2,1,site_symmetry,7.576026829274823e-05
18,2,1,kda_outer_membrane_protein,7.543316317248455e-05
19,2,1,prime_prime_prime_systematic,7.541499421673413e-05
