,run,topic,terms,p
icrofibrillar_structure,9.199072530310984e-05
1,1,0,tellurium_lone_pair,8.89715535388098e-05
2,1,0,anchor_hemicellulas,8.725687743704547e-05
3,1,0,carboxylate_o_anion_atom,8.598441409343037e-05
4,1,0,main_group_silyl,8.428124140771049e-05
5,1,0,flavin_mononucleotide_dependent_manner,8.417174843772986e-05
6,1,0,develope_method,8.36837908695254e-05
7,1,0,dx_deg,8.357415050592613e-05
8,1,0,criminal_investigation,8.345343385955098e-05
9,1,0,asymmetric_unit_independent_complex,8.339029097010829e-05
10,1,1,user_shift,8.843534359863283e-05
11,1,1,key_challenge,8.457445609576228e-05
12,1,1,require_inversion_symmetry,8.339012254477829e-05
13,1,1,ground_beam_line,8.336072094212756e-05
14,1,1,orthorhombic_cmcm_structure,8.325875104592506e-05
15,1,1,isoxazoline_ring,8.308821796551647e-05
16,1,1,apical_site_l_ligand,8.278575859038619e-05
17,1,1,substrate_peptide_terminus,8.23924643655542e-05
18,1,1,hydrazine_n_atom,8.219509395551896e-05
19,1,1,polarise_neutron,8.19741827581071e-05
20,1,2,tetragonal_structure_type,8.750977659349175e-05
21,1,2,great_quantity,8.579989444243628e-05
22,1,2,sad_experiment_anomalous_signal,8.51980837537983e-05
23,1,2,secondary_primary_amino_group,8.350919226631604e-05
24,1,2,lead_intermolecular_c_h,8.342315695133298e-05
25,1,2,parallel_form_sheet,8.290460248003508e-05
26,1,2,x_ray_total_scatter,8.275202194045997e-05
27,1,2,random_network_structure_model,8.260053461582512e-05
28,1,2,n_c_c,8.203449348867811e-05
29,1,2,histidine_residue,8.200020502725438e-05
30,1,3,enzyme_class,8.783005473305708e-05
31,1,3,thiocarbamate_ligand,8.451102432362455e-05
32,1,3,cell_dimension,8.400968530984624e-05
33,1,3,pseudouridine_rrna_uridine,8.389323454492027e-05
34,1,3,self_assembly,8.354949071259e-05
35,1,3,b_axis_parallel,8.332643744764993e-05
36,1,3,complete_pole_figure,8.305694479569135e-05
37,1,3,directional_intermolecular_interaction,8.277358163629252e-05
38,1,3,hydrophobic_region_form_column,8.27318462734115e-05
39,1,3,anomalous_intensity_difference,8.255403492133226e-05
40,1,4,centrosymmetric_space_group_crystallize,8.712866898449608e-05
41,1,4,powerful_mean,8.587526302567379e-05
42,1,4,nanoparticle_dynamic,8.47245122516078e-05
43,1,4,f_metal_atom,8.405109975715955e-05
44,1,4,k_range,8.35625408139402e-05
45,1,4,acceptor_o_atom,8.265321168499548e-05
46,1,4,burgers_vector,8.253495503874558e-05
47,1,4,alcohol_solvent_vapor,8.233506054891521e-05
48,1,4,peak_asymmetry,8.23000254854716e-05
49,1,4,redox_reaction,8.213902881627775e-05
50,1,5,cd_atom_seven_coordinate,8.617730469881526e-05
51,1,5,rectangular_shape,8.59619041153241e-05
52,1,5,dimensional_supramolecular_chain,8.41463470043376e-05
53,1,5,specific_energy,8.414488323725513e-05
54,1,5,external_aldimine_adduct,8.34405594736462e-05
55,1,5,slightly_ureido_ring_plane,8.341490732324309e-05
56,1,5,condensation_theory,8.33996139548825e-05
57,1,5,result_species_dication,8.339703747998982e-05
58,1,5,mechanical_structure,8.274964038441732e-05
59,1,5,high_speed,8.274951309888565e-05
60,1,6,active_site_nucleophile,8.669919445098546e-05
61,1,6,important_insight,8.62958670976697e-05
62,1,6,metal_ion,8.444565133189983e-05
63,1,6,correspond_free_base_metallation,8.368964008134289e-05
64,1,6,triclinic_polymorph,8.336983065337785e-05
65,1,6,channel_type,8.276219037879505e-05
66,1,6,lamellar_stack_mode,8.273430703807217e-05
67,1,6,prime_pnpoxs_oxidase,8.212764776596497e-05
68,1,6,langbeinite_type_structure,8.180405990690544e-05
69,1,6,high_heat_load_condition,8.170951069268312e-05
70,1,7,phasis_domain_coexistence,8.581350118451423e-05
71,1,7,owater_h,8.522540579208933e-05
72,1,7,dispersion_curve,8.508102534841844e-05
73,1,7,te_c,8.492315405881939e-05
74,1,7,neutron_event_datum_acquisition,8.489143557040589e-05
75,1,7,family_distant_member,8.457377707818432e-05
76,1,7,additional_group,8.380459723697687e-05
77,1,7,slightly_different_orientation,8.373247246527848e-05
78,1,7,native_crystallize_datum,8.364420916716106e-05
79,1,7,statistical_parameter,8.303729129712172e-05
80,1,8,tran_cis_geometry,8.892991692004982e-05
81,1,8,cucr_mu_core_binuclear,8.79322999911667e-05
82,1,8,graphical_evaluation,8.471697182858922e-05
83,1,8,intermediate_alloy,8.40908183802962e-05
84,1,8,control_unit,8.323132999827959e-05
85,1,8,peripheral_nervous_system,8.298385275894416e-05
86,1,8,rubbery_material,8.278890048743533e-05
87,1,8,naphthyl_ring_plane,8.270246615271614e-05
88,1,8,zeta_dimer_interface_bind,8.25937173257537e-05
89,1,8,eclipse_conformation,8.250061972265408e-05
90,1,9,strontium_magnesium_tetrafluoride,8.670709030956471e-05
91,1,9,key_cellular_protein,8.47594989036955e-05
92,1,9,growth_temperature_local_structure,8.461846482485671e-05
93,1,9,acceptor_property,8.458507867791941e-05
94,1,9,dibenzoylmethane_condensation,8.422778511435166e-05
95,1,9,hypersphere_pack,8.38164015291649e-05
96,1,9,pyrimidinone_ring,8.240959215829342e-05
97,1,9,ceptc_eptc_catalytic_domain,8.219042597072164e-05
98,1,9,different_conformation_independent_molecule,8.186877495769874e-05
99,1,9,pyridyl_n_atom,8.144579685543777e-05
100,1,10,auto_redox_reaction,8.849549723264292e-05
101,1,10,planar_deviation_formation,8.830615848174053e-05
102,1,10,powder_sample,8.501037813853303e-05
103,1,10,lambda_sin_theta,8.346559979556601e-05
104,1,10,edge_share_tetrahedron,8.307390795263712e-05
105,1,10,p_atom_effective_electronegativity,8.210856299295604e-05
106,1,10,thiazepine_ring,8.201909349344992e-05
107,1,10,amino_group_place,8.195150723424658e-05
108,1,10,c_delta,8.187974951541298e-05
109,1,10,operation_speed,8.148631192577788e-05
110,1,11,covalent_adduct,8.454631954630626e-05
111,1,11,phenolate_o_atom,8.350361476190306e-05
112,1,11,na_atom,8.313739602005783e-05
113,1,11,mononuclear_unit,8.26896994155422e-05
114,1,11,outer_growth_region,8.20890278924972e-05
115,1,11,benzotriazole_ring_system,8.120887115296143e-05
116,1,11,methylene_group,8.102878101725925e-05
117,1,11,monoclinic_crystal,8.101587078036769e-05
118,1,11,furan_ring,8.090928144367169e-05
119,1,11,karle_hauptman_matrix,8.084032642704894e-05
120,1,12,m_phase,8.889798525218264e-05
121,1,12,tpsi_phase_structure_invariant,8.804408180382001e-05
122,1,12,powder_pattern_fit,8.53215235483137e-05
123,1,12,nonclassical_hydrogen_bond,8.357936730378735e-05
124,1,12,experimental_phasis,8.332522658379409e-05
125,1,12,obtain_approach,8.305896390904768e-05
126,1,12,beta_octamolybdate_anion,8.24277293100946e-05
127,1,12,disorder_solvent_molecule_contribution,8.235255711302744e-05
128,1,12,large_size,8.228860289103104e-05
129,1,12,n_carbonyl_methylamino_function,8.136751628862564e-05
130,1,13,pattern_designator,8.841325908050542e-05
131,1,13,hydration_water_molecule,8.711393045901195e-05
132,1,13,polymerize_solution_thermodynamic_instability,8.549413421496013e-05
133,1,13,n_methyl_derivative,8.529847920661632e-05
134,1,13,significant_reduction,8.45732673790042e-05
135,1,13,centrosymmetric_beta_octamolybdate_anion,8.339328722606644e-05
136,1,13,o_interaction_form,8.323478932887983e-05
137,1,13,minus_ligand_cu_atom,8.291483879517061e-05
138,1,13,material_small_portion,8.286734599150578e-05
139,1,13,poymeric_chain,8.28566959442324e-05
140,1,14,decade_depression_treatment,8.819667794413252e-05
141,1,14,electron_microscope,8.416761801427644e-05
142,1,14,beam_size,8.373659721597885e-05
143,1,14,co_linear_b_axis,8.294445240474008e-05
144,1,14,weak_beam_condition,8.285870405995104e-05
145,1,14,unit_tran_cis_configuration,8.271705084015195e-05
146,1,14,recently_report_analogue,8.180424750090228e-05
147,1,14,cell_edge_label_vector,8.16977186416402e-05
148,1,14,virulence_factor,8.157472918333764e-05
149,1,14,trigonal_prismatic_coordination,8.148856763422438e-05
150,1,15,remain_ring_atom,8.737870120302823e-05
151,1,15,dynamic_behaviour,8.463138434686657e-05
152,1,15,diffuse_reflection,8.413861283083804e-05
153,1,15,middot_middot_minus,8.407041647014434e-05
154,1,15,hewl_crystal,8.322521695114848e-05
155,1,15,archaeal_tim_surface,8.257868847871244e-05
156,1,15,s_h,8.234722104962845e-05
157,1,15,high_similarity,8.22128011211575e-05
158,1,15,prominent_role,8.217663816749805e-05
159,1,15,agarose_gel,8.200363214634407e-05
160,1,16,tptz_ligand,8.763091126097132e-05
161,1,16,rocking_curve,8.472921760745546e-05
162,1,16,membered_metal_cycle,8.411565360220315e-05
163,1,16,envelope_conformation,8.377145463705548e-05
164,1,16,base_local_shape,8.370820261340726e-05
165,1,16,alkyl_chain_estradiol_derivative,8.356163487146467e-05
166,1,16,benzene_ring_nitro_group,8.291269820324015e-05
167,1,16,oligomerization_state,8.197158516142984e-05
168,1,16,theoretical_calculation,8.196484056158674e-05
169,1,16,calcium_site,8.183883472167162e-05
170,1,17,c_n,8.425130338351646e-05
171,1,17,prolyl_isomerization_state,8.387414746889803e-05
172,1,17,br_weak_interaction,8.377086696380206e-05
173,1,17,complex_coii_atom,8.326976057027974e-05
174,1,17,fip_large_value,8.260757842944199e-05
175,1,17,hexagonal_polymorph,8.171700657587769e-05
176,1,17,tautomeric_form,8.155505290360873e-05
177,1,17,low_rim,8.118088283698722e-05
178,1,17,small_molecule_case,8.114011267544567e-05
179,1,17,clamp_mechanism,8.111275711795614e-05
180,1,18,important_cosmoceutical_property,8.733698678185074e-05
181,1,18,monolithium_ethylene_glycolate,8.575254603444197e-05
182,1,18,certain_elemental_type,8.406280900209034e-05
183,1,18,present_report,8.387168492368114e-05
184,1,18,critical_case,8.358922126980833e-05
185,1,18,substrate_bind_product,8.310177435699941e-05
186,1,18,observe_molecular_conformation,8.295773176781033e-05
187,1,18,single_wavelength_anomalous_scatter,8.269718494341517e-05
188,1,18,nano_scale,8.221932060721076e-05
189,1,18,substituent_slight_modification,8.213133788405207e-05
190,1,19,wilson_plot,9.53674593183707e-05
191,1,19,cell_edge_label_vector,8.916119987309709e-05
192,1,19,reliable_method,8.514101948433609e-05
193,1,19,general_purpose,8.511305694682595e-05
194,1,19,possible_practical_application,8.373184780415892e-05
195,1,19,c_t_y,8.345132209185382e-05
196,1,19,rei_centre_geometry_difference,8.316314584239331e-05
197,1,19,technique_combination,8.302783042275616e-05
198,1,19,liquid_handle_robot,8.289418324651087e-05
199,1,19,several_study,8.268926691840678e-05
200,1,20,metal_ion_interaction_sequence,8.467296161308765e-05
201,1,20,base_pair,8.377886721732783e-05
202,1,20,minus_infin,8.323895081077384e-05
203,1,20,phase_improvement,8.317726124869701e-05
204,1,20,pixel_area_detector,8.27438172850601e-05
205,1,20,available_information,8.257050248340965e-05
206,1,20,ewald_method_general_principle,8.245211488894115e-05
207,1,20,cu_ion,8.238274682449604e-05
208,1,20,high_pressure_high_temperature,8.237315631394126e-05
209,1,20,pinonic_acid,8.235749825261282e-05
210,1,21,parallel_lie_dimensional_network,8.802843434896019e-05
211,1,21,ni_presence_melt,8.647657033556337e-05
212,1,21,incidence_angle,8.622653083348995e-05
213,1,21,six_symmetry_relate_domain,8.617298829838265e-05
214,1,21,incommensurate_dimensional_modulation,8.564313050353706e-05
215,1,21,usual_chair_conformation,8.436232670931892e-05
216,1,21,bind_affinity,8.409681652189811e-05
217,1,21,new_lithium_iron_vanadate,8.408556819917962e-05
218,1,21,anion_o_atom,8.390659529361599e-05
219,1,21,coincidence_orientation,8.347194551935624e-05
220,1,22,pseudo_atom,8.767106784736279e-05
221,1,22,incident_beam_divergence,8.511436091117979e-05
222,1,22,rotational_symmetry,8.474819562917697e-05
223,1,22,z_dna_zii_type,8.447275951205901e-05
224,1,22,improve_property,8.41141896745432e-05
225,1,22,datum_error,8.35531196009526e-05
226,1,22,mesenchymal_stem_cell,8.249949327929432e-05
227,1,22,h_protein,8.231505990176221e-05
228,1,22,simulate_datum_set,8.226593095405413e-05
229,1,22,neutral_specie,8.215619988086612e-05
230,1,23,covalency_ionicity,8.564550219063844e-05
231,1,23,x_ray_absorption,8.51294229698357e-05
232,1,23,ellipsoidal_particle_case,8.461092546268528e-05
233,1,23,yeast_structure,8.436532323753663e-05
234,1,23,low_static_magnetic_field,8.408800388852452e-05
235,1,23,cubic_modification,8.307405891215271e-05
236,1,23,trypsin_digestion,8.282322535938125e-05
237,1,23,silicon_crystal_performance_test,8.274886336102003e-05
238,1,23,centroid_centroid_separation,8.21230477676709e-05
239,1,23,o_gamma,8.210246391196248e-05
240,1,24,approximately_deg,8.696032538013734e-05
241,1,24,pack_interaction,8.608915511898239e-05
242,1,24,guanidinium_cation,8.606362654592844e-05
243,1,24,layer_sequence,8.401372462155273e-05
244,1,24,peer_review,8.361020648255712e-05
245,1,24,ii_i,8.354540721509056e-05
246,1,24,naphthoquinone_skeleton_periphery,8.303780848275456e-05
247,1,24,finite_order,8.263866159980211e-05
248,1,24,charge_compensation,8.262152694181021e-05
249,1,24,coordinate_ligand,8.204963909125211e-05
250,1,25,such_mix_anion_phasis,8.929440584705489e-05
251,1,25,instrument_design_detail,8.690763800624385e-05
252,1,25,c_pr_structure,8.549141239830508e-05
253,1,25,water_molecule_anion,8.423627021106632e-05
254,1,25,deprotonat_ppt,8.30178715721668e-05
255,1,25,various_technique,8.275434260320572e-05
256,1,25,pendant_diethylamino_group,8.255782598501758e-05
257,1,25,hydroxide_ion,8.254269478112582e-05
258,1,25,electronic_structure_thorough_study,8.172945346260234e-05
259,1,25,cje_tertiary_structure,8.169746346879682e-05
260,1,26,particular_grow_system,8.822666306573167e-05
261,1,26,x_ray_phase_problem,8.811664096159198e-05
262,1,26,yellow_crystal,8.525289575077082e-05
263,1,26,energy_save_procedure,8.44777068516924e-05
264,1,26,de_novo_ncs_average,8.400743917684768e-05
265,1,26,crystal_order,8.381565751147106e-05
266,1,26,cl_h_o,8.32429165576342e-05
267,1,26,sr_ca,8.313647132721226e-05
268,1,26,scalar_relation,8.295305053184682e-05
269,1,26,vatd_fob_complex,8.274690750556676e-05
270,1,27,saxs_curve,8.831812093801332e-05
271,1,27,holmium_ion,8.81805320105816e-05
272,1,27,complex_dimensional_framework_structure,8.721834588890682e-05
273,1,27,programme_problem,8.6070458377872e-05
274,1,27,carbohydrate_structure,8.41733004314971e-05
275,1,27,smiii_cation,8.408097832299462e-05
276,1,27,n_ethyl_oxamate_group,8.390639486504399e-05
277,1,27,abnormal_vision,8.352546866721843e-05
278,1,27,orientation_distribution,8.337483807470083e-05
279,1,27,l_dihydroorotate_oxidation,8.333081010399859e-05
280,1,28,small_bite_angle,8.761210121497355e-05
281,1,28,plane_deg,8.568824550197712e-05
282,1,28,urea_molecule,8.449879495107073e-05
283,1,28,extensive_hydrogen_bond_pattern,8.448614396593541e-05
284,1,28,deg_benzene_ring,8.379898895306683e-05
285,1,28,instrument_concept,8.371295532114116e-05
286,1,28,theta_correct_equation,8.365319340950977e-05
287,1,28,vertex_n,8.291100413861669e-05
288,1,28,fluorescent_sample_scatter_beam,8.270281766465442e-05
289,1,28,n_salicylideneaniline_derivative,8.214036415065304e-05
290,1,29,give_time,8.527036786910456e-05
291,1,29,free_binase,8.477313822838498e-05
292,1,29,model_study,8.443319468750902e-05
293,1,29,remarkable_feature,8.426692482583023e-05
294,1,29,lattice_model,8.42592513722448e-05
295,1,29,open_read_frame,8.290195037143863e-05
296,1,29,axial_projection_plot,8.276645594514377e-05
297,1,29,delta_omega_monochromator,8.257135869798395e-05
298,1,29,disorder_matrix,8.256852274273332e-05
299,1,29,mg_atom,8.254382116109564e-05
300,1,30,simultaneous_diffraction_effect_incidence,9.041539191039606e-05
301,1,30,periplasmic_protein,8.500624402113638e-05
302,1,30,counterion_arise_scatter_signal,8.44230148547643e-05
303,1,30,axis_run_chain_rise,8.398213998409748e-05
304,1,30,thiosulfate_middot_minus,8.392085486243386e-05
305,1,30,salt_cation,8.307458301532982e-05
306,1,30,azimuthal_scan,8.299270094288568e-05
307,1,30,bridge_thiocyanate_ligand,8.282708466648698e-05
308,1,30,main_reflection,8.25332855666703e-05
309,1,30,membrane_stimulate_conformational_change,8.233440891892047e-05
310,1,31,normal_value,8.727133418083457e-05
311,1,31,harker_section,8.637460627859281e-05
312,1,31,datum_frame,8.601244720257562e-05
313,1,31,diagram_expansion,8.583496680072696e-05
314,1,31,kikuchi_line,8.52172844420354e-05
315,1,31,resolution_crystal_structure,8.400720259434581e-05
316,1,31,crystal_chemical_reaction,8.399644157786356e-05
317,1,31,metallic_cluster_nature,8.382090185928523e-05
318,1,31,tetrahedral_coordination_geometry,8.306545485275166e-05
319,1,31,fourier_transform_infrared_spectroscopy,8.292599864791136e-05
320,1,32,rom_de_eacute,8.602131843907495e-05
321,1,32,crystallographic_b_axis,8.489553594085582e-05
322,1,32,crystalline_state_reaction,8.45766894328731e-05
323,1,32,unsubstituted_meso_position,8.45224747022217e-05
324,1,32,constant_thickness,8.411204094724493e-05
325,1,32,s_dibenzyl,8.321402182816596e-05
326,1,32,central_benzene_ring_deg,8.245026634393832e-05
327,1,32,dianionic_o_atom,8.22478308587855e-05
328,1,32,infinite_zigzag_chain,8.209986033948543e-05
329,1,32,csl_coincidence_site_lattice,8.204474672541302e-05
330,1,33,diffraction_experiment,8.539005470688562e-05
331,1,33,bind_c_type_lectin,8.494146133583155e-05
332,1,33,bijective_map,8.462803047546004e-05
333,1,33,epsiv_group,8.457590754566428e-05
334,1,33,experimental_hall,8.388387118596248e-05
335,1,33,ring_lang,8.346372817030275e-05
336,1,33,bone_tissue,8.295297486180408e-05
337,1,33,symmetry_tetranuclear_complex,8.250983940224787e-05
338,1,33,dock_structure,8.22514520834786e-05
339,1,33,complete_datum,8.214755070125848e-05
340,1,34,rubber_nanoparticle,8.79486226933805e-05
341,1,34,carbon_sublattice,8.614724875681732e-05
342,1,34,maximum_likelihood_target_function,8.497418393105675e-05
343,1,34,high_numerical_aperture_microscope,8.465994805525192e-05
344,1,34,terpyridine_transition_metal,8.464175371226623e-05
345,1,34,marine_bacterium,8.425001513093209e-05
346,1,34,trigonal_prismatic_coordination,8.42005479779813e-05
347,1,34,future_success,8.417050458088925e-05
348,1,34,prime_iii_dimethylsilicon,8.366322358915213e-05
349,1,34,cyanobacterium_thermosynechococcus_elongatus,8.327545704612937e-05
350,1,35,unit_cell_parameter_determination,8.668840330927753e-05
351,1,35,terminal_phenyl_ring_plane,8.53160953652722e-05
352,1,35,reductase_variety,8.524354579054882e-05
353,1,35,experimental_technique,8.492880716211355e-05
354,1,35,excite_wavefield,8.345113422196766e-05
355,1,35,general_formula_similar_hexahydroxidometallate,8.313869774283457e-05
356,1,35,thiocyanate_counterion_ethyl_acetate,8.295266600261902e-05
357,1,35,unchanging_chiral_centre,8.253433335520435e-05
358,1,35,vacuum_ultraviolet_range,8.23201262393779e-05
359,1,35,isolate_molecule,8.23119802494119e-05
360,1,36,quantum_chemical_calculation,9.130811598634715e-05
361,1,36,graph_set_centrosymmetric_ring,8.68263530107948e-05
362,1,36,crystalline_solid,8.547475221393592e-05
363,1,36,corona_model_parameter,8.539593285199109e-05
364,1,36,undulate_van,8.47290006108484e-05
365,1,36,activity_relationship,8.431836954695421e-05
366,1,36,raman_unit,8.42640010267486e-05
367,1,36,pendant_benzene_ring_deg,8.391962854509803e-05
368,1,36,method_result,8.359729512977253e-05
369,1,36,acetolactate_decarboxylase,8.342359717766698e-05
370,1,37,equatorial_plane_position,8.529256516553066e-05
371,1,37,single_crystal_diffraction_datum,8.509991106082068e-05
372,1,37,plane_octahedron_phase_rotation,8.48962045157254e-05
373,1,37,substituent_ring_plane,8.482677127084326e-05
374,1,37,ferritin_solution,8.460682445134496e-05
375,1,37,uniform_density,8.450212715911864e-05
376,1,37,two_new_dialkylammonium_thiosulfate,8.387011461895092e-05
377,1,37,pseudomonas_putida,8.305716423940565e-05
378,1,37,hydrogen_storage,8.265497750845451e-05
379,1,37,technique_combination,8.248509028320101e-05
380,1,38,direct_summation,8.747939538220937e-05
381,1,38,human_immunodeficiency_virus,8.73227619892021e-05
382,1,38,o_demethylase_vanillate_aromatic,8.517107895557485e-05
383,1,38,cyclopentyl_ring,8.388634854960028e-05
384,1,38,axe_homohexameric_structure,8.369588134146605e-05
385,1,38,acetate_anion,8.301185892337116e-05
386,1,38,function_high_density_region,8.238640899098934e-05
387,1,38,aring_isoquinoline_group,8.20426500200247e-05
388,1,38,cholera_toxin,8.20352785102428e-05
389,1,38,c_bond_distance,8.168258161052884e-05
390,1,39,new_intermetallic,9.014650894160442e-05
391,1,39,waste_beamtime,8.648826140577047e-05
392,1,39,ph_s,8.563898742192292e-05
393,1,39,chelate_ring,8.341289865509018e-05
394,1,39,molecular_hydrogen,8.275960927894845e-05
395,1,39,nitrate_dissimilation,8.266244164474367e-05
396,1,39,feline_immunodeficiency_virus,8.242504834061273e-05
397,1,39,material_diffraction_pattern,8.232163175242709e-05
398,1,39,methyl_group_pair,8.220443581134867e-05
399,1,39,triangular_geometry,8.214716765136515e-05
400,1,40,synthesize_material_majority,8.688686281181507e-05
401,1,40,acetone_pentane,8.682888143894053e-05
402,1,40,plate_change,8.487492746895163e-05
403,1,40,tetragonal_space_group,8.423498563466306e-05
404,1,40,tridentate_n_atom,8.38125989854161e-05
405,1,40,fielek_model,8.377973345342693e-05
406,1,40,strong_p,8.365488340935046e-05
407,1,40,peptidyl_trnas_trna,8.363575644633008e-05
408,1,40,cleavage_efficiency,8.310629331881998e-05
409,1,40,beta_section,8.264756630910387e-05
410,1,41,structural_model,9.16042105605694e-05
411,1,41,point_dipole,9.125602596966615e-05
412,1,41,membrane_envelope,8.6888367975436e-05
413,1,41,envelope_conformation,8.522540662717948e-05
414,1,41,classical_protein_tyrosine,8.43739971089803e-05
415,1,41,undulate_van,8.432049627900931e-05
416,1,41,protein_fragment_database,8.373352470522524e-05
417,1,41,unsymmetrical_substitution_pattern,8.35263047914947e-05
418,1,41,call_m_phase,8.329957965615377e-05
419,1,41,pyrimidine_imidazole,8.324413770278185e-05
420,1,42,metallic_ion_zinc_ligand,9.176593550709589e-05
421,1,42,virulence_determinant,8.764689608341482e-05
422,1,42,distort_octahedral_coordinate_configuration,8.531230163560005e-05
423,1,42,intensity_function,8.428128981256058e-05
424,1,42,high_resolution_instrument,8.417851415003626e-05
425,1,42,correspond_methyl_acetate_group,8.395945671497057e-05
426,1,42,employ_resolution_shell,8.344602404253699e-05
427,1,42,molecule_planar,8.293479983100721e-05
428,1,42,geometrical_aberration,8.265863764282388e-05
429,1,42,vacuum_uv_spectroscopy,8.192068119756192e-05
430,1,43,diffraction_datum_process,8.882657639172318e-05
431,1,43,wide_repertoire,8.563022340806015e-05
432,1,43,critical_point,8.494233714851684e-05
433,1,43,undulator_beamline,8.44756101988603e-05
434,1,43,zigzag_chain_propagate,8.381380804373333e-05
435,1,43,charge_density,8.377394721409856e-05
436,1,43,representative_member,8.326034900523386e-05
437,1,43,nanomagnetic_grain,8.313805640224457e-05
438,1,43,p_o_n_angle,8.299644954412807e-05
439,1,43,complex_phnz_structure,8.28273056702625e-05
440,1,44,prolyl_isomerization,8.369094983478566e-05
441,1,44,aromatic_pi,8.316731877367876e-05
442,1,44,n_h_atom,8.275113336901513e-05
443,1,44,reliable_characterization,8.258809431247787e-05
444,1,44,uncoordinated_chloride_ion,8.237895724163274e-05
445,1,44,pi_contact_form,8.222563327734957e-05
446,1,44,dft_density_functional_theory,8.197651982719658e-05
447,1,44,de_novo_biosynthesis,8.197585274570444e-05
448,1,44,membered_carbon_ring,8.182106559086483e-05
449,1,44,anisotropic_square_refinement,8.171047069983476e-05
450,1,45,protonat_amine_n_atom,9.050189371415836e-05
451,1,45,action_set_transitive,8.780238761405824e-05
452,1,45,sulfate_group,8.429999459683625e-05
453,1,45,trigonal_region,8.400785590831926e-05
454,1,45,equivalent_monodentate_carboxylate_group,8.293903486625219e-05
455,1,45,angle_result_small_deviation,8.23314170107687e-05
456,1,45,aring_slippage_aring_interaction,8.194380308278525e-05
457,1,45,diethyl_intramolecular_cyclization,8.174553412493975e-05
458,1,45,fluoride_source,8.166635823221867e-05
459,1,45,phosphoethanolamine_moiety,8.166084039638698e-05
460,1,46,adjacent_cdii_atom,8.725753070052822e-05
461,1,46,bbtz_ligand_benzene_ring,8.57546630506378e-05
462,1,46,useful_negative_relation,8.551374908357188e-05
463,1,46,edge_speciman,8.504938193377289e-05
464,1,46,program_suite,8.437026875197112e-05
465,1,46,anhydrous_chloride,8.42478709630678e-05
466,1,46,fe_plane,8.42162686727248e-05
467,1,46,x_ray_fluorescence,8.319940484921946e-05
468,1,46,metallic_cluster_nature,8.315456148806558e-05
469,1,46,monoprotonat_form,8.312137938246296e-05
470,1,47,flavone_skeleton,8.792538517078841e-05
471,1,47,high_relative_energy,8.483738133063099e-05
472,1,47,znii_cation_tetrahedral_coordination,8.460262117311399e-05
473,1,47,phosphorylate_residue,8.425593358990512e-05
474,1,47,solid_state_photoluminescence_property,8.333476251339293e-05
475,1,47,methoxybenzene_ring_tolyl_plane,8.32722965818962e-05
476,1,47,fluorophenyl_ring_methoxyphenyl,8.258540651320997e-05
477,1,47,squaric_acid_h_atom,8.222948424025627e-05
478,1,47,high_numerical_aperture_microscope,8.209055500009216e-05
479,1,47,derivative_form_dihedral_angle,8.20683662183009e-05
480,1,48,zero_order,8.859190964738502e-05
481,1,48,adjacent_zwitterion,8.466519085961382e-05
482,1,48,research_proposal,8.364557354224454e-05
483,1,48,zeolite_crystal_structure,8.349742390719363e-05
484,1,48,result_coordination_polymer,8.334760100962741e-05
485,1,48,end_station,8.26990061223084e-05
486,1,48,theoretical_spectral_efficiency,8.240975835150979e-05
487,1,48,benzene_furan,8.238333809188157e-05
488,1,48,main_backbone,8.203505615151814e-05
489,1,48,nitrophenyl_group,8.201294296419849e-05
490,1,49,west_nile_fever_dengue,8.873613250868774e-05
491,1,49,nbsp_gt_purity,8.776258422836151e-05
492,1,49,normally_photographic_intensity_measurement,8.511042115366364e-05
493,1,49,robust_structural_information,8.404205813828956e-05
494,1,49,liquid_like_structure,8.33107554190681e-05
495,1,49,o_c_p_h,8.27623761504842e-05
496,1,49,hinks_brown_amp,8.243939838253897e-05
497,1,49,symmetry_independent_water_molecule,8.242498924521752e-05
498,1,49,immune_response,8.23096968810985e-05
499,1,49,account_order_term,8.218487887501794e-05
0,2,0,hewl_crystal_quality,8.308243247433453e-05
1,2,0,o_h_type_result,8.222833441374813e-05
2,2,0,diffraction_criterion,8.184902394641489e-05
3,2,0,aring_resolution_ray,8.159404654010821e-05
4,2,0,atomic_scatter_calculation,8.118229640326415e-05
5,2,0,modify_dna,8.032511044289978e-05
6,2,0,reflection_intensity,8.029121617350955e-05
7,2,0,well_fit_mean_plane,8.021525310101611e-05
8,2,0,neisen_parameter,7.980798660965487e-05
9,2,0,diprotonat_histidinium_cation,7.969000380878488e-05
10,2,1,x_ray_wideband,8.200572112574671e-05
11,2,1,sample_displacement,8.186183662641167e-05
12,2,1,cavity_imbed_methyl_group,8.120744700182845e-05
13,2,1,fluorescence_radiation,8.114913818017541e-05
14,2,1,anharmonic_temperature,8.02972601937957e-05
15,2,1,molecule_planar_cavity,7.973316063884668e-05
16,2,1,poor_ratio,7.953462685391409e-05
17,2,1,reduction_product_assembly,7.948654490072032e-05
18,2,1,diffraction_signal,7.939473073833439e-05
19,2,1,atom_n,7.90687279865981e-05
20,2,2,s_atom_o_atom,8.488188419124091e-05
21,2,2,step_inversion,8.305819066968759e-05
22,2,2,zigzag_belt,8.019507070115053e-05
23,2,2,molecule_inversion_symmetry,7.999595162176252e-05
24,2,2,crystal_class,7.912649425484955e-05
25,2,2,ligand_dppm_contain_complex,7.908843815402553e-05
26,2,2,superfamily_inositol_monophosphatase,7.897633752123641e-05
27,2,2,such_distortion,7.891792822911437e-05
28,2,2,b_spline_function_knot,7.862115789325781e-05
29,2,2,acryloyloxy_acetyl_group,7.847084504751588e-05
30,2,3,high_x_ray_energy,8.525378086079834e-05
31,2,3,atomic_focuser_crystal_atom,8.324128667328148e-05
32,2,3,respectively_iii_dimer,8.305290084721981e-05
33,2,3,chamber_inside_surface_regeneration,8.161402245406645e-05
34,2,3,temperature_distribution,8.09936832290219e-05
35,2,3,m_edge,8.087362753778669e-05
36,2,3,dication_ring_center,8.076791345310863e-05
37,2,3,improve_precision,8.068469850291347e-05
38,2,3,zone_axis,8.064297391624253e-05
39,2,3,molecule_square_plane,8.043592610777942e-05
40,2,4,esrf_undulator,8.073727814596941e-05
41,2,4,slow_response_time,8.015736502844443e-05
42,2,4,ligand_link,7.987726737629104e-05
43,2,4,graph_set_notation,7.924857992621451e-05
44,2,4,algebraic_form,7.899878177601233e-05
45,2,4,precise_position,7.893238156867417e-05
46,2,4,digital_image_correlation_technique,7.883847235208103e-05
47,2,4,n_dimethylacetamide_molecule,7.866803815976944e-05
48,2,4,minor_redox_flavocoenzyme,7.859235974343356e-05
49,2,4,aring_essentially_planar_deviation,7.855179474799566e-05
50,2,5,pi_interchain_hydrogen_bond,8.527019189306324e-05
51,2,5,coherent_inelastic_neutron_scatter,8.409353214194204e-05
52,2,5,approximately_deg,8.386740332235189e-05
53,2,5,shad_herr_bone_sample,8.274064248878342e-05
54,2,5,absolute_scale,8.114509721207477e-05
55,2,5,unknown_structure,8.061649447404064e-05
56,2,5,component_adduct,8.046952732470947e-05
57,2,5,interweave_dimensional_framework,8.043372044361393e-05
58,2,5,naphthyl_ring,8.009503187502393e-05
59,2,5,angle_normal_bond_length,8.004738418312444e-05
0,3,0,cerium_complex,7.417025396303507e-05
1,3,0,plp_cofactor_pyridoxal_phosphate,7.375688750811002e-05
2,3,0,dithiolane_ring,7.293893567583275e-05
3,3,0,rosenstein_jeffrey_amp,7.281366569664906e-05
4,3,0,metal_sulfur_bond_length,7.238305896137504e-05
5,3,0,regulate_proteolysis,7.229557814444559e-05
6,3,0,refine_occupancy_ratio,7.21530171351117e-05
7,3,0,structure_different_kind,7.180310211257484e-05
8,3,0,membrane_protein,7.168525627735134e-05
9,3,0,appropriate_beamline,7.162596200753248e-05
