,run,topic,terms,p
ond,8.723824906378279e-05
1,1,0,stability_activity,8.676697087728539e-05
2,1,0,work_outcome,8.493348567329215e-05
3,1,0,ideal_eclipse_conformation_deg,8.357817217704807e-05
4,1,0,uv_light,8.353171166395929e-05
5,1,0,iodine_molecule,8.339950221478147e-05
6,1,0,orient_perpendicular,8.232666557938448e-05
7,1,0,intersect_channel,8.191877235977542e-05
8,1,0,site_occupancy_different_orientation,8.130408302722236e-05
9,1,0,etc_soft_shell_thickness,8.119636036129751e-05
10,1,1,point_dipole_polarizability_theory,8.621148475672161e-05
11,1,1,dihedral_angle_form_molecule,8.479247439735793e-05
12,1,1,libration_cl_ion_displacement,8.454619923973207e-05
13,1,1,strong_twin,8.451800527723987e-05
14,1,1,time_superstructure,8.430307660802622e-05
15,1,1,nicotinamide_protonat_pyridine_group,8.384540220021047e-05
16,1,1,dhod_crystal,8.263784725907387e-05
17,1,1,chiral_space_group,8.261192416215135e-05
18,1,1,respiratory_route,8.197479873399944e-05
19,1,1,blue_prismatic_crystal,8.161736469257559e-05
20,1,2,pyrazoline_ring,8.781413394336151e-05
21,1,2,leukemic_cell_apoptosis,8.772052911492034e-05
22,1,2,pyrimidine_imidazole_ring_plane,8.751936315265809e-05
23,1,2,length_profile,8.684085640134237e-05
24,1,2,o_crystal_contact,8.633748593584217e-05
25,1,2,experimental_test,8.467172949291316e-05
26,1,2,naphthoquinone_skeleton_periphery,8.455168196091327e-05
27,1,2,middot_minus_middot,8.452832939931014e-05
28,1,2,sn_atom_geometry,8.439702569318458e-05
29,1,2,x_ray_crystallization,8.432182840028838e-05
30,1,3,robotic_sample_changer_use,8.768127631216907e-05
31,1,3,acetone_pentane,8.48927515225341e-05
32,1,3,chloride_ligand,8.435064821656787e-05
33,1,3,salmonella_typhi,8.218170445220222e-05
34,1,3,near_zone_axis_orientation,8.201379867961169e-05
35,1,3,severe_developmental_defect_cancer,8.183790944579082e-05
36,1,3,cation_coordination_geometry,8.1697499353766e-05
37,1,3,situ_observation_time,8.154262523728786e-05
38,1,3,chair_conformation_adopt_ring,8.144273110478215e-05
39,1,3,photochromism_change,8.138071356627608e-05
40,1,4,o_h,8.850891629883482e-05
41,1,4,b_long_axis,8.717716918474898e-05
42,1,4,crystallographic_structure,8.506385971504604e-05
43,1,4,relatively_isolate_molecule,8.470488175351929e-05
44,1,4,different_oxo_complex,8.439346357902287e-05
45,1,4,enzyme_ligand_hydrogen_bond,8.394243837412523e-05
46,1,4,dose_calculation,8.344373355380942e-05
47,1,4,selenomethionine_incorporation,8.326959258421166e-05
48,1,4,tran_trigonal_bipyramidal_coordination,8.25519484142037e-05
49,1,4,high_symmetrical_polymorph,8.25342121013277e-05
50,1,5,s_p_tolyl_substituent,8.681467324482675e-05
51,1,5,twofold_rotational_symmetry,8.544133147756097e-05
52,1,5,pressure_temperature_condition,8.444082654464082e-05
53,1,5,metal_bind_site,8.376719577073767e-05
54,1,5,angular_libration,8.34886005116631e-05
55,1,5,n_terminal_tail,8.32957818942781e-05
56,1,5,alpha_beta_alpha_fold,8.310356613335971e-05
57,1,5,non_trivial_systematic_perturbation,8.205389063712306e-05
58,1,5,wolff_kishne_reduction,8.186690858859391e-05
59,1,5,instrument_part,8.178675503239687e-05
60,1,6,cm_nm_magnitude,8.757750704361188e-05
61,1,6,beta_region_alpha,8.64965478050988e-05
62,1,6,incline_case,8.413035956967285e-05
63,1,6,spiro_chain_coordinate_molecule,8.305670239512854e-05
64,1,6,fix_phasis,8.288499126334855e-05
65,1,6,o_cation_hydrogen_bond,8.211967248183551e-05
66,1,6,different_wavelength_phase_capability,8.185248582341488e-05
67,1,6,new_oxidative_catabolic_pathway,8.175892577381278e-05
68,1,6,z_scan_technique,8.162998424481041e-05
69,1,6,trifluoromethyl_group_f_atom,8.15213663365743e-05
70,1,7,direct_image_visibility,8.785284303546277e-05
71,1,7,cation_layer,8.782451124309467e-05
72,1,7,functional_theory,8.569245779311874e-05
73,1,7,stereochemical_comparison,8.539849657269819e-05
74,1,7,sample_orientation_adjustment,8.356528394769425e-05
75,1,7,alpha_structure,8.303812576854018e-05
76,1,7,peptide_bind_site,8.298763213151222e-05
77,1,7,mu_kappa_n_prime,8.240564915366039e-05
78,1,7,alpha_n_terminal_tail,8.215590528627376e-05
79,1,7,selective_kinase_inhibitor,8.184169843984888e-05
80,1,8,ensemble_asymmetrical_entropy,8.638697696962416e-05
81,1,8,interplanar_angle,8.596944996809878e-05
82,1,8,gatenet_module,8.520500985601372e-05
83,1,8,particular_grow_system,8.448967095884194e-05
84,1,8,magnesium_ion,8.297842425512223e-05
85,1,8,perfect_crystal,8.217851892542296e-05
86,1,8,o_atom,8.201551878304116e-05
87,1,8,crystal_x_ray_diffraction,8.1971693530718e-05
88,1,8,special_position,8.179453500820531e-05
89,1,8,silver_nitrate_sulfide_reaction,8.142561161088025e-05
90,1,9,cuii_cui_ion,8.588095644731617e-05
91,1,9,van_hydrogen_bond,8.585646196477877e-05
92,1,9,crystal_pack_feature_interaction,8.566800657898601e-05
93,1,9,sample_environment,8.504439185855654e-05
94,1,9,slip_band,8.407470235878728e-05
95,1,9,inelastic_cross,8.365427982596361e-05
96,1,9,average_radius,8.252109525662146e-05
97,1,9,periodic_array,8.245336491543178e-05
98,1,9,active_form,8.233608509399803e-05
99,1,9,observe_n,8.226873667625746e-05
100,1,10,fundamental_insight,8.522207268042878e-05
101,1,10,crystallization_water,8.419754548090004e-05
102,1,10,axial_position_methanol_ligand,8.380079530796397e-05
103,1,10,nearly_coplanar_arrangement,8.378159588930101e-05
104,1,10,alpha_beta,8.355143556202015e-05
105,1,10,pressure_function,8.355041831784298e-05
106,1,10,carboxylate_end,8.287510534850323e-05
107,1,10,titanium_reagent,8.235055828583818e-05
108,1,10,kernel_density_estimator,8.223410631272301e-05
109,1,10,similar_resolution_diffract_crystal,8.207894660375602e-05
110,1,11,prominent_role,8.463687984428591e-05
111,1,11,b_axis,8.461398274524374e-05
112,1,11,extensive_numerical_examination,8.440123957350111e-05
113,1,11,pyrazine_pyrazine,8.435773422009586e-05
114,1,11,high_power,8.331074262804509e-05
115,1,11,single_phasis,8.298862260405127e-05
116,1,11,rev_atom,8.28312355852332e-05
117,1,11,chemical_formula_plusmn,8.277882874939527e-05
118,1,11,langmuir_blodgett_film,8.248359623489486e-05
119,1,11,diffraction_vector_triplet,8.24300508966593e-05
120,1,12,unfold_protein_response,8.534147595436608e-05
121,1,12,phosphoryl_ethanol,8.346268767667746e-05
122,1,12,si_hg,8.27586572043335e-05
123,1,12,eno_salt,8.239973867373079e-05
124,1,12,anticipate_value,8.229740521841095e-05
125,1,12,excite_wavefield_amplitude,8.207839830349751e-05
126,1,12,o_contain_ring,8.206313377528701e-05
127,1,12,biological_system_thiocyanate,8.139932194148298e-05
128,1,12,half_maximum,8.131537124934344e-05
129,1,12,correspond_size_distribution_function,8.123302551026869e-05
130,1,13,aring_kev_energy_range,9.220870503708513e-05
131,1,13,unknown_functional_significance,8.513900935850715e-05
132,1,13,central_cuii_ion,8.469757665664334e-05
133,1,13,resorcinol_formaldehyde_gel,8.444553492483966e-05
134,1,13,l_crystallographically_relate_ligand,8.332613461822932e-05
135,1,13,overall_protein_structure,8.28469947275855e-05
136,1,13,sphere_method,8.262494850926369e-05
137,1,13,radial_distribution_function,8.255727861833079e-05
138,1,13,dimensional_supramolecular_network,8.254003390130312e-05
139,1,13,lecture_course_general_aim,8.239977161955668e-05
140,1,14,hodgson_amp,8.730957010324201e-05
141,1,14,leukemic_cell,8.563507034597548e-05
142,1,14,saxs_measurement,8.50504122035785e-05
143,1,14,regulate_proteolysis_important_role,8.472003148803495e-05
144,1,14,heterometallic_polymer,8.328759846539168e-05
145,1,14,aring_s_distance,8.307601289303504e-05
146,1,14,moderate_complexity,8.247111082263795e-05
147,1,14,acid_aib_gly_glycine,8.244750227956796e-05
148,1,14,germanium_atomic_scatter_factor,8.197745935752053e-05
149,1,14,coordination_geometry,8.181808122186403e-05
150,1,15,phenylene_ring,8.774986957408014e-05
151,1,15,benzene_ring_plane_deg,8.638789883065574e-05
152,1,15,phenyl_coumarin_ring_plane,8.587951021517394e-05
153,1,15,model_code,8.428552775810478e-05
154,1,15,bridge_chloro_ligand,8.406878057486101e-05
155,1,15,alumina_membrane_surface,8.361787940334518e-05
156,1,15,individual_unit,8.231085572491967e-05
157,1,15,salt_solvate,8.223519426037278e-05
158,1,15,photon_energy,8.213705442485635e-05
159,1,15,anion_one_f_atom,8.187254322132959e-05
160,1,16,proximal_tail_vertebra,8.581990064195942e-05
161,1,16,statistical_interpretation_sigma_relationship,8.503720183937188e-05
162,1,16,dhqase_type_crystallographic_structure,8.499928441818948e-05
163,1,16,inhibitor_complex,8.453345243387708e-05
164,1,16,ferroelectric_emphanitic_response,8.414531801516284e-05
165,1,16,ctd_new_regulatory_site,8.376665130348162e-05
166,1,16,ribosome_structural_study,8.227356519874217e-05
167,1,16,monoclinic_delta_polymorph,8.226227208590726e-05
168,1,16,quinohaemoprotein_alcohol,8.198368189898711e-05
169,1,16,primary_extinction,8.171127441478818e-05
170,1,17,tissue_sample,8.564362234198339e-05
171,1,17,catalytic_solid,8.507260571134039e-05
172,1,17,low_background_material_thing,8.476431830059892e-05
173,1,17,practical_set,8.356051754062848e-05
174,1,17,nitrogen_oxygen_atom,8.267811076151598e-05
175,1,17,proton_transfer_chloride_dihydrate,8.26232540870427e-05
176,1,17,b_axis_direction_complex,8.259418934934473e-05
177,1,17,dioxane_dimer_molecule,8.254902599169382e-05
178,1,17,fmn_cycliz_reaction_mechanism,8.237506202778041e-05
179,1,17,olf_domain_structure,8.189050404300534e-05
180,1,18,tetragonal_lysozyme_crystal,8.549461271443418e-05
181,1,18,numerous_hydrogen_bond,8.492256784683478e-05
182,1,18,pyridinium_nh_group,8.489526623208757e-05
183,1,18,hkl_reflection,8.434902770902281e-05
184,1,18,different_p_form,8.324281030865344e-05
185,1,18,cp_carbamoyl_phosphate_reaction,8.32179965786228e-05
186,1,18,cation_pendent_direction,8.300045000275553e-05
187,1,18,standard_chair_conformation,8.292040267195185e-05
188,1,18,chelate_sulfate_ligand,8.266717470109779e-05
189,1,18,mtr_kinase,8.26465080561002e-05
190,1,19,internal_aldimine,8.750696581254875e-05
191,1,19,antisigma_factor,8.681842816464174e-05
192,1,19,benedetti_fagherazzi_enzo_paper,8.640650343534712e-05
193,1,19,good_route,8.516438389124267e-05
194,1,19,acoustic_droplet_ejection,8.445642059564831e-05
195,1,19,thf_hexane_solution_recrystallization,8.363476195479512e-05
196,1,19,nucleus_form_microscope,8.306409124368056e-05
197,1,19,eubacterial_ribg,8.291057645930594e-05
198,1,19,shoulder_girdle_spine,8.278792201197251e-05
199,1,19,n_dimethylaminoethanol_n_ligand,8.275666072318795e-05
200,1,20,organic_cation_water_molecule,8.51180049060155e-05
201,1,20,fumarate_dianion,8.450588979199756e-05
202,1,20,gas_proportional_detector,8.406944092671575e-05
203,1,20,metallic_alloy,8.301704091661387e-05
204,1,20,indirect_one,8.285983041277988e-05
205,1,20,coordination_node,8.233670038174719e-05
206,1,20,deformable_dna,8.205232574294619e-05
207,1,20,s_aring_f_interaction,8.1580238339868e-05
208,1,20,chiral_n_cinnamoyl_derivative,8.157301844068625e-05
209,1,20,synthesis_unchanging_chiral_centre,8.156990199573997e-05
210,1,21,food_paper_industry,9.046017311496695e-05
211,1,21,anharmonic_nuclear_motion,8.944944616473671e-05
212,1,21,plane_wave,8.565333925321743e-05
213,1,21,basic_residue,8.362278318461298e-05
214,1,21,amorphous_host,8.328253779576734e-05
215,1,21,precise_position,8.287251322993158e-05
216,1,21,middot_asymmetric_unit,8.257303090579632e-05
217,1,21,independent_reflection,8.241432943099613e-05
218,1,21,build_fragment,8.214091887597701e-05
219,1,21,unit_weight_matrix_use,8.168921372645599e-05
220,1,22,charge_interpolation_method,8.644890467541508e-05
221,1,22,nano_twin_structure,8.579446042635596e-05
222,1,22,dimer_inversion,8.52001283022e-05
223,1,22,adjacent_plane_rotation_phase,8.446872981887091e-05
224,1,22,x_ray_crystal,8.430048305087738e-05
225,1,22,charge_cationic_neutral_derivative,8.397951677621574e-05
226,1,22,overwhelming_evidence,8.342489510393872e-05
227,1,22,dbia_acid,8.311595184459409e-05
228,1,22,wide_tuneability,8.29973554821503e-05
229,1,22,pseudouridine_rrna_uridine,8.29413589185464e-05
230,1,23,x_ray_technique,8.719836195707334e-05
231,1,23,neutron_diffraction_study,8.447911077487494e-05
232,1,23,c_like_domain,8.430976894315689e-05
233,1,23,pathological_process,8.401787375312406e-05
234,1,23,neighbour_pyridine_ring_interaction,8.324181331177746e-05
235,1,23,morpholine_ring_c_atom,8.304742539179288e-05
236,1,23,type_ii,8.300678781232883e-05
237,1,23,efficient_material,8.286837096747715e-05
238,1,23,stress_heat_nbsp,8.285568927912128e-05
239,1,23,tran_influence,8.273070016485687e-05
240,1,24,biological_macromolecule,8.769865127368312e-05
241,1,24,diffraction_pattern_diffraction_spot,8.664918868530747e-05
242,1,24,o_crystal_structure_interaction,8.5695517435843e-05
243,1,24,n_donor,8.553392237040145e-05
244,1,24,gastric_mucosa,8.413557550842975e-05
245,1,24,complete_unit_cell,8.390605943043268e-05
246,1,24,residual_electron_density_peak,8.388832481416335e-05
247,1,24,sufficient_magnitude,8.381058662100886e-05
248,1,24,silica_analogue,8.336113120700918e-05
249,1,24,hydrazine_hydrate_hydrocinnamaldehyde,8.293904468535455e-05
250,1,25,photochromism_change,8.523406636680157e-05
251,1,25,pkc_relate_kinase,8.449043186912096e-05
252,1,25,diffract_intensity_beat,8.405247946105263e-05
253,1,25,negative_positive_quartet_triplet,8.293773456783647e-05
254,1,25,benzaldehyde_chlorobutane_fragment,8.283037451343034e-05
255,1,25,crystalline_material,8.264574452910776e-05
256,1,25,ethylene_glycol_ligand,8.237821548493685e-05
257,1,25,traditional_peer_review_process,8.237570865938657e-05
258,1,25,intensify_beam,8.1935520980756e-05
259,1,25,o_h_atom,8.17123665471471e-05
260,1,26,symmetry_independent_water_molecule,8.835572649088561e-05
261,1,26,dimensional_supramolecular_framework,8.448050222000649e-05
262,1,26,bulk_volume_compression,8.426300644352488e-05
263,1,26,contact_pi_pi,8.399507371385168e-05
264,1,26,unambiguous_sequence_assignment,8.271910013972894e-05
265,1,26,trityl_propeller_axis,8.20593195043475e-05
266,1,26,methoxycarbonyl_group_mean_plane,8.195954984325498e-05
267,1,26,c_h_dimensional_network,8.186754975957599e-05
268,1,26,associate_color_group,8.184521379389443e-05
269,1,26,ribose_moiety,8.183149227201353e-05
270,1,27,total_coordination_numb,8.890071877475142e-05
271,1,27,statistical_property,8.684559753102292e-05
272,1,27,bragg_geometry_silicon_crystal,8.608994783418903e-05
273,1,27,crystallographic_mirror_plane,8.606733585099843e-05
274,1,27,bragg_maximum,8.478971245633341e-05
275,1,27,tetraselenoantimonate_orange_crystal,8.477781937715977e-05
276,1,27,weakly_deform_bicrystal,8.36905428450176e-05
277,1,27,overcorrection_size,8.35424458448952e-05
278,1,27,spherical_cylindrical_group,8.339290929371414e-05
279,1,27,mrakii_killer_toxin,8.298064466615344e-05
280,1,28,powder_sample,8.595310122528764e-05
281,1,28,mandelic_acid,8.487846371667203e-05
282,1,28,cp_bind_domain,8.477460167191391e-05
283,1,28,infinite_s_h,8.392469543578298e-05
284,1,28,c_c_torsion_angle,8.293450645150819e-05
285,1,28,bioinformatic_resource,8.261740694242893e-05
286,1,28,transmit_beam_intensity_loss,8.235613894055482e-05
287,1,28,minor_redox,8.217188615471887e-05
288,1,28,regulate_proteolysis,8.199049788185809e-05
289,1,28,fully_automatic_screen,8.191016502797994e-05
290,1,29,micrometre_thick_protective_layer,8.541042845235581e-05
291,1,29,form_chain_hydrogen_bond,8.515643500637307e-05
292,1,29,heavy_atom_derivative_crystal,8.481578235364364e-05
293,1,29,datum_frame,8.428652943931753e-05
294,1,29,formic_acid,8.383855053880433e-05
295,1,29,vls_plane,8.313872697097015e-05
296,1,29,cylindrical_symmetry,8.30301893407801e-05
297,1,29,chemo_resistance_disease_recurrence,8.271053066480225e-05
298,1,29,aring_large_deviation_plane,8.262614882466466e-05
299,1,29,preliminary_diffraction_analysis,8.257575923005285e-05
300,1,30,double_crystal_topography,8.407593928467723e-05
301,1,30,alpha_decomposition_oxidation,8.395034298577752e-05
302,1,30,gastric_mucosa_bacterium_colonization,8.358205352158292e-05
303,1,30,function_high_density_region,8.326257517874978e-05
304,1,30,mannich_type,8.311931004830015e-05
305,1,30,pd_cl,8.304215190415897e-05
306,1,30,o_atom_site_symmetry,8.284585048522909e-05
307,1,30,current_antibiotic_treatment_enhancement,8.25704940326215e-05
308,1,30,complex_magnetic_property,8.239866579310177e-05
309,1,30,monoclinic_unit,8.229565763227363e-05
310,1,31,n_methylimidazole_solution,8.817656981918423e-05
311,1,31,amide_bond,8.640776613508894e-05
312,1,31,molecular_guest_amorphous_host,8.635251444031759e-05
313,1,31,powder_datum,8.394860313652131e-05
314,1,31,assay_vivo_activity,8.359412028452393e-05
315,1,31,f_intramolecular_interaction,8.324042991879286e-05
316,1,31,precise_geometrical_model,8.291657832320786e-05
317,1,31,cholera_toxin,8.276499593699707e-05
318,1,31,axial_mn_distance,8.269367050827888e-05
319,1,31,n_hydrogen_bond,8.266713040427615e-05
320,1,32,intensify_beam,8.740432863998093e-05
321,1,32,configuration_assignment,8.630639228495613e-05
322,1,32,mx_amx_fmx_beamline,8.476738343938339e-05
323,1,32,crystal_variety_reflection,8.429446931705641e-05
324,1,32,specific_substrate,8.4074644829209e-05
325,1,32,well_understand,8.327901156967805e-05
326,1,32,powder_datum_plusmn,8.297931621771108e-05
327,1,32,measurement_range,8.29078127689825e-05
328,1,32,s_atom_o_atom,8.261993095706089e-05
329,1,32,inorganic_perpendicular_layer,8.25100720337362e-05
330,1,33,methanoic_acid_disolvate,8.721720767195423e-05
331,1,33,minus_composition,8.577902084001348e-05
332,1,33,poor_aring_crystallographic_resolution,8.46567301519482e-05
333,1,33,c_cl_h,8.381376177908445e-05
334,1,33,hydrogen_bonding,8.320462533414715e-05
335,1,33,high_datum_compatible_symmetry,8.273228920231419e-05
336,1,33,report_example,8.25305261397721e-05
337,1,33,host_coli,8.238313472694314e-05
338,1,33,significant_deviation,8.218251562470905e-05
339,1,33,prime_gmp_complex,8.212540100365891e-05
340,1,34,pyrophosphate_group,8.676182061315046e-05
341,1,34,disulfide_catalytic_process,8.668594029315386e-05
342,1,34,speciman_edge_parallel_direction,8.65649421834421e-05
343,1,34,centrosymmetric_core,8.37217396768363e-05
344,1,34,sample_method,8.349023178059145e-05
345,1,34,extremal_value,8.318854584890251e-05
346,1,34,flatten_envelope,8.314670434569207e-05
347,1,34,arrangement_mean,8.304779331011171e-05
348,1,34,precise_value,8.271972814012131e-05
349,1,34,layer_pack,8.267932405373256e-05
350,1,35,complement_pathway,8.658813558663166e-05
351,1,35,layer_ternary,8.549474005289581e-05
352,1,35,isoscele_triangle,8.543715488112873e-05
353,1,35,exhibit_intramolecular_hydrogen_bond,8.509254409437443e-05
354,1,35,functionally_uncharacterized_protein,8.413711725770826e-05
355,1,35,aring_mn_distance,8.408159876462912e-05
356,1,35,nonaoxide_arsenate,8.395375991496518e-05
357,1,35,metallic_nature,8.372273881636255e-05
358,1,35,substituent_ring,8.346657541072112e-05
359,1,35,general_interest_question,8.328391967147779e-05
360,1,36,clear_fractional_order_spot,8.608441926940026e-05
361,1,36,incline_exo,8.464136407437157e-05
362,1,36,neighbor_molecule,8.403980146992293e-05
363,1,36,hippuric_acid,8.379674958582295e-05
364,1,36,usp_conformation,8.312556731468981e-05
365,1,36,fourier_amplitude,8.255566413706465e-05
366,1,36,or_b,8.168505656562915e-05
367,1,36,lattice_parameter,8.161616421707573e-05
368,1,36,incoherent_scatter_cross_section,8.122488624391282e-05
369,1,36,discard_experimental_datum,8.117472376217929e-05
370,1,37,yiii_atom,8.712665228550087e-05
371,1,37,analytic_solution,8.531252835514685e-05
372,1,37,porod_behaviour,8.497251200771442e-05
373,1,37,syn_anti_fashion_bridge,8.462338385525164e-05
374,1,37,amide_unit,8.44837844962641e-05
375,1,37,oxime_group_e_configuration,8.352961597733424e-05
376,1,37,pi_pi_pi_interaction,8.343589332807092e-05
377,1,37,similar_geometry_independent_molecule,8.33657790524548e-05
378,1,37,approximately_deg_dihedral_angle,8.287063707109881e-05
379,1,37,c_f_h,8.208918776636168e-05
380,1,38,growth_temperature_local_structure,8.969226072115343e-05
381,1,38,short_br_pi_interaction,8.704153505110608e-05
382,1,38,mode_process,8.647348432635833e-05
383,1,38,sro_cuo_system_investigation,8.526408600145702e-05
384,1,38,new_polytype,8.524588880241795e-05
385,1,38,unit_cell_parameter_function,8.441317213062653e-05
386,1,38,car_torsion_angle,8.402823617408165e-05
387,1,38,space_group_crystallize_rubredoxin,8.347574711542515e-05
388,1,38,functionally_uncharacterized_protein,8.285468464561127e-05
389,1,38,resorcinol_formaldehyde,8.283434809342088e-05
390,1,39,ctd_phosphatase,8.960804170722287e-05
391,1,39,strong_hydrogen_bond,8.662593347964785e-05
392,1,39,plane_n_atom_displacement,8.633878394739257e-05
393,1,39,conical_scroll_structure_identification,8.575375089229062e-05
394,1,39,scatter_background,8.494656057491183e-05
395,1,39,domain_interface_structure,8.45097944917896e-05
396,1,39,bpap_rna_complex,8.400602568530231e-05
397,1,39,extradiol_cleave_catecholic_dioxygenase,8.363937108391219e-05
398,1,39,rotation_angle,8.351488563599134e-05
399,1,39,pack_channel,8.275090456668877e-05
400,1,40,tetragonal_antiprism,8.737952539609362e-05
401,1,40,aring_c_distance,8.593729640229472e-05
402,1,40,substrate_ubiquitination,8.478911561080884e-05
403,1,40,iii_molecule,8.394141706563553e-05
404,1,40,n_methyl_derivative,8.363959703960608e-05
405,1,40,san_technique,8.25353165803149e-05
406,1,40,fully_automatic_screen,8.248331037095543e-05
407,1,40,short_separation_overlap_arrangement,8.230279282947523e-05
408,1,40,crystalline_state_reaction,8.212382183037941e-05
409,1,40,atomic_scatter_calculation,8.203657235353143e-05
410,1,41,fourier_amplitude,8.87004952265967e-05
411,1,41,ethylammonium_cation,8.777239495044722e-05
412,1,41,triphenylphosphine_p_atom,8.65158657999433e-05
413,1,41,pancreatic_trypsin,8.45940598597456e-05
414,1,41,absolute_optical_chirality,8.423083564863177e-05
415,1,41,non_crystallographic_symmetry_constraint,8.402732530917519e-05
416,1,41,hd_phosphohydrolase,8.314176577954052e-05
417,1,41,desire_tosylat_hydrolysis,8.296049895282007e-05
418,1,41,issue_understand,8.258600084020595e-05
419,1,41,multiple_wavelength_method,8.231145944767337e-05
420,1,42,mycobacterial_ssb_dna_bind,8.581527116584837e-05
421,1,42,formic_acid,8.435678221979117e-05
422,1,42,carbon_dichlorobenzene,8.394123398726285e-05
423,1,42,membered_ring_formation_result,8.387567558675705e-05
424,1,42,mesoporous_silica_matrix,8.309981616831572e-05
425,1,42,kinase_family,8.3037191222768e-05
426,1,42,fourier_transformation,8.250012493025822e-05
427,1,42,salt_asymetric_unit,8.22867755868902e-05
428,1,42,free_base_porphyrin_reaction,8.179955286765387e-05
429,1,42,short_h,8.132164969576055e-05
430,1,43,n_s,8.497074359335683e-05
431,1,43,local_symmetry,8.398134439397468e-05
432,1,43,birdcage_furnace,8.262021916045234e-05
433,1,43,point_indole_ring_plane,8.217956926582861e-05
434,1,43,deleterious_effect,8.159430711409119e-05
435,1,43,low_pressure,8.150590679255821e-05
436,1,43,microstructural_defect,8.148103146783634e-05
437,1,43,br_hydrogen_bond,8.129643556240422e-05
438,1,43,xanes_measurement,8.118247750903699e-05
439,1,43,p_substitute_phenylformiminopyrrole_derivative,8.107468077371206e-05
440,1,44,obtain_structure,8.80834494803345e-05
441,1,44,intensity_measurement_course,8.49919491115176e-05
442,1,44,porod_behaviour,8.461747867366603e-05
443,1,44,direction_linear_chain,8.356806507754468e-05
444,1,44,bidentate_group,8.344953465357813e-05
445,1,44,thespesia_populnea,8.33008506282861e-05
446,1,44,magnetic_order_temperature,8.322035195026576e-05
447,1,44,large_asymmetric_unit,8.185171287846202e-05
448,1,44,axis_run_helical_chain,8.17149627396746e-05
449,1,44,edge_dislocation,8.136129693349122e-05
450,1,45,high_angle,8.676209224048339e-05
451,1,45,crystallographic_description,8.648428758629058e-05
452,1,45,multimodular_scaffoldin_subunit,8.539873758913836e-05
453,1,45,x_ray_diffraction_image,8.511407248671143e-05
454,1,45,glycosyl_torsion_angle,8.468135868321663e-05
455,1,45,inversion_symmetry,8.461283468605569e-05
456,1,45,crystallographic_symmetry_possess,8.422918372969771e-05
457,1,45,metal_ion_interaction,8.34226291333988e-05
458,1,45,vapour_diffusion_method,8.317482206620993e-05
459,1,45,cation_surround_axis,8.312704266119682e-05
460,1,46,weak_c_h_pair,8.431154759298369e-05
461,1,46,heterometallic_polymer,8.428385130514166e-05
462,1,46,functional_tetramer_form,8.392776180166198e-05
463,1,46,sulfate_ligand,8.37504592358094e-05
464,1,46,spherical_micelle_cylindrical,8.369681600629978e-05
465,1,46,covariance_analysis_mean,8.356891047357511e-05
466,1,46,dihydropyrimidine_ring,8.328778459990771e-05
467,1,46,fe_s_fe_plane,8.260864593300441e-05
468,1,46,photochromism_reason,8.241884528393944e-05
469,1,46,cation_group_h_atom,8.187259044950624e-05
470,1,47,feedback_mechanism,9.199037652806673e-05
471,1,47,thin_difficult_wall,8.918716392991391e-05
472,1,47,approximate_pentagonal_bipyramidal_configuration,8.60449800180058e-05
473,1,47,gene_expression_epigenetic_regulation,8.586527949461395e-05
474,1,47,test_calculation_numb,8.574473260536789e-05
475,1,47,space_group_refine,8.459376574919803e-05
476,1,47,arbitrary_size,8.458659079734385e-05
477,1,47,blende_type_semiconductor_polarity,8.36207897658698e-05
478,1,47,halometallate_system,8.356834082654965e-05
479,1,47,infinitely_extend_organic_ligand,8.32345814888681e-05
480,1,48,similar_result,8.885018988672874e-05
481,1,48,tensor_component_sign_change,8.546223076007491e-05
482,1,48,l_dihydroorotate_oxidation,8.457981778033719e-05
483,1,48,highly_conserve_family,8.456703763136316e-05
484,1,48,material_catalysis,8.382176556215831e-05
485,1,48,ion_cl_minus,8.379086507501247e-05
486,1,48,general_specimen,8.309569939502463e-05
487,1,48,dimensional_anionic_framework,8.186217912866622e-05
488,1,48,unique_weak_c_h,8.18211975222757e-05
489,1,48,high_angular_resolution_diffraction,8.181759586139327e-05
490,1,49,near_edge,8.558063057922007e-05
491,1,49,mev_operate_dedicate_linac,8.439460000476569e-05
492,1,49,salt_nicotinamide_moiety_planarity,8.335635820291086e-05
493,1,49,aring_aqua_o_atom,8.285985721252328e-05
494,1,49,d_ring_envelope,8.274697952407022e-05
495,1,49,colloidal_sample_polystyrene,8.240917548367097e-05
496,1,49,o_c_c,8.195948602446599e-05
497,1,49,phiv_plusmn,8.125062093629644e-05
498,1,49,g_similar_density,8.125002289846307e-05
499,1,49,well_square_plane,8.124341939169888e-05
0,2,0,terminal_chloride_ligand,8.115929877787177e-05
1,2,0,hewl_crystal_quality,8.086270226271021e-05
2,2,0,pseudo_atom_refinement,8.06651148033696e-05
3,2,0,ether_ring_crown,8.049083042900327e-05
4,2,0,lysine_methylation,8.012091123816687e-05
5,2,0,benzisothiazolone_ring_system,7.998232645004684e-05
6,2,0,copolymer_micelle,7.983221406512498e-05
7,2,0,iron_large_abundance,7.977612529444984e-05
8,2,0,centrosymmetric_space_group,7.926873746800047e-05
9,2,0,protein_diffraction,7.92197754780132e-05
10,2,1,k_mutant,8.107758690116788e-05
11,2,1,aui_atom,8.023209998881208e-05
12,2,1,octahedral_hg_atom,7.999349248664632e-05
13,2,1,zircon_space_group_structure,7.979561356766143e-05
14,2,1,detuning_technique,7.95273452174419e-05
15,2,1,salt_crystal_structure,7.903589240362445e-05
16,2,1,triclinic_system_crystallize,7.88859460255547e-05
17,2,1,multi_beam,7.867438519746834e-05
18,2,1,manual_optimization,7.835677569350683e-05
19,2,1,ring_deg,7.835460030642816e-05
20,2,2,sodium_channel,8.094087999270174e-05
21,2,2,aring_p_s_bond,8.070158498592764e-05
22,2,2,waste_beamtime,8.025077370085447e-05
23,2,2,temperature_parameter,7.938163390691785e-05
24,2,2,crystal_form_datum,7.925682412379892e-05
25,2,2,trypsin_d,7.916436728137022e-05
26,2,2,birk_type,7.884007548407504e-05
27,2,2,atomic_focuser_crystal,7.86236798382375e-05
28,2,2,jmjc_domain,7.843966568503055e-05
29,2,2,pulse_monochromatic_powder_diffractometer,7.842946731827145e-05
30,2,3,cdo_cysteine_dioxygenase,8.2494131411975e-05
31,2,3,anti_configuration,8.120347126218077e-05
32,2,3,net_cycle_figure,7.940360451986925e-05
33,2,3,cu_group,7.886687790318691e-05
34,2,3,palladium_acetate_stable_solution,7.870550991174092e-05
35,2,3,pseudo_centrosymmetric_dimer,7.85321302678365e-05
36,2,3,o_graph_hydrogen_bond,7.816815745852812e-05
37,2,3,statistical_model,7.81342353928244e-05
38,2,3,benzyloxy_group,7.793881754253863e-05
39,2,3,color_change_structure_transformation,7.768403240782817e-05
0,3,0,hewl_crystal,7.927977416183162e-05
1,3,0,ethanol_acid_reaction,7.84635189219741e-05
2,3,0,respiratory_disorder,7.812679943115165e-05
3,3,0,sample_grain_orientation,7.634056063329728e-05
4,3,0,aui_atom_geometry,7.632757477433734e-05
5,3,0,benzofuran_ring_system,7.610656640154273e-05
6,3,0,accurate_estimate,7.564587468569268e-05
7,3,0,direct_neutron,7.547603074402586e-05
8,3,0,molecular_skeleton_approximate_planarity,7.544280143860645e-05
9,3,0,niii_atom,7.533294969817263e-05
10,3,1,viral_replication,7.88250666751646e-05
11,3,1,differential_thermal_analysis,7.836718734708361e-05
12,3,1,current_use,7.75459102794874e-05
13,3,1,qualitatively_direct_comparison,7.725131232102864e-05
14,3,1,report_scheme,7.725129474996246e-05
15,3,1,ctd_characterize_modification,7.70484462510809e-05
16,3,1,plate_sample,7.664802397228285e-05
17,3,1,molecule_fragment,7.656215265447416e-05
18,3,1,consecutive_carbonyl_backbone,7.646562773892347e-05
19,3,1,electron_density_decay,7.589959252524503e-05
