,run,topic,terms,p
.67410141310917e-05
1,1,0,solid_state_tautomeric_equilibrium,8.422833406774616e-05
2,1,0,eugenol_ring_acetylsalicylic_acid,8.396270563219672e-05
3,1,0,respective_phenyl,8.317529505164204e-05
4,1,0,cis_position,8.181695579817072e-05
5,1,0,complex_lead,8.170402712592866e-05
6,1,0,anion_excess_fluorite_example,8.15385105743212e-05
7,1,0,practical_use,8.120596026102344e-05
8,1,0,supramolecular_architecture,8.099213850734432e-05
9,1,0,pyridyl_ring,8.085589600143864e-05
10,1,1,dihydroorotate_dehydrogenase,8.500896482262782e-05
11,1,1,substituent_plane,8.437442600440316e-05
12,1,1,derive_pinhole,8.436459570531828e-05
13,1,1,chemical_reaction_mechanism,8.390996895559547e-05
14,1,1,skew_trapezoidal,8.303110924712228e-05
15,1,1,high_salt_solution,8.283860327137926e-05
16,1,1,gauche_torsion,8.265999901826726e-05
17,1,1,anion_cation,8.230841247885248e-05
18,1,1,relate_element_element_series,8.223487814778042e-05
19,1,1,c_o,8.21862380385093e-05
20,1,2,static_magnetic_field,8.737656328446174e-05
21,1,2,meaningful_shannon_channel,8.587736640947056e-05
22,1,2,monoclinic_delta_polymorph,8.416448652576274e-05
23,1,2,high_multipole_sum,8.40666822969264e-05
24,1,2,plane_lie_methyl_group,8.394005296881348e-05
25,1,2,chloride_ion_dianion,8.358057564644092e-05
26,1,2,excess_ion,8.350024152184905e-05
27,1,2,instrumental_broaden_magnitude,8.328261281806597e-05
28,1,2,geometric_electronic_steric,8.314869801767232e-05
29,1,2,calixarene_unit,8.247076636542612e-05
30,1,3,sphere_pack,8.94522659004308e-05
31,1,3,crystal_conformation_pack,8.841814422169811e-05
32,1,3,molecular_mechanism,8.674320622122737e-05
33,1,3,corner_link_tetrahedron,8.53433627506234e-05
34,1,3,simple_sign_relationship,8.521431006424918e-05
35,1,3,small_high_order_correction,8.516676457468115e-05
36,1,3,model_build_software,8.491892003651833e-05
37,1,3,situ_biaxial_tensile_test,8.396208157384953e-05
38,1,3,main_contributor,8.231563347098635e-05
39,1,3,integration_project,8.202451196313892e-05
40,1,4,lattice_constant,9.036053714696458e-05
41,1,4,micrometer_resolution,8.634951217702256e-05
42,1,4,protein_ubiquitination,8.492753264701915e-05
43,1,4,cis_chloride,8.376581349571444e-05
44,1,4,blodgett_film,8.30672172080086e-05
45,1,4,molecular_weight_symmetry,8.294966404709918e-05
46,1,4,high_symmetrical_parent,8.274850726071264e-05
47,1,4,thienyl_ring,8.271475889800013e-05
48,1,4,immune_system,8.231722628609513e-05
49,1,4,chemical_shift,8.195878306527674e-05
50,1,5,md_simulation_datum,8.645416303918133e-05
51,1,5,t_a,8.598568419437456e-05
52,1,5,organometallic_complex,8.44398152524126e-05
53,1,5,tetramer_form,8.345361060533333e-05
54,1,5,special_consideration,8.331893361881781e-05
55,1,5,in_hydroxyl_group,8.315340134071773e-05
56,1,5,orientation_information,8.297099455362679e-05
57,1,5,orn_bind_motif,8.259520878268944e-05
58,1,5,amino_acid_replacement,8.206851206263897e-05
59,1,5,sheet_s_hydrogen_bond,8.146217983352696e-05
60,1,6,strong_increase,8.721071482667299e-05
61,1,6,dilute_silica_dynamic,8.668763250235016e-05
62,1,6,medical_condition,8.605156917585359e-05
63,1,6,positive_sense,8.552940834710339e-05
64,1,6,diffraction_phase,8.399514145811078e-05
65,1,6,isoquinoline_group,8.346262022137892e-05
66,1,6,acid_gene_product,8.342505199066073e-05
67,1,6,al_atom,8.245817789180087e-05
68,1,6,metallic_cluster_layer,8.231465264810369e-05
69,1,6,combinatorial_optimization_technique,8.222094360597135e-05
70,1,7,hemidrate_anhydrous_chloride_form,8.507340046569445e-05
71,1,7,state_equilibrium,8.451955584073551e-05
72,1,7,sulfonyl_benzene_ring,8.428859379548323e-05
73,1,7,uncoordinated_water_molecule,8.409003765314359e-05
74,1,7,cortistatin_bioactive_natural_product,8.303553052363951e-05
75,1,7,hrtem_edp,8.289294317655375e-05
76,1,7,benzene_ring_plane,8.239971940728421e-05
77,1,7,bpe_ligand,8.222581020236201e-05
78,1,7,diffraction_datum_process,8.155490290327598e-05
79,1,7,refinement_model_build,8.15384326664095e-05
80,1,8,atomic_pair_distribution_function,8.489824912844263e-05
81,1,8,half_chair,8.476024044709509e-05
82,1,8,perfluorophenyl_group_thiophene,8.377865577447165e-05
83,1,8,speciman_crystal,8.321636687894949e-05
84,1,8,vector_representative,8.247001227801271e-05
85,1,8,chloroform_solvent,8.196017886360121e-05
86,1,8,different_hkl_reflection,8.16855905528741e-05
87,1,8,ethylene_glycol_ligand,8.141633343945725e-05
88,1,8,mirror_plane,8.138248487717852e-05
89,1,8,bulk_anisotropic_solvent,8.126500490304615e-05
90,1,9,parallel_layer,8.803463191076336e-05
91,1,9,phase_phase_calculation_extension,8.3438547473235e-05
92,1,9,step_isomerization,8.286633732390507e-05
93,1,9,p_tolyl,8.280420865408408e-05
94,1,9,ehippase_dimensional_fold,8.263803190863415e-05
95,1,9,protein_crystallization_process,8.229114338010613e-05
96,1,9,residual_electron_density_shape,8.225058221631446e-05
97,1,9,crystal_form_datum,8.165068431381414e-05
98,1,9,mycelium_formation,8.111637108193535e-05
99,1,9,alpha_beta_alpha,8.102954502142186e-05
100,1,10,integer_programme_problem,9.003098853505422e-05
101,1,10,facility_user,8.880941529188546e-05
102,1,10,crystallization_process,8.43082362583125e-05
103,1,10,pyridyl_group,8.428542753372053e-05
104,1,10,specific_hear,8.314456057276749e-05
105,1,10,carboxylic_acid_dimer,8.25363476395861e-05
106,1,10,er_luminal_domain,8.179808980469807e-05
107,1,10,moderate_c,8.150931560533586e-05
108,1,10,acesulfame_metal_complex,8.143079255962988e-05
109,1,10,molecule_contain_block,8.139476717109454e-05
110,1,11,scatter_factor,9.00364898071298e-05
111,1,11,chiral_chain,8.427952647992603e-05
112,1,11,xa_cleavage_site,8.307466043270546e-05
113,1,11,thiadiazole_ring,8.27966944907848e-05
114,1,11,x_ray_diffraction_fringe,8.249027435427791e-05
115,1,11,ni_presence_melt,8.241904272900417e-05
116,1,11,hydrate_proton_transfer_hydrate,8.201361363886309e-05
117,1,11,ratio_site,8.200337129173192e-05
118,1,11,non_h_atom,8.179205360839671e-05
119,1,11,ceramic_oxide_material,8.174073390816831e-05
120,1,12,fac_arrangement,8.720337123097279e-05
121,1,12,array_detector,8.417592905920239e-05
122,1,12,distort_octahedral_geometry_ligand,8.40927993584018e-05
123,1,12,magnetic_storage,8.394865131536192e-05
124,1,12,diffraction_vector_triplet,8.394439791087441e-05
125,1,12,extensive_array,8.345401045790665e-05
126,1,12,external_action_force,8.330562117082412e-05
127,1,12,lattice_parameter_precise_value,8.30868944489593e-05
128,1,12,programmable_interface,8.280151695344686e-05
129,1,12,ewald_method_general_principle,8.270343985844163e-05
130,1,13,neutral_zwitterionic_molecule,8.71826701680696e-05
131,1,13,derivative_form_dihedral_angle,8.549393390361087e-05
132,1,13,inversion_center_diimino_group,8.36947974753587e-05
133,1,13,middot_l_minus_dichloride,8.321941383425306e-05
134,1,13,concomitant_loss,8.316962295808768e-05
135,1,13,fulfill_mathematical_condition,8.257671092492642e-05
136,1,13,neighbour_molecule_benzene_ring,8.150326167527906e-05
137,1,13,previous_structure_resolution,8.141548388244189e-05
138,1,13,solid_state_structure,8.126744454057127e-05
139,1,13,steric_crowd,8.12348119607935e-05
140,1,14,pendell_ouml,8.640606071717739e-05
141,1,14,useful_phase_tool,8.442391430459775e-05
142,1,14,well_study_example,8.395557943760775e-05
143,1,14,chiral_organic_molecule,8.382348784496054e-05
144,1,14,smectic_phasis,8.382318231507989e-05
145,1,14,board_storage,8.246727402577414e-05
146,1,14,naphthalen_datum,8.218306442546939e-05
147,1,14,terephthalate_dianion_hydrogen_bond,8.213811879048655e-05
148,1,14,distinct_dihydrogenphosphate_anion,8.178867596752703e-05
149,1,14,upstream_object,8.156309923101391e-05
150,1,15,geometrical_model,8.872337184373196e-05
151,1,15,translation_edit_stability,8.38980007982847e-05
152,1,15,vertical_position,8.3525825980094e-05
153,1,15,graph_set_motif,8.351760261985771e-05
154,1,15,supramolecular_layer,8.329055044276598e-05
155,1,15,molecular_motion_characteristic,8.317882987581462e-05
156,1,15,rietveld_refinement,8.312454183679513e-05
157,1,15,k_low_temperature,8.30589086846837e-05
158,1,15,negative_regulator,8.28878168404678e-05
159,1,15,respectively_deg_dihedral_angle,8.26301319876203e-05
160,1,16,crystalline_arrangement,8.482875632919896e-05
161,1,16,central_c_c_respect,8.337329807440883e-05
162,1,16,high_al_content,8.33626579291547e-05
163,1,16,fiber_identity_period,8.226811624756295e-05
164,1,16,catalysis_view,8.200585661409927e-05
165,1,16,sucrose_glycerol,8.184695836759671e-05
166,1,16,liii_edge,8.170986626652012e-05
167,1,16,scroll_structure,8.167703950333871e-05
168,1,16,property_structure,8.160423954287946e-05
169,1,16,urea_plane_ring,8.104325195030582e-05
170,1,17,ga_cl_distance,8.513940522072985e-05
171,1,17,rgfp_hydrophilic_protein,8.303324175239905e-05
172,1,17,tga_thermogravimetric_analysis,8.286209462466083e-05
173,1,17,new_phase_method,8.264005189669055e-05
174,1,17,antiulcer_agent_sofalcone,8.26241490794834e-05
175,1,17,minus_nbsp,8.241131499941667e-05
176,1,17,cis_configuration_coii_atom,8.23668898714277e-05
177,1,17,volumetric_compressibility,8.203826832490204e-05
178,1,17,o_atom_ligand,8.197752006739181e-05
179,1,17,type_iii_polyketide_synthase,8.153449981776962e-05
180,1,18,centrosymmetric_dinuclear_unit,8.499852702983544e-05
181,1,18,anomalous_scatter_curve,8.449857941965413e-05
182,1,18,distort_square_planar_environment,8.428020656320462e-05
183,1,18,helical_fashion,8.425487819063623e-05
184,1,18,pdb_code,8.386068875277333e-05
185,1,18,atmospheric_condition_fluorite_superstructure,8.379427634987551e-05
186,1,18,synthetic_derivative,8.373816429186725e-05
187,1,18,x_ray_analysis,8.336191190179343e-05
188,1,18,b_cell_parameter,8.292223836007823e-05
189,1,18,exact_density_function,8.233502427992933e-05
190,1,19,substrate_entry,8.424105891804696e-05
191,1,19,reciprocal_lattice_rod,8.340949210586703e-05
192,1,19,diastereomeric_pair,8.333591287159915e-05
193,1,19,volume_fractality,8.325019606731863e-05
194,1,19,cortistatin_bioactive_natural_product,8.25620970146913e-05
195,1,19,carboxylate_c_atom,8.221839584421345e-05
196,1,19,ion_cl_minus,8.206492043117218e-05
197,1,19,heterotrimeric_complex,8.185158045784086e-05
198,1,19,czochralski_technique,8.144861250452175e-05
199,1,19,carboxyl_group,8.135591215603165e-05
0,2,0,aqueous_solvent,8.817630181966178e-05
1,2,0,phosphorylate_residue,8.793166003938385e-05
2,2,0,sofa_chair,8.693210893218722e-05
3,2,0,amorphous_natural_aluminosilicate,8.44760113407162e-05
4,2,0,multi_wavelength,8.428405088713948e-05
5,2,0,absolute_minimum,8.273389005077623e-05
6,2,0,pnpoxs_oxidase,8.266914138885976e-05
7,2,0,exist_material,8.262107329675863e-05
8,2,0,i_sigma,8.22743346627438e-05
9,2,0,great_tran_influence,8.205125996336243e-05
10,2,1,leg_piano_stool_geometry,8.693702686746868e-05
11,2,1,strong_tran_influence,8.416925824560799e-05
12,2,1,tricyclic_core,8.378496557806922e-05
13,2,1,foil_unit_area,8.32194359230959e-05
14,2,1,k_cl_ion,8.277732381480694e-05
15,2,1,loop_form_cleave,8.261113925036098e-05
16,2,1,antimicrobial_drug,8.248616361560892e-05
17,2,1,hydrogen_bond_perchlorate,8.24800279266755e-05
18,2,1,surface_average_ring_size,8.15860596925082e-05
19,2,1,low_absorption_small_dimension,8.155925418590875e-05
20,2,2,delta_case,8.719479519394282e-05
21,2,2,simple_model,8.568080882514165e-05
22,2,2,calcium_ion_contain_structure,8.406137742924214e-05
23,2,2,axial_position_methanol_ligand,8.25992970406482e-05
24,2,2,short_c_alpha_h,8.23747320173153e-05
25,2,2,desire_oxidation_state,8.231438868833851e-05
26,2,2,expect_site,8.229524334574164e-05
27,2,2,subunit_microcrystal,8.217836928421743e-05
28,2,2,beta_nacnac_ligand,8.182187356399272e-05
29,2,2,intermolecular_sulfonyl_bridge,8.151794055893507e-05
30,2,3,benzene_ring_plane_deg,8.515775831387297e-05
31,2,3,o_dimer_hydrogen_bond,8.306487810152165e-05
32,2,3,certain_feature,8.277027156571057e-05
33,2,3,human_immunodeficiency,8.244300325137429e-05
34,2,3,nearby_n_terminal,8.233148559538035e-05
35,2,3,direction_align_ring,8.215102031617467e-05
36,2,3,datum_process_software,8.185230366847951e-05
37,2,3,plane_n_atom_displacement,8.165174255557079e-05
38,2,3,power_specific_energy,8.162870567838483e-05
39,2,3,food_paper_industry,8.135361708501646e-05
40,2,4,delaney_symbol,8.999220533176704e-05
41,2,4,include_angle,8.660369353931357e-05
42,2,4,sample_theorem,8.495186268830368e-05
43,2,4,structural_fluctuation,8.493205296517746e-05
44,2,4,iminodiacetate_dianion,8.478673193217036e-05
45,2,4,reduce_catalytic_activity,8.445664887778739e-05
46,2,4,trigonal_region,8.32913349134211e-05
47,2,4,inversion_centre_locate_dimer,8.328525188987267e-05
48,2,4,important_issue,8.32505427967352e-05
49,2,4,twin_n_h,8.293082047058472e-05
50,2,5,inherent_symmetry,8.436477692829068e-05
51,2,5,sequence_assignment_approach,8.418826791322276e-05
52,2,5,tetartohedrally_twin_crystal,8.350239445397289e-05
53,2,5,rietveld_method,8.3015828979583e-05
54,2,5,n_carbonyl_methylamino,8.278863882524011e-05
55,2,5,symmetry_centre_middot,8.259433707870592e-05
56,2,5,different_enzyme_activity,8.234339704152663e-05
57,2,5,phase_purpose,8.193540723312546e-05
58,2,5,exist_phasis,8.17560456260373e-05
59,2,5,chemist_structural_biology,8.103846992284801e-05
60,2,6,gel_structure,8.763643826577325e-05
61,2,6,potentially_quantitative_correction,8.383601329191489e-05
62,2,6,benzofuran_plane,8.359739565712889e-05
63,2,6,electron_withdraw_group,8.282753801333668e-05
64,2,6,endo_angle,8.201267545752584e-05
65,2,6,l_ligand_carboxylate_group,8.186776360076943e-05
66,2,6,alpha_kinase_activation_mode,8.174686439719606e-05
67,2,6,simple_general_formula,8.164930334117425e-05
68,2,6,infinite_dimensional_network_rise,8.15555044709491e-05
69,2,6,cluster_particle,8.150089710088937e-05
70,2,7,net_quotient_graph_cycle,9.03285569330162e-05
71,2,7,pyridinium_benzene_ring,8.747784571116922e-05
72,2,7,induce_fit_mechanism,8.705480428243949e-05
73,2,7,sugar_residue_solvent_molecule,8.577507969350684e-05
74,2,7,malonyl_recombinant_oks_molecule,8.555968861471124e-05
75,2,7,structure_refinement,8.463771630291847e-05
76,2,7,high_energy_resolution,8.353846236188855e-05
77,2,7,magnetic_storage,8.26378844849897e-05
78,2,7,one_h_atom,8.187081525533308e-05
79,2,7,curve_property,8.186792682359833e-05
80,2,8,russia_slovenia_collaboration,8.579187677457778e-05
81,2,8,laue_diffractometer,8.486582297219642e-05
82,2,8,real_space,8.333412891221978e-05
83,2,8,supramolecular_tape,8.316634041369159e-05
84,2,8,strong_dynamic_interaction,8.291068682206978e-05
85,2,8,kinetically_favour_product,8.262556997718515e-05
86,2,8,material_catalysis,8.245429002075387e-05
87,2,8,metal_oxygen_core,8.245165204786542e-05
88,2,8,crystal_domain,8.1859302189548e-05
89,2,8,mad_multiwavelength_anomalous_dispersion,8.173928884386084e-05
90,2,9,cdii_complex,8.612259737029558e-05
91,2,9,correction_function,8.528464507819487e-05
92,2,9,disulfide_bond,8.398618176162823e-05
93,2,9,additional_c,8.347932028283864e-05
94,2,9,mu_be_form,8.277645300961958e-05
95,2,9,coordination_geometry,8.275539912955173e-05
96,2,9,c_aring_h,8.218779024062063e-05
97,2,9,symmetric_laue_geometry,8.211593788973501e-05
98,2,9,lattice_molecule_pack,8.17948343005391e-05
99,2,9,ph_precipitant,8.164986453111167e-05
100,2,10,eno_salt_cocrystal,8.85062341149593e-05
101,2,10,dioxopromethazinium_cation,8.577027827509226e-05
102,2,10,simple_model,8.489665795821534e-05
103,2,10,quench_electrophilic_lithiation,8.443527330766726e-05
104,2,10,atomic_number_seven_element,8.432749723365778e-05
105,2,10,zwitterionic_state,8.420164752673003e-05
106,2,10,c_b_ring,8.317657199804758e-05
107,2,10,rotatory_power,8.239071297660213e-05
108,2,10,cytoplasmic_kinase_domain,8.231830352180649e-05
109,2,10,schiff_base_molecule,8.228639393034576e-05
110,2,11,short_intermolecular_centrosymmetric_core,8.477857042199324e-05
111,2,11,dication_ring_center,8.379514321257894e-05
112,2,11,cpu_time,8.362307479060479e-05
113,2,11,c_axis_molecule_pair,8.226187033793297e-05
114,2,11,methyl_acrylate_unit,8.218538030220063e-05
115,2,11,mode_difference,8.192936937690692e-05
116,2,11,minor_component_occupancy,8.184010190369538e-05
117,2,11,axis_direction_propagate,8.165214202390224e-05
118,2,11,ii_primary_ammonium_salt,8.157241511170113e-05
119,2,11,possible_medical_application_material,8.094176224175586e-05
120,2,12,binase_molecule,8.669413935708122e-05
121,2,12,fully_occupy_deg,8.438001193198729e-05
122,2,12,experimental_phasis,8.413579557247883e-05
123,2,12,such_distortion,8.342249513311528e-05
124,2,12,piperazinediium_cation,8.260937856133093e-05
125,2,12,thin_aluminium_sheet,8.255577155546974e-05
126,2,12,approximately_planar_ring,8.23357097700863e-05
127,2,12,carboxylate_amino_group,8.179971560666517e-05
128,2,12,complex_anion_niiii_atom,8.176536436332597e-05
129,2,12,host_framework,8.167192568282073e-05
130,2,13,crystallite_size,8.818610984075262e-05
131,2,13,polymeric_material_phase_transition,8.507599887054675e-05
132,2,13,chelate_ring,8.404427729798611e-05
133,2,13,d_mannose,8.350200792174983e-05
134,2,13,anomalous_difference,8.254400004349467e-05
135,2,13,measurement_type,8.24518569684295e-05
136,2,13,subsequent_creation,8.242245549581422e-05
137,2,13,relative_wilson_plot,8.19577541948905e-05
138,2,13,size_dispersion,8.111384959573837e-05
139,2,13,chair_form,8.106013816641041e-05
140,2,14,fhv_whnv_protein,8.543328797107629e-05
141,2,14,osx_interaction,8.50016491768665e-05
142,2,14,ratio_occupancy_factor,8.462331863449371e-05
143,2,14,power_density,8.337367950022904e-05
144,2,14,c_bond,8.294843528739771e-05
145,2,14,further_consolidation,8.272833442472952e-05
146,2,14,accoustical_mode,8.253870270209695e-05
147,2,14,long_time,8.2039040951173e-05
148,2,14,dna_replication,8.199873546739775e-05
149,2,14,blade_normal_vector,8.192512167085499e-05
150,2,15,refraction_effect_magnitude,8.913090429333656e-05
151,2,15,pi_hydrogen_bond,8.403589516264192e-05
152,2,15,complex_hydration_dehydration_behavior,8.402072185808622e-05
153,2,15,x_ray_structure_analysis,8.239359844933e-05
154,2,15,inverse_source_problem,8.23022156378677e-05
155,2,15,fluoride_water_sheet_network,8.225634446112544e-05
156,2,15,principal_reflection_bragg_angle,8.205474997260217e-05
157,2,15,zwitter_ion_neutral_molecule,8.190541888016936e-05
158,2,15,carboxylate_salt,8.152868905788709e-05
159,2,15,report_scheme_error,8.145760559017937e-05
160,2,16,sodium_hydride_presence,8.704789597160948e-05
161,2,16,monocapp_tetragonal_antiprism_polyhedron,8.628928803069912e-05
162,2,16,size_induce,8.481844063008762e-05
163,2,16,two_l,8.254259450264562e-05
164,2,16,compute_scheme,8.223502840739673e-05
165,2,16,scientific_science_career,8.190182934121448e-05
166,2,16,propeller_like_arrangement,8.168472188908016e-05
167,2,16,dispersion_surface_coordinate,8.16682062937789e-05
168,2,16,independent_v_atom,8.161534815620016e-05
169,2,16,chain_space,8.124294411687805e-05
170,2,17,partial_structure,8.701583407961918e-05
171,2,17,membered_ring_lie,8.665866356552175e-05
172,2,17,dilute_silica,8.562580137342605e-05
173,2,17,low_energy,8.427786362486825e-05
174,2,17,quality_control,8.422796673531287e-05
175,2,17,evaluation_synthesis,8.4102727220209e-05
176,2,17,sample_environment,8.380328009125905e-05
177,2,17,result_species,8.348730524377907e-05
178,2,17,water_molecule_oxalate_ligand,8.341371381676389e-05
179,2,17,solution_gel,8.297972802658957e-05
180,2,18,prolyl_phosphorylation,8.880172470154069e-05
181,2,18,partial_order,8.67630268272323e-05
182,2,18,perpendicular_magnetic_anisotropy,8.635367551486557e-05
183,2,18,volumetric_compressibility_basis,8.565481820577602e-05
184,2,18,wans_spectrum,8.513817090924345e-05
185,2,18,different_datum_process_program,8.455176716973147e-05
186,2,18,ring_n_atom,8.448758492898744e-05
187,2,18,n_intramolecular_hydrogen_bond,8.434912200316883e-05
188,2,18,new_polymorph,8.318807023102833e-05
189,2,18,isocyanate_reagent,8.229696460791972e-05
0,3,0,dna_bind,8.840278125111988e-05
1,3,0,nearly_coplanar_arrangement,8.401334358170406e-05
2,3,0,base_anion,8.235333110589226e-05
3,3,0,carboxylate_o_atom_form,8.0973235071066e-05
4,3,0,fuse_ring_system,8.09075244495938e-05
5,3,0,eubacterial_ribg,8.054033988210488e-05
6,3,0,positron_electron_pair_creation,8.018903997390334e-05
7,3,0,metal_atom_distort_octahedron,7.976611616573378e-05
8,3,0,hydration_water_molecule,7.89079460452509e-05
9,3,0,respect_deg,7.88081895607872e-05
10,3,1,proteasome_system,8.434006184371161e-05
11,3,1,alkaline_cellulase,8.415861096078534e-05
12,3,1,c_sime,8.289119436265381e-05
13,3,1,different_type,8.161307477917677e-05
14,3,1,silicon_rich_zeolite,8.15301395510991e-05
15,3,1,new_lithium_iron_vanadate,8.016391849196538e-05
16,3,1,crystal_chemical_reaction_process,7.924397201806853e-05
17,3,1,molecule_disorder,7.837190391107885e-05
18,3,1,x_ray_crystallography_experiment,7.810953652110952e-05
19,3,1,asymmetric_unit_tetramer,7.805939357788992e-05
20,3,2,approach_application,8.29487283945852e-05
21,3,2,isomorphous_replacement,8.189494725751953e-05
22,3,2,gastric_mucosa_bacterium,8.158270627016151e-05
23,3,2,ring_system_pi_interaction,8.143670545146519e-05
24,3,2,bridge_methylene_c_atom,8.13997089708846e-05
25,3,2,highly_specific_inhibitor,8.128235415035807e-05
26,3,2,car_torsion,8.108648829859708e-05
27,3,2,secondary_metabolism,8.086481950341972e-05
28,3,2,near_infrared_excitation,8.074279732823475e-05
29,3,2,organometallic_chemistry,8.03140033589478e-05
30,3,3,tricyclic_amide,8.316885316020741e-05
31,3,3,isolate_octahedron,8.312583639878167e-05
32,3,3,resolution_function,8.247083001138093e-05
33,3,3,orn_bind_domain,8.164086505844137e-05
34,3,3,czochralski_technique,8.135694929641272e-05
35,3,3,emission_line_radiation,8.02262157353345e-05
36,3,3,methanol_recrystallization,8.012737915745164e-05
37,3,3,x_ray_holography,7.971429282383842e-05
38,3,3,nearby_residue_requirement,7.960205233545186e-05
39,3,3,phase_extension_level,7.951616783063081e-05
40,3,4,methoxybenzoyl_group,8.484994849980196e-05
41,3,4,soak_dak_structure,8.269723485421709e-05
42,3,4,oxygen_sublattice,8.238792176818924e-05
43,3,4,acryloyloxy_acetyl_group,8.198907947375889e-05
44,3,4,datum_range,8.092843610775448e-05
45,3,4,sin_theta,8.05016614087925e-05
46,3,4,cis_chloride,8.030269598064171e-05
47,3,4,diffractometry_example,7.922178284590266e-05
48,3,4,superconducting_tunnel_junction,7.91566529586429e-05
49,3,4,grate_graze_incidence_monochromator,7.909675050728558e-05
0,4,0,columnar_arrangement,7.871078151004853e-05
1,4,0,hemiethanol_solvate,7.771954258823462e-05
2,4,0,substrate_target_amino_group,7.767170300237838e-05
3,4,0,empirical_formula,7.760448394588118e-05
4,4,0,asymptotic_term,7.69673991941737e-05
5,4,0,nitrogen_boron_heterocycle_position,7.581710060448127e-05
6,4,0,dataflow_software,7.576245192785684e-05
7,4,0,position_pair,7.553491404472717e-05
8,4,0,collagen_model_polypeptide,7.540367523469368e-05
9,4,0,cis_form,7.508865429602171e-05
10,4,1,flack_parameter_resonant_scatter,7.930783653506551e-05
11,4,1,platon_squeeze_diffraction_datum,7.636615117814225e-05
12,4,1,tc_ferroelectric_phase,7.620279728825117e-05
13,4,1,difference_electron_density_map,7.618871994428126e-05
14,4,1,minus_middot,7.618113007954372e-05
15,4,1,unit_cell_size_effect,7.575253482913282e-05
16,4,1,active_site_proton_transfer,7.573583393400743e-05
17,4,1,piperidine_n_substituent_modification,7.569732844863648e-05
18,4,1,transmission_position,7.564769820099293e-05
19,4,1,flight_sample,7.556677933673675e-05
