,run,topic,terms,p
etone,9.014573836962228e-05
1,1,0,deg_relative_domain_configuration,8.465650228504579e-05
2,1,0,magnetic_storage,8.220501208538052e-05
3,1,0,vme_board_gatenet_module,8.201389147647202e-05
4,1,0,dihydropyrimidine_ring,8.175204449179058e-05
5,1,0,central_c_n_bond,8.024298308386675e-05
6,1,0,guanidinium_sulfosalicylate_middot_minus,7.99883016993658e-05
7,1,0,macr_topography_image,7.980983395840118e-05
8,1,0,mu_catena_mu_structure,7.965713982378353e-05
9,1,0,highly_absorb_pinhole,7.931566248665928e-05
10,1,1,experimental_datum,8.200745157012179e-05
11,1,1,barbituric_acid,8.188826382548284e-05
12,1,1,ester_aggregate_isopropyl_molecule,8.186113598616258e-05
13,1,1,middot_complex_salt_hydrate,8.183648476929687e-05
14,1,1,external_action,8.17747314532971e-05
15,1,1,d_aring_lambda_line,8.15514005161277e-05
16,1,1,wavelength_anomalous_scatter_term,8.154468990473939e-05
17,1,1,avian_haemoglobin,8.144759537159012e-05
18,1,1,neutron_event,8.117977552411962e-05
19,1,1,sofa_chair,8.066611285890343e-05
20,1,2,occupancy_conformation,8.6673577749255e-05
21,1,2,c_n_double_bond,8.424963242939298e-05
22,1,2,alternative_quantification,8.398274283325713e-05
23,1,2,minus_cdii_cation,8.289209273088171e-05
24,1,2,crystal_grain_size,8.243581970856205e-05
25,1,2,inelastic_neutron,8.234151809074648e-05
26,1,2,hydrolytic_enzyme,8.147127001450601e-05
27,1,2,friedel_pair_reflection,8.14543039988436e-05
28,1,2,ammonium_salt,8.143998453507524e-05
29,1,2,structural_parameter,8.112690300390504e-05
30,1,3,o_hydrogen_bond_bond,8.492075076517815e-05
31,1,3,beamline_control,8.305802825739315e-05
32,1,3,agc_family,8.251151833104113e-05
33,1,3,angular_dependence,8.216028314326492e-05
34,1,3,variety_quality,8.152585629704568e-05
35,1,3,cool_sample,8.151643733929694e-05
36,1,3,g_function,8.050319025668973e-05
37,1,3,central_c_c,8.016880412541678e-05
38,1,3,site_symmetry,7.976822863868116e-05
39,1,3,s_triphenylmethyl_thioether,7.949901896990653e-05
40,1,4,pentameric_form,8.838298184205378e-05
41,1,4,n_butylamine,8.344497160891361e-05
42,1,4,new_monochromator,8.339021951560129e-05
43,1,4,research_reactor,8.260863467374121e-05
44,1,4,mjtim_unligand_structure_novelty,8.217459376674519e-05
45,1,4,good_route,8.217326993854816e-05
46,1,4,redox_reaction,8.177762254140422e-05
47,1,4,anomalous_scatter_term,8.159202227767683e-05
48,1,4,donor_molecule,8.13629548300081e-05
49,1,4,protein_equal_rate,8.09215522248605e-05
50,1,5,s_interval,8.690174474985392e-05
51,1,5,immediate_surround,8.369480281593351e-05
52,1,5,crystal_type,8.359928439528777e-05
53,1,5,identical_dimer,8.328873726516826e-05
54,1,5,moir_eacute,8.302919239163627e-05
55,1,5,diffraction_plane,8.275058637596476e-05
56,1,5,central_c_c_respect,8.212914381025403e-05
57,1,5,open_read_frame,8.077790626433261e-05
58,1,5,ester_methoxyimino_residue,8.06698088449047e-05
59,1,5,agi_atom,8.058879755255592e-05
60,1,6,foreign_particle,8.730607124630819e-05
61,1,6,molecule_fragment_assembly,8.42651904571031e-05
62,1,6,bridge_chloro_ligand,8.411252134687021e-05
63,1,6,pore_form_ability,8.164881330893965e-05
64,1,6,high_numerical_aperture,8.112519687304322e-05
65,1,6,thiazepine_ring,8.081048321891708e-05
66,1,6,interest_sample_scatter_ray,7.939708526193035e-05
67,1,6,k_shell,7.937428872030925e-05
68,1,6,residual_macrostress,7.936711530931448e-05
69,1,6,anabolic_ornithine_transcarbamoylase,7.922647023653793e-05
70,1,7,coordination_polymer_form_network,8.426695931232716e-05
71,1,7,grate_graze_incidence_monochromator,8.3570118879996e-05
72,1,7,pathway_molecular_mechanisim,8.313443289667885e-05
73,1,7,prime_o_prime_kappa,8.281656486587544e-05
74,1,7,central_bind_pocket,8.278588121181175e-05
75,1,7,important_n_heterocyclic_ligand,8.262672725463887e-05
76,1,7,axially_symmetric_texture,8.24732325652856e-05
77,1,7,m_edge,8.216810044917712e-05
78,1,7,model_structure_comparison,8.185486451939432e-05
79,1,7,chlorpropamide_polymorph,8.14679329453337e-05
80,1,8,result_calculation,8.417085002729633e-05
81,1,8,final_model,8.387658353855624e-05
82,1,8,jejuni_cell_surface_modification,8.313414672238783e-05
83,1,8,specific_site,8.278799096213367e-05
84,1,8,counter_ion_protonat_prime,8.257601465164206e-05
85,1,8,nearby_have_shell,8.237811953385538e-05
86,1,8,experimental_situation,8.136858266142384e-05
87,1,8,component_analysis,8.135659878333498e-05
88,1,8,degradative_pathway,8.123687119310115e-05
89,1,8,channel_width,8.106191484629765e-05
90,1,9,crystal_spatial_distribution,8.57044499323418e-05
91,1,9,chemical_reaction,8.543882748671915e-05
92,1,9,intramolecular_n_h,8.432757699867054e-05
93,1,9,middot_single_crystal,8.390231135615544e-05
94,1,9,n_hydrogen_bond_chain,8.311481853054694e-05
95,1,9,distinct_relate_form,8.258369564446942e-05
96,1,9,board_storage_requirement,8.183690354600705e-05
97,1,9,diffract_intensity_beat,8.159893143821906e-05
98,1,9,possible_use,8.10107924757109e-05
99,1,9,nbsp_aring_nbsp,8.095202591932884e-05
0,2,0,suitable_description,8.955094516308692e-05
1,2,0,molecule_square_plane,8.855117685073076e-05
2,2,0,pressure_temperature_condition,8.6303205672283e-05
3,2,0,scaffold_contain_deposit_existence,8.513599568595315e-05
4,2,0,olfactomedin_olf_domain,8.445459204044621e-05
5,2,0,geometric_electronic_steric_feature,8.409916850531304e-05
6,2,0,synchrotron_source,8.354038485408132e-05
7,2,0,nitrite_ion,8.25091133864658e-05
8,2,0,energy_save_key_technology,8.220038292370772e-05
9,2,0,pizza_box_stack,8.204003564111065e-05
10,2,1,characteristic_feature,8.744106492936381e-05
11,2,1,rietveld_profile_technique,8.665128686408835e-05
12,2,1,give_ultrasonic_power,8.547400180615099e-05
13,2,1,state_equilibrium,8.43274894292525e-05
14,2,1,covalent_dimensional_network,8.381844316836988e-05
15,2,1,o_hydogen_bond_interaction,8.32981492736771e-05
16,2,1,scatter_circular_symmetry_pattern,8.250205671202505e-05
17,2,1,mok_alpha_radiation,8.241311748140229e-05
18,2,1,gamma_two_complex_structure,8.23845417846681e-05
19,2,1,q_range,8.235121577323515e-05
20,2,2,barrier_reaction,9.074369230392025e-05
21,2,2,vatd_fob_complex_crystal,8.908489543210596e-05
22,2,2,hydrophilic_protein,8.797474113936114e-05
23,2,2,conjugate_system,8.702598358291706e-05
24,2,2,large_initial_misalignment,8.690611723368612e-05
25,2,2,stability_because_understand_order,8.655100639686862e-05
26,2,2,middot_minus_salt,8.508547839118335e-05
27,2,2,surface_roughness,8.477934823997185e-05
28,2,2,mu_prime,8.410835484112147e-05
29,2,2,salt_asymetric_unit,8.357080455411925e-05
30,2,3,viz_hexhydroindazole_ring_system,8.820870004871114e-05
31,2,3,virulence_function,8.639140414177905e-05
32,2,3,crystal_chemical_reaction,8.598839965720305e-05
33,2,3,mo_k_alpha_z,8.454921667100708e-05
34,2,3,dianion_o_atom,8.433860874774678e-05
35,2,3,real_datum,8.422732451716282e-05
36,2,3,vapor_phase,8.317778760920449e-05
37,2,3,approximate_formula,8.309894562568382e-05
38,2,3,sim_kev,8.306476325317903e-05
39,2,3,material_edp_great_similarity,8.254798125508728e-05
40,2,4,hexadecaisoleucinomycin_hexil_include_structure,8.77501581012295e-05
41,2,4,fatty_acid_large_family,8.608324217594204e-05
42,2,4,charge_transfer_transition,8.359012862516157e-05
43,2,4,overlap_sphere_method,8.321315105399481e-05
44,2,4,structure_careful_analysis,8.311083727145702e-05
45,2,4,thermal_decomposition,8.2412929118852e-05
46,2,4,high_temperature_polymorph,8.22536075778691e-05
47,2,4,hydroxy_h_atom,8.219144540147892e-05
48,2,4,bind_affinity,8.20905049322833e-05
49,2,4,central_c_c_respect,8.204054116710843e-05
50,2,5,close_form,8.550846457309471e-05
51,2,5,single_chain,8.538865571553705e-05
52,2,5,triple_helix,8.445376459413852e-05
53,2,5,monte_carlo_method,8.383217262369574e-05
54,2,5,coordinate_ligand,8.32849853947268e-05
55,2,5,computation_convenient_form,8.320000765971828e-05
56,2,5,monoclinic_crystalline_system,8.242502141602195e-05
57,2,5,different_geometry,8.223688211983223e-05
58,2,5,corona_model_parameter,8.162932766114086e-05
59,2,5,storage_system_realization,8.133929133630185e-05
60,2,6,additional_c_h,8.631761955802386e-05
61,2,6,extreme_environmental_condition,8.573561401300433e-05
62,2,6,oxidative_cleavage,8.544845081595819e-05
63,2,6,central_c_c_bond,8.512744460576244e-05
64,2,6,new_structural_type,8.477975242309281e-05
65,2,6,coii_atom_coordinate,8.31592930963409e-05
66,2,6,sign_relationship,8.256467017020642e-05
67,2,6,o_tridentate_ligand_atom,8.240877196776192e-05
68,2,6,chloro_ligand,8.218198230350426e-05
69,2,6,sb_angle,8.217138763014209e-05
70,2,7,odd_electron_diffraction_pattern,9.057046008101172e-05
71,2,7,cryogenic_cool_system,8.580406439250192e-05
72,2,7,seed_storage,8.50663762543186e-05
73,2,7,scatter_angle,8.445784098232392e-05
74,2,7,gas_liquid,8.44376136513368e-05
75,2,7,leave_hand_pattern,8.413502507635205e-05
76,2,7,high_quality,8.353015722080007e-05
77,2,7,ice_formation,8.349224574223152e-05
78,2,7,b_axis_direction_complex,8.248389052688162e-05
79,2,7,ammonium_h_atom,8.230435083307815e-05
80,2,8,open_position,8.733078210656471e-05
81,2,8,distort_octahedral_environment,8.627843889711837e-05
82,2,8,stability_activity_cleavage_specificity,8.494836846205044e-05
83,2,8,kernel_density_estimator,8.448757333979658e-05
84,2,8,middot_l_minus,8.346506494171738e-05
85,2,8,n_protein,8.31588999042932e-05
86,2,8,carboxylate_c,8.251359715922543e-05
87,2,8,crystalline_organic_inorganic_hybrid,8.236649705147065e-05
88,2,8,carbon_carbon_bond,8.185144361422513e-05
89,2,8,incline_endo,8.17128485967212e-05
90,2,9,merohedry_type,8.66750534181261e-05
91,2,9,symmetry_centre_application,8.454883959281772e-05
92,2,9,physic_experiment,8.397686217398377e-05
93,2,9,consideration_dislocation,8.374485979397136e-05
94,2,9,charge_couple_device,8.322065860371725e-05
95,2,9,phase_problem,8.313475660773669e-05
96,2,9,aring_size,8.310670739649843e-05
97,2,9,molecule_long_axis,8.279851031360102e-05
98,2,9,phenyl_ring_respect,8.277719056668285e-05
99,2,9,benzene_furan_ring,8.256893148477332e-05
100,2,10,planar_fuse_ring_system,8.942995124451075e-05
101,2,10,methanol_water,8.583294911026899e-05
102,2,10,pyridyl_n,8.489598460429628e-05
103,2,10,exocyclic_imine_function,8.478079064838899e-05
104,2,10,mer_arrangement_water_molecule,8.476245110325901e-05
105,2,10,dilanthanum_lithium_tetragermanium,8.456396185854593e-05
106,2,10,hydrophobic_pocket,8.421004708140078e-05
107,2,10,halogen_bond,8.251146996222998e-05
108,2,10,phosphide_pentanickel_tetraphosphide,8.244733782067327e-05
109,2,10,alkaloid_ring,8.219116193506165e-05
110,2,11,solvent_exchange_transformation,8.854362547707844e-05
111,2,11,dimensional_architecture_formation,8.81239782815151e-05
112,2,11,ethoxy_formamide_group,8.782174146129821e-05
113,2,11,host_cell,8.718960963319018e-05
114,2,11,benzaldehyde_chlorobutane,8.697150462244693e-05
115,2,11,furan_plane_ester_group,8.585949601459561e-05
116,2,11,n_terminal_affinity_tag,8.583777655971334e-05
117,2,11,slow_evaporation,8.48335804723935e-05
118,2,11,radiation_count,8.438897717548175e-05
119,2,11,residue_specific_role,8.432585481853496e-05
120,2,12,potent_selective_kinase_inhibitor,8.488678626543404e-05
121,2,12,b_pr_structure,8.399712841212764e-05
122,2,12,general_pack_property_determination,8.382883089775637e-05
123,2,12,nonparametric_kernel_density,8.36057524875149e-05
124,2,12,centrosymmetric_polyvanadate_cluster,8.351137293291589e-05
125,2,12,strongly_distort_octahedron,8.326917633344714e-05
126,2,12,cell_adhesion,8.31672660741408e-05
127,2,12,precise_determination,8.232138806862828e-05
128,2,12,pseudo_dimer,8.225259867397633e-05
129,2,12,respectively_activity_like,8.217543388352178e-05
130,2,13,genre_icetexane,8.543315640800812e-05
131,2,13,methoxymethyl_phenyl_ether,8.417507079007274e-05
132,2,13,error_magnitude,8.353452579034992e-05
133,2,13,magnetic_measurement_ouml_ssbauer,8.34444435375839e-05
134,2,13,additive_influence,8.338344006456091e-05
135,2,13,evaluation_process,8.29147246081004e-05
136,2,13,plane_layer,8.290267118508559e-05
137,2,13,dimensional_diamond,8.242732931622132e-05
138,2,13,se_interaction,8.2158002857849e-05
139,2,13,flash_freeze_crystal,8.19644680126607e-05
140,2,14,three_orthorhombic_crystal,8.94309927490141e-05
141,2,14,cm_nm_magnitude,8.779173486744973e-05
142,2,14,equal_atom,8.567508761048666e-05
143,2,14,peak_shape_angular_dependence,8.510494534239245e-05
144,2,14,lone_pair_orbital,8.416071491292542e-05
145,2,14,variable_sample_table,8.363015442970214e-05
146,2,14,metal_organic_framework,8.328518393885037e-05
147,2,14,obtain_information,8.324343682683557e-05
148,2,14,grain_boundary,8.320892592501611e-05
149,2,14,bulky_chiral_group,8.306519781279198e-05
150,2,15,chiral_molecule,9.102283791929952e-05
151,2,15,datum_deposition,8.689003577565485e-05
152,2,15,holmium_isomorphous_substitution,8.684326169619417e-05
153,2,15,multiple_wavelength_datum,8.599274914257434e-05
154,2,15,read_collect_image,8.585942827993108e-05
155,2,15,structure_different_anion_incorporation,8.484392465069932e-05
156,2,15,cleavage_specificity,8.389808698163715e-05
157,2,15,methodology_crystallographic_concept,8.355594918455043e-05
158,2,15,fourier_component,8.32759107427535e-05
159,2,15,de_novo,8.297995120329897e-05
160,2,16,cytotoxicity_enhancement_complex_lead,9.233824040891533e-05
161,2,16,tolyl_group,8.627210350646585e-05
162,2,16,mpa_atm,8.512632276467134e-05
163,2,16,tomographic_scatter_method,8.33078667059242e-05
164,2,16,high_throughput_application,8.316041110523084e-05
165,2,16,non_crystallographic_symmetry,8.279488860635815e-05
166,2,16,high_resolution_spot,8.279176388577685e-05
167,2,16,perfect_germanium_crystal,8.275410051433399e-05
168,2,16,br_pyrimidinyl_ligand,8.252138856577398e-05
169,2,16,baker_yeast,8.225138543567305e-05
170,2,17,know_structure_membrane_protein,8.483237929344873e-05
171,2,17,roughly_planar_salicylamide_fragment,8.444917871171115e-05
172,2,17,recently_publish_structure,8.438792546719081e-05
173,2,17,observe_intensity_volume,8.433321030384891e-05
174,2,17,amine_hydroxymethyl,8.373780501503333e-05
175,2,17,pdb_report_ppe_structure,8.358211417954073e-05
176,2,17,good_quality_crystal,8.35399227536624e-05
177,2,17,n_isopropylidine,8.298738843881346e-05
178,2,17,derivative_urea,8.261992405839788e-05
179,2,17,although_chlorpropamide_polymorphic_property,8.239839603754067e-05
180,2,18,photochromism_reason,8.68626754752184e-05
181,2,18,coordinate_n_atom,8.581535624053527e-05
182,2,18,sr_ca,8.481089719948229e-05
183,2,18,near_infrared_excitation,8.361547553360261e-05
184,2,18,unbind_state,8.306003354820995e-05
185,2,18,functional_disparity,8.281501040978992e-05
186,2,18,flagellar_rod_protein,8.278181940083311e-05
187,2,18,nucleotide_overhang,8.253588285593138e-05
188,2,18,alpha_helix,8.22902077185975e-05
189,2,18,angle_analysis_bond_length,8.181724212915889e-05
190,2,19,sulfur_sad,8.919736316824459e-05
191,2,19,chromium_vanadium_titanium,8.653090721082468e-05
192,2,19,growth_behaviour,8.586172515655309e-05
193,2,19,ligm_crystal,8.476838032722373e-05
194,2,19,sparteine_ligand,8.468420736865754e-05
195,2,19,polymeric_chain_form,8.439210171566408e-05
196,2,19,lamellar_phase_system,8.424016403548195e-05
197,2,19,observe_valence_angle,8.395668397497638e-05
198,2,19,further_structure_refinement,8.356218676689314e-05
199,2,19,n_distance,8.309452017164221e-05
200,2,20,single_particle_additional_measurement,8.831685669729847e-05
201,2,20,molecule_square_plane_deviate,8.766766813095974e-05
202,2,20,molecule_form_inversion,8.707084999306677e-05
203,2,20,defect_high_sensitivity_image,8.697410672165404e-05
204,2,20,minus_cdii_cation,8.55724571906664e-05
205,2,20,heavy_atom_analysis,8.43996651750266e-05
206,2,20,cosmoceutical_property,8.387576210738757e-05
207,2,20,gas_proportional_detector,8.344088125898994e-05
208,2,20,b_spline_function_knot,8.32893333811845e-05
209,2,20,deg_terminal_phenyl_ring,8.324704666685374e-05
210,2,21,forward_diffract_perfect_crystal,8.631261421871073e-05
211,2,21,prime_mu_atom,8.496225058575078e-05
212,2,21,refinement_purpose,8.434459086115432e-05
213,2,21,speciman_crystal_structure,8.426366977001553e-05
214,2,21,w_foil,8.385325148126956e-05
215,2,21,benzene_ring_system_acridine,8.237559894971031e-05
216,2,21,accumulate_dislocation_numb,8.140285634896405e-05
217,2,21,phosphoethanolamine_moiety,8.133814358299216e-05
218,2,21,relative_arrangement,8.133342660357568e-05
219,2,21,correlation_length,8.110915596744527e-05
220,2,22,sodium_dicyanamide_dafo,9.198475333382259e-05
221,2,22,ir_bond,8.88254419439377e-05
222,2,22,magnetic_field_transport_positron,8.736531378726169e-05
223,2,22,reference_photon_energy,8.671173040218351e-05
224,2,22,acid_h_atom,8.439624170589523e-05
225,2,22,charge_neutral_layer,8.428773120066085e-05
226,2,22,inversion_crystallographic_centre,8.347591998503625e-05
227,2,22,significant_role,8.346941517143554e-05
228,2,22,sim_factor,8.289844815549109e-05
229,2,22,pi_substrate,8.255243054756354e-05
230,2,23,weak_c,8.668101570264343e-05
231,2,23,polycrystalline_specimen,8.631846265014113e-05
232,2,23,pyramidal_coordination_environment,8.62020916951429e-05
233,2,23,picrate_anion,8.618640041243103e-05
234,2,23,deg_phiv,8.49578946667019e-05
235,2,23,asynchronous_crystallization_robot,8.492676455863532e-05
236,2,23,yamashita_kato_amp,8.422951345277235e-05
237,2,23,molecule_a_deg,8.395635465574437e-05
238,2,23,obtain_pattern,8.372831320669956e-05
239,2,23,prime_ligand_nitrogen_donor,8.280774077417339e-05
240,2,24,pd_p,8.942877735990258e-05
241,2,24,central_carbon_carbon_bond,8.668589516489178e-05
242,2,24,anion_minus_unit,8.434888441844545e-05
243,2,24,pcna_human_complex,8.427606925254251e-05
244,2,24,pyrazolidinone_ring_plane,8.394010963702433e-05
245,2,24,registration_time,8.370196060471515e-05
246,2,24,prime_ligand_nitrogen_donor,8.320368067530443e-05
247,2,24,minus_s,8.285597245932307e-05
248,2,24,attach_pyridyl_ring_plane,8.26804535366722e-05
249,2,24,partially_occupy_molecule,8.2451674048749e-05
250,2,25,atp_dependent_dihydroxyacetone_phosphorylation,8.625869391037641e-05
251,2,25,ideal_perovskite_position,8.610446010749663e-05
252,2,25,micro_be_size_spot,8.482414056411997e-05
253,2,25,cm_minus_dx_deg,8.36441670491311e-05
254,2,25,sls_contrast,8.289543273222988e-05
255,2,25,positron_beam_previous_result,8.256724941748742e-05
256,2,25,percentage_hexagonality,8.256568341269363e-05
257,2,25,macromolecular_crystal,8.251909183965722e-05
258,2,25,edge_speciman,8.226537349493755e-05
259,2,25,antibody_antiviral_function,8.22125715611372e-05
260,2,26,cycle_conformation_change,8.969716817359249e-05
261,2,26,structure_model,8.748703092517926e-05
262,2,26,neutron_event_datum,8.628872452922072e-05
263,2,26,thermal_decomposition,8.611004417234457e-05
264,2,26,vicinal_surface,8.520354662372876e-05
265,2,26,complementary_information,8.411089123966793e-05
266,2,26,serine_residue,8.391127395616487e-05
267,2,26,imidazole_ring_plane,8.377766040447631e-05
268,2,26,field_emission_gun,8.334888199020325e-05
269,2,26,z_configuration,8.332457445540703e-05
270,2,27,c_h_group,8.670665664228203e-05
271,2,27,unsubstituted_phenyl_ring_orientation,8.625984794464695e-05
272,2,27,aring_resolution_high_completeness,8.624222983720917e-05
273,2,27,estimate_weight_accuracy,8.492882843315307e-05
274,2,27,homodimeric_kda_pyruvate,8.482890953502968e-05
275,2,27,great_deviation,8.461844208449601e-05
276,2,27,accurate_dw_factor,8.459777022998757e-05
277,2,27,experimental_result,8.314446279019805e-05
278,2,27,orient_lamellar_nanocomposite,8.267974715527022e-05
279,2,27,alluaudite_structure_type,8.263712826129498e-05
280,2,28,barycentric_representation_vertex_collision,9.097955204116222e-05
281,2,28,rna_bind_protein,8.709811919885887e-05
282,2,28,research_proposal,8.529746861239369e-05
283,2,28,atp_dependent_dihydroxyacetone_phosphorylation,8.405922727589956e-05
284,2,28,interest_electrochemical_process,8.314026103056849e-05
285,2,28,osteoblast_specific_transcriptional_factor,8.304888754048637e-05
286,2,28,critical_angle,8.273984748004187e-05
287,2,28,element_chemical_property,8.259076960429443e-05
288,2,28,base_pair,8.193721270207398e-05
289,2,28,scatter_term,8.188713342418047e-05
290,2,29,real_datum_refinement_phase,8.860761602541108e-05
291,2,29,different_cleavage_site,8.536640660536874e-05
292,2,29,anomalous_scatter,8.486666773742569e-05
293,2,29,subtle_difference,8.432004025306853e-05
294,2,29,different_polymorph_lot,8.362804907331374e-05
295,2,29,central_c,8.35355487957412e-05
296,2,29,correct_calculate_intensity,8.346597742702768e-05
297,2,29,mycoplasma_pneumonia_hypothetical_protein,8.305578782891784e-05
298,2,29,pure_potassium_dihydrogen,8.278040392505928e-05
299,2,29,ruii_complex,8.252024153373345e-05
300,2,30,birk_type_inhibitor,8.409264752462942e-05
301,2,30,wavelength_anomalous_dispersion_experiment,8.400157459505923e-05
302,2,30,secondary_te_axis_parallel,8.35575601238421e-05
303,2,30,carboxyl_oxamide,8.31426346211843e-05
304,2,30,sofa_conformation,8.26625938048948e-05
305,2,30,modern_source,8.254882779519293e-05
306,2,30,evaporation_induce_self_assembly,8.248220764886125e-05
307,2,30,structure_careful_analysis,8.22158495528649e-05
308,2,30,pseudo_mm_symmetry_element,8.192690575283451e-05
309,2,30,yeast_proteasome_structure,8.173632334926436e-05
310,2,31,virtual_library,8.672751253182826e-05
311,2,31,bond_valence_sum,8.569717298685214e-05
312,2,31,enraf_nonius_diffractometer,8.545632825159164e-05
313,2,31,rational_common_zone,8.523454655435976e-05
314,2,31,maximum_likelihood,8.439088532620617e-05
315,2,31,structural_comparison,8.413201123314812e-05
316,2,31,inelastic_scatter,8.406823408045869e-05
317,2,31,metric_parameter_difference,8.39973536074948e-05
318,2,31,o_bond_length,8.387216360958625e-05
319,2,31,kev_inverse_beam_protocol,8.369462461355459e-05
320,2,32,planarity_slightly_deviate,8.74832351372409e-05
321,2,32,phenyl_isoxazoline_membered_ring,8.720148941604078e-05
322,2,32,orthorhombic_form_anti_disposition,8.62102490379483e-05
323,2,32,benzopyranone_ring,8.341422744283045e-05
324,2,32,magnetic_order,8.316348477656233e-05
325,2,32,oxide_ligand,8.281267501032482e-05
326,2,32,real_space_descriptor,8.26670499824572e-05
327,2,32,manning_condensation_theory_prediction,8.25930515173407e-05
328,2,32,report_example,8.241998133504348e-05
329,2,32,real_space_correlation_coefficient,8.198686906324755e-05
330,2,33,petn_design_basis,8.78780382449593e-05
331,2,33,alpha_structure_type,8.702035158184365e-05
332,2,33,active_site_one_region,8.653985716492677e-05
333,2,33,minus_aring_minus_s,8.602133913328017e-05
334,2,33,x_ray_source,8.49146120213767e-05
335,2,33,bpap_construct,8.332921543407287e-05
336,2,33,elaboration_process_geometry_difference,8.320518816069247e-05
337,2,33,obtain_information_accuracy,8.314382626972605e-05
338,2,33,beta_chair_alpha,8.313745236275037e-05
339,2,33,strong_hydrogen_bond,8.300717178693379e-05
340,2,34,n_methylpropionamide,8.53936929136718e-05
341,2,34,perchlorate_ion,8.535443420443542e-05
342,2,34,eu_contain_crystal,8.510096832814416e-05
343,2,34,develope_crystal_growth,8.484264686706673e-05
344,2,34,half_occupancy_special_position,8.367722728586537e-05
345,2,34,periodic_atomic_focuser,8.360039893318198e-05
346,2,34,dimethylformamide_indole_reaction,8.237750903580454e-05
347,2,34,dien_molecule,8.227136652655901e-05
348,2,34,o_weak_c_h,8.21114232056703e-05
349,2,34,amide_unit,8.208078244600682e-05
350,2,35,magnetic_field_presence,8.65327225201698e-05
351,2,35,btb_domain_adaptor,8.534852188151885e-05
352,2,35,respectively_deg_n_angle,8.491066802866667e-05
353,2,35,minus_mean_plane,8.469061972131885e-05
354,2,35,catalytic_solid,8.432359553658852e-05
355,2,35,transmission_profile,8.41393161921931e-05
356,2,35,short_intramolecular_c_h,8.381750646457975e-05
357,2,35,photochromism_conformation,8.345558928725474e-05
358,2,35,catecholic_dioxygenas,8.204032137054676e-05
359,2,35,scroll_structure_determination,8.200188002961207e-05
360,2,36,ethoxy_formamide,8.670098605059298e-05
361,2,36,x_ray_wavelength,8.524961714577502e-05
362,2,36,tricine_ligand,8.494274630532025e-05
363,2,36,ligand_unsubstituted_pyrazole_ring,8.320713009544499e-05
364,2,36,environmental_material,8.228742412792377e-05
365,2,36,indispensable_process,8.174949190608336e-05
366,2,36,stock_solution_give_set,8.16310680539232e-05
367,2,36,bdamage_possible_use,8.161489695632887e-05
368,2,36,n_salicylideneaniline,8.158022359372424e-05
369,2,36,model_interpretation_build,8.142854752851495e-05
370,2,37,net_density,8.881586941930286e-05
371,2,37,selection_rule,8.58775955120197e-05
372,2,37,aring_radius,8.550601909927604e-05
373,2,37,potential_coordination_node,8.516572883649708e-05
374,2,37,particular_emphasis,8.481792604600905e-05
375,2,37,esi_mass_spectroscopy,8.455227461930635e-05
376,2,37,phenylene_ring,8.39568710091877e-05
377,2,37,der_waals_interaction,8.276297062428996e-05
378,2,37,beam_orientation_specific,8.265732252092993e-05
379,2,37,infinite_dimensional_network,8.207744727323508e-05
380,2,38,in_complex_binuclear,8.610562693351341e-05
381,2,38,rotation_angle_step,8.60028706791651e-05
382,2,38,overall_b_factor,8.446938978443549e-05
383,2,38,cell_wall,8.382617831208404e-05
384,2,38,phenyl_dimethoxyphenyl,8.366042562466703e-05
385,2,38,diffraction_vector,8.34155574879094e-05
386,2,38,molecule_considerable_disorder,8.281266633421864e-05
387,2,38,complete_fumarate_dianion,8.275035703702518e-05
388,2,38,powder_diffractometer,8.246940212922793e-05
389,2,38,beam_condition,8.220088654025547e-05
390,2,39,state_equilibrium,8.735824928972066e-05
391,2,39,crystallochemical_role,8.725891517039228e-05
392,2,39,hydrogen_bond_pattern,8.527525648651197e-05
393,2,39,centroid_centroid_distance,8.519300163714975e-05
394,2,39,core_shell_structure,8.400466860245943e-05
395,2,39,successful_application,8.296698590562285e-05
396,2,39,tolyl_group,8.284862245201248e-05
397,2,39,main_beam,8.249086163527354e-05
398,2,39,o_distance,8.21594773319736e-05
399,2,39,characteristic_torsion_angle,8.21124724559842e-05
400,2,40,protect_s_triphenylmethyl_thioether,8.484955498013864e-05
401,2,40,coii_atom,8.466027252667016e-05
402,2,40,portland_cement_constitute_polymorph,8.347407827546315e-05
403,2,40,lattice_molecule_pack,8.322074956824059e-05
404,2,40,nucleic_acid,8.30468717658123e-05
405,2,40,aring_o_distance,8.303858298637725e-05
406,2,40,sodium_sulfate,8.29300060266835e-05
407,2,40,calibration_standard,8.281683289719968e-05
408,2,40,anomalous_diffraction,8.281023300217867e-05
409,2,40,tricyclic_tertiary_alcohol,8.254219840534994e-05
410,2,41,experimental_electron_density,9.053970903219812e-05
411,2,41,method_deficiency,9.044593574344316e-05
412,2,41,dimensional_linear,9.017184331007805e-05
413,2,41,germanium_atomic_scatter_factor,8.766584771779929e-05
414,2,41,x_tem_ray_datum,8.504931122166261e-05
415,2,41,vanadium_pentoxide_powder,8.478463973702619e-05
416,2,41,diphosphate_substrate,8.31533295524706e-05
417,2,41,high_dose_protein_structure,8.311633924742e-05
418,2,41,crystal_spatial_distribution,8.267698673138167e-05
419,2,41,structural_relationship,8.239305460277676e-05
420,2,42,charge_transfer,9.035122790340146e-05
421,2,42,block_copolymer,8.578021552636129e-05
422,2,42,major_er_stress_transducer,8.571366653928293e-05
423,2,42,isoxazole_ring,8.542614200888236e-05
424,2,42,single_crystal_diffraction_study,8.514517338100927e-05
425,2,42,l_absorption_edge,8.400429868512918e-05
426,2,42,pyridyl_ring_cl_atom,8.383037024550417e-05
427,2,42,plane_misorientation,8.352701837021206e-05
428,2,42,squaric_acid,8.340075702558285e-05
429,2,42,cobalt_phosphate,8.270494102245046e-05
430,2,43,osteoblast_differentiation_bone_formation,9.188134289675531e-05
431,2,43,bor_d_structure,9.019364578519783e-05
432,2,43,raman_spectroscopy,8.578412964126977e-05
433,2,43,intermolecular_interaction_involvement,8.499077249768844e-05
434,2,43,cation_pendent_direction,8.462771197313914e-05
435,2,43,slight_tetrahedral_distortion,8.446168533172998e-05
436,2,43,dislocation_structure,8.440870668624062e-05
437,2,43,glance_angle,8.40209903444471e-05
438,2,43,z_dna_structure_basis,8.35999490065967e-05
439,2,43,catalysis_discrimination,8.315160904650311e-05
440,2,44,imidazole_ring_form,8.521308816829139e-05
441,2,44,scientific_highlight_selection,8.501521608306103e-05
442,2,44,solvothermal_condition,8.418789121213482e-05
443,2,44,protein_fragment_database_use,8.415541621447952e-05
444,2,44,know_organic_phase,8.379399646571577e-05
445,2,44,quinohaemoprotein_alcohol_similar_feature,8.272822476314291e-05
446,2,44,crystal_valid_unit_matrix,8.270274398507504e-05
447,2,44,alternate_arrangement,8.252681574803945e-05
448,2,44,c_axis_molecule,8.243982350043417e-05
449,2,44,topographic_image,8.237243636545763e-05
450,2,45,hirshfeld_surface_analysis,8.610483363224307e-05
451,2,45,molecular_salt,8.599139608934876e-05
452,2,45,protein_synthesis_initiation,8.582530605772849e-05
453,2,45,anomalous_scatter_correction,8.540302846641432e-05
454,2,45,aring_resolution_ray,8.492925887431066e-05
455,2,45,d_c,8.463369345307457e-05
456,2,45,potassium_ion,8.420808904632987e-05
457,2,45,statistical_mechanic,8.371724242472672e-05
458,2,45,close_proximity,8.356440613710381e-05
459,2,45,specular_reflection_effect,8.321000981836233e-05
460,2,46,different_crystallization_environment,8.905184936307377e-05
461,2,46,anion_minus_prime_prime,8.604010749206416e-05
462,2,46,e_signal,8.474017193532543e-05
463,2,46,outer_growth_region,8.429741957197143e-05
464,2,46,geometrical_aberration,8.425137579176015e-05
465,2,46,zn_o,8.40956338102967e-05
466,2,46,sample_ambient,8.388425787764476e-05
467,2,46,stirling_interpolation_formula,8.313716402571062e-05
468,2,46,bite_angle,8.30724833762208e-05
469,2,46,electrophilic_lithiation,8.232865524124142e-05
470,2,47,exist_phasis_distinction,8.656055639709615e-05
471,2,47,edge_speciman_parallel,8.59326277137644e-05
472,2,47,date_know_conversion,8.578301708969599e-05
473,2,47,helical_distorsion,8.542382424100371e-05
474,2,47,magnetic_field_transport_positron,8.481024677387695e-05
475,2,47,long_range_order,8.385439398209182e-05
476,2,47,scatter_effect,8.35342427125337e-05
477,2,47,liquid_suspension,8.308135811696494e-05
478,2,47,ray_trace_analysis,8.293019931518581e-05
479,2,47,mono_ester_calixarene,8.24837274179225e-05
480,2,48,control_unit,8.973486402632324e-05
481,2,48,coordinate_atom,8.819424511209587e-05
482,2,48,aromatic_system,8.605436606798591e-05
483,2,48,relative_arrangement,8.512898376236808e-05
484,2,48,cadmium_thiocyanate_system,8.451657619990352e-05
485,2,48,blende_type_semiconductor,8.443294565340608e-05
486,2,48,phase_power,8.414430989324784e-05
487,2,48,subtle_question,8.33280361155819e-05
488,2,48,ctb_region,8.317177602076484e-05
489,2,48,average_thickness,8.286407818871703e-05
490,2,49,functional_form,8.907394649572909e-05
491,2,49,right_hand_helical_line,8.654107213714088e-05
492,2,49,apparent_large_correlation_length,8.460829697183032e-05
493,2,49,versatile_reader,8.425686792430838e-05
494,2,49,complete_model,8.351991916489841e-05
495,2,49,artificial_mixture,8.257002889357356e-05
496,2,49,intricate_dimensional_network,8.252411105573596e-05
497,2,49,w_co_bond_tran,8.197544001141e-05
498,2,49,hippuric_acid_anion,8.1662927088987e-05
499,2,49,new_exact_expression,8.155207393500815e-05
500,2,50,ring_mean_plane,9.047950881363028e-05
501,2,50,n_ethyl_oxamate_group,8.8435152749746e-05
502,2,50,trimer_adjacent_subunit,8.539938246514536e-05
503,2,50,atomic_form_factor,8.480803808696322e-05
504,2,50,equivalent_position,8.471979214098402e-05
505,2,50,angle_set,8.324798896931025e-05
506,2,50,anion_link_ligand,8.26531305987645e-05
507,2,50,plane_bc,8.245723660659239e-05
508,2,50,fascinate_drawing,8.227102433895777e-05
509,2,50,glutarimide_piperazinyl,8.217220927708294e-05
510,2,51,tetrahedral_configuration,8.925923002075626e-05
511,2,51,carbamoyl_phosphate,8.606352101330824e-05
512,2,51,diverse_chemistry,8.541541645790974e-05
513,2,51,centrosymmetric_cluster,8.370432954870051e-05
514,2,51,cytoplasmic_nuclear,8.332318254999436e-05
515,2,51,dimensional_modulation,8.327178343107588e-05
516,2,51,crystallization_growth,8.308858024253065e-05
517,2,51,da_minus,8.298614398923992e-05
518,2,51,full_length,8.261100026261914e-05
519,2,51,metallic_zinc_ion,8.233631787367372e-05
520,2,52,strong_linear_hydrogen_bond,8.730491997150358e-05
521,2,52,nearby_have_shell,8.455355016241124e-05
522,2,52,single_board,8.444360756886374e-05
523,2,52,magnetic_measurement,8.417877849884e-05
524,2,52,previously_report_orthorhombic_form,8.373025575228136e-05
525,2,52,dimensional_extend_chain,8.315525209355207e-05
526,2,52,deviation_group,8.29274808605762e-05
527,2,52,refine_parameter_accuracy,8.286295234198791e-05
528,2,52,essentially_planar_thiazole_ring,8.23690111522407e-05
529,2,52,regulatory_cascade,8.163069203526776e-05
530,2,53,short_n_n_bond,8.848667386509651e-05
531,2,53,binuclear_unit,8.709983174673641e-05
532,2,53,trypsin_digestion,8.58782922121474e-05
533,2,53,x_ray_topo_tomography,8.502947673677168e-05
534,2,53,tim_barrel_interaction,8.47542033553616e-05
535,2,53,one_ring,8.448294177144712e-05
536,2,53,polycrystalline_aluminium,8.443091086057292e-05
537,2,53,bovine_pap_nbsp_complex,8.428100117131446e-05
538,2,53,positron_electron_pair_creation,8.4091128834461e-05
539,2,53,tautomeric_form,8.390988019460756e-05
540,2,54,cubic_crystal,9.023043952898386e-05
541,2,54,thallium_atom,8.794432363208013e-05
542,2,54,thermus_thermophilus,8.551884205142462e-05
543,2,54,slightly_decrease,8.452010346198969e-05
544,2,54,raman_spectrometer_waxd_detector,8.387875262916952e-05
545,2,54,k_cl_ion,8.347503456637611e-05
546,2,54,intermolecular_pyrimidine,8.340454505710091e-05
547,2,54,x_ray_transmission_profile,8.296550944654578e-05
548,2,54,distort_linear_geometry,8.28318345316361e-05
549,2,54,core_shell_system,8.25214765790872e-05
550,2,55,hydrogen_site,8.62915094264078e-05
551,2,55,biomacromolecular_crystal_quality,8.442937664892261e-05
552,2,55,previous_model,8.391570815059624e-05
553,2,55,conformational_corner,8.35472672220141e-05
554,2,55,minus_composition,8.350408642734353e-05
555,2,55,unliganded_otc_structure,8.342603479315818e-05
556,2,55,stabilization_play_role,8.335618283919461e-05
557,2,55,medical_application,8.31745452116512e-05
558,2,55,molecule_link,8.299367233644899e-05
559,2,55,prime_prime_prime_ligand,8.294537378921446e-05
560,2,56,membrane_protein,8.735576149405166e-05
561,2,56,c_c_double_bond,8.650652119154446e-05
562,2,56,dimensional_network_formation,8.562393581239413e-05
563,2,56,tetrahedral_zn_atom,8.240984618346598e-05
564,2,56,holy_grail,8.203684120484563e-05
565,2,56,line_drum_scanner,8.193154628626976e-05
566,2,56,propose_method_computational_experience,8.17943870536869e-05
567,2,56,silica_clathrasil,8.162271489366427e-05
568,2,56,minus_factor,8.157331336810332e-05
569,2,56,isomorphous_replacement,8.143703182069158e-05
570,2,57,commercial_modification,8.845980295350919e-05
571,2,57,difficult_wall,8.766810754789217e-05
572,2,57,z_benzyloxycarbonyl,8.70833276544434e-05
573,2,57,computational_tool,8.543262450053981e-05
574,2,57,guanidine_cation_acceptor_atom,8.525716694375342e-05
575,2,57,sum_octopole,8.51783778425354e-05
576,2,57,marine_microorganism,8.396986219234575e-05
577,2,57,plane_carboxylate,8.355826935715876e-05
578,2,57,ethyl_acetate_solvent_molecule,8.3217465289419e-05
579,2,57,method_sample,8.304042310922081e-05
580,2,58,inelastic_cross,9.103123737596814e-05
581,2,58,molecular_pack,8.800437192748999e-05
582,2,58,micrometre_range,8.603078816011892e-05
583,2,58,ligand_imidazole_ring,8.506033266441098e-05
584,2,58,large_time,8.397884943364284e-05
585,2,58,ibm_fortran_iv,8.378889170916167e-05
586,2,58,xrd_result,8.371628791319752e-05
587,2,58,space_group_crystallize,8.264983177144228e-05
588,2,58,ccd_detector_predominant_market,8.22797224672152e-05
589,2,58,centroid_centroid_distance_ring,8.195611069654984e-05
590,2,59,phenylformiminopyrrole_derivative,8.781458954962784e-05
591,2,59,ptp_loop_result_residue,8.565032644735665e-05
592,2,59,chiral_space_group,8.543262917439564e-05
593,2,59,crystallization_screen_design,8.49685931097091e-05
594,2,59,observe_value,8.467637159514411e-05
595,2,59,four_n_h,8.261298950849276e-05
596,2,59,beam_easy_removal,8.242698291799643e-05
597,2,59,obtain_structure,8.226566751067191e-05
598,2,59,flavivirus_protein,8.172587577856323e-05
599,2,59,perfection_defect,8.113459437415444e-05
600,2,60,improve_understand,8.839788466265032e-05
601,2,60,disorder_model,8.50038947326962e-05
602,2,60,cooperation_research,8.441994595093986e-05
603,2,60,metal_atom_polyhedron,8.408054243378331e-05
604,2,60,mirror_plane,8.376879011940393e-05
605,2,60,h_h_bond_length,8.356649030917766e-05
606,2,60,thiophene_quinoline_ring,8.351341892146396e-05
607,2,60,desirable_statistical_property,8.322777564090014e-05
608,2,60,homo_parallel,8.278180506861845e-05
609,2,60,o_hydrogen_bond,8.254024128448198e-05
610,2,61,resorcinol_formaldehyde_gel,9.151041675433426e-05
611,2,61,alpha_lob_shape_protein,9.028077065587e-05
612,2,61,n_contact,8.755556327039369e-05
613,2,61,acid_pyda_minus,8.725437814101827e-05
614,2,61,l_arginine,8.394029105776425e-05
615,2,61,te_atom,8.356687653735708e-05
616,2,61,type_crystal,8.247652502987612e-05
617,2,61,short_cd,8.247560438769141e-05
618,2,61,soft_x_ray_beamline,8.243310163587894e-05
619,2,61,c_h_br_distance,8.21197225543803e-05
620,2,62,erk_activity,8.637572205421328e-05
621,2,62,specific_sequence_variation,8.559039526617584e-05
622,2,62,fuse_benzene_ring_substituent,8.555430321171267e-05
623,2,62,whth_domain,8.418042883656611e-05
624,2,62,volume_interaction,8.324975713652744e-05
625,2,62,sulfadiazinate_ligand,8.283134962328005e-05
626,2,62,cdii_complex,8.244479754105486e-05
627,2,62,trityl_group_anti_orientation,8.240000698021499e-05
628,2,62,sheet_form,8.206816088245822e-05
629,2,62,tds_interference_function,8.183404146656245e-05
630,2,63,intermediate_alloy,8.730137917152044e-05
631,2,63,cl_te,8.563417113913906e-05
632,2,63,unsubstituted_meso_position,8.353288329194515e-05
633,2,63,peak_diffract_wave_amplitude,8.35038149687329e-05
634,2,63,nitrate_group,8.335599524567834e-05
635,2,63,wurtzite_type,8.324376846091863e-05
636,2,63,upcoming_commission_test_detail,8.220190613212597e-05
637,2,63,gldn_olf_domain,8.172077431187403e-05
638,2,63,protein_crystallization_process,8.17086799178467e-05
639,2,63,ti_atom,8.151011492083528e-05
640,2,64,hdak_crystal_structure,8.606414592047124e-05
641,2,64,h_o_interaction,8.45022172736e-05
642,2,64,tetrahedral_environment_group,8.449147838942813e-05
643,2,64,classical_ptp,8.435278123456315e-05
644,2,64,central_triazole_ring,8.347556951076538e-05
645,2,64,benzyl_ring_tolyl,8.228912567339371e-05
646,2,64,brief_description,8.188720978792555e-05
647,2,64,cmca_centrosymmetric_space_group,8.188587241084465e-05
648,2,64,apical_coordination,8.185831603082856e-05
649,2,64,iron_nitride_cuprite,8.174848181860238e-05
650,2,65,zinc_coordination,8.705480916090992e-05
651,2,65,problematic_small_molecule_structure,8.59211374284046e-05
652,2,65,sulfonylation_reaction,8.483364987257037e-05
653,2,65,obtain_crystal_space_group,8.401693105197219e-05
654,2,65,flexible_beta,8.285037495676371e-05
655,2,65,peptidyl_trnas_trna,8.284113718086205e-05
656,2,65,molecular_mean_field_model,8.278813328333235e-05
657,2,65,non_coordinate_cyano_group,8.278393583085959e-05
658,2,65,close_pack_plane,8.268341392936941e-05
659,2,65,methine_h_atom,8.245506567662894e-05
660,2,66,primordial_role,9.036881332544929e-05
661,2,66,nbsp_gamma,8.95107003431248e-05
662,2,66,structure_function_relation,8.76770770053861e-05
663,2,66,chromeno_ring_system,8.69790014145317e-05
664,2,66,orf_open_read_frame,8.55694928671488e-05
665,2,66,nbsp_time_dope_sample,8.423026722822684e-05
666,2,66,uncolored_symmetrical_tile,8.380565607375849e-05
667,2,66,z_hexagonal_polymorph,8.357621682046423e-05
668,2,66,layer_linkage,8.338751729982206e-05
669,2,66,adaptor_complex,8.306665841806972e-05
670,2,67,usp_ecr_subunit_conformation,8.92572635598623e-05
671,2,67,drastic_variation,8.893376571185175e-05
672,2,67,prime_neutral_network,8.723735886613102e-05
673,2,67,fourier_chart,8.694854757956978e-05
674,2,67,accordingly_significant_difference_bi,8.556193512626446e-05
675,2,67,chain_sequence,8.555607994034535e-05
676,2,67,water_acetate_perchlorate,8.545142369663814e-05
677,2,67,middot_minus_middot_dihydrate,8.523743189855197e-05
678,2,67,native_sulfur,8.476547958322034e-05
679,2,67,crystallographic_literature_biostructural_information,8.459757455530724e-05
680,2,68,great_crystal,8.625208773259941e-05
681,2,68,new_refinement_strategy,8.549636393460491e-05
682,2,68,laue_diffraction_experiment_proposal,8.442966542300111e-05
683,2,68,x_ray_optical_system,8.36854356392785e-05
684,2,68,optimal_bind_pocket_formation,8.335509172723798e-05
685,2,68,rei_centre_geometry_difference,8.316427142854929e-05
686,2,68,viral_rna,8.30790121441363e-05
687,2,68,water_molecule_participation,8.304080796409993e-05
688,2,68,enzyme_ligand_hydrogen_bond,8.276136247858635e-05
689,2,68,crystallographic_asymmetric_unit_complex,8.173809936859703e-05
690,2,69,oleum_reaction,9.02743239902985e-05
691,2,69,discrete_complex_molecule,8.784670842335235e-05
692,2,69,seed_storage,8.774686271369686e-05
693,2,69,beamline_monochromator_design,8.531110512640766e-05
694,2,69,pyran_ring,8.492410938011246e-05
695,2,69,locally_break_symmetry_state,8.406995847948061e-05
696,2,69,develope_crystal_growth_direction,8.406144354698123e-05
697,2,69,cl_o,8.338869468306463e-05
698,2,69,olf_domain,8.265143625734833e-05
699,2,69,additional_local_disorder,8.222059304052287e-05
700,2,70,method_sample,8.701008231207967e-05
701,2,70,enzyme_recognition_loop,8.484554340961932e-05
702,2,70,high_e_value,8.32917575698079e-05
703,2,70,carboxylic_acid_anion,8.317556217965582e-05
704,2,70,weak_intermolecular_pi,8.293125074615842e-05
705,2,70,general_formula_similar_hexahydroxidometallate,8.265711843331794e-05
706,2,70,general_mathematical_problem,8.25128062074752e-05
707,2,70,chloro_ligand,8.222157602839444e-05
708,2,70,atomic_vibration_tensor,8.217434677486006e-05
709,2,70,fmn_cycliz_reaction_mechanism,8.152918189985802e-05
710,2,71,maximum_resolution,8.558893112374654e-05
711,2,71,perchlorate_anion_reside_pocket,8.483813223690033e-05
712,2,71,antiparallel_manner_metal_atom,8.469332554003077e-05
713,2,71,dimensional_search,8.38256109278412e-05
714,2,71,bis_monodentate_bridge_mode,8.298877963949919e-05
715,2,71,mdap_glu_gamma,8.231139742924361e-05
716,2,71,adjacent_mononuclear_unit,8.199880220134719e-05
717,2,71,phosphine_ligand,8.18316147794438e-05
718,2,71,co_linear,8.142306376693936e-05
719,2,71,diblock_copolymer,8.136141713308312e-05
0,3,0,syn_orientation,8.187705764962919e-05
1,3,0,hetero_antiparallel,8.155139417819923e-05
2,3,0,damage_strain,8.060340283739692e-05
3,3,0,cis_form,8.006352013829933e-05
4,3,0,embryonic_muscle,7.902603186089015e-05
5,3,0,complete_cation,7.860692753655547e-05
6,3,0,celd_cellulase_dockerin_module,7.763541186138435e-05
7,3,0,viral_infection,7.708995846315084e-05
8,3,0,l_phenylalanine_molecule,7.691205230230005e-05
9,3,0,dimer_destabilize_property,7.676625470450808e-05
10,3,1,vitro_study,8.081914565550614e-05
11,3,1,respect_orient_tran,7.988193562110143e-05
12,3,1,bacterial_pathogen_potent_activity,7.899157023807527e-05
13,3,1,crystal_average_structure,7.890698769418884e-05
14,3,1,sr_corner_share_octahedron,7.876431835913798e-05
15,3,1,develope_crystal_growth_direction,7.849859954491311e-05
16,3,1,negative_strand_rna_synthesis,7.840075997619203e-05
17,3,1,middot_minus_molecular_salt,7.835207397675087e-05
18,3,1,methoxybenzene_ring_tolyl_plane,7.764573397799246e-05
19,3,1,unique_b_axis,7.718580456791526e-05
20,3,2,little_account,8.108752631817155e-05
21,3,2,detectable_change,7.970840598495848e-05
22,3,2,anomalous_scatter_effect_magnitude,7.937816969630944e-05
23,3,2,pseudo_centrosymmetric_dimer,7.903028302668707e-05
24,3,2,dope_level,7.838198936860829e-05
25,3,2,material_layer,7.803945731860215e-05
26,3,2,nitrophenyl_moiety,7.733855785590987e-05
27,3,2,c_d,7.700363075645818e-05
28,3,2,automate_model_build_procedure,7.679765669437152e-05
29,3,2,b_a_molecule,7.663727061539648e-05
