,run,topic,terms,p
nd,8.728535981079005e-05
1,1,0,great_tran,8.606675661228464e-05
2,1,0,registration_time_minute,8.529299445623491e-05
3,1,0,shorten_c_n_bond,8.435414872401689e-05
4,1,0,axially_coordinate_perchlorate_ion,8.421819421121404e-05
5,1,0,complex_znii_atom,8.39793062288509e-05
6,1,0,card_domain,8.343472219326747e-05
7,1,0,tile_set,8.301650929519503e-05
8,1,0,single_site,8.293298091960316e-05
9,1,0,beta_oxidative_addition,8.25720217589657e-05
10,1,1,ex_situ_sample,8.94590461254575e-05
11,1,1,intercalate_methanol_solvent_molecule,8.568551658328368e-05
12,1,1,investigator_instruction,8.306648828479544e-05
13,1,1,p_level,8.302372442893333e-05
14,1,1,secrete_fungal_protein,8.290070421016082e-05
15,1,1,medicinal_agent,8.28150164155236e-05
16,1,1,b_dna_decamer_crystal,8.274925788562033e-05
17,1,1,acta_crystallographica_section_e,8.235877540300804e-05
18,1,1,solvent_coordinate_water_molecule,8.207122124508278e-05
19,1,1,symmetry_role,8.202201997173802e-05
20,1,2,anomalous_scatter_correction,9.012225388735895e-05
21,1,2,equatorial_orientation,8.636855657783365e-05
22,1,2,framework_structure,8.46605815564169e-05
23,1,2,water_molecule_anion,8.43746709982384e-05
24,1,2,topographic_method_optical_property,8.431123083126776e-05
25,1,2,n_oxide_atom,8.426380662537392e-05
26,1,2,order_nlo,8.294572097848111e-05
27,1,2,aring_co_o,8.276032428937737e-05
28,1,2,framework_form_group_mu,8.275256404870876e-05
29,1,2,bridge_methylene,8.273924583803181e-05
30,1,3,mm_spot,8.557169841896808e-05
31,1,3,ester_chain,8.495509341857679e-05
32,1,3,dynamical_image,8.422334116061221e-05
33,1,3,non_trivial_bound_automorphism,8.366151220191831e-05
34,1,3,pyridoxine_prime_pnpoxs_oxidase,8.361107045470184e-05
35,1,3,vm_asymmetric_unit,8.316611996747525e-05
36,1,3,new_member,8.24638088203646e-05
37,1,3,cell_surface_transmembrane_protein,8.208617747148414e-05
38,1,3,dynamic_beam_size_change,8.204690247345355e-05
39,1,3,relative_configuration,8.19730119026195e-05
40,1,4,sample_symmetry_change,8.685287117957114e-05
41,1,4,intermolecular_interaction_molecule_link,8.515728028888373e-05
42,1,4,crystalline_sample,8.49989597760112e-05
43,1,4,zwitterionic_state,8.438793317192626e-05
44,1,4,methoxybenzoyl_group,8.317966175757055e-05
45,1,4,carbohydrate_structure,8.310598761226315e-05
46,1,4,emit_positron,8.259131629569486e-05
47,1,4,metal_organic_framework_construction,8.226910057893644e-05
48,1,4,enzyme_phosphoethanolamine_transferase,8.22638379382966e-05
49,1,4,molecular_reference_frame_conversion,8.221863435213018e-05
50,1,5,tetramer_ellipsoidal_shape,8.348766929985447e-05
51,1,5,deinococcus_radioduran,8.34724600403167e-05
52,1,5,methanol_thiocarbonohydrazide,8.323691935904193e-05
53,1,5,minus_ligand,8.282288823129956e-05
54,1,5,curve_different_type,8.274297145959071e-05
55,1,5,selectivity_difference,8.270485154157753e-05
56,1,5,spectral_feature_library,8.256411938808464e-05
57,1,5,z_deg,8.213503693864771e-05
58,1,5,extracellular_signal_regulate_kinase,8.2048327667268e-05
59,1,5,extensive_weak_pi,8.173427760057469e-05
60,1,6,microscopic_scale,8.892685653989567e-05
61,1,6,hydrogen_bond_diverse_system,8.668618008830956e-05
62,1,6,axis_parallel_ribbon,8.566913606646617e-05
63,1,6,middot_minus_salt,8.502561092394698e-05
64,1,6,bragg_profile_angular_displacement,8.403069925138499e-05
65,1,6,flat_cell_geometry,8.362427875991475e-05
66,1,6,one_molecule,8.230263690970064e-05
67,1,6,remarkable_feature_negative_charge,8.229483040265543e-05
68,1,6,infinite_strand,8.170589065499719e-05
69,1,6,acid_gene_product,8.170380636850813e-05
70,1,7,hexagonal_material,8.716017500457501e-05
71,1,7,isoquinoline_group,8.655012858708857e-05
72,1,7,pyrene_ring,8.622866188748383e-05
73,1,7,macromolecular_refinement,8.536138421651837e-05
74,1,7,chloride_reaction_product,8.512999915951065e-05
75,1,7,optimal_bind_pocket,8.450745477438245e-05
76,1,7,beta_ion,8.416822785852511e-05
77,1,7,symmetry_center_cyclic_dimer,8.401079225196445e-05
78,1,7,raman_scatter_datum,8.396531743931875e-05
79,1,7,oligomerization_state_correlation,8.35757687258577e-05
80,1,8,single_crystal_formation,8.589107598758734e-05
81,1,8,heterodyne_xpcs_experiment_result,8.57892511692899e-05
82,1,8,sim_factor,8.567484395667095e-05
83,1,8,general_mathematical_problem,8.517842921412263e-05
84,1,8,benzene_ring_plane_deg,8.374397095238112e-05
85,1,8,measure_curve,8.364485821573035e-05
86,1,8,chemical_vapour,8.355066508048722e-05
87,1,8,pentameric_form,8.33747928212131e-05
88,1,8,ribosome_structural_study,8.303556592156015e-05
89,1,8,fluorophenyl_ring_methoxyphenyl_deg,8.283724402052456e-05
90,1,9,subtle_structural_variation,8.88050446750903e-05
91,1,9,result_procedure,8.654850000529967e-05
92,1,9,crystal_lattice_disorder,8.620280148242745e-05
93,1,9,occupancy_site_set,8.456908208347455e-05
94,1,9,van_der_waals_interaction,8.35055551288857e-05
95,1,9,phase_transition_chemical_reaction,8.320173932308302e-05
96,1,9,structure_solution_process,8.30134090881812e-05
97,1,9,deviation_group,8.28431348506009e-05
98,1,9,dimensional_chain,8.254951529607496e-05
99,1,9,geometric_solution,8.249580343866757e-05
100,1,10,penicillium_specie_exudate,8.581030862386122e-05
101,1,10,averbach_procedure,8.457699147516524e-05
102,1,10,lambda_mok_alpha_radiation,8.442460399361663e-05
103,1,10,trifluoromethyl_group,8.433766374989218e-05
104,1,10,equal_bi_n_bond,8.402339461242742e-05
105,1,10,anchor_hemicellulas_cellulase,8.354070127135874e-05
106,1,10,reciprocal_space_scatter_diffuse,8.344064055240688e-05
107,1,10,bovine_rat_homologue,8.317559737094377e-05
108,1,10,intensity_function_spherical_average,8.27504158739731e-05
109,1,10,glycine_cleavage_system_enzyme,8.197396779923018e-05
110,1,11,element_speciation,8.631637653893083e-05
111,1,11,complex_integration,8.580457252242928e-05
112,1,11,sn_c,8.528881805033913e-05
113,1,11,complex_diffractometer_control_unit,8.474845753805448e-05
114,1,11,mutans_analysis,8.41550181978824e-05
115,1,11,dimeric_ngal_crystal,8.393701210630628e-05
116,1,11,tran_pyrazine,8.356432169069691e-05
117,1,11,little_effect,8.28095340576618e-05
118,1,11,crystalline_inclusion_gas_clathrate,8.267526586201847e-05
119,1,11,base_presence,8.2094465170599e-05
120,1,12,solid_liquid_phase_diagram,8.987375107246945e-05
121,1,12,peak_asymmetry_function,8.913262287013737e-05
122,1,12,refine_model,8.696217559007159e-05
123,1,12,carbonyl_c_o,8.462235195137288e-05
124,1,12,obtain_pattern,8.339560019958103e-05
125,1,12,respiratory_syncytial_virus_nucleocapsid,8.293120535131327e-05
126,1,12,mycoplasma_pneumonia,8.272830641469116e-05
127,1,12,alternative_fuel_source,8.271809570327787e-05
128,1,12,f_interaction,8.247367406869333e-05
129,1,12,non_link_cage,8.228412643775747e-05
130,1,13,dead_time_r_nbsp,8.529215662002401e-05
131,1,13,recently_synthesize_quasicrystal,8.356909950192955e-05
132,1,13,metal_thiocyanate_interaction,8.294905537813697e-05
133,1,13,unbind_subtype_b,8.260273823576772e-05
134,1,13,n_distance_pd,8.257218821568126e-05
135,1,13,distort_octahedron,8.250984277809649e-05
136,1,13,scintillator_plate,8.221444461849745e-05
137,1,13,evaluation_synthesis_design,8.21289017653929e-05
138,1,13,nc_net,8.19365865930197e-05
139,1,13,if_g,8.164795718484672e-05
140,1,14,anomalous_experiment,8.750162224925942e-05
141,1,14,benzene_ring_pyridine,8.74198533777942e-05
142,1,14,c_h_layer,8.629669021868441e-05
143,1,14,electron_diffraction_tomography,8.500147718589259e-05
144,1,14,cryocool_crystal_radiation_damage,8.420634670718609e-05
145,1,14,alpha_synthetic_derivative_study,8.325315246529024e-05
146,1,14,proteasome_form_barrel_shape,8.32174834085466e-05
147,1,14,aerial_mycelium_formation,8.298568021408676e-05
148,1,14,minus_fluoride_source_novel,8.282700815948765e-05
149,1,14,relate_different_polymorph,8.265539000385494e-05
150,1,15,main_chain,8.721913631407223e-05
151,1,15,intersect_channel,8.60484251515375e-05
152,1,15,phosphate_iron_vanadate,8.573435530542164e-05
153,1,15,atom_significant_pyramidalization,8.572924035771182e-05
154,1,15,srs_scientific_highlight_selection,8.50894183844342e-05
155,1,15,long_wavelength_laser,8.431518808336054e-05
156,1,15,deep_cleave,8.37197830722555e-05
157,1,15,similar_determination,8.370427596927586e-05
158,1,15,cl_minus_anion,8.356263464926925e-05
159,1,15,beamline_synchrotron_datum,8.354221277628764e-05
160,1,16,oligomeric_saccharide_structure,8.726373020136878e-05
161,1,16,test_nbsp_case_numb,8.637163531162994e-05
162,1,16,middot_crystal_structure,8.549856140425689e-05
163,1,16,cite_reason,8.388601843426432e-05
164,1,16,complete_fumarate_dianion,8.367884221879752e-05
165,1,16,mirror_symmetric_array,8.332971799012204e-05
166,1,16,common_use,8.251628172982204e-05
167,1,16,isomorphous_replacement_replacement_atom,8.247542534094396e-05
168,1,16,benzaldoxime_reaction,8.243356093663022e-05
169,1,16,little_consistency,8.231867162909685e-05
170,1,17,single_crystal_measurement,8.751800659161599e-05
171,1,17,sodium_acetate,8.562179490163993e-05
172,1,17,water_molecule_rearrangement,8.506891794316337e-05
173,1,17,boat_chair_conformation,8.480677457121565e-05
174,1,17,optic_element,8.411042309910662e-05
175,1,17,respectively_aring_aring_distance,8.385041638868906e-05
176,1,17,hard_x_ray_undulator,8.38055330864296e-05
177,1,17,product_carbonyl,8.34502527812681e-05
178,1,17,stack_pi_aromatic_pi,8.280421425001824e-05
179,1,17,material_catalysis_science,8.176279060514801e-05
180,1,18,benzene_ring_middle,8.608011925564628e-05
181,1,18,intestinal_colonization,8.512544722357987e-05
182,1,18,bulk_sample,8.479992055493199e-05
183,1,18,numerical_determination,8.425473746310737e-05
184,1,18,subtype_b,8.411222878963307e-05
185,1,18,v_o,8.277781853849397e-05
186,1,18,unique_c,8.223336915029606e-05
187,1,18,pumice_structure,8.212299227634652e-05
188,1,18,limit_understand,8.200266534712655e-05
189,1,18,crystallographica_section_e,8.166523442048046e-05
190,1,19,minus_adci,8.780111648538786e-05
191,1,19,sulfonate_group_hydrogen_bond,8.52345029146109e-05
192,1,19,topo_tomography_method,8.513060171809547e-05
193,1,19,communication_path,8.492229441820566e-05
194,1,19,crystallization_phase_diagram_region,8.487667477063668e-05
195,1,19,ultrasonic_vibration_addition,8.47218453436576e-05
196,1,19,dilute_silica,8.422925390312404e-05
197,1,19,physiological_dimer_interface,8.384831106826537e-05
198,1,19,microscopic_description,8.292820851449548e-05
199,1,19,occupancy_site,8.254064898222055e-05
200,1,20,wavelength_measurement,8.584290209037837e-05
201,1,20,unfavoured_form,8.534393758207606e-05
202,1,20,mu_n_methylethanolamine_mu,8.429762955894627e-05
203,1,20,n_anomeric_effect,8.410611947899622e-05
204,1,20,alkaline_cellulase,8.35613525859833e-05
205,1,20,sample_priori_information,8.328461537125073e-05
206,1,20,pioneering_experiment,8.269779821409072e-05
207,1,20,catalytic_mechanism,8.23794622143423e-05
208,1,20,half_maximum_width,8.222177330221353e-05
209,1,20,columnar_arrangement,8.18494649127759e-05
210,1,21,aotc_cje_campylobacter_jejuni,8.590338407061533e-05
211,1,21,further_amine_carboxyl,8.335782163037505e-05
212,1,21,prior_information,8.329282521207028e-05
213,1,21,dimensional_parallel_network,8.32615126206486e-05
214,1,21,domain_interface_structure,8.224318452215465e-05
215,1,21,normal_aromatic_ring,8.183148320202965e-05
216,1,21,unsubstituted_meso_position,8.16682727386007e-05
217,1,21,early_know_azaaromatic_chloride,8.116246737058179e-05
218,1,21,te_atom,8.108714657270037e-05
219,1,21,unfold_protein_response,8.102692219970884e-05
220,1,22,conventional_high_temperature_reaction,9.121526510127635e-05
221,1,22,liquid_suspension,9.005076454279743e-05
222,1,22,parameter_study_microreactor,8.716798890794176e-05
223,1,22,unfold_procedure_profile_fit,8.580161663894494e-05
224,1,22,functional_significance,8.564385274378432e-05
225,1,22,layer_form_dication,8.552360096209435e-05
226,1,22,tetrahedron_pressure_linearly_decrease,8.465064397158085e-05
227,1,22,additional_pi_pi,8.450732426681529e-05
228,1,22,mean_plane_dihedral_angle,8.331306021013302e-05
229,1,22,relatively_rapid_dissolution,8.307973156635615e-05
230,1,23,new_intermetallic,8.712388162019865e-05
231,1,23,peak_intensity,8.598292997163376e-05
232,1,23,pqq_cofactor_ring,8.286195689519794e-05
233,1,23,crystal_parameter,8.257152760646761e-05
234,1,23,phenyl_ring,8.251014911128598e-05
235,1,23,complex_crystal,8.235112109958992e-05
236,1,23,large_terephthal_butylaniline,8.163551992009255e-05
237,1,23,factor_effect,8.144511492638752e-05
238,1,23,wikipedia_scoliosis,8.144136409235581e-05
239,1,23,inverse_gross_physical_property,8.128465639837034e-05
240,1,24,spatial_resolution,8.88322995103691e-05
241,1,24,transcription_ctd_conformational_status,8.628361651384831e-05
242,1,24,square_grid_motif,8.601190843975422e-05
243,1,24,holmium_liii_absorption_edge,8.440576007964399e-05
244,1,24,l_crystallographically_relate_ligand,8.43685779560329e-05
245,1,24,potent_selective_kinase_inhibitor,8.355702389008468e-05
246,1,24,dash_structure_solution_program,8.318759699361822e-05
247,1,24,o_electrostatic_interaction,8.31575971927362e-05
248,1,24,slightly_distort_octahedral_structure,8.285937485964261e-05
249,1,24,weak_c,8.221749702548101e-05
250,1,25,amine_combination,8.710740311861982e-05
251,1,25,asymmetric_unit_atom,8.493296662595684e-05
252,1,25,clathrin_bind,8.442286132126146e-05
253,1,25,key_technology,8.349542570882042e-05
254,1,25,hydrolytic_enzyme,8.291028153344627e-05
255,1,25,rock_curve_profile,8.285274663004675e-05
256,1,25,catecholic_dioxygenase,8.275543889754175e-05
257,1,25,substitute_cyclopentadienyl_ring,8.208877219249557e-05
258,1,25,w_co_bond,8.203414391991132e-05
259,1,25,pta_ligand,8.196781625048743e-05
260,1,26,high_al_content_plane,8.493617115960651e-05
261,1,26,n_interaction_chain,8.416575480987989e-05
262,1,26,br_contact,8.320072503437529e-05
263,1,26,amino_group,8.269202169668824e-05
264,1,26,optimize_structure,8.263455030053117e-05
265,1,26,imine_tautomer,8.220818639168008e-05
266,1,26,sandwich_structure,8.169590461541369e-05
267,1,26,molecule_bridge,8.148932737198227e-05
268,1,26,crystal_pack_channel,8.084584522375514e-05
269,1,26,salt_like_adduct_formation,8.080314282780966e-05
270,1,27,hydrogen_bond_pseudo,8.749875735148519e-05
271,1,27,diffraction_profile_analysis,8.36434519192089e-05
272,1,27,derive_diffractometer_coordinate,8.316418031806746e-05
273,1,27,monoclinic_structure,8.248909952338776e-05
274,1,27,atp_bind_pocket,8.244515084376565e-05
275,1,27,lamellar_nanocomposite,8.243578213405334e-05
276,1,27,o_deg,8.196561953422942e-05
277,1,27,dsb_protein_wide_repertoire,8.179835620489257e-05
278,1,27,measure_reflectivity_comparison,8.135032894083736e-05
279,1,27,structure_type_structural_fragment,8.133214457766134e-05
280,1,28,currently_available_material,8.528363359421879e-05
281,1,28,expression_vector,8.373425444253275e-05
282,1,28,naphthalene_contain_polyether,8.264243609368615e-05
283,1,28,protective_layer,8.245249437580963e-05
284,1,28,crystal_spatial_distribution,8.210439723718104e-05
285,1,28,half_asymmetric_unit_tetramer,8.195832481329447e-05
286,1,28,n_s_atom,8.18583992443199e-05
287,1,28,biological_macromolecule_crystallization,8.180770406896418e-05
288,1,28,kappa_kappa_kappa,8.163422167889566e-05
289,1,28,nitrite_reductase,8.104467547005224e-05
290,1,29,o_deg_angle,8.755978681419104e-05
291,1,29,scan_calorimetry,8.606959886584131e-05
292,1,29,racemic_cation,8.551104127080625e-05
293,1,29,form_dihedral_angle,8.260787569048482e-05
294,1,29,relaxation_static_calculation,8.173404414227924e-05
295,1,29,borane_h,8.163040305587104e-05
296,1,29,operation_speed,8.152320288538491e-05
297,1,29,basic_principle,8.136794385851563e-05
298,1,29,necessary_correction,8.111546191038968e-05
299,1,29,photographic_intensity,8.106771228915008e-05
300,1,30,heavy_atom_derivative_crystal,8.978474901769857e-05
301,1,30,solid_state_molecular_structure,8.509524279258007e-05
302,1,30,prime_ligand,8.480429467407558e-05
303,1,30,conrotatory_fashion,8.479607748491937e-05
304,1,30,sn_atom,8.466264979552054e-05
305,1,30,fip_large_value,8.40159398741628e-05
306,1,30,low_absorption_small_dimension,8.380760401740263e-05
307,1,30,estimate_s_anomalous_signal,8.375918842339582e-05
308,1,30,give_configuration,8.37568056079669e-05
309,1,30,reaction_mixture,8.312290106392349e-05
310,1,31,crystal_in_o_h,8.722995145009138e-05
311,1,31,alkaline_phosphatase,8.685779688551034e-05
312,1,31,degree_order,8.670804246916185e-05
313,1,31,modulation_direction,8.630372235464603e-05
314,1,31,emerge_new_structure,8.54331741900439e-05
315,1,31,antimicrobial_peptide_resistance,8.410222120223938e-05
316,1,31,orthorhombic_packing,8.374066918341423e-05
317,1,31,axis_position,8.247785976829641e-05
318,1,31,cytidine_analogue_molecule,8.212343757041728e-05
319,1,31,librational_translational_motion,8.182789471255914e-05
320,1,32,surface_science,8.945157879635344e-05
321,1,32,pdii_atom,8.877478402979156e-05
322,1,32,statistical_model,8.505471711257001e-05
323,1,32,high_bind_affinity,8.429776374241439e-05
324,1,32,strontium_magnesium,8.370887802972306e-05
325,1,32,dihedral_angle_quinoline_plane,8.354573043312136e-05
326,1,32,total_path,8.287140631654395e-05
327,1,32,reductase_variety,8.279751580555414e-05
328,1,32,although_chlorpropamide_polymorphic_property,8.26623350570521e-05
329,1,32,enumeration_construction,8.255623741974792e-05
330,1,33,propylaminomethyl_chain,8.624490509432219e-05
331,1,33,precipitant_polyethylene_glycol,8.442374323966925e-05
332,1,33,chiral_angle_special_value,8.418077747712798e-05
333,1,33,sr_atom,8.402917506279525e-05
334,1,33,motility_flagellar_assembly,8.330574668440776e-05
335,1,33,example_scan,8.328041941959926e-05
336,1,33,well_aring_resolution,8.293753997969298e-05
337,1,33,leg_piano_stool_geometry,8.285913563005531e-05
338,1,33,as_bond_distance_ag,8.282412135876076e-05
339,1,33,non_monotonic_intensity_variation,8.236904840364085e-05
340,1,34,benzimidazole_ring_system,8.778430791391597e-05
341,1,34,field_emission,8.62094475718258e-05
342,1,34,polydispersity_exponent,8.475928873889852e-05
343,1,34,zwitterionic_molecule,8.440008605518295e-05
344,1,34,pyrophosphate_group,8.418113437734787e-05
345,1,34,crystal_conformation_pack,8.334804796726592e-05
346,1,34,individual_profile_fit_technique,8.248998887455008e-05
347,1,34,sniv_atom,8.212862937809621e-05
348,1,34,free_diffraction_datum_error,8.204106092456846e-05
349,1,34,square_method,8.192502655090716e-05
350,1,35,structural_order,8.536193838044656e-05
351,1,35,n_mean_plane_deg,8.524606936909072e-05
352,1,35,moir_theory,8.49971085685218e-05
353,1,35,measurement_type,8.496609159141713e-05
354,1,35,g_similar_density,8.435048463302326e-05
355,1,35,thgr_goniometer,8.370719876241483e-05
356,1,35,aring_interaction,8.342496150341558e-05
357,1,35,sodium_dicyanamide_dafo,8.315149461961014e-05
358,1,35,structural_characteristic,8.305406234657388e-05
359,1,35,dsrd_b_dna_decamer,8.269892271784348e-05
360,1,36,real_structure_configuration,8.551719228158685e-05
361,1,36,scatter_length_profile,8.524817373541983e-05
362,1,36,bragg_reflexion,8.470114326822952e-05
363,1,36,layer_linkage,8.374475000131529e-05
364,1,36,water_molecule_oxalate_ligand,8.365909655541116e-05
365,1,36,zn_cl_plane,8.352170535815466e-05
366,1,36,mu_o_tetrakis_complex,8.286040544312675e-05
367,1,36,complete_fumarate_dianion,8.245201936058902e-05
368,1,36,result_calculation,8.2212005475234e-05
369,1,36,intermolecular_c_h_pair,8.21765300116728e-05
370,1,37,guest_specie_structural_organisation,8.792299981668675e-05
371,1,37,tetramer_interface,8.421761045246926e-05
372,1,37,crystallographic_resolution,8.294100608558706e-05
373,1,37,non_link_cage,8.278771091205766e-05
374,1,37,electron_density_profile,8.252926767424583e-05
375,1,37,methoxymethyl_phenyl,8.248755661737818e-05
376,1,37,incident_wave_effective_width,8.236139015988157e-05
377,1,37,technology_advance,8.207413867107222e-05
378,1,37,engineer_student_innovative_scientist,8.201252143735168e-05
379,1,37,embryonically_lethal_abnormal_vision,8.191193362639951e-05
380,1,38,imino_n_atom,8.899414428822877e-05
381,1,38,standard_set,8.568695564515537e-05
382,1,38,general_formula,8.45744626287269e-05
383,1,38,thiocyanate_group,8.439781837624157e-05
384,1,38,guinier_camera,8.425197869365194e-05
385,1,38,isocyanide_group,8.421945155067579e-05
386,1,38,subunit_beta,8.396373274526297e-05
387,1,38,prior_information,8.386472231765722e-05
388,1,38,recombinant_triosephosphate_isomerase,8.367024376030195e-05
389,1,38,radiation_damage_effect,8.362084413457934e-05
390,1,39,tetrahedron_angle,8.902909723024799e-05
391,1,39,bbtz_ligand_benzene_ring,8.627050205241181e-05
392,1,39,target_function,8.586375453420199e-05
393,1,39,extend_chain,8.491108800068724e-05
394,1,39,centrosymmetric_site,8.462759855857406e-05
395,1,39,structure_function,8.381741482575856e-05
396,1,39,heat_load,8.339653967590444e-05
397,1,39,micro_be_crystal,8.299632237628593e-05
398,1,39,methylene_group,8.287981852036651e-05
399,1,39,solvent_coordinate_water_molecule,8.252926912563192e-05
400,1,40,optical_rotation_sign,8.628456578046915e-05
401,1,40,gatenet_module,8.590146833652526e-05
402,1,40,antivirulence_drug_development,8.36161717580938e-05
403,1,40,peak_shape_suitable_description,8.24652850198454e-05
404,1,40,peo_corona,8.182256413073935e-05
405,1,40,streptococcus_mutan,8.173759899421733e-05
406,1,40,present_report,8.168029509249893e-05
407,1,40,indole_unit,8.154296002386132e-05
408,1,40,avalanche_photodiode_detector,8.137758466886373e-05
409,1,40,approximately_mm,8.13526074320214e-05
410,1,41,modify_overlap_sphere_method,8.386098551813647e-05
411,1,41,cis_anion,8.279697245405524e-05
412,1,41,x_ray_wideband_holography,8.188853304944038e-05
413,1,41,anomalous_scatter_curve,8.185942398481724e-05
414,1,41,middot_minus_structure,8.155372938950457e-05
415,1,41,form_channel,8.149517136950243e-05
416,1,41,pathogenic_specie,8.13160380316533e-05
417,1,41,counter_anion_link,8.126066782040412e-05
418,1,41,heterocyclic_thiazine_ring,8.09523112793163e-05
419,1,41,low_temperature_datum,8.077465524695868e-05
420,1,42,broad_size_distribution,8.700932287543191e-05
421,1,42,cuii_ion_geometry,8.667728183935518e-05
422,1,42,ester_methoxyimino,8.623248985195987e-05
423,1,42,strong_mandate,8.605320015470978e-05
424,1,42,conformation_parameter,8.485706350832886e-05
425,1,42,datum_collection_derive_parameter,8.462330912388702e-05
426,1,42,free_base,8.448095943939851e-05
427,1,42,spallation_neutron,8.362178364685211e-05
428,1,42,triazene_ligand,8.356911766073895e-05
429,1,42,datum_range,8.337663590416466e-05
430,1,43,cuii_cation,8.977873588944342e-05
431,1,43,molecular_nanomaterial,8.810362288882619e-05
432,1,43,sample_solution_a,8.593106787432307e-05
433,1,43,viv_atom,8.592016524708444e-05
434,1,43,atomic_vibration_component,8.552102668799342e-05
435,1,43,molecular_fragment_dynamic,8.454651086272234e-05
436,1,43,key_challenge,8.446885748657729e-05
437,1,43,trial_structure,8.424365737508117e-05
438,1,43,concise_formula,8.416970482721443e-05
439,1,43,lennard_jones_model,8.409490285239365e-05
440,1,44,tetrahedral_substructural_unit,8.872121395573007e-05
441,1,44,waals_der,8.653155447706851e-05
442,1,44,wyckoff_position_single_site,8.428866445583896e-05
443,1,44,low_barrier_hydrogen_bond,8.31164905249422e-05
444,1,44,meso_position,8.310596003981225e-05
445,1,44,type_ii_crystal,8.26192348384621e-05
446,1,44,heptad_repeat,8.192615003926012e-05
447,1,44,etc_soft_shell,8.192390684998659e-05
448,1,44,p_aminobenzoylhydrazone,8.18499523234284e-05
449,1,44,measure_triplet_phasis_value,8.159162519828011e-05
450,1,45,square_planar_geometry,8.804319319323928e-05
451,1,45,electron_storage,8.505252878873801e-05
452,1,45,considerable_variability,8.413112411267424e-05
453,1,45,find_distance,8.35521904300305e-05
454,1,45,usual_crystallization_process,8.345529100619126e-05
455,1,45,twin_scale,8.310418200842505e-05
456,1,45,temperature_range,8.275705301616136e-05
457,1,45,effective_drug_treatment_vaccine,8.269785242354971e-05
458,1,45,toluene_solvent_molecule,8.269579286784276e-05
459,1,45,nicotine_ligand,8.20843798295577e-05
460,1,46,crystal_cation_distribution,8.931051919520766e-05
461,1,46,ion_molecule,8.505327043222994e-05
462,1,46,near_planarity,8.375742655085931e-05
463,1,46,advance_research,8.224861945427374e-05
464,1,46,tetradentate_ligand,8.18017064681654e-05
465,1,46,usans_option,8.168782139946672e-05
466,1,46,cement_industry,8.168162622371761e-05
467,1,46,micellar_surface,8.161599249347998e-05
468,1,46,sulfonate_ligand,8.129755541553856e-05
469,1,46,vacuum_uv,8.122185070002528e-05
470,1,47,one_znii_center,9.29835990671106e-05
471,1,47,tensor_property,8.64026733650492e-05
472,1,47,iii_polyketide_synthase,8.543166877018046e-05
473,1,47,dynamic_nature,8.402452845200944e-05
474,1,47,numerical_determination,8.355321210935572e-05
475,1,47,ligand_carboxylate_amino_group,8.318819957259432e-05
476,1,47,immunosuppressant_synthetic_study_prepare,8.274006429035591e-05
477,1,47,measure_curve,8.25113949238149e-05
478,1,47,enantiomorphic_space_group_determination,8.167954969180827e-05
479,1,47,sample_impose_external_stimulus,8.164895335631575e-05
480,1,48,increase_interest,8.614398128024111e-05
481,1,48,inositol_hydrolysis,8.529979838215054e-05
482,1,48,structural_detail,8.504360053875671e-05
483,1,48,octahedral_manner,8.46900292221851e-05
484,1,48,true_space_group_atom,8.444109065538256e-05
485,1,48,slip_pi_pi,8.392358744612499e-05
486,1,48,alpha_aring_c_b,8.384540247055166e-05
487,1,48,racemic_twin,8.373744381381444e-05
488,1,48,strain_influence,8.269204335979731e-05
489,1,48,respectively_deg_dihedral_angle,8.245795310530907e-05
490,1,49,recent_decade,8.593690603173625e-05
491,1,49,exist_phase_method,8.558929794449129e-05
492,1,49,pentafluorophenyl_ring_thiophene,8.462161434705707e-05
493,1,49,empirical_correction,8.457063816453261e-05
494,1,49,triazine_n_atom,8.386988066464062e-05
495,1,49,carbazole_ring_system,8.36859414705237e-05
496,1,49,tertiary_amine_n_atom,8.313281513857985e-05
497,1,49,guinier_diffractometer,8.303769751628572e-05
498,1,49,know_protein_structure_database,8.295705765414949e-05
499,1,49,traditional_peer_review_process,8.264388325368951e-05
0,2,0,x_p,9.238738615985334e-05
1,2,0,zinc_bind_site,8.311064509925712e-05
2,2,0,low_content_component,8.134822835617653e-05
3,2,0,ug_rich_repeat,8.122397344733278e-05
4,2,0,structure_symmetry_examine_purpose,8.117284880160129e-05
5,2,0,bipy_chain,8.116512384293687e-05
6,2,0,flexible_beta,8.104490351242235e-05
7,2,0,extreme_environmental_condition,7.993469248623183e-05
8,2,0,methodology_routine_application,7.988333758202728e-05
9,2,0,double_pinhole_experiment,7.987614127708887e-05
10,2,1,dioxidovanadium_complex,8.444396127433486e-05
11,2,1,layer_structure,8.312417500593936e-05
12,2,1,structure_herringbone_like_pack,8.250469984265699e-05
13,2,1,valuable_information,8.232070654310141e-05
14,2,1,variable_strain,8.146289497383362e-05
15,2,1,waste_liquor,8.043803836091117e-05
16,2,1,positive_probability,7.986479578208594e-05
17,2,1,molecule_disorder,7.971662674244083e-05
18,2,1,dimensional_hybrid_pixel_detector,7.942713912453143e-05
19,2,1,nucleotide_sequence_specificity,7.897473067807622e-05
20,2,2,krahl_amp,8.496033185782932e-05
21,2,2,flatten_cone_conformation,8.262718099783644e-05
22,2,2,resorcinol_formaldehyde_gel,8.17346650045695e-05
23,2,2,hybrid_material,8.154201193266657e-05
24,2,2,keto_enol_form,8.073065071092517e-05
25,2,2,ion_form_network,8.06068223496143e-05
26,2,2,detector_geometry,8.055421124730456e-05
27,2,2,biomolecular_simulation,8.050205173960389e-05
28,2,2,si_atom_coordinaton,7.995981393452493e-05
29,2,2,cn_minus,7.942924059020055e-05
30,2,3,confusion_goniometer,8.758344908262611e-05
31,2,3,bridge_cdii_atom,8.51343384022168e-05
32,2,3,transmission_electron,8.274095346861111e-05
33,2,3,atom_vicinity,8.267288131558565e-05
34,2,3,alpha_line,8.124871220936995e-05
35,2,3,rapid_sample,8.0849621357155e-05
36,2,3,homeomorphic_barycentric_representation,8.078238977942757e-05
37,2,3,project_information,8.074639128435915e-05
38,2,3,o_atom_arsine_ligand,8.064218819848524e-05
39,2,3,charge_transfer_transition,8.058126992977178e-05
40,2,4,middot_anion_te_atom,8.199012422043706e-05
41,2,4,usual_chair_conformation,8.135554228930702e-05
42,2,4,latent_variable_space,8.079472177834248e-05
43,2,4,surface_analysis,7.992180380152451e-05
44,2,4,n_triphenylmethylamine_functional_group,7.974991245845336e-05
45,2,4,virtual_bragg_scatter,7.962906499388585e-05
46,2,4,refine_minor_component,7.953169933781094e-05
47,2,4,molecule_exhibit_axial_chirality,7.932419333848467e-05
48,2,4,datum_set,7.88524290937144e-05
49,2,4,supramolecular_network,7.871425622839932e-05
50,2,5,maleonitriledithiolate_ligand_s_atom,8.39050677339162e-05
51,2,5,bridge_ligand_act_ligand,8.284307982676729e-05
52,2,5,exafs_experiment,8.173941453011261e-05
53,2,5,empirical_fit_function,8.083637537088461e-05
54,2,5,amide_o_atom,8.061566354763776e-05
55,2,5,damage_profile,8.043055617887928e-05
56,2,5,phenyl_outermost_pyrazole_benzene,8.023369791824975e-05
57,2,5,detector_efficiency,8.01474389897361e-05
58,2,5,chelidamic_acid,7.990429620715245e-05
59,2,5,rule_compact_formula,7.925780049920713e-05
