,run,topic,terms,p
end_organic_ligand,8.472064826493503e-05
1,1,0,high_peer_review_score,8.197256048886319e-05
2,1,0,micro_rad,8.103913589871427e-05
3,1,0,acid_sample,8.013002334640405e-05
4,1,0,axial_position_methanol_ligand,7.922328717370968e-05
5,1,0,methoxy_methyl_carboxylate,7.900809542751427e-05
6,1,0,nucleophilic_serine,7.8898283286818e-05
7,1,0,general_interest_question,7.882077149199133e-05
8,1,0,point_diffraction,7.847612576120631e-05
9,1,0,purified_protein,7.830633060807825e-05
10,1,1,novo_determination,8.324218558387617e-05
11,1,1,biological_activity_significant_difference,8.258338484280682e-05
12,1,1,unique_weak_c_h,8.200329867649854e-05
13,1,1,s_cl_h,8.003482571614852e-05
14,1,1,flatten_envelope,7.943105172093439e-05
15,1,1,topo_tomography,7.941012160884742e-05
16,1,1,u_shape,7.937030384808945e-05
17,1,1,replicase_cleavage_product,7.91948403727842e-05
18,1,1,spm_limit,7.886021176598932e-05
19,1,1,isonicotinamide_ligand_carbonyl_group,7.868550075542238e-05
20,1,2,insect_cell_system,8.258520532630272e-05
21,1,2,ester_link,8.250196873664201e-05
22,1,2,statistical_interpretation,8.249366896189284e-05
23,1,2,neutron_powder_diffraction,8.139643955648183e-05
24,1,2,centroid_centroid_separation,7.999322058646671e-05
25,1,2,rock_curve,7.974753401478058e-05
26,1,2,overall_modulation_introduction,7.958485818267393e-05
27,1,2,delta_soft_rotary_phonon,7.946303088169559e-05
28,1,2,ring_system_slippage,7.930703111317554e-05
29,1,2,cdii_atom,7.902177066279942e-05
30,1,3,fe_atom,8.384262135172342e-05
31,1,3,ambient_pressure,8.351977501477738e-05
32,1,3,metallic_ion,8.026909435347244e-05
33,1,3,neutrophil_gelatinase,7.996105847433661e-05
34,1,3,anodisc_reg_membrane,7.994561459319861e-05
35,1,3,host_rest_geometry,7.930851344345433e-05
36,1,3,intermolecular_c_h_n,7.925966202691045e-05
37,1,3,numerical_result,7.92515503488974e-05
38,1,3,electronic_delocalization,7.905053709951002e-05
39,1,3,tridentate_tricine_ligand,7.883742411569562e-05
40,1,4,view_structural_point,8.115654729909712e-05
41,1,4,wavelength_anomalous_scatter_datum,8.020809936187099e-05
42,1,4,near_field_speckle,8.011983495605324e-05
43,1,4,scaffold_contain_deposit,8.010371041312632e-05
44,1,4,enzyme_membrane_deletion_construct,8.003083561197632e-05
45,1,4,deprotonat_ligand,7.995241146595846e-05
46,1,4,direct_image_visibility,7.967309292724303e-05
47,1,4,new_organic_inorganic_hybrid,7.951342155011713e-05
48,1,4,bifurcate_o_hydrogen_bond,7.932919311267638e-05
49,1,4,dissipative_fluctuate_dynamic,7.918736906093077e-05
0,2,0,low_toxicity,8.811074825716029e-05
1,2,0,intensity_difference,8.320250814766436e-05
2,2,0,final_r_factor,8.154325816276146e-05
3,2,0,crystallization_purification_expression,8.141069080603406e-05
4,2,0,photon_energy_photoemission_study,8.055964517701092e-05
5,2,0,synthetic_study,8.023891314217465e-05
6,2,0,ii_molecule,7.984579724212897e-05
7,2,0,quantity_value,7.977935947550594e-05
8,2,0,aryloxide_complex,7.938830943042507e-05
9,2,0,intra_ligand,7.930366770567563e-05
10,2,1,n_h_bond_conformation,8.610296792617936e-05
11,2,1,future_complicate_metal_complex,8.382346272648625e-05
12,2,1,orf_open_read_frame,8.316726533140147e-05
13,2,1,beamline_experience_train_personnel,8.315288143059235e-05
14,2,1,directional_interaction,8.214739874928066e-05
15,2,1,oxalate_ion_o_atom,8.209479677463129e-05
16,2,1,colloidal_sample_polystyrene,8.177952405861411e-05
17,2,1,isomorphous_replacement_method,8.168425461307703e-05
18,2,1,kinase_inhibitor_activity_spectrum,8.165482030186848e-05
19,2,1,dak_structure,8.147873994254493e-05
20,2,2,hd_phosphohydrolase,8.262124081839185e-05
21,2,2,joint_probability,8.218299228632976e-05
22,2,2,nrfa_nitrite_reductase,8.173431301593316e-05
23,2,2,melt_texture_growth_process,8.109430983892297e-05
24,2,2,calculate_theoretical_tolman_angle,8.097316301311613e-05
25,2,2,develope_model,8.039116451026663e-05
26,2,2,symmetry_group,8.030249314028607e-05
27,2,2,tetramer_shape,8.016652704255626e-05
28,2,2,candidate_vaccine,7.922657824195516e-05
29,2,2,personal_computer_type,7.890800796519271e-05
30,2,3,distort_octahedral_environment,8.654492032750614e-05
31,2,3,dichlorobenzene_ring_deg,8.378191949382372e-05
32,2,3,difluorobenzyloxy_ring_pyrimidine,8.347499558989282e-05
33,2,3,surface_actual_ultrasonic_oscillation,8.281112819690907e-05
34,2,3,bloch_wave,8.131325103522368e-05
35,2,3,electron_density_correlation,8.115126555528681e-05
36,2,3,grenoble_hfr_diffractometer,8.095341961205664e-05
37,2,3,dichlorobenzoate_ligand,8.09504892117175e-05
38,2,3,osteoblast_differentiation_important_role,8.08943689795464e-05
39,2,3,property_tensor_component,8.0790335611851e-05
40,2,4,zero_order,8.541377830346167e-05
41,2,4,aring_resolution,8.14259982215083e-05
42,2,4,trimethylphenyl_ring,8.082709803288262e-05
43,2,4,real_space_information,8.040410456468184e-05
44,2,4,methodology_routine_application,8.016950638586779e-05
45,2,4,waxd_detector,7.995877115069841e-05
46,2,4,chain_hydrogen_bond,7.978298796618388e-05
47,2,4,crystal_cation_distribution,7.976117436662239e-05
48,2,4,anticancer_drug,7.964417820802291e-05
49,2,4,modern_instrument,7.954123627751214e-05
50,2,5,immune_system_evasion,8.290918240653327e-05
51,2,5,industrial_application,8.208365986530767e-05
52,2,5,atomic_modulation,8.207763849178247e-05
53,2,5,teller_distortion,8.095289205718643e-05
54,2,5,hydrogen_bond_molecule,8.080136984327799e-05
55,2,5,iron_base_aryloxide_complex,8.042441421098142e-05
56,2,5,network_form_axis,8.033564811817051e-05
57,2,5,pheb_substrate_specificity,8.023441744867385e-05
58,2,5,separate_step,8.018518278432438e-05
59,2,5,scientific_highlight,7.992631206875313e-05
60,2,6,improve_structural_characterization,8.405414052897685e-05
61,2,6,x_ray_powder,8.387664774094344e-05
62,2,6,graze_incidence_monochromator,8.295526251330712e-05
63,2,6,incline_case,8.21530766163909e-05
64,2,6,xfel_pulse,8.197656164820547e-05
65,2,6,glycosyl_torsion_angle,8.098931035043106e-05
66,2,6,diffraction_datum_process,8.0633015315954e-05
67,2,6,multiple_choice_quiz,8.051480265544559e-05
68,2,6,calcium_dependent_interaction,7.992246879419064e-05
69,2,6,methoxy_o,7.962724349033827e-05
70,2,7,know_small_protein,8.325012119156972e-05
71,2,7,titanium_peak_intensity,8.309582096594722e-05
72,2,7,agreement_index,8.268249347500471e-05
73,2,7,dimensional_deformity,8.18370031798654e-05
74,2,7,high_temperature_spatial_fluctuation,8.176162709873418e-05
75,2,7,corner_share_polyhedron,8.159837459882589e-05
76,2,7,isopropanol_acetone,8.15258292465925e-05
77,2,7,characterization_synthesis,8.136150436762476e-05
78,2,7,storage_phosphor_detector,8.133828302906881e-05
79,2,7,different_metal_substitute_form,8.109217200589099e-05
0,3,0,amino_n_atom_respect,8.38308703364365e-05
1,3,0,stoichiometric_reaction,8.083988001087315e-05
2,3,0,i_molecule,7.973563580279147e-05
3,3,0,fluoride_water_sheet_network,7.961129237667577e-05
4,3,0,neutral_molecule,7.895837493664686e-05
5,3,0,unligand_aotc_crystal_structure,7.876062127025083e-05
6,3,0,forbid_wavefield,7.811805918395262e-05
7,3,0,apical_coordination,7.804762736625817e-05
8,3,0,in_dinitrate,7.775227477899799e-05
9,3,0,shikimate_pathway,7.768924175515075e-05
10,3,1,large_initial_misalignment,8.098045227102125e-05
11,3,1,near_zone,8.022181421918086e-05
12,3,1,trigonal_bipyramidal_coordinate_geometry,7.973441545361498e-05
13,3,1,serine_hydroxyl,7.965145651445933e-05
14,3,1,probability_distribution,7.965008524725054e-05
15,3,1,hydrogen_bond_result,7.889831241842104e-05
16,3,1,ph_torsion_angle,7.837801643980695e-05
17,3,1,relatively_simple_assumption,7.816729216251086e-05
18,3,1,noncoordinat_nitrate_anion,7.765899394664033e-05
19,3,1,general_formula,7.760658060528945e-05
20,3,2,accoustical_mode,8.233474545020588e-05
21,3,2,decomposition_temperature,8.117363968561029e-05
22,3,2,olf_domain_structure,8.065867689220518e-05
23,3,2,bupropion_molecule_amino_group,8.011759322257525e-05
24,3,2,cu_atom_coordinate,8.008807340042367e-05
25,3,2,bind_parameter,8.003281061152895e-05
26,3,2,middot_complex_salt_hydrate,7.987017597088766e-05
27,3,2,bulky_fuse_ring,7.984827931926243e-05
28,3,2,peak_asymmetry_function,7.950312462486472e-05
29,3,2,hydrogen_atom,7.940781090478682e-05
30,3,3,optimal_sample_size,8.185053182393134e-05
31,3,3,square_pyramidal_geometry,8.12062736187396e-05
32,3,3,c_h_pi,8.005745263242985e-05
33,3,3,decyl_maltoside,7.942760855731169e-05
34,3,3,average_deviation,7.919419760708376e-05
35,3,3,uerdingen_amp,7.875876444034172e-05
36,3,3,symmetry_relate_molecule,7.859675717359973e-05
37,3,3,reactivity_synthesis_study,7.838446236261437e-05
38,3,3,coordination_high_flexibility,7.832318237248879e-05
39,3,3,specific_cross_link_efficiency,7.820682679158446e-05
0,4,0,environmental_material_sample,8.043840932604793e-05
1,4,0,cbed_pattern_phasis,7.828435638483027e-05
2,4,0,synchrotron_radiation,7.82786003165775e-05
3,4,0,protonated_water_molecule_bridge,7.821629373742011e-05
4,4,0,test_calculation_numb,7.642790668133035e-05
5,4,0,desire_tosylat_hydrolysis,7.620396732407226e-05
6,4,0,coordination_complex,7.565452255437135e-05
7,4,0,dioxane_molecule,7.554492265049766e-05
8,4,0,single_wavelength_anomalous_scatter,7.543422061360689e-05
9,4,0,macroscopic_scale,7.532687827707112e-05
10,4,1,scandium_dope_tiocl,8.048648756510598e-05
11,4,1,theoretical_community_outside_researcher,7.786118692820373e-05
12,4,1,moir_eacute,7.725031004529884e-05
13,4,1,imidazole_ring,7.72234980067459e-05
14,4,1,robl_rossendorf_beamline,7.711007391780125e-05
15,4,1,simple_model,7.669686281095479e-05
16,4,1,nanoparticle_dynamic,7.660247315401819e-05
17,4,1,planar_ring,7.630303415478924e-05
18,4,1,emission_profile,7.627700614603228e-05
19,4,1,serine_protease_inhibitor,7.61360898336081e-05
