,run,topic,terms,p
arge_area,8.373930413967675e-05
1,1,0,ptprq_catalytic_domain_structure,8.310782504278836e-05
2,1,0,aminonaphthoquinone_derivative,8.260271132009649e-05
3,1,0,characterize_modification,8.177289371528758e-05
4,1,0,laue_group,8.108171973497411e-05
5,1,0,co_exist_alternative,8.084659050265229e-05
6,1,0,local_shape,8.02541209726692e-05
7,1,0,triosephosphate_isomerase,8.014588289822493e-05
8,1,0,n_propylquinolinium,8.002437684452366e-05
9,1,0,africa_nbsp,7.994884423573536e-05
10,1,1,c_c_torsion_angle,8.515241655560587e-05
11,1,1,know_flexibility,8.35943579672907e-05
12,1,1,inelastic_cross,8.268972138050696e-05
13,1,1,ferrocenyl_group_cyclopentadienyl_ring,8.221651051827663e-05
14,1,1,rev_atom,8.187776341066043e-05
15,1,1,weak_c,8.168488348128107e-05
16,1,1,pcna_human_complex,8.162227292729766e-05
17,1,1,mandelic_acid,8.157268678027818e-05
18,1,1,amino_acid,8.143471511637105e-05
19,1,1,whth_domain,8.142070134852758e-05
20,1,2,chlorothiazole_unit_methylene_bridge,8.303528030598196e-05
21,1,2,nitrite_reductase,8.22489688752089e-05
22,1,2,mclntyre_amp,8.214954613376067e-05
23,1,2,benzene_ring_mean_plane,8.16584629910615e-05
24,1,2,phenylformiminopyrrole_derivative,8.157531014324163e-05
25,1,2,combination_probability,8.122038440689789e-05
26,1,2,amine_h_atom_donor,8.119276316499889e-05
27,1,2,methoxyamino_h_atom_replacement,8.09019508721849e-05
28,1,2,short_range,8.0817057318713e-05
29,1,2,person_spine,8.050876506568813e-05
30,1,3,aromatic_n_atom,8.292262102020349e-05
31,1,3,spherical_average,8.22689788118089e-05
32,1,3,low_content_component,8.21227378886688e-05
33,1,3,point_group,8.064917302855725e-05
34,1,3,complex_structure,8.035315198068774e-05
35,1,3,kappa_polymorph,7.995088043266822e-05
36,1,3,teiv_atom,7.985573254323714e-05
37,1,3,spherical_plane_wave_condition,7.9522680392186e-05
38,1,3,good_correlation,7.916776567377271e-05
39,1,3,perpendicular_benzothiazole_molecule,7.909755587772008e-05
40,1,4,trigonal_bipyramidal_configuration,8.268608663036319e-05
41,1,4,supramolecular_tape,8.265266395914842e-05
42,1,4,overcorrection_increase,8.135181433836401e-05
43,1,4,random_real_space_structure,8.06825039160869e-05
44,1,4,carbonyl_backbone,8.054097743005967e-05
45,1,4,transcription_initiation,8.041716521367252e-05
46,1,4,sm_crystal,8.028498900544723e-05
47,1,4,gram_negative_bacterium,8.021157636751732e-05
48,1,4,centroid_centroid_distance_ring,7.988620602910037e-05
49,1,4,quality_management,7.985028322502944e-05
50,1,5,intensity_correction_factor,8.812758945968353e-05
51,1,5,ligand_unsubstituted_pyrazole_ring,8.390100144028601e-05
52,1,5,pure_potassium_dihydrogen,8.114291695475646e-05
53,1,5,ornidazole_independent_molecule,8.109699302770126e-05
54,1,5,ab_initio_method,8.109558024288971e-05
55,1,5,variability_rationale,8.09669991348906e-05
56,1,5,mr_triclinic,8.092818635714232e-05
57,1,5,sensitive_method,8.068967863301453e-05
58,1,5,simulation_datum,8.037425470273037e-05
59,1,5,methylate_dna,8.024938521599949e-05
60,1,6,translate_ribosome,8.628886119941881e-05
61,1,6,selection_rule,8.456118779243273e-05
62,1,6,five_crystal_form,8.385519521043225e-05
63,1,6,complete_cation,8.377922336133111e-05
64,1,6,additional_weak_c_h,8.215219514170981e-05
65,1,6,enantiomorph_tetragonal_space_group,8.162525903326705e-05
66,1,6,equivalent_position,8.15475459185084e-05
67,1,6,growth_regulation,8.125338836034704e-05
68,1,6,water_molecule_independent_anion,8.114690160339668e-05
69,1,6,covalency_ionicity,8.10377237420072e-05
70,1,7,genre_icetexane,8.544208790549556e-05
71,1,7,high_anisotropy,8.505179417956339e-05
72,1,7,crystal_variety,8.301359414952434e-05
73,1,7,natural_product_synthetic_study,8.246146621879284e-05
74,1,7,solution_lipid_interface_conformation,8.217097876614789e-05
75,1,7,s_aring_f_interaction,8.177737914194371e-05
76,1,7,tolyl_group,8.13974350757556e-05
77,1,7,alpha_beta_alpha_fold,8.126776521180526e-05
78,1,7,antiparallel_orientation,8.096746970471596e-05
79,1,7,know_occurrence,8.054744886724212e-05
80,1,8,powder_neutron_diffraction_experiment,8.518834296850396e-05
81,1,8,s_cl_h,8.499465291558955e-05
82,1,8,respectively_aring_mean_plane,8.43293562795839e-05
83,1,8,transmission_profile,8.328468057791359e-05
84,1,8,anomalous_scatter_term,8.180787435603131e-05
85,1,8,i_boat_conformation,8.180511309343346e-05
86,1,8,naphthalene_ring_centroid,8.135288689178574e-05
87,1,8,dead_time_r_nbsp,8.134242637335231e-05
88,1,8,octahedral_fashion,8.131681960959127e-05
89,1,8,guanidine_cation,8.122716886140487e-05
90,1,9,lib_material,8.308031674823002e-05
91,1,9,silicon_strip,8.306197624549964e-05
92,1,9,regulate_component,8.18919870694121e-05
93,1,9,kramers_kronig_relation,8.185724863183341e-05
94,1,9,cis_chloride,8.16876852896252e-05
95,1,9,laboratory_x_ray_analysis,8.149146357844024e-05
96,1,9,programmable_interface,8.14617334838336e-05
97,1,9,parallel_layer_structure_formation,8.122976938685643e-05
98,1,9,two_main_class,7.981958179970343e-05
99,1,9,symmetry_centre_lie,7.968487660113907e-05
0,2,0,brid_o_atom,8.782044018661349e-05
1,2,0,free_diffraction_datum,8.610238324122132e-05
2,2,0,prime_bpy,8.531596784044108e-05
3,2,0,comparable_contribution,8.48054758748415e-05
4,2,0,inorganic_layer,8.407156990326236e-05
5,2,0,geometry_temporal_coherence_requirement,8.360409369432366e-05
6,2,0,respiratory_syncytial_virus,8.349415084141454e-05
7,2,0,nicotine_ligand,8.31460448573376e-05
8,2,0,sheet_form_interaction,8.265073418761037e-05
9,2,0,crystallite_orientation_distribution_function,8.260723765584526e-05
10,2,1,bulk_solvent_model_parameter,8.780677035358576e-05
11,2,1,biomolecular_structure,8.66753829426029e-05
12,2,1,accurate_structure_factor,8.637160103624793e-05
13,2,1,cation_atom,8.441623859100947e-05
14,2,1,outstanding_feature,8.428215845444998e-05
15,2,1,scatter_resonant_curve,8.360826204984144e-05
16,2,1,fuse_ring,8.346872966116388e-05
17,2,1,nucleation_condition,8.254875441373788e-05
18,2,1,anharmonic_potential,8.252806896629645e-05
19,2,1,morpholine_ring,8.246804481566488e-05
20,2,2,ligand_substitution,8.828884180417078e-05
21,2,2,dispersion_relation,8.728654446416782e-05
22,2,2,n_distance_pd,8.66781601502195e-05
23,2,2,imine_tautomeric_form,8.544598749401194e-05
24,2,2,quality_management,8.501475964408296e-05
25,2,2,racemic_protonated_dioxopromethazinium_cation,8.451345453002414e-05
26,2,2,know_rna_virus,8.416228991200933e-05
27,2,2,dsb_family,8.398392712368384e-05
28,2,2,soluble_melt_solid,8.3938939272953e-05
29,2,2,phenyl_ring_bond_angle,8.37102914443976e-05
30,2,3,aerobic_oxidation,8.618794977167712e-05
31,2,3,charge_compensation,8.562341861314984e-05
32,2,3,online_combination,8.532723323738063e-05
33,2,3,neutral_mononuclear_molecule,8.47196150470128e-05
34,2,3,binary_system,8.423606622181906e-05
35,2,3,oxalate_ion_o_atom,8.368482886881757e-05
36,2,3,plane_aring_s_atom,8.35664239487148e-05
37,2,3,advanced_beamlines_suite,8.345275064208129e-05
38,2,3,perpendicular_polymeric_chain_set,8.344992614255535e-05
39,2,3,fairly_symmetric_rock_curve,8.340579445255218e-05
40,2,4,disulfide_catalytic_process,8.514345673669619e-05
41,2,4,epigenetic_regulation,8.510316296967544e-05
42,2,4,jahn_form,8.492301678034259e-05
43,2,4,fluorobenzene_ring,8.456561866331013e-05
44,2,4,macromolecular_crystallization_screen_design,8.394319604841195e-05
45,2,4,profound_influence,8.235344493009915e-05
46,2,4,phiv_plusmn,8.21627725790321e-05
47,2,4,slip_measure,8.208282746140788e-05
48,2,4,ring_respectively_deg,8.207473621062529e-05
49,2,4,c_n_c,8.200780556348533e-05
50,2,5,depth_profile,8.602503377518849e-05
51,2,5,tran_pd_complex,8.52212306044079e-05
52,2,5,minute_short_time_interval,8.495417103683805e-05
53,2,5,cyclization_product,8.461539951233686e-05
54,2,5,abrahams_gamma_correction,8.412147819062062e-05
55,2,5,pre_bio_pulp_bleach,8.391834662598535e-05
56,2,5,iv_iii,8.294991069903963e-05
57,2,5,lattice_constant,8.261417680820244e-05
58,2,5,direction_dimensional_chain_dimer,8.255195775654403e-05
59,2,5,macrocyclic_cation,8.230266157102707e-05
60,2,6,aring_cl_atom,8.793006360408496e-05
61,2,6,close_br_impose_contact,8.610743811027249e-05
62,2,6,lithium_iron_vanadate,8.549703937737156e-05
63,2,6,peptidoglycan_uncrosslinked_tripeptide,8.520516176032899e-05
64,2,6,single_fe_atom,8.423289514668308e-05
65,2,6,theoretical_experimental_scatter_indicatrice,8.362955189410791e-05
66,2,6,moir_eacute_pattern,8.349904320419721e-05
67,2,6,opposite_phenyl_ring,8.314902325582753e-05
68,2,6,functional_virulence_determinant,8.29373418529442e-05
69,2,6,recent_work,8.284697249401282e-05
70,2,7,rna_bind_domain,9.528753199886767e-05
71,2,7,mu_o,8.981732356825316e-05
72,2,7,cobalt_nitrate,8.783235110297835e-05
73,2,7,non_covalent,8.457701668127148e-05
74,2,7,crystallization_water_molecule,8.390430738351746e-05
75,2,7,o_c_hydrogen_bond,8.384479822930112e-05
76,2,7,upcoming_commission_test_detail,8.305445731915183e-05
77,2,7,methyl_group_h_atom,8.303633673653644e-05
78,2,7,molecular_skeleton,8.292529032765636e-05
79,2,7,substituent_phenyl_ring,8.291272652035521e-05
80,2,8,te_c,8.651350758163258e-05
81,2,8,protein_diffraction_pattern,8.38553563628783e-05
82,2,8,average_ring_size,8.377108565504865e-05
83,2,8,structure_knowledge,8.342995661851258e-05
84,2,8,schenk_empirical_theoretical_formula,8.33544941623028e-05
85,2,8,cucr_mu_core,8.329052625073256e-05
86,2,8,electron_donor,8.279153565206616e-05
87,2,8,human_immunodeficiency,8.275157892220088e-05
88,2,8,solid_product,8.192252703408003e-05
89,2,8,tert_reaction,8.167467197587434e-05
90,2,9,pre_process,8.561384864073968e-05
91,2,9,thermally_preparable_orthovanadate,8.536141546629574e-05
92,2,9,axis_build_linear_chain,8.526585287060697e-05
93,2,9,s_hydrogen_bond,8.483581902011836e-05
94,2,9,deg_minus,8.327407397138039e-05
95,2,9,piox_single_crystal,8.309027038834528e-05
96,2,9,kikuchi_line,8.305659275463953e-05
97,2,9,important_drug_target,8.304482042923853e-05
98,2,9,loop_mount,8.236093766890493e-05
99,2,9,particular_interest,8.216113490929528e-05
100,2,10,three_v,8.940528725805861e-05
101,2,10,crystal_structure_datum,8.616304246891935e-05
102,2,10,dhqase_type,8.606543482998674e-05
103,2,10,da_method,8.606501110012277e-05
104,2,10,domain_dependent_oligomerization,8.51016769772678e-05
105,2,10,initial_stage,8.50931762992246e-05
106,2,10,minor_component,8.470165096996291e-05
107,2,10,axially_elongate_phen_tcnoet,8.298003010563956e-05
108,2,10,nitrophenyl_moiety,8.254549990644442e-05
109,2,10,similar_density,8.230734923416592e-05
110,2,11,promise_cathode_material,8.817475637725636e-05
111,2,11,motional_freedom,8.687875469406321e-05
112,2,11,pectolytic_protein_crystal,8.605937772491153e-05
113,2,11,chelate_molecule,8.589304132297618e-05
114,2,11,test_measurement_result,8.514335726702972e-05
115,2,11,thermus_thermophilus_thermophilic_bacterium,8.491484720663229e-05
116,2,11,y_axis_molecule,8.37933970150608e-05
117,2,11,middot_minus_middot_crystal,8.353581441439591e-05
118,2,11,dominate_primary_model,8.343436695576767e-05
119,2,11,n_terminal_jmjc_domain,8.324175537384865e-05
120,2,12,ctb_mpr_several_variant,8.888568053459551e-05
121,2,12,unique_c,8.74383499479352e-05
122,2,12,positron_converter_moderator_assembly,8.567973955186619e-05
123,2,12,diferric_lactoferrin,8.482304828498217e-05
124,2,12,unique_weak_c_h,8.465994283954467e-05
125,2,12,crystal_hydrogen_bond,8.462237937816951e-05
126,2,12,acridine_ring,8.445272662440778e-05
127,2,12,middot_minus_crystal_structure,8.33650132643756e-05
128,2,12,net_quotient_graph,8.325469286454869e-05
129,2,12,biosynthesis_purine,8.247672740242634e-05
130,2,13,multiple_beam,8.527239749425147e-05
131,2,13,scatter_method,8.502708681389873e-05
132,2,13,relative_structure_factor_magnitude,8.48053759974394e-05
133,2,13,quasiplanar_chain,8.463212281418307e-05
134,2,13,anionic_schiff_base_ligand,8.425621402039074e-05
135,2,13,hydrazine_hydrate_hydrocinnamaldehyde_reaction,8.378610759314993e-05
136,2,13,site_occupancy_factor_position,8.351495793686654e-05
137,2,13,structural_polymer,8.335475652188362e-05
138,2,13,slight_modification,8.334082321434403e-05
139,2,13,structure_factor_magnitude,8.316714166487064e-05
140,2,14,carbonyl_hydroxy_group,8.651803935626833e-05
141,2,14,anisotropic_displacement,8.60209717917732e-05
142,2,14,derive_diffractometer_coordinate,8.533967191322426e-05
143,2,14,biguanide_n_atom,8.512279397471242e-05
144,2,14,non_ergodic_behaviour,8.47982763705367e-05
145,2,14,nucleoside_diphosphate,8.469810448425142e-05
146,2,14,rock_curve_profile,8.439620306434646e-05
147,2,14,cell_surface_structure_variety,8.350756665055485e-05
148,2,14,robl_experimental_hutch,8.344869705188937e-05
149,2,14,trans_configuration_water_molecule,8.336925900683399e-05
150,2,15,active_phasis,8.818032519668291e-05
151,2,15,anion_excess,8.727645749937577e-05
152,2,15,dicupric_lactoferrin,8.469337861359827e-05
153,2,15,minus_composition,8.457690284461513e-05
154,2,15,selective_kinase_inhibitor,8.426554149909798e-05
155,2,15,aqueous_ethaneamine_solution,8.373261166693164e-05
156,2,15,indirect_transformation_method,8.362709515928524e-05
157,2,15,pi_pi_slip_interaction,8.250612534178452e-05
158,2,15,mycobacterium_tuberculosis_homologue,8.235835844277623e-05
159,2,15,shelxl_software_package,8.231825390588927e-05
160,2,16,dap_bii_pseudoxanthomonas_mexicana,8.691596010694581e-05
161,2,16,crystalline_form,8.595519480870629e-05
162,2,16,acid_middot,8.418922120498028e-05
163,2,16,dithiocarbamate_ligand,8.406900496575994e-05
164,2,16,mixture_film_growth,8.394699252226611e-05
165,2,16,crystallographic_structure_factor_statistic,8.37783289300928e-05
166,2,16,distribution_error_magnitude,8.320965114181784e-05
167,2,16,possible_precursor,8.282865598981607e-05
168,2,16,oxygen_molecule,8.281938222936549e-05
169,2,16,thermal_neutron_laue_diffractometer,8.269690430153148e-05
170,2,17,formation_associate_exothermicity,8.82792486873817e-05
171,2,17,dak_structure,8.767346696985418e-05
172,2,17,secondary_extinction,8.742877403167968e-05
173,2,17,transmission_electron,8.570972782224297e-05
174,2,17,oxidative_fold,8.486082369951322e-05
175,2,17,nbsp_gt_purity,8.481634491461026e-05
176,2,17,organic_nature,8.464342588011123e-05
177,2,17,electron_carrier,8.45436425568616e-05
178,2,17,classical_o_h,8.395438703679201e-05
179,2,17,mononuclear_structure,8.392135795453621e-05
180,2,18,single_wavelength,8.692382367684406e-05
181,2,18,refine_parameter_accuracy,8.627340241708213e-05
182,2,18,bromide_water,8.420183204325305e-05
183,2,18,chelate_chelate_acetato_ligand,8.399012745002426e-05
184,2,18,march_function,8.302433223561022e-05
185,2,18,high_pressure_research_sample,8.286936609058278e-05
186,2,18,phosphonium_substitute_hydrazone,8.235914302073736e-05
187,2,18,reductase_variety,8.230481259269066e-05
188,2,18,oligomeric_saccharide_structure,8.204235921784498e-05
189,2,18,p_bond_length,8.191763541178437e-05
190,2,19,structure_information,8.712555604279914e-05
191,2,19,invariant_point,8.544597780037725e-05
192,2,19,background_scatter,8.463679944274735e-05
193,2,19,functional_material,8.383891954912014e-05
194,2,19,membered_ring,8.345623177523084e-05
195,2,19,cylindrical_scroll_structure_determination,8.28650282836472e-05
196,2,19,new_material,8.272425684612522e-05
197,2,19,slit_size,8.239029270860256e-05
198,2,19,multiple_datum_set,8.237058955343762e-05
199,2,19,borane_h,8.214888362705816e-05
200,2,20,catalytic_calcium,8.4821169449688e-05
201,2,20,nlo_susceptibility,8.4621279954572e-05
202,2,20,size_distribution,8.429738613896357e-05
203,2,20,organic_ligand,8.378280597819974e-05
204,2,20,mnii_atom,8.373579205904923e-05
205,2,20,benzotriazole_ring_system,8.339846347857395e-05
206,2,20,ii_dichloride,8.298086333549396e-05
207,2,20,hexafluoridophosphate_anion_cation,8.253303038979035e-05
208,2,20,glucose_isomerase,8.245562452989868e-05
209,2,20,typical_saxs_sans_experiment,8.178140197520191e-05
210,2,21,finite_emittance,8.499682997121798e-05
211,2,21,deviation_remain_atom,8.476100651933902e-05
212,2,21,homology_model_study,8.475051571993613e-05
213,2,21,propagate_crystallographically_independent_chain,8.407559609328038e-05
214,2,21,power_law_polydisperse_surface,8.365282920651551e-05
215,2,21,aldehyde_group,8.356173157031988e-05
216,2,21,condition_diffusion,8.336452671608546e-05
217,2,21,terminal_phenyl_ring_plane,8.29669722011224e-05
218,2,21,positive_relation,8.29627968519874e-05
219,2,21,cytotoxicity_enhancement_complex_lead,8.292138082372631e-05
220,2,22,relatively_small_perturbation,9.068587646840084e-05
221,2,22,benzothiazine_unit_benzene_ring,8.748872230520137e-05
222,2,22,expert_system,8.528603458310265e-05
223,2,22,cu_k_alpha_radiation,8.498357308677616e-05
224,2,22,uncoordinated_chloride_ion,8.46714608731408e-05
225,2,22,dependency_influence,8.453627754965027e-05
226,2,22,complex_dimensional_network,8.400181755949093e-05
227,2,22,monoclinic_chloride_analogue,8.397016047729923e-05
228,2,22,partial_order,8.340185146106425e-05
229,2,22,prime_prime_prime_ligand,8.302771082338433e-05
230,2,23,correspond_element,8.763496486331928e-05
231,2,23,chocolate_product_etc_margarine,8.682580983671076e-05
232,2,23,van_der_sluis_amp,8.497004325304379e-05
233,2,23,membered_ring,8.394311006102517e-05
234,2,23,middot_minus_middot_crystal,8.363339460493605e-05
235,2,23,beam_sensitive_organic,8.352281589888322e-05
236,2,23,kolbeckite_structural_report,8.312056066967496e-05
237,2,23,basic_principle,8.287109277563507e-05
238,2,23,x_ray_region,8.26685563225598e-05
239,2,23,aromatic_ring_dihydroxyboryl_group,8.24881147644745e-05
240,2,24,mononuclear_unit,9.041540054363699e-05
241,2,24,hemiethanol_solvate,8.64393523947323e-05
242,2,24,motional_freedom,8.40434275580158e-05
243,2,24,phase_constraint,8.325808763669004e-05
244,2,24,imidazole_molecule,8.27236051211516e-05
245,2,24,dimerization_interface,8.262279535028335e-05
246,2,24,crystallographically_impose_inversion_center,8.246762942193846e-05
247,2,24,mhv_mouse_hepatitis_virus,8.224238305404095e-05
248,2,24,fiber_diffraction_relationship,8.208989735816392e-05
249,2,24,microdefect_inclusion_line_defect,8.208161463233673e-05
250,2,25,mix_ligand,8.740968594025734e-05
251,2,25,o_o_h,8.597125089990615e-05
252,2,25,dispersion_surface_excitation,8.580046493067566e-05
253,2,25,aniline_sulfonyl_benzene_ring,8.54110883379655e-05
254,2,25,chemical_vapour,8.4026323843724e-05
255,2,25,length_tetranectin,8.359025160759827e-05
256,2,25,cross_link_c_h,8.342965879525144e-05
257,2,25,mm_period,8.284096835913554e-05
258,2,25,sans_saxs_neutron_scatter,8.274932258325273e-05
259,2,25,inorganic_organic_layer,8.234001059387125e-05
260,2,26,complex_cation_amine_group,8.880098093139718e-05
261,2,26,spiro_pyran_ring,8.61816790823879e-05
262,2,26,calpha_database_reconstruction_program,8.591433085702543e-05
263,2,26,excitation_state,8.521832967659326e-05
264,2,26,carbonyl_backbone,8.467624561867782e-05
265,2,26,positive_relation,8.466138003586486e-05
266,2,26,pailred_automatic_diffractometer,8.455374365723416e-05
267,2,26,heat_load,8.349887023279506e-05
268,2,26,minus_solid_solution,8.348628916045778e-05
269,2,26,n_oxide_atom,8.308439531282424e-05
270,2,27,antisigma_factor_rsea_degradation,8.563734909188656e-05
271,2,27,native_crystallize_datum,8.408991724617464e-05
272,2,27,sn_c_c,8.373467783391673e-05
273,2,27,nonspecific_manner,8.338898064168092e-05
274,2,27,interior_angle,8.322402977353297e-05
275,2,27,prepare_n_methylimidazole_solution,8.303941532592779e-05
276,2,27,poor_indicator,8.257946180634436e-05
277,2,27,bulky_phenyl,8.240701813658301e-05
278,2,27,alluaudite_structure_type,8.209346972070903e-05
279,2,27,theta_correct_equation,8.187395627393799e-05
280,2,28,chloride_form,8.782561315568644e-05
281,2,28,entrance_surface,8.740707925826792e-05
282,2,28,modify_dna,8.547781553103999e-05
283,2,28,half_occupancy_o_atom,8.531708182625848e-05
284,2,28,study_spite,8.432811269298855e-05
285,2,28,fully_occupy_deg,8.274397595737e-05
286,2,28,dap_bii_pseudoxanthomonas_mexicana,8.27317201609967e-05
287,2,28,unit_weight_matrix_use,8.205181740422478e-05
288,2,28,result_calculation_lorentzian_profile,8.193608244374164e-05
289,2,28,projection_plot,8.185921651309577e-05
290,2,29,herringbone_like_pack,8.9213925406723e-05
291,2,29,magnetic_measurement_ouml_ssbauer,8.675359977809012e-05
292,2,29,laue_group,8.671759386077475e-05
293,2,29,incident_beam_respect,8.651831181541346e-05
294,2,29,stable_net_crystallographic_net,8.548848946390766e-05
295,2,29,covalency_effect_chemical_shift,8.387914098367604e-05
296,2,29,sls_contrast,8.337331435010107e-05
297,2,29,two_pentyl_group,8.289636097400365e-05
298,2,29,sodium_sulfate,8.277724269443745e-05
299,2,29,neighbour_picrate,8.219207468107993e-05
300,2,30,thiocyanato_ligand_n_atom,9.044925744858322e-05
301,2,30,pair_correlation_function,8.61681742984185e-05
302,2,30,crystallographica_section_e,8.578131321918957e-05
303,2,30,p_atom_effective_electronegativity,8.523004485024263e-05
304,2,30,peptidoglycan_muropeptide_trim_relaxation,8.421193878313127e-05
305,2,30,zeolite_mixture,8.376779286222593e-05
306,2,30,phonon_spectrum,8.313302701750514e-05
307,2,30,classical_approach,8.256837763511257e-05
308,2,30,trhepd_station,8.245324301624158e-05
309,2,30,cl_contact,8.212562739596175e-05
310,2,31,oxysulfide_oxyhalide_oxynitride,9.233964227763814e-05
311,2,31,segment_cross_undulator,8.724229942303512e-05
312,2,31,if_g,8.638167420441059e-05
313,2,31,post_tysonite_structure,8.593209304629364e-05
314,2,31,er_atom_local_structure,8.575323959300391e-05
315,2,31,intelligent_multipurpose,8.524659901494781e-05
316,2,31,iri_ion,8.5018124514543e-05
317,2,31,mir_datum,8.471687685279515e-05
318,2,31,crystal_structure_net_realization,8.405453612528824e-05
319,2,31,specific_oscillation,8.398955979212249e-05
320,2,32,anthracene_square_plane,8.493946940345544e-05
321,2,32,x_sime,8.456101697458299e-05
322,2,32,sulfate_anion_r,8.417413640505225e-05
323,2,32,transition_metal_cu_group,8.336975933360239e-05
324,2,32,aring_delocalized_bond_system,8.33203388562514e-05
325,2,32,parallel_electron_beam,8.285786121809206e-05
326,2,32,insufficient_extinction_correction,8.284580739173486e-05
327,2,32,clog_pressure_example,8.242551964634269e-05
328,2,32,pentafluorophenyl_ring,8.213115727663887e-05
329,2,32,ceptc_eptc_catalytic_domain,8.202434123454359e-05
330,2,33,measurement_range_absolute_size,8.559740304253373e-05
331,2,33,borane_h_dihydride,8.554815101451201e-05
332,2,33,cytidine_analogue_molecule,8.309877356038247e-05
333,2,33,indole_unit_planar,8.289954397402013e-05
334,2,33,photoluminescence_property,8.28908228239442e-05
335,2,33,alloy_particle,8.276043716321425e-05
336,2,33,crystal_delivery,8.26242599541459e-05
337,2,33,know_occurrence,8.251936904679268e-05
338,2,33,double_bond_character,8.23553536372024e-05
339,2,33,commercial_modification_ease,8.234856024830603e-05
340,2,34,xanes_measurement,8.581724953535758e-05
341,2,34,atomic_scatter_factor,8.500480269136657e-05
342,2,34,interdomain_helix,8.490022552108781e-05
343,2,34,glance_angle,8.413180623157556e-05
344,2,34,complex_dimensional_framework,8.29648026486956e-05
345,2,34,axial_ga_cl_distance,8.292208520621959e-05
346,2,34,clear_physical_mean,8.285775920343533e-05
347,2,34,crystal_molecular_conformation,8.278776418898323e-05
348,2,34,micelle_structure,8.272659314143699e-05
349,2,34,capsid_form_domain,8.248143967071573e-05
350,2,35,gel_formation,9.024197012916991e-05
351,2,35,hydrogen_site,8.736198972905691e-05
352,2,35,energy_loss,8.575336952505453e-05
353,2,35,twofold_rotational_symmetry,8.528665811134847e-05
354,2,35,symmetry_centre_middot,8.427674667342225e-05
355,2,35,non_ionic_keto_form,8.393543966864191e-05
356,2,35,in_cuii_centre,8.337854001454938e-05
357,2,35,ortho_methyl,8.334067876888814e-05
358,2,35,art_state,8.275267596468547e-05
359,2,35,anomalous_scatterer_position,8.259118770200746e-05
360,2,36,minor_major_component,8.811328906689671e-05
361,2,36,diffraction_quality_single_crystal,8.645141466934781e-05
362,2,36,device_centre_elongational_flow,8.627432899998136e-05
363,2,36,mechanical_structure,8.607276358080128e-05
364,2,36,network_polymer,8.499004073305057e-05
365,2,36,acceptable_value,8.461702200339255e-05
366,2,36,crystallographic_sort,8.458738509819024e-05
367,2,36,central_triazole_ring,8.330143197329678e-05
368,2,36,ni_absorption,8.308568976223636e-05
369,2,36,crystallization_phase_diagram,8.308061468169721e-05
370,2,37,thiosalicylic_acid,8.705005857653715e-05
371,2,37,tert_butyl_ester,8.696117360055893e-05
372,2,37,pseudomerohedral_merohedral_available_information,8.593756808007997e-05
373,2,37,microgravity_condition,8.349636876553584e-05
374,2,37,prime_nucleotidase,8.336555013550644e-05
375,2,37,isopropyl_group,8.283528677283583e-05
376,2,37,orientation_cloud,8.283143871539604e-05
377,2,37,liquid_phase,8.270362332213831e-05
378,2,37,escherichia_coli_clone_expression,8.245543047579139e-05
379,2,37,non_classical_hydrogen_bond,8.240690197261225e-05
380,2,38,automatic_diffractometer,8.65764858314321e-05
381,2,38,irregular_ladder_dimensional_column,8.637213904848925e-05
382,2,38,middot_monohydrate_systematic,8.568516750125404e-05
383,2,38,axis_infinite_strand,8.517580038587701e-05
384,2,38,methanol_molecule_water_form,8.419052309275244e-05
385,2,38,srm_silicon_standard_term,8.364257853266422e-05
386,2,38,basal_diffraction_spot,8.302135323562217e-05
387,2,38,geometrical_scheme,8.300129017794293e-05
388,2,38,ii_primary_ammonium_salt,8.269137392737779e-05
389,2,38,plp_cofactor_pyridoxal_phosphate,8.244190203541413e-05
390,2,39,calpha_database_reconstruction_program,8.502729440982364e-05
391,2,39,tensor_scheme,8.44593225042027e-05
392,2,39,thermal_slope,8.380194508814478e-05
393,2,39,zigzag_chain_structure,8.315112729350767e-05
394,2,39,preferential_bind,8.275678988177756e-05
395,2,39,damage_strain_profile,8.248370935618224e-05
396,2,39,ester_functionality,8.243326659247183e-05
397,2,39,electronic_structure,8.238972190450829e-05
398,2,39,similar_manner,8.237357371157254e-05
399,2,39,nucleophile_role,8.180803451638485e-05
400,2,40,bulk_sample_internal_structure,8.991844085962883e-05
401,2,40,lambda_line,8.957287711848135e-05
402,2,40,molecule_form,8.908473330767156e-05
403,2,40,type_iii_secretion_system,8.683825418454456e-05
404,2,40,holmium_isomorphous_substitution,8.597441645229207e-05
405,2,40,ptprq_catalytic_domain,8.593831121860544e-05
406,2,40,ethanol_solvent,8.53989678507195e-05
407,2,40,weakly_deform_bicrystal,8.530939104070734e-05
408,2,40,hinge_region,8.499816072429234e-05
409,2,40,n_bond,8.433821468440719e-05
410,2,41,benzopyranone_ring,8.876500611096402e-05
411,2,41,large_angle_x_ray,8.764055915488217e-05
412,2,41,highly_perfect_silicon_crystal,8.62600697019449e-05
413,2,41,o_hydrogen_bond_bond,8.592032591444604e-05
414,2,41,anthracene_plane,8.520755589878406e-05
415,2,41,subsequent_escape,8.515757682488072e-05
416,2,41,relative_energy,8.48760557509751e-05
417,2,41,conventional_x_ray_diffractometer,8.412709381911212e-05
418,2,41,device_centre_elongational_flow,8.391424162053753e-05
419,2,41,experimental_realisation,8.371460413077311e-05
420,2,42,deg_angle,8.60498798568059e-05
421,2,42,macroscopic_crystal,8.442258414141986e-05
422,2,42,priori_information,8.416816664027841e-05
423,2,42,weak_c_br,8.390332477660761e-05
424,2,42,pyrimidine_deamination,8.38161098599806e-05
425,2,42,stack_molecule,8.377663137442535e-05
426,2,42,uv_light_photochromism,8.347115175291156e-05
427,2,42,small_torsion,8.33738955530782e-05
428,2,42,ccd_video_camera,8.332028183198057e-05
429,2,42,p_atom,8.292897994193739e-05
430,2,43,ethylammonium_cation_geometry,8.619908438498428e-05
431,2,43,dimensional_nanopillar_form,8.500836001958002e-05
432,2,43,weight_fraction,8.381333596117967e-05
433,2,43,antiprismatic_geometry,8.327185015133707e-05
434,2,43,nbsp_aring_nbsp,8.301339068390481e-05
435,2,43,ch_group,8.287235444976372e-05
436,2,43,pair_functional_ensemble_theory,8.284672954681379e-05
437,2,43,hydrazide_carboxylate,8.263090837489184e-05
438,2,43,usual_crystallization_process,8.261389811147399e-05
439,2,43,repair_dna,8.211802153592108e-05
440,2,44,instrument_part,8.888639174104645e-05
441,2,44,binase_bacillus_intermedius_ribonuclease,8.702872784712615e-05
442,2,44,sphere_packing_usefulness,8.691970897251528e-05
443,2,44,functional_form_magnitude_consequence,8.461637840045008e-05
444,2,44,cubic_langbeinite_type_structure,8.448222642457064e-05
445,2,44,isostructuralism_evidence,8.363192495660358e-05
446,2,44,host_o_atom,8.334441580535866e-05
447,2,44,kev_inverse_beam_protocol,8.332365726546256e-05
448,2,44,biphenyl_unit,8.317298392925186e-05
449,2,44,enhance_solubility,8.315986531606729e-05
450,2,45,direct_method_procedure,8.676669570279472e-05
451,2,45,intensity_measurement,8.655228493504517e-05
452,2,45,thiourea_molecule,8.654526300857216e-05
453,2,45,other_impurity_phasis,8.534259937289711e-05
454,2,45,significantly_reduce_tendency,8.519260933146833e-05
455,2,45,peer_review_score,8.513606522383613e-05
456,2,45,synthetic_derivative,8.493478025699614e-05
457,2,45,white_synchrotron_radiation,8.473709510582287e-05
458,2,45,poor_agreement,8.3473565483959e-05
459,2,45,effective_electronegativity,8.285700378894791e-05
460,2,46,pd_intermetallic,8.740419854114916e-05
461,2,46,distort_octahedral_fashion,8.600833913800118e-05
462,2,46,diffraction_optic,8.475326078090251e-05
463,2,46,melt_linear_polyethylene,8.376929428455578e-05
464,2,46,oligomeric_saccharide_structure,8.348845630015726e-05
465,2,46,c_terminal_peptide,8.269208662707766e-05
466,2,46,pentafluorophenyl_ring_thiophene,8.268462565205776e-05
467,2,46,pyrazine_ligand,8.267981011629928e-05
468,2,46,dsb_catalyst,8.226620052433665e-05
469,2,46,metal_foil_low_absorption,8.216084625196858e-05
470,2,47,propagate_crystallographically_independent_chain,9.642740494268438e-05
471,2,47,aring_x_ray_resolution,8.753136856681659e-05
472,2,47,round_robin,8.554238623870727e-05
473,2,47,unique_c,8.419672775061165e-05
474,2,47,ambrosia_artemisiifolia,8.396599338191193e-05
475,2,47,atom_br_pyrimidinyl_ligand,8.379671873953701e-05
476,2,47,centrosymmetric_crystal_dimensional_structure,8.374690440983132e-05
477,2,47,high_yield,8.359631849043703e-05
478,2,47,trigonal_prism,8.341478450943117e-05
479,2,47,tran_conformation,8.324451186573565e-05
480,2,48,intensity_distribution,8.548451274856985e-05
481,2,48,ligand_point,8.519155073357955e-05
482,2,48,tetramer_interface_vicinity,8.39013691375356e-05
483,2,48,special_feature,8.347917233902821e-05
484,2,48,dsd_activity,8.287905962114227e-05
485,2,48,aromatic_framework_helical_distortion,8.279524744932135e-05
486,2,48,classical_chair_conformation,8.265832545168555e-05
487,2,48,interweave_dimensional_network,8.240607073127623e-05
488,2,48,additional_information,8.208731377926325e-05
489,2,48,significant_conformational_change,8.198979650524978e-05
490,2,49,minus_cm,8.797998657855182e-05
491,2,49,o_atom_ligand,8.593860584063054e-05
492,2,49,hybrid_complex,8.560349419846743e-05
493,2,49,variable_length,8.513904892219889e-05
494,2,49,different_approach,8.502392750227559e-05
495,2,49,math_domain,8.43066967878605e-05
496,2,49,fourier_series,8.352351447263988e-05
497,2,49,null_method,8.336868102394143e-05
498,2,49,h_h,8.32036526596952e-05
499,2,49,cbed_pattern_phasis_inspection,8.318659780170916e-05
500,2,50,condensation_theory,9.31348243394806e-05
501,2,50,molecular_guest,8.486902575815413e-05
502,2,50,be_diameter,8.385263807828275e-05
503,2,50,accoustical_mode,8.315499512777471e-05
504,2,50,squaric_acid,8.310104630073093e-05
505,2,50,piezoelectric_coefficient,8.254831785777947e-05
506,2,50,confusion_goniometer_sphere,8.244466765898876e-05
507,2,50,release_positron_beam,8.238259326277063e-05
508,2,50,main_beam_way_touch,8.18460631258863e-05
509,2,50,molecular_interaction_term,8.166707303775187e-05
510,2,51,severe_mill,8.588610799894563e-05
511,2,51,experiment_model_fit,8.584840107593082e-05
512,2,51,diffractometer_coordinate,8.554114878568077e-05
513,2,51,converter_moderator,8.540117956436395e-05
514,2,51,efficient_cost,8.495663205357298e-05
515,2,51,high_angle_reflection,8.340871686444339e-05
516,2,51,solvent_influence,8.330926239441324e-05
517,2,51,rock_salt_spinel_derivative,8.306210924017375e-05
518,2,51,electronic_physical_property_lot,8.244993087040518e-05
519,2,51,aspergillus_nig_beta,8.201702949499646e-05
520,2,52,methyl_acrylate_unit,8.727825009850113e-05
521,2,52,extra_site,8.700941743961207e-05
522,2,52,chain_sequence,8.416208612500189e-05
523,2,52,interplanar_distance,8.35917542105107e-05
524,2,52,radiation_damage_effect,8.281264311524314e-05
525,2,52,graph_set_centrosymmetric_ring,8.280183085744945e-05
526,2,52,unusual_value,8.247645003800899e-05
527,2,52,diversification_point,8.234492520833475e-05
528,2,52,mirror_relate_layer,8.200635371747033e-05
529,2,52,similar_seven_membered_ring,8.194999944033434e-05
530,2,53,speciman_edge_parallel,8.818008528976867e-05
531,2,53,similar_process,8.645185562789642e-05
532,2,53,energy_loss,8.583309050063791e-05
533,2,53,crystal_main_cluster_type,8.569240025692273e-05
534,2,53,accurate_structure_factor,8.525760905178738e-05
535,2,53,cdii_atom,8.496808481691384e-05
536,2,53,distinct_speciman_exposure,8.484043562560084e-05
537,2,53,neutron_encode,8.454066122350313e-05
538,2,53,hydrothermal_method,8.427071721218772e-05
539,2,53,phen_ligand,8.424147696500685e-05
540,2,54,macro_ring,8.866574268157907e-05
541,2,54,solid_state_tautomeric_equilibrium,8.669641383622573e-05
542,2,54,extensive_hydrogen_bond_pattern,8.524221711045465e-05
543,2,54,intermediate_high_incident_energy,8.39794828430331e-05
544,2,54,molecule_pack,8.38730860768125e-05
545,2,54,heterocyclic_ring,8.335901101865748e-05
546,2,54,potassium_sodium_silver_tetraniobium,8.321001668499298e-05
547,2,54,i_boat_conformation,8.304483084274347e-05
548,2,54,novo_biosynthesis,8.30017909738371e-05
549,2,54,many_explanation,8.293819639379234e-05
550,2,55,anomalous_experiment,9.129435105440536e-05
551,2,55,crystal_compare_consistently_crystal,8.625243244509369e-05
552,2,55,induction_time_growth_rate,8.502114166813507e-05
553,2,55,rock_salt_spinel,8.424264552291981e-05
554,2,55,asymmetric_unit_independent_complex,8.417906312926002e-05
555,2,55,unoriented_crystal,8.405492517156859e-05
556,2,55,parallel_run_chain,8.369806089186343e-05
557,2,55,real_situ_observation_time,8.356651335756852e-05
558,2,55,magnetic_order,8.299791086893897e-05
559,2,55,focus_property,8.247385593590385e-05
560,2,56,k_metallic_zinc,9.06087011234587e-05
561,2,56,correspond_free_base,8.553285869409938e-05
562,2,56,c_pi,8.297483767820726e-05
563,2,56,different_enzyme_active_site,8.223899383547363e-05
564,2,56,diffractometer_control,8.20131977660407e-05
565,2,56,attach_pyridyl_ring,8.192510174229929e-05
566,2,56,dialkylammonium_thiosulfate,8.188325165988526e-05
567,2,56,scatter_resonant_curve,8.160131777781905e-05
568,2,56,vitro_study,8.138160371055313e-05
569,2,56,lattice_crystal_real_model,8.132228947158606e-05
570,2,57,uranium_atom,8.901414784278829e-05
571,2,57,material_alignment,8.783354852872386e-05
572,2,57,tin_halide_bond_respect,8.677332732536374e-05
573,2,57,impressive_comparison,8.602908792095925e-05
574,2,57,fluorophenyl_ring_deg,8.480346412506181e-05
575,2,57,mammalian_cytochrome,8.372849090600203e-05
576,2,57,fix_phasis,8.364785679820815e-05
577,2,57,hopa_minus_ligand,8.342739943379206e-05
578,2,57,group_h_atom,8.323310991148244e-05
579,2,57,curve_different_type,8.321975416860848e-05
580,2,58,sugar_residue,9.080768753684714e-05
581,2,58,acid_crystalline_thiosalicylic_acid,8.578578160942167e-05
582,2,58,i_semicarbazone,8.483073181759326e-05
583,2,58,obtain_approach,8.442972050470867e-05
584,2,58,turkish_plant_putoria_calabrica,8.386406682900957e-05
585,2,58,scientific_enterprise_innovation,8.341713833383022e-05
586,2,58,screw_relate_molecule,8.321390762874937e-05
587,2,58,cell_dimension,8.291715974051364e-05
588,2,58,ultimate_test,8.276542624764442e-05
589,2,58,toru_parameter,8.275970461157794e-05
590,2,59,highly_specific_inhibitor,8.708570582245804e-05
591,2,59,symmetry_relate_hexamethylphosphosphoramide,8.68454581574293e-05
592,2,59,ga_cl_distance,8.573245385797158e-05
593,2,59,metal_phosphorus_distance,8.566295995931921e-05
594,2,59,normal_bond,8.550083535568652e-05
595,2,59,s_interval,8.429272104811137e-05
596,2,59,centroid_centroid_distance,8.418641182613038e-05
597,2,59,plane_dihedral_angle,8.316210086285671e-05
598,2,59,steric_effect,8.257833054066375e-05
599,2,59,independent_variable,8.25584901288292e-05
600,2,60,two_previously_know_structure,9.039455204850222e-05
601,2,60,protein_family,8.666480355154964e-05
602,2,60,metal_foil,8.615856852793538e-05
603,2,60,method_sample,8.546922433226916e-05
604,2,60,iron_carbonyl,8.537563369070259e-05
605,2,60,active_site_serine_residue,8.520467007182049e-05
606,2,60,se_se_bond,8.422108663148701e-05
607,2,60,partial_order_diffraction_pattern,8.36446257960144e-05
608,2,60,n_net_dimensional_lattice,8.311318052964934e-05
609,2,60,aspergillus_aculeatus,8.284325027115676e-05
610,2,61,methoxy_group,8.658825377783934e-05
611,2,61,considerable_improvement,8.540723130051774e-05
612,2,61,n_n_dimethylacetamide_molecule,8.420193815409993e-05
613,2,61,polycrystalline_sample,8.355140012354224e-05
614,2,61,statistical_error,8.334347803284141e-05
615,2,61,electronic_physical_property,8.329360550176143e-05
616,2,61,functional_material_type,8.280580545121425e-05
617,2,61,usual_powder_diffraction_technique,8.271195098269147e-05
618,2,61,c_bond,8.248544716610542e-05
619,2,61,molecular_fragment,8.24710026271541e-05
620,2,62,carbon_thorium_atom,8.433338083293503e-05
621,2,62,desire_tosylat_hydrolysis,8.29701378764548e-05
622,2,62,azomethine_n,8.259982606049431e-05
623,2,62,centroid_centroid_interplanar,8.242578534307986e-05
624,2,62,regulation_transcription_initiation,8.21535489865963e-05
625,2,62,sample_geometry,8.21082494903874e-05
626,2,62,n_heterocyclic_ligand,8.20828298650179e-05
627,2,62,beta_chair_alpha,8.203401380294234e-05
628,2,62,two_dimensional_saxs_pattern,8.188506739913364e-05
629,2,62,free_cl_ion,8.186109340625529e-05
630,2,63,solvent_molecule_dimethylformamide,8.602140841539189e-05
631,2,63,terminal_thiocyanate_ligand,8.593073909526654e-05
632,2,63,topo_tomography_experiment,8.410068066350223e-05
633,2,63,hdak_crystal_structure,8.352597607421491e-05
634,2,63,multiple_equidistant_split,8.32379159627563e-05
635,2,63,water_smectic_liquid_crystal,8.305877682122265e-05
636,2,63,x_ray_scatter_technique,8.254589482615397e-05
637,2,63,bridge_cl_minus_anion,8.196713486800452e-05
638,2,63,dimensional_chain,8.196226578542112e-05
639,2,63,polydispersity_exponent,8.188104643880127e-05
640,2,64,nucleotide_specificity,8.435268251565838e-05
641,2,64,monomer_model,8.294232807691281e-05
642,2,64,tetramer_shape,8.276701523811923e-05
643,2,64,pre_process,8.249469331040701e-05
644,2,64,new_phosphate_crystal_structure,8.242668249705589e-05
645,2,64,biosynthesis_purine_de_novo,8.239251572815124e-05
646,2,64,alkaline_addition,8.2236575031312e-05
647,2,64,order_region,8.221205440091749e-05
648,2,64,disulfide_cross_link_strategy,8.188204516701616e-05
649,2,64,stoichiometric_composition,8.174692738889556e-05
650,2,65,outer_growth,9.038044537669987e-05
651,2,65,gold_like_lattice,8.735708749254002e-05
652,2,65,atom_aliphatic_chain,8.633633963228715e-05
653,2,65,differential_scan_calorimetry,8.479214726777241e-05
654,2,65,structure_factor_formalism,8.416548212987833e-05
655,2,65,oxygen_core,8.376286032989903e-05
656,2,65,normal_bond_length,8.371984937195544e-05
657,2,65,stable_net,8.305659987216867e-05
658,2,65,bend_crystal_large_distance,8.29923326634693e-05
659,2,65,trifluoromethyl_group_f_atom,8.298457319317866e-05
660,2,66,week_human_fetus,8.972251868560143e-05
661,2,66,small_curvature_radius,8.503105936424142e-05
662,2,66,high_level,8.461789798487234e-05
663,2,66,scatter_experiment,8.35554698125343e-05
664,2,66,pancreatic_polypeptide,8.317630509378938e-05
665,2,66,exemestane_synthetic_percursor_androstenedione,8.306915882136951e-05
666,2,66,butylamine_chain,8.263977591009706e-05
667,2,66,phenyl_ring_pyrazole_ring,8.257268369203793e-05
668,2,66,cell_survival,8.250106113385778e-05
669,2,66,tensile_test,8.242394208328617e-05
670,2,67,structural_difference,8.569732000334049e-05
671,2,67,solvent_coordinate_water_molecule,8.501411535533249e-05
672,2,67,metal_inorganic,8.472336106091896e-05
673,2,67,defocused_convergent_beam,8.458482150739704e-05
674,2,67,pyrrolidine_substituent,8.420388106016922e-05
675,2,67,hexagonal_trigonal_space_group,8.390462551823447e-05
676,2,67,similar_function,8.359309470459731e-05
677,2,67,family_member,8.272393077161855e-05
678,2,67,result_calculation,8.246666929407062e-05
679,2,67,structure_pseudosymmetry,8.221311552802345e-05
680,2,68,new_coordinate_system,8.386557348598914e-05
681,2,68,crystal_normalize_structure_factor,8.309998202101237e-05
682,2,68,peptide_molecule,8.301682888948421e-05
683,2,68,downward_diffraction,8.283082717806794e-05
684,2,68,water_acetate_perchlorate,8.253903657883794e-05
685,2,68,bridge_group,8.249805177771812e-05
686,2,68,electron_density_map,8.248986566947905e-05
687,2,68,excite_iron_atom,8.239740355768571e-05
688,2,68,in_site,8.202919226252679e-05
689,2,68,c_n_h_conformation,8.186110439245348e-05
690,2,69,structural_relationship,8.704876367937127e-05
691,2,69,b_intensity_loss_factor,8.69702966924295e-05
692,2,69,average_thickness,8.473335814401134e-05
693,2,69,crystallographic_site,8.432238056902184e-05
694,2,69,hydrocarbon_skeleton,8.390120183935612e-05
695,2,69,metal_fragment,8.323880308176398e-05
696,2,69,basal_plane_carboxylate_group,8.232706380262985e-05
697,2,69,lonsdaleite_dimensional_diamond,8.224975607836771e-05
698,2,69,reflection_intensity,8.197161963660088e-05
699,2,69,oligonucleotide_primer,8.188961484454809e-05
700,2,70,q_omega,8.694215619569925e-05
701,2,70,diamagnetic_complex,8.435529804966823e-05
702,2,70,pure_rotation,8.381765567828513e-05
703,2,70,common_use_sample_holder,8.379756235761036e-05
704,2,70,wavelength_anomalous_scatter_term,8.312206063805512e-05
705,2,70,mycobacterium_tuberculosis,8.297865465158273e-05
706,2,70,wild_mutant_type_enzyme,8.276186704458218e-05
707,2,70,water_smectic_liquid_crystal,8.269546897318898e-05
708,2,70,thrombin_molecule,8.26768456258657e-05
709,2,70,e_minus,8.265223007834637e-05
710,2,71,seven_membered_ring,8.651327506063066e-05
711,2,71,impressive_comparison,8.572516180445766e-05
712,2,71,c_o_bond_length,8.524529955652097e-05
713,2,71,regulatory_factor,8.507982770362823e-05
714,2,71,dash_structure_solution,8.506646306070316e-05
715,2,71,preliminary_diffraction_analysis,8.460364080412771e-05
716,2,71,protein_detergent_complex,8.427342419275473e-05
717,2,71,minus_f_prime_minus,8.389751885717291e-05
718,2,71,electron_density_difference_map,8.356390880981661e-05
719,2,71,fan_previously_propose_method,8.32990419691537e-05
720,2,72,ligand_nitrogen_oxygen_atom,8.565770426648069e-05
721,2,72,dispersion_surface,8.502431833258203e-05
722,2,72,pyridine_n_atom,8.47162841119514e-05
723,2,72,horse_breed_industry,8.426839590654947e-05
724,2,72,bias_gaussian_probability_distribution,8.426524874555793e-05
725,2,72,variable_x_ray_wavelength,8.410065967045606e-05
726,2,72,metallic_ion,8.338979559414952e-05
727,2,72,exocyclic_imine_function,8.302367127678166e-05
728,2,72,similar_geometry,8.291496314463811e-05
729,2,72,expression_pattern,8.247597826723465e-05
730,2,73,edge_share_chain,9.177335665039652e-05
731,2,73,typical_deformation,8.645365438906685e-05
732,2,73,graph_set_centrosymmetric_ring,8.553945022100255e-05
733,2,73,computer_display,8.522184286702231e-05
734,2,73,twin_structure,8.500864303660855e-05
735,2,73,room_temperature_phase,8.450498269039217e-05
736,2,73,ng_amp,8.333316407672575e-05
737,2,73,n_c_bond,8.314701187505184e-05
738,2,73,crystallization_state_evaluation,8.23271947957677e-05
739,2,73,protein_aggregation,8.18551458563297e-05
740,2,74,ligation_require_similar_shape,8.716514426800184e-05
741,2,74,essential_protein,8.612601690011815e-05
742,2,74,multiple_wavelength,8.356864015653744e-05
743,2,74,hydrogen_bond,8.322019146658792e-05
744,2,74,gel_filtration,8.317418616914447e-05
745,2,74,electronic_density,8.289440718761301e-05
746,2,74,ph_sodium_acetate_precipitation,8.277239414677927e-05
747,2,74,hydrogen_bond_type,8.246345427705479e-05
748,2,74,enhance_survival,8.207701311789737e-05
749,2,74,size_exclusion,8.201747289141411e-05
750,2,75,fluoride_material,9.057867973864846e-05
751,2,75,beam_orientation_specific,8.396619663338356e-05
752,2,75,diversification_point,8.385342725583471e-05
753,2,75,increasingly_tool,8.373933088203037e-05
754,2,75,component_adduct,8.306926082895497e-05
755,2,75,anomalously_scatter_atom,8.301101788465682e-05
756,2,75,alluaudite_like_structure,8.294169568035591e-05
757,2,75,hydrogen_sulfate,8.283164270931591e-05
758,2,75,previously_refine_structure,8.22215709608e-05
759,2,75,grain_boundary_situate_macrodislocation,8.219483999536774e-05
760,2,76,half_chair,8.72603620078768e-05
761,2,76,dockerin_cohesin,8.686252547898011e-05
762,2,76,common_subgroup,8.466352975184901e-05
763,2,76,seiv_ion_lone_pair,8.373007898635957e-05
764,2,76,metal_organic_framework,8.362325039468132e-05
765,2,76,luminescent_material,8.350925349297772e-05
766,2,76,symmetry_relate_group,8.309341726535347e-05
767,2,76,new_intermetallic,8.288222886907603e-05
768,2,76,hydrate_prime_prime,8.196199177359597e-05
769,2,76,protein_crystal,8.16485543115469e-05
770,2,77,n_propylquinolinium,8.620060011917473e-05
771,2,77,pole_figure,8.612628048594864e-05
772,2,77,essential_virulence_factor_pathogen,8.439050030690992e-05
773,2,77,pseudotetrahedral_environment,8.39116502420513e-05
774,2,77,intermediate_alloy,8.368242989082232e-05
775,2,77,detuning_technique,8.367111422654629e-05
776,2,77,dilute_silica_dynamic,8.327179086937815e-05
777,2,77,translation_relate_hydrogen_bond,8.294922884241237e-05
778,2,77,performance_test,8.266833053948367e-05
779,2,77,viral_replication,8.260201740916765e-05
780,2,78,bone_tissue_change,8.937593796793678e-05
781,2,78,sulfonylation_reaction,8.748169575888713e-05
782,2,78,exact_expression,8.635628446960828e-05
783,2,78,centrosymmetric_entity,8.54681119118497e-05
784,2,78,catalytic_process,8.493724050990427e-05
785,2,78,rubbery_material_property,8.357186573761951e-05
786,2,78,block_copolymer_micelle,8.312515285374172e-05
787,2,78,tube_count_rate,8.303023795997327e-05
788,2,78,structure_factor_phasis_set,8.29560706594831e-05
789,2,78,dislocation_image,8.284508270291451e-05
790,2,79,future_test_possible_material,8.68397721882698e-05
791,2,79,sequence_identity,8.65989034777277e-05
792,2,79,quinol_oxidase,8.653177915572963e-05
793,2,79,mr_molecular_replacement,8.64663781897342e-05
794,2,79,chain_result,8.577329356169648e-05
795,2,79,anthracene_molecule,8.503944407637196e-05
796,2,79,unsolved_sad_datum_set,8.466548845124019e-05
797,2,79,s_dibenzyl_dithiophosphate,8.415674462305412e-05
798,2,79,cm_active_area,8.384450224612444e-05
799,2,79,close_contact,8.379128156244787e-05
800,2,80,bipyramidal_configuration,8.787789915097754e-05
801,2,80,osteoblast_differentiation,8.724266848918183e-05
802,2,80,helical_distorsion,8.677745259445737e-05
803,2,80,two_new_dialkylammonium_thiosulfate,8.638809788980271e-05
804,2,80,monosolvate_pentahydrate_dimethylformamide,8.42711989755016e-05
805,2,80,helical_pack_basis,8.273077461591085e-05
806,2,80,electron_density_peak,8.243631304875033e-05
807,2,80,protein_dimeric_state,8.23960523850382e-05
808,2,80,disorder_ethanol_solvent_molecule,8.237354398500437e-05
809,2,80,complementary_characterization_technique_combination,8.229978954200265e-05
810,2,81,bidentate_chelate_sulfate_ligand,8.937354283239297e-05
811,2,81,n_o_h,8.612294451602624e-05
812,2,81,test_nbsp_case_numb,8.409936843749164e-05
813,2,81,incident_neutron,8.35740382806686e-05
814,2,81,k_sim,8.262726587893908e-05
815,2,81,l_dihydroorotate,8.22990041935442e-05
816,2,81,birk_type,8.212793573763501e-05
817,2,81,simple_mathematical_algorithm,8.196691483635799e-05
818,2,81,diffraction_datum_set,8.191452674992638e-05
819,2,81,thrombin_molecule,8.164969770960858e-05
820,2,82,n_n_h,9.710655420839715e-05
821,2,82,thiocyanate_n_atom,8.553483668939062e-05
822,2,82,appropriate_line_shape,8.521853620017277e-05
823,2,82,speed_accuracy,8.338682010487597e-05
824,2,82,cuii_center,8.280755598937311e-05
825,2,82,two_l,8.259312961847946e-05
826,2,82,grain_boundary_theory,8.25468389866597e-05
827,2,82,centrosymmetric_acid_h_atom,8.244794252288166e-05
828,2,82,br_interaction,8.19777571852585e-05
829,2,82,crystallographic_plane,8.164881999156564e-05
830,2,83,mean_plane_dihedral_angle,8.770229658846166e-05
831,2,83,mu_n_ring,8.696780108595926e-05
832,2,83,n_h_pair,8.521544567431371e-05
833,2,83,profile_analysis,8.51014309717604e-05
834,2,83,ctd_characterize_modification,8.483445885393822e-05
835,2,83,orf_open_read_frame,8.44070684091046e-05
836,2,83,unstable_net,8.42474260758266e-05
837,2,83,microdefect_inclusion,8.421463768652457e-05
838,2,83,significant_fluorescence_chance,8.414960048444145e-05
839,2,83,structure_validation_useful_tool,8.373486420042008e-05
840,2,84,coplanar_nicotinamide_moiety,8.372541339586851e-05
841,2,84,n_prime,8.35901899492058e-05
842,2,84,rsv_respiratory_syncytial_virus,8.347934194799172e-05
843,2,84,unit_weight,8.34737451404102e-05
844,2,84,crystal_compare_consistently_crystal,8.345392420196004e-05
845,2,84,occupancy_site,8.336429574332315e-05
846,2,84,hydroxymethyl_amide,8.329403408373519e-05
847,2,84,atp_saicar_synthase_complex,8.310570615965378e-05
848,2,84,distort_octahedral_environment,8.300489920349756e-05
849,2,84,experimental_series,8.271888335829522e-05
850,2,85,aromatic_biosynthesis_shikimate_pathway,8.659306601932076e-05
851,2,85,graze_incidence_monochromator,8.526916819355884e-05
852,2,85,coaxial_geometry,8.501589219995812e-05
853,2,85,a_factor,8.3784288343307e-05
854,2,85,indazole_mean_plane,8.372989104513798e-05
855,2,85,high_heat_load_condition,8.369705995359905e-05
856,2,85,reactive_moiety_alkyl_hydride,8.309753875363111e-05
857,2,85,direction_parallel_run_chain,8.267118010083226e-05
858,2,85,minus_middot,8.240503759206879e-05
859,2,85,all_n_o_atom,8.234941778718024e-05
860,2,86,correspondence_address,8.962421147146434e-05
861,2,86,expect_characteristic,8.506605473419188e-05
862,2,86,complete_native_datum,8.469235820767047e-05
863,2,86,previously_report_kappa_polymorph,8.459658273940706e-05
864,2,86,enzyme_class,8.436457142024866e-05
865,2,86,phenol_imine_tautomer,8.434074616164359e-05
866,2,86,axis_aring_pitch,8.331231855407567e-05
867,2,86,upstream_object_pass_beam,8.274688392892692e-05
868,2,86,analogous_sm_crystal,8.252412656541282e-05
869,2,86,particular_in_pseudosymmetry_decrease,8.250426735603897e-05
870,2,87,crystallographic_asymmetric_unit_monomer,8.936375971986451e-05
871,2,87,pfor_ferredoxin_oxidoreductase,8.723729535879796e-05
872,2,87,technology_advance,8.655369908111736e-05
873,2,87,aluminium_barium,8.522947139813959e-05
874,2,87,range_reflection,8.500654219135773e-05
875,2,87,superfamily_inositol_monophosphatase,8.489602915004433e-05
876,2,87,o_o,8.43941891179447e-05
877,2,87,length_mm,8.343893269536541e-05
878,2,87,pyrazole_n_atom,8.293631264974396e-05
879,2,87,apical_bond_length,8.287777934577489e-05
880,2,88,absorption_intensity,8.662081242566757e-05
881,2,88,ensemble_asymmetrical_entropy,8.531010735616487e-05
882,2,88,axial_mn_distance,8.373806891838615e-05
883,2,88,strong_c_h_pi,8.352202045695168e-05
884,2,88,amorphous_protein,8.30632075094573e-05
885,2,88,distortion_magnitude_sigmoidal_dependence,8.284848505452964e-05
886,2,88,fiat_sample,8.213688572002753e-05
887,2,88,structure_validation,8.213451454558696e-05
888,2,88,position_substitution,8.201716996103763e-05
889,2,88,work_aim,8.189781482595118e-05
890,2,89,centrosymmetric_hydrogen_bond_ring,9.118426139703638e-05
891,2,89,f_distance,8.547755193032181e-05
892,2,89,solution_lipid_interface,8.504992663218867e-05
893,2,89,functional_diversity,8.48072920393171e-05
894,2,89,middot_complex,8.410242754471535e-05
895,2,89,monoclinic_delta_polymorph,8.341556557344176e-05
896,2,89,rigid_body_theory,8.281076077616857e-05
897,2,89,alcohol_solvent_vapor,8.267689062432393e-05
898,2,89,apex_edge,8.261322085358683e-05
899,2,89,bulk_copper,8.26130496275515e-05
900,2,90,scintillator_plate,9.735330845743635e-05
901,2,90,isomorphism_class,9.292668886815491e-05
902,2,90,capillary_concentrator_use,9.266451714847569e-05
903,2,90,pure_t_film,8.650000310678663e-05
904,2,90,x_ray_wideband_holography,8.529321179872465e-05
905,2,90,phase_capability,8.473766278370162e-05
906,2,90,crystal_diffraction_image,8.446195975821414e-05
907,2,90,clathrin_mediate_endocytosis,8.396883020930794e-05
908,2,90,flagellar_assembly,8.368431915473485e-05
909,2,90,important_cosmoceutical_property,8.35424593489599e-05
910,2,91,alternative_approach,8.709671595134988e-05
911,2,91,carbonyl_methylamino,8.336880226493047e-05
912,2,91,terminal_beta,8.262817539842813e-05
913,2,91,diffraction_condition,8.238140516261046e-05
914,2,91,experimental_datum,8.149647329765312e-05
915,2,91,formic_hydrazide_unit_chlorophenyl,8.140233197839377e-05
916,2,91,axial_position,8.136617017577237e-05
917,2,91,class_well_study_example,8.127375988600546e-05
918,2,91,axis_stack_cl_interaction,8.125963940274111e-05
919,2,91,gamma_form,8.124057167377211e-05
920,2,92,cover_area,9.052506938435479e-05
921,2,92,pseudouridine_rrna_uridine_isomerization,8.640485385022148e-05
922,2,92,wilson_plot,8.6292473476542e-05
923,2,92,axial_polar_general_tensor,8.608345668350214e-05
924,2,92,cl_h_o,8.366691425072417e-05
925,2,92,uranium_atom,8.35605839789288e-05
926,2,92,accoustical_mode,8.345738054224455e-05
927,2,92,slip_pi_pi_interaction,8.3395303463124e-05
928,2,92,middot_polymorph,8.305530580485112e-05
929,2,92,intramolecular_intermolecular_o_h,8.286334872225386e-05
930,2,93,bond_fixation,8.608857965097482e-05
931,2,93,overcorrection_magnitude,8.538821025783565e-05
932,2,93,p_distance,8.487433775311192e-05
933,2,93,double_crystal,8.451128358930896e-05
934,2,93,conventional_hydrogen_bond,8.356434231356272e-05
935,2,93,coincidence_concept,8.320652801071945e-05
936,2,93,non_crystallographic_symmetry,8.317973955223041e-05
937,2,93,close_interaction,8.312455433161177e-05
938,2,93,anomalous_scatter_datum,8.287895242035114e-05
939,2,93,inert_gas_condensation_technique,8.266922742067732e-05
940,2,94,profile_fit_technique,8.918213366082864e-05
941,2,94,close_proximity,8.722176307776195e-05
942,2,94,model_interpretation_build,8.27190083048852e-05
943,2,94,carboxyl_methyl_group,8.220741206488709e-05
944,2,94,minus_torsion_angle,8.206490628979989e-05
945,2,94,gamma_correction,8.197433928344648e-05
946,2,94,chemistry_geometry,8.196281767734868e-05
947,2,94,anchor_hemicellulas,8.15598990448377e-05
948,2,94,dioxane_o_atom,8.128857284785891e-05
949,2,94,attach_dimethoxyphenyl_residue,8.122306218894715e-05
950,2,95,synchrotron_topography,9.223389255321e-05
951,2,95,high_energy_synchrotron,8.529598302707333e-05
952,2,95,ligand_group,8.4187710988006e-05
953,2,95,axial_position_phenyl_group,8.334015420302886e-05
954,2,95,specific_damage_distribution,8.255750795064462e-05
955,2,95,open_read,8.19887289202133e-05
956,2,95,individual_profile_fit_technique,8.16441176235143e-05
957,2,95,asymmetric_geometry,8.157995179079558e-05
958,2,95,ether_cavity,8.15050287696795e-05
959,2,95,pumice_structure,8.130114317158671e-05
960,2,96,deg_bragg_law,9.402206301309229e-05
961,2,96,nlo_susceptibility,8.652848840475259e-05
962,2,96,crystallographic_asymmetric_unit_complex,8.545031854979226e-05
963,2,96,ed_spectrum,8.470792436803791e-05
964,2,96,primary_nitramino_group,8.424915463537739e-05
965,2,96,action_set,8.3471520870538e-05
966,2,96,form_spherulite,8.319973613224296e-05
967,2,96,student_simple_apparatus,8.312168665443244e-05
968,2,96,be_symmetry_site,8.300301974289543e-05
969,2,96,rna_dna_edit_deaminas,8.221004311220311e-05
970,2,97,angle_analysis_bond_length,9.17593067598223e-05
971,2,97,atp_saicar_synthase_complex,8.883991251512181e-05
972,2,97,photographic_intensity,8.701034358554528e-05
973,2,97,olf_domain_structure,8.501533354954914e-05
974,2,97,crystallization_experiment_ultimate_test,8.470933806191587e-05
975,2,97,naphthalene_contain_polyether,8.448937325944283e-05
976,2,97,correspond_size_distribution_function,8.433163939748377e-05
977,2,97,antivirulence_drug,8.341770832846303e-05
978,2,97,dna_emsa,8.33141814796019e-05
979,2,97,bulk_sample_internal_structure,8.316040799408934e-05
980,2,98,domain_structure,8.86817103589922e-05
981,2,98,heptane_chain,8.73165575163917e-05
982,2,98,form_sheet,8.586168623535376e-05
983,2,98,b_axis_chain,8.566638643122432e-05
984,2,98,bpap_rna_complex,8.534473896486848e-05
985,2,98,crystal_unit_cell_parameter,8.517760221330279e-05
986,2,98,modern_source,8.490188242027793e-05
987,2,98,polymorph_bulk_modulus,8.476780618304398e-05
988,2,98,publish_asymmetric_unit,8.410795670043628e-05
989,2,98,hydrolytic_enzyme,8.398412619514194e-05
990,2,99,active_site_serine_residue,8.882017152797904e-05
991,2,99,new_atom_specific_metric,8.762241054428723e-05
992,2,99,planar_conjugation,8.631090464769538e-05
993,2,99,virtual_bragg_scatter_concept,8.56987707631382e-05
994,2,99,half_occupancy_o_atom,8.534115391724499e-05
995,2,99,pyridine_molecule,8.524986036384305e-05
996,2,99,bind_partner_interaction,8.511711308682463e-05
997,2,99,structural_anisotropy,8.475130645278474e-05
998,2,99,substitute_meso_position,8.41261197310918e-05
999,2,99,protein_structure_determination,8.396842734075375e-05
1000,2,100,bovine_thrombin_complex_crystal,8.956349206549758e-05
1001,2,100,proton_transfer,8.744405782981567e-05
1002,2,100,pyrazine_ligand_atom,8.705123158921473e-05
1003,2,100,o_aring_distance,8.579145451539972e-05
1004,2,100,topological_density_calculation_use,8.568028518131455e-05
1005,2,100,contact_pi_pi,8.428036099388218e-05
1006,2,100,bimodal_size_distribution,8.400928544381378e-05
1007,2,100,fit_procedure,8.368544872432793e-05
1008,2,100,material_mixture,8.349175865015542e-05
1009,2,100,hydrazine_hydrate_hydrocinnamaldehyde_reaction,8.240406100325614e-05
1010,2,101,hodgson_amp,9.274933036250384e-05
1011,2,101,opposite_direction,8.67672197962781e-05
1012,2,101,stannic_chloride,8.611596108472579e-05
1013,2,101,grain_boundary_situate_macrodislocation,8.56157739887575e-05
1014,2,101,chemical_structure,8.539407579248812e-05
1015,2,101,sans_saxs_neutron_scatter,8.482538847360742e-05
1016,2,101,correct_table,8.417268331096791e-05
1017,2,101,isomorphous_crystal,8.375408740548848e-05
1018,2,101,five_example,8.358529488829828e-05
1019,2,101,irregular_ladder_dimensional_column,8.263769241779898e-05
1020,2,102,tcnoet_ligand,8.923090188538529e-05
1021,2,102,etc_bioavailability_solubility,8.84820326861852e-05
1022,2,102,thiazine_ring,8.820599514053713e-05
1023,2,102,guini_camera,8.760573144044467e-05
1024,2,102,electron_density_consideration_basis,8.512764299443352e-05
1025,2,102,topological_relation,8.294126644306701e-05
1026,2,102,formalism_arise_difficulty,8.2541297620789e-05
1027,2,102,asynchronous_crystallization_robot,8.214739543396617e-05
1028,2,102,nucleic_acid_structure_counterion,8.210063063821952e-05
1029,2,102,substituent_slight_modification,8.203466595071776e-05
1030,2,103,global_damage,9.056753420398724e-05
1031,2,103,ribose_moiety_group,8.81868516275894e-05
1032,2,103,substitute_cyclopentadienyl,8.693043965793768e-05
1033,2,103,small_crystal,8.570346958967168e-05
1034,2,103,tran_position_ligand,8.452205858117972e-05
1035,2,103,double_layer_supramolecular_network,8.447618902006752e-05
1036,2,103,de_eacute,8.444841401082094e-05
1037,2,103,supramolecular_chain,8.435952588922309e-05
1038,2,103,anticancer_drug_development,8.334177995704565e-05
1039,2,103,double_crystal_diffractometer,8.321114623668852e-05
1040,2,104,derivative_selenomethionyl,8.816264833383772e-05
1041,2,104,grain_boundary_plane,8.634826140988852e-05
1042,2,104,solvent_water,8.633030026112453e-05
1043,2,104,fascinate_unique_property,8.631202690685624e-05
1044,2,104,family_distant_member,8.550321871793414e-05
1045,2,104,tensile_speciman,8.391353530994063e-05
1046,2,104,n_heterocyclic_carbene_ligand,8.319790592303912e-05
1047,2,104,space_group_polar_structure,8.287650635551707e-05
1048,2,104,phase_shift,8.2313371920621e-05
1049,2,104,pyridinium_benzene_ring,8.227780151623745e-05
1050,2,105,oxidative_fold,9.057734028282671e-05
1051,2,105,drug_design,8.621696901512715e-05
1052,2,105,intramolecular_stack_interaction,8.568902960285937e-05
1053,2,105,oscillation_photography,8.549748446547435e-05
1054,2,105,f_split_facet,8.541829214237918e-05
1055,2,105,tau_n_s_angle,8.355804093524657e-05
1056,2,105,weak_c_h_pi,8.29354422028855e-05
1057,2,105,site_direct_mutagenesis,8.229607583318245e-05
1058,2,105,ultra_small_angle,8.210979776844055e-05
1059,2,105,general_formula_molybdate_phosphate,8.193912878345223e-05
1060,2,106,protein_fragment_database_use,8.55280492715371e-05
1061,2,106,molecular_similarity,8.519559224880227e-05
1062,2,106,pure_t_film_result,8.496804223869432e-05
1063,2,106,d_inhibition,8.435768256455904e-05
1064,2,106,sign_relationship,8.355774919008872e-05
1065,2,106,cyclohexene_ring,8.33672572236045e-05
1066,2,106,minus_structure,8.33101005507092e-05
1067,2,106,gas_load,8.294117405444851e-05
1068,2,106,laboratory_x_ray_analysis,8.289331883786606e-05
1069,2,106,terephthal_butylaniline,8.267092000555228e-05
1070,2,107,aerobic_oxidation,8.728275674687893e-05
1071,2,107,rational_function_arctangent_function,8.675155921789997e-05
1072,2,107,antiretroviral_drug_resistance_susceptibility,8.609078427682665e-05
1073,2,107,low_temperature_datum,8.474814406934701e-05
1074,2,107,all_result,8.455588136391327e-05
1075,2,107,octupole_sum,8.302424521686328e-05
1076,2,107,ii_i_semicarbazone,8.258014134972809e-05
1077,2,107,chelidamic_acid_middot_reaction,8.252464062486061e-05
1078,2,107,o_bond,8.199728330767742e-05
1079,2,107,shad_herr_bone,8.186661698872883e-05
1080,2,108,c_s_bond,8.470776769525859e-05
1081,2,108,kernel_density_estimator,8.353578655812047e-05
1082,2,108,c_h_combination,8.318154538091109e-05
1083,2,108,graphical_evaluation,8.310728774525742e-05
1084,2,108,property_tensor_component,8.29216958035528e-05
1085,2,108,relaxation_static_calculation,8.291190087161645e-05
1086,2,108,publish_asymmetric_unit,8.246667739604126e-05
1087,2,108,amine_combination,8.222068374624979e-05
1088,2,108,co_nanocluster_organization,8.206565569448342e-05
1089,2,108,isomorphous_crystal,8.195956275348924e-05
1090,2,109,complex_binuclear,8.520232773639781e-05
1091,2,109,c_s_bond,8.450020554103892e-05
1092,2,109,low_temperature,8.442358796590654e-05
1093,2,109,furan_plane_ester_group,8.383073893155414e-05
1094,2,109,distort_octahedral_arrangement,8.382751275287088e-05
1095,2,109,half_organic_molecule,8.378136711282944e-05
1096,2,109,enol_form,8.369362345869842e-05
1097,2,109,central_imine_group,8.341929036021276e-05
1098,2,109,mononuclear_molecule,8.329650289911582e-05
1099,2,109,crystallographic_resolution,8.293657863525724e-05
1100,2,110,acidothermophilic_archaeon,8.677002853786055e-05
1101,2,110,bimodal_size,8.599826178338293e-05
1102,2,110,sn_o,8.578727377200822e-05
1103,2,110,crystal_spatial_distribution,8.512516518737236e-05
1104,2,110,seco_dammarane,8.497274852848171e-05
1105,2,110,saicar_synthase_family,8.394911400855258e-05
1106,2,110,methanol_methylene_chloride,8.347941816639099e-05
1107,2,110,plane_crystal,8.305989642630316e-05
1108,2,110,dimeric_tim,8.295791048262275e-05
1109,2,110,mix_oxide,8.270818235999381e-05
1110,2,111,ring_system,8.746607767513818e-05
1111,2,111,nitrogen_oxygen,8.684666749999014e-05
1112,2,111,time_enlarge_time,8.65986093215444e-05
1113,2,111,beam_stop,8.441088872068461e-05
1114,2,111,residue_consist_enzyme,8.438556190384367e-05
1115,2,111,intramolecular_stack_interaction,8.43050625989059e-05
1116,2,111,spherically_bend_crystal_analyzer,8.314537862160285e-05
1117,2,111,positive_anomcc,8.302513735027196e-05
1118,2,111,general_purpose,8.258365454677478e-05
1119,2,111,mixture_film_growth,8.202638077616611e-05
1120,2,112,catena_mu_structure,8.512950514493068e-05
1121,2,112,theta_e,8.45401688133522e-05
1122,2,112,sub_pixel,8.364196050697365e-05
1123,2,112,substitute_cyclopentadienyl_ring,8.361913465012838e-05
1124,2,112,agi_complex_cation,8.283939051771315e-05
1125,2,112,nbsp_aring_nbsp,8.282259156484137e-05
1126,2,112,growth_process,8.242567367055243e-05
1127,2,112,lorentzian_profile,8.237406680902933e-05
1128,2,112,main_dimension,8.236544093546607e-05
1129,2,112,p_tolyl_ring,8.217941836656526e-05
1130,2,113,ga_atom,8.864408073358208e-05
1131,2,113,report_scheme_error,8.844674035089219e-05
1132,2,113,coordinate_ag_atom,8.71903243739245e-05
1133,2,113,polychromatic_experiment,8.648278139312412e-05
1134,2,113,spectral_refraction_index,8.344314173128786e-05
1135,2,113,monochromatic_powder,8.298901707089495e-05
1136,2,113,x_tem_ray_result,8.298466139345821e-05
1137,2,113,leave_hand_pattern,8.297946295071665e-05
1138,2,113,free_energy_analysis,8.276053169221524e-05
1139,2,113,stirling_interpolation_formula,8.21119426896423e-05
1140,2,114,btb_domain,9.433331142228184e-05
1141,2,114,count_loss,8.486270225704165e-05
1142,2,114,x_ray_technique_reproducibility,8.478536020050702e-05
1143,2,114,ewald_prize_nomination,8.438987943129024e-05
1144,2,114,unit_cell_parameter_function,8.420569836538806e-05
1145,2,114,near_edge,8.326229358635372e-05
1146,2,114,self_reduction_product_assembly,8.300269089358281e-05
1147,2,114,bidentate_chelate,8.29317087527141e-05
1148,2,114,c_terminal_amide,8.280212935942364e-05
1149,2,114,apparent_large_correlation_length,8.23700519560475e-05
1150,2,115,o_length_hydrogen_bond,8.779056090323937e-05
1151,2,115,alpha_low_temperature_form,8.62211817733572e-05
1152,2,115,x_ray_exposure,8.579339064750414e-05
1153,2,115,lattice_reside,8.549520300123192e-05
1154,2,115,dimeric_tim_tetramerization_hindrance,8.548081425301609e-05
1155,2,115,structure_factor_phasis_set,8.525153807844301e-05
1156,2,115,coii_atom_coordinate,8.466538336244567e-05
1157,2,115,ccd_detector_predominant_market,8.457224889497242e-05
1158,2,115,unesco_iucr,8.42275122909751e-05
1159,2,115,intensity_dislocation,8.411117317939615e-05
1160,2,116,incoherent_scatter_cross_section,8.713205193565245e-05
1161,2,116,topological_density_calculation_use,8.455410117791178e-05
1162,2,116,direct_method,8.407614102889626e-05
1163,2,116,separate_crystal,8.374186217549704e-05
1164,2,116,growth_rate_movement,8.27804729583939e-05
1165,2,116,planar_conformation_guanidinium_cation,8.27150508934946e-05
1166,2,116,methoxybenzene_group,8.254357891399836e-05
1167,2,116,soil_bacterium,8.22288853635037e-05
1168,2,116,beam_line,8.221837906377331e-05
1169,2,116,iron_sulfur,8.221439786785113e-05
1170,2,117,o_prime_kappa,8.785113842367066e-05
1171,2,117,pyrazine_pyrazine,8.708799215810622e-05
1172,2,117,piperidone_ring,8.591333016391386e-05
1173,2,117,synchrotron_source_oscillation_photography,8.589109239342407e-05
1174,2,117,uniform_density,8.570853913106295e-05
1175,2,117,equatorial_plane,8.55559307561468e-05
1176,2,117,ag_k_alpha,8.554725314531812e-05
1177,2,117,hydroxyl_o,8.522763974452237e-05
1178,2,117,classical_protein_tyrosine,8.42406111232087e-05
1179,2,117,znii_cation,8.401134818701776e-05
1180,2,118,coordination_coordinate_water_molecule,8.61339390033642e-05
1181,2,118,azine_alternatively_call,8.530376090071629e-05
1182,2,118,sheet_structure_rise,8.516381906687147e-05
1183,2,118,middot_racemic_asymmetric_unit,8.427916849232023e-05
1184,2,118,ultra_small_angle_neutron,8.427564083146534e-05
1185,2,118,self_practice_assessment_test,8.401888014703705e-05
1186,2,118,hydrogen_bond_dimer,8.400862981993545e-05
1187,2,118,similar_negative_charge_target,8.398940977487794e-05
1188,2,118,little_value,8.39728833658005e-05
1189,2,118,middot_minus_anion_cation,8.326274063369209e-05
1190,2,119,downs_amp,8.587356419361027e-05
1191,2,119,n_intramolecular_hydrogen_bond,8.548006078563635e-05
1192,2,119,bragg_case,8.499518571458922e-05
1193,2,119,nickel_affinity_chromatography,8.469413992486755e-05
1194,2,119,overall_numb,8.431846638038653e-05
1195,2,119,lang_projection_topograph,8.322946773584208e-05
1196,2,119,laue_intensity,8.320105681692162e-05
1197,2,119,x_tem_ray,8.312361520853804e-05
1198,2,119,teta_triethylenetetramine,8.270683913970666e-05
1199,2,119,present_pi_interaction,8.253557218433725e-05
1200,2,120,potentially_conformational_polymorphism_incline,8.831172150337071e-05
1201,2,120,b_spline_function,8.670488776202203e-05
1202,2,120,solid_method,8.531242796584024e-05
1203,2,120,scatter_factor_product,8.385330836415013e-05
1204,2,120,aring_vm,8.369264376821044e-05
1205,2,120,homochiral_hydrothermal_reaction,8.362987179489006e-05
1206,2,120,plant_pathogen,8.348195738113186e-05
1207,2,120,optical_nlo_property,8.338808121813342e-05
1208,2,120,quartet_relation_sign,8.283992236104618e-05
1209,2,120,special_value,8.282353337915125e-05
1210,2,121,complete_model_reconstruction_scaffold,8.776444627936301e-05
1211,2,121,tribromide_ion,8.515403862025437e-05
1212,2,121,correspond_dimension,8.365200668847111e-05
1213,2,121,important_issue,8.349134405120212e-05
1214,2,121,synthesis_thymine,8.242325322510986e-05
1215,2,121,previously_unknown_phase,8.175606078491128e-05
1216,2,121,triclinic_space_group,8.158172400552246e-05
1217,2,121,ethylenedioxy_group,8.137356911345884e-05
1218,2,121,tran_hydrocarbon_skeleton,8.129952830676331e-05
1219,2,121,c_c_distance,8.113200060671755e-05
1220,2,122,agc_family,8.984665258702857e-05
1221,2,122,minor_groove,8.673375726607813e-05
1222,2,122,tran_locate_pyridine_ring,8.537564703235563e-05
1223,2,122,ternary_level,8.523643605045648e-05
1224,2,122,material_science,8.522391771379048e-05
1225,2,122,l_carboxypeptidase_activity,8.522270861112314e-05
1226,2,122,tim_barrel_interaction_analysis,8.385244647055315e-05
1227,2,122,vertebrate_peripheral_nervous_system,8.366143878626012e-05
1228,2,122,furanyl_fragment,8.352096436326755e-05
1229,2,122,monoclinic_form,8.333079519767002e-05
1230,2,123,minus_middot_dihydrate,8.769095960880821e-05
1231,2,123,outer_growth_region,8.730327851416684e-05
1232,2,123,diimine_core,8.613380354338297e-05
1233,2,123,cuprophilic_interaction,8.53408739565793e-05
1234,2,123,alkaliphilic_bacillus_sp,8.495297934838041e-05
1235,2,123,furofuran_ligand,8.421675731489718e-05
1236,2,123,common_graphical_user_interface,8.383832533666769e-05
1237,2,123,hexagonal_o_distance,8.346864578498971e-05
1238,2,123,functional_structural_study,8.318323199402735e-05
1239,2,123,n_hydrogen,8.239950704197019e-05
1240,2,124,dichlorobenzoate_ligand_o_atom,8.585455583483073e-05
1241,2,124,methoxyamino_h_atom_replacement,8.552586199448339e-05
1242,2,124,anion_minus_half,8.466332947945563e-05
1243,2,124,nanoparticle_dissipative_fluctuate_dynamic,8.441473733452953e-05
1244,2,124,hg_derivative_crystal,8.417573155484785e-05
1245,2,124,issue_resolve_order,8.377273285115819e-05
1246,2,124,small_angle_scatter_measurement,8.373364247315322e-05
1247,2,124,mosaicity_maximum_resolution,8.27317776955092e-05
1248,2,124,salt_asymmetric_unit,8.261689796907044e-05
1249,2,124,salt_hydrate,8.23359754925373e-05
1250,2,125,finger_lobe,8.741658025376377e-05
1251,2,125,face_molecule_rapid_loss,8.512087566415219e-05
1252,2,125,antivirulence_drug_development,8.479332271601892e-05
1253,2,125,symmetry_axis,8.416321243768372e-05
1254,2,125,phase_structure_invariant,8.405913785829946e-05
1255,2,125,clear_physical_mean,8.392967960510838e-05
1256,2,125,incident_neutron,8.362699971053632e-05
1257,2,125,novel_mu_n_ring,8.303613713647113e-05
1258,2,125,simple_general_rule,8.288590838140626e-05
1259,2,125,pure_t_film_result,8.273089002381499e-05
1260,2,126,asymmetric_unit_solvent_molecule,9.028040976142695e-05
1261,2,126,possible_speculation,8.801767880395884e-05
1262,2,126,carbon_sublattice,8.48581032965078e-05
1263,2,126,crystallogenesis_datum,8.484901584311625e-05
1264,2,126,flatten_topology,8.478961078099642e-05
1265,2,126,electrostatic_charge_distribution,8.42460486834612e-05
1266,2,126,methoxyphenyl_ring,8.390260407406854e-05
1267,2,126,different_datum_collection_strategy,8.364739090884871e-05
1268,2,126,teach_datum_analysis,8.347389199549662e-05
1269,2,126,high_energy_wafer,8.311236157119098e-05
1270,2,127,small_set,8.992029832297546e-05
1271,2,127,type_stack,8.95115787642974e-05
1272,2,127,expert_system,8.802086098637344e-05
1273,2,127,diamagnetic_complex,8.680666933512806e-05
1274,2,127,square_planar_coordination_geometry,8.538632314059941e-05
1275,2,127,dak_structure,8.484588294315326e-05
1276,2,127,different_enzyme,8.468771551866259e-05
1277,2,127,neutron_diffraction_datum,8.445645152769066e-05
1278,2,127,non_h_atom,8.423017275023297e-05
1279,2,127,diffract_intensity,8.34961119724286e-05
1280,2,128,solution_study,8.781703237702599e-05
1281,2,128,crystallographic_screw_axis,8.608953275183856e-05
1282,2,128,radiation_damage_effect,8.579452212917426e-05
1283,2,128,inter_particle_interaction,8.571425552977109e-05
1284,2,128,neighboring_molecule,8.423823525390029e-05
1285,2,128,metal_bind_site,8.42321465521393e-05
1286,2,128,inositol_polyphosphate,8.332641040383516e-05
1287,2,128,o_graph_hydrogen_bond,8.313117282667349e-05
1288,2,128,classical_hydrogen,8.306980316679528e-05
1289,2,128,salicylic_acid_derivative,8.287877587101025e-05
1290,2,129,robl_experimental_hutch,8.750360699322495e-05
1291,2,129,key_enzyme,8.633143794731116e-05
1292,2,129,ni_absorption_edge,8.611331592605032e-05
1293,2,129,aring_nbsp,8.519341096713593e-05
1294,2,129,steric_crowd,8.482985825538203e-05
1295,2,129,calpha_polyalanine,8.358056381322076e-05
1296,2,129,methoxybenzene_group,8.341379225821802e-05
1297,2,129,simple_combinatorial_type_number,8.29142347907287e-05
1298,2,129,oxygen_core,8.24933037325007e-05
1299,2,129,aring_o_n,8.23686677837304e-05
1300,2,130,range_distance,8.872092798523032e-05
1301,2,130,c_repeat_atom,8.6356191661691e-05
1302,2,130,domain_boundary,8.622330234220042e-05
1303,2,130,standard_point,8.6123851789869e-05
1304,2,130,phenolic_o,8.513644745888653e-05
1305,2,130,acetolactate_enantiomer,8.485079452613175e-05
1306,2,130,nickel_affinity_chromatography,8.470766695733174e-05
1307,2,130,net_density,8.35503935737569e-05
1308,2,130,cbed_pattern_phasis_inspection,8.329679268219915e-05
1309,2,130,middot_single_crystal,8.320178100837882e-05
1310,2,131,neutral_specie,8.915891794267889e-05
1311,2,131,molecular_weight,8.563195798284833e-05
1312,2,131,psgr_phiv,8.544619302000965e-05
1313,2,131,range_lie,8.460329491861266e-05
1314,2,131,aring_resolution_x_ray,8.374815171161063e-05
1315,2,131,nanocrystalline_loose_powder,8.361840300816654e-05
1316,2,131,important_n_heterocyclic_ligand,8.282956382107912e-05
1317,2,131,ether_ring_crown_respect,8.215736802017913e-05
1318,2,131,ring_n_atom,8.20333134820584e-05
1319,2,131,microstrain_broaden,8.180493366109073e-05
1320,2,132,rapamycin_complex,8.495449828728071e-05
1321,2,132,line_shape,8.494014777588369e-05
1322,2,132,lattice_molecule,8.27766543010555e-05
1323,2,132,carboxy_oh_group,8.253664280016098e-05
1324,2,132,central_plane,8.234823244240922e-05
1325,2,132,dimer_interface,8.200803385347961e-05
1326,2,132,specific_line,8.131897753559821e-05
1327,2,132,n_hydrogen_bond,8.114080987007924e-05
1328,2,132,structural_homology,8.105651477835975e-05
1329,2,132,protein_crystal_solvent_content,8.069429910334238e-05
1330,2,133,rei_centre,8.904572418391635e-05
1331,2,133,pi_h,8.882020003800395e-05
1332,2,133,phenylalanine_conformation,8.55535021724872e-05
1333,2,133,neighbour_methoxy_o_atom,8.524733362271854e-05
1334,2,133,aring_mn_distance,8.431027069342865e-05
1335,2,133,substituent_type,8.286945653202201e-05
1336,2,133,f_distance,8.282817280713653e-05
1337,2,133,s_p_tolyl,8.271802273366051e-05
1338,2,133,corrugate_sheet,8.263386840215122e-05
1339,2,133,bidentate_bipyridine,8.230140650614034e-05
1340,2,134,cofactor_pyridoxal_phosphate,8.705329661216748e-05
1341,2,134,hydrogen_bond_property,8.67511342073208e-05
1342,2,134,previously_determine_structure,8.537765752132656e-05
1343,2,134,methodological_interest,8.511781772127179e-05
1344,2,134,s_hydrogen,8.413346820195968e-05
1345,2,134,multiple_equidistant_split,8.363452837383642e-05
1346,2,134,gst_fusion,8.357546940240921e-05
1347,2,134,low_re,8.337847873536273e-05
1348,2,134,x_minus,8.323118080102717e-05
1349,2,134,automatic_fill_capability,8.281868640002527e-05
1350,2,135,algebraic_formula,8.631871052679568e-05
1351,2,135,acceptor_atom,8.598992529812665e-05
1352,2,135,rubbery_material_production,8.507918484458737e-05
1353,2,135,static_displacement,8.470105054849677e-05
1354,2,135,random_walk,8.466141787249009e-05
1355,2,135,n_terminal_protection_group,8.45488189324923e-05
1356,2,135,crystal_datum,8.417172429385996e-05
1357,2,135,rock_salt_structure_erp,8.38370315043786e-05
1358,2,135,crystallographic_resolution,8.367050447840675e-05
1359,2,135,peak_position,8.251542391997567e-05
1360,2,136,neighbour_pyridine_ring_interaction,8.525392865707027e-05
1361,2,136,aring_interplanar_distance,8.496028948319843e-05
1362,2,136,iron_contain_protein,8.46918723483582e-05
1363,2,136,tpsi_sign_large_value,8.433489834252128e-05
1364,2,136,neighbor_complex_cation,8.386105389223216e-05
1365,2,136,mass_fractal_dimension,8.342324805343064e-05
1366,2,136,h_nmr_spectrum,8.295307930808289e-05
1367,2,136,beta_domain,8.276169125074328e-05
1368,2,136,piezoelectric_property,8.27207763342417e-05
1369,2,136,interference_function,8.267033424146291e-05
1370,2,137,corner_share_polyhedron,8.697806783347546e-05
1371,2,137,podma_solution,8.543310175698895e-05
1372,2,137,rubber_mechanical_viscoelastic_property,8.523468505112235e-05
1373,2,137,chloride_bind_analogue,8.461520721968265e-05
1374,2,137,nanoparticle_advective_motion_direction,8.447248080518126e-05
1375,2,137,asymmetric_unit,8.445083229006909e-05
1376,2,137,uncolored_symmetrical_tile_g,8.427418972232482e-05
1377,2,137,apo_form,8.412899047767941e-05
1378,2,137,biguanide_n_atom,8.33016824742866e-05
1379,2,137,lattice_cell,8.320371911350928e-05
1380,2,138,alternative_orientation,8.607915138050228e-05
1381,2,138,mechanical_structure,8.410008593102817e-05
1382,2,138,strong_mandate,8.341344362566222e-05
1383,2,138,macromolecular_structure,8.326916333004604e-05
1384,2,138,nanopillar_vertical_correlation_increase,8.319370155300498e-05
1385,2,138,ethylene_glycolate,8.241999800189828e-05
1386,2,138,multiscale_approach,8.21094907997552e-05
1387,2,138,heavy_atom_substructure_determination,8.191602631877955e-05
1388,2,138,know_structure_membrane_protein,8.178005041159121e-05
1389,2,138,molecular_crystal_polymorphism,8.165279596886387e-05
1390,2,139,deglycosylated_protein_crystal,8.580729311241565e-05
1391,2,139,arp_refmac_follow_warp,8.571130230428992e-05
1392,2,139,colloidal_cluster,8.51978538613548e-05
1393,2,139,backbone_type,8.50875054919013e-05
1394,2,139,viral_encode_terminase,8.394071188501734e-05
1395,2,139,tau_n_s_angle,8.392510386184192e-05
1396,2,139,anthracene_moiety_proplyamine_chain,8.386277457998085e-05
1397,2,139,carbonyl_group_point,8.384375888754394e-05
1398,2,139,space_group_refinement,8.342883552255883e-05
1399,2,139,k_room_temperature_silicon,8.332626286541403e-05
1400,2,140,c_gamma_atom,8.741809160306965e-05
1401,2,140,solar_cell_component,8.391404261303632e-05
1402,2,140,ion_molecule,8.385179016242028e-05
1403,2,140,crystal_subsequent_escape_fluorescence,8.34228895531631e-05
1404,2,140,right_hand_helical_line,8.319730649520153e-05
1405,2,140,recrystallization_phenomenon,8.314886115387715e-05
1406,2,140,synchronous_control_sample,8.307498017566642e-05
1407,2,140,random_network,8.28648158157104e-05
1408,2,140,nccn_group,8.24273207420637e-05
1409,2,140,crystallization_experiment,8.237478062482273e-05
1410,2,141,heterocyclic_cation,8.749852273579384e-05
1411,2,141,aring_cl_bond,8.547241467269643e-05
1412,2,141,benzoxazole_ring,8.501575932759994e-05
1413,2,141,program_implement_software_method,8.380240419787525e-05
1414,2,141,biological_molecule,8.378632923650053e-05
1415,2,141,nanoparticle_dynamic,8.374475690537066e-05
1416,2,141,uncoordinated_chloride_ion,8.35227135161727e-05
1417,2,141,yiii_atom,8.347395849729895e-05
1418,2,141,phase_angle_set,8.346704282925715e-05
1419,2,141,examine_structure_dianion,8.333337453037825e-05
1420,2,142,essentially_planar_mean_deviation,9.150390046846487e-05
1421,2,142,fhv_whnv_protein,8.79712992327307e-05
1422,2,142,axis_run_helical_chain,8.785104210600074e-05
1423,2,142,bridgehead_bond,8.614841359509237e-05
1424,2,142,plane_opposite_side,8.450648814009233e-05
1425,2,142,deg_gamma,8.402430592520542e-05
1426,2,142,carbonyl_o_define_plane,8.32914054170968e-05
1427,2,142,middot_methanoic_acid_disolvate,8.254687774571887e-05
1428,2,142,interaction_form,8.235709601902475e-05
1429,2,142,metal_complex_work,8.224999047774465e-05
0,3,0,high_stability,8.342124298416104e-05
1,3,0,new_type,8.206374640622241e-05
2,3,0,crystalline_sample,8.118489934827611e-05
3,3,0,crystallization_phase,8.073542674695686e-05
4,3,0,hexafluoridophosphate_anion,8.067092161197165e-05
5,3,0,single_crystal,8.028200462842422e-05
6,3,0,apo_form,7.945884895852003e-05
7,3,0,n_hydrogen_bond,7.937723267622592e-05
8,3,0,poor_agreement,7.932758646797276e-05
9,3,0,sulfonate_ligand,7.931832691316427e-05
10,3,1,arginine_residue,8.384202539582832e-05
11,3,1,finite_order,8.292377613681961e-05
12,3,1,cu_nanocomposite_thin_film,8.291397281410867e-05
13,3,1,know_protein_structure,8.117894052436901e-05
14,3,1,phase_separation,8.081467936239805e-05
15,3,1,nbsp_deg,8.068134220281327e-05
16,3,1,delivery_nozzle,8.063781773193259e-05
17,3,1,hydrogen_bond_ring,8.051608925734355e-05
18,3,1,cls_canadian_light_source,8.032411618836935e-05
19,3,1,optimal_bind_pocket,8.008224702869035e-05
20,3,2,situ_observation,8.427383942810188e-05
21,3,2,dynamic_beam_size_change,8.250034419861485e-05
22,3,2,central_carbon_carbon_bond,8.16736932198861e-05
23,3,2,new_beta,8.162858995121701e-05
24,3,2,piperazinediium_cation,8.142951788289067e-05
25,3,2,bias_gaussian_probability_distribution,8.113609487603489e-05
26,3,2,bend_dna,8.097409811984505e-05
27,3,2,reflux_catechol_germanium_dioxide,8.092132690878537e-05
28,3,2,unesco_iucr_flagship,8.090396145223657e-05
29,3,2,structure_symmetry_examine_purpose,8.05688938377569e-05
30,3,3,flap_tip,8.91721047533776e-05
31,3,3,platon_squeeze_diffraction_datum,8.489663062339916e-05
32,3,3,cone_series,8.479667240254744e-05
33,3,3,consist_dimensional_pucker_network,8.379607200337247e-05
34,3,3,gel_filtration_ionic_exchange,8.325411887649122e-05
35,3,3,hartree_fock_approximation,8.168296883403227e-05
36,3,3,distrontium_single_crystal,8.099946907478666e-05
37,3,3,synthetic_percursor,8.069365550712701e-05
38,3,3,bovine_rat_homologue,8.006166373952717e-05
39,3,3,f_contact,7.984788295130346e-05
40,3,4,iron_large_abundance,8.548774943218088e-05
41,3,4,adjacent_plane,8.402790844219992e-05
42,3,4,methyl_group_pair_conformation,8.317931523363009e-05
43,3,4,prefer_orientation_correction_function,8.303739052899168e-05
44,3,4,absorb_dose,8.299238743647424e-05
45,3,4,pack_hydrogen_bond,8.117937504219004e-05
46,3,4,device_design,8.107793328407454e-05
47,3,4,monodentate_acesulfamate_ligand,8.087892198324193e-05
48,3,4,sit_drop,8.034580841457655e-05
49,3,4,pi_substrate_strong_preference,8.028460796314384e-05
50,3,5,economic_loss,8.677945372523808e-05
51,3,5,dimensional_zigzag_layer,8.481605644017292e-05
52,3,5,scientific_area_variety,8.467856843454435e-05
53,3,5,instrument_specific_effect,8.46012048038096e-05
54,3,5,projection_cut_method,8.192024153339043e-05
55,3,5,ping_pong,8.165049705245725e-05
56,3,5,column_adjacent_pi,8.085659133460865e-05
57,3,5,molecular_dipole,8.072692191471555e-05
58,3,5,fit_procedure,8.072461546410421e-05
59,3,5,microscopic_scale,8.043259628042059e-05
60,3,6,cu_symmetry_centre_atom,8.604214414643605e-05
61,3,6,hybrid_pixel_array_detector,8.385565008760524e-05
62,3,6,peripheral_ring_deg,8.289270791863389e-05
63,3,6,melt_texture_growth_process,8.120857525748428e-05
64,3,6,ligand_nitrogen_oxygen_atom,8.027602837464412e-05
65,3,6,intensity_correction_factor,7.997889492424422e-05
66,3,6,o_atom_irregular_coordination,7.923174839736563e-05
67,3,6,yael_cleavage_efficiency,7.90987423311878e-05
68,3,6,ligand_presence,7.907457889616147e-05
69,3,6,electron_density_average,7.906890684154498e-05
0,4,0,pdb_report_ppe_structure,7.358601337645706e-05
1,4,0,high_anisotropy,7.31375781201034e-05
2,4,0,hps_dissolution,7.303668598686862e-05
3,4,0,tran_locate_pyridine_ring,7.290915864292038e-05
4,4,0,pole_density,7.188371304381308e-05
5,4,0,respectively_iii_dimer,7.17541346140431e-05
6,4,0,pyridinium_ring_cation,7.156980266373727e-05
7,4,0,covariance_analysis_mean,7.15544708708489e-05
8,4,0,monoclinic_space_group_crystallize,7.1264418880775e-05
9,4,0,sofa_conformation,7.108839097846936e-05
