,run,topic,terms,p
modulator_function,8.94967908902809e-05
1,1,0,o_s_deg,8.697273263741972e-05
2,1,0,benzotriazole_ring_ring,8.360158892447759e-05
3,1,0,ester_link,8.325600969236005e-05
4,1,0,general_purpose,8.318510001036683e-05
5,1,0,prior_position,8.295943503832701e-05
6,1,0,nbsp_nbsp,8.211080521152193e-05
7,1,0,mean_value,8.20747323674786e-05
8,1,0,different_domain_boundary,8.183134135838478e-05
9,1,0,pi_multiple_hydrogen_bond,8.182272213779027e-05
10,1,1,mhz_resonant_frequency,8.57894698988837e-05
11,1,1,desire_tosylat,8.51576305408711e-05
12,1,1,common_subgroup,8.494828815592097e-05
13,1,1,deg_p_pd_cl,8.448944819440287e-05
14,1,1,porphyrin_molecule,8.366850605036696e-05
15,1,1,rskn_n_terminal_domain,8.357681518652484e-05
16,1,1,centrosymmetric_dinuclear_unit,8.346977747495483e-05
17,1,1,selection_rule,8.303642372950558e-05
18,1,1,zeta_dimer_interface_bind,8.294360433253071e-05
19,1,1,aring_essentially_planar_deviation,8.205830443482797e-05
20,1,2,previous_structure_resolution_increase,8.364412372397409e-05
21,1,2,macrocycle_adopt_cone_conformation,8.325095807417733e-05
22,1,2,ethoxycarbonyl_methyl,8.277506240455096e-05
23,1,2,ionic_interaction,8.244545572908339e-05
24,1,2,e_isomer,8.206983328746615e-05
25,1,2,synchronous_control_sample,8.192952875079629e-05
26,1,2,atomic_displacement,8.182443661862802e-05
27,1,2,pi_pi_stack_interaction,8.173225850266075e-05
28,1,2,development_initiation_stage,8.157784031255711e-05
29,1,2,element_chemical_property,8.156827287728026e-05
30,1,3,crystallographic_twofold_rotation_axis,8.274491639070839e-05
31,1,3,molecular_motion_characteristic,8.221633151853005e-05
32,1,3,twist_molecule,8.21427909635232e-05
33,1,3,bipyramidal_environment,8.15890757664392e-05
34,1,3,phenol_oh_group,8.15032667646502e-05
35,1,3,approximately_planar_aring_deviation,8.133132640078525e-05
36,1,3,datum_analysis_graphic_capability,8.110979002228919e-05
37,1,3,beta_region_alpha,8.079177555974829e-05
38,1,3,axis_run_chain_rise,8.07622455656366e-05
39,1,3,criii_ion,8.060704664695131e-05
40,1,4,partially_order_crystal,8.635118785086372e-05
41,1,4,heavy_atom_derivative_crystal,8.545452392193655e-05
42,1,4,o_h_atom_share,8.485130302446963e-05
43,1,4,waals_gap,8.380654864701613e-05
44,1,4,n_oxide,8.304482183166983e-05
45,1,4,profile_rietveld_refinement,8.300526700770055e-05
46,1,4,catalytic_triad_arrangement,8.294434022923336e-05
47,1,4,friedel_pair,8.27364905109938e-05
48,1,4,tube_axis,8.237515732470445e-05
49,1,4,common_subgroup,8.220272094758905e-05
50,1,5,double_bond_character,8.573679664414131e-05
51,1,5,theory_fair_agreement,8.388151598183336e-05
52,1,5,objective_aperture,8.297894841989289e-05
53,1,5,potential_problem,8.198681398584345e-05
54,1,5,ehippase_ability,8.184059424724858e-05
55,1,5,optimal_index,8.161389843699118e-05
56,1,5,remain_axial_position,8.141638163019742e-05
57,1,5,different_distance,8.123651031528861e-05
58,1,5,water_solution,8.084868473960834e-05
59,1,5,generate_pulse,8.074261690386899e-05
60,1,6,great_similarity,8.374317149061796e-05
61,1,6,accurate_estimate,8.230613437756136e-05
62,1,6,apical_site,8.209920475205942e-05
63,1,6,atom_vibration,8.19646622475707e-05
64,1,6,structural_study,8.183892658849923e-05
65,1,6,beta_axial_position,8.155936518123181e-05
66,1,6,oleum_reaction,8.148692926444317e-05
67,1,6,bragg_profile_angular_displacement,8.135879594640779e-05
68,1,6,terminal_beta,8.133673418107087e-05
69,1,6,ornl_saxs_camera,8.125366142258657e-05
70,1,7,average_ga_n_distance,8.558447231291084e-05
71,1,7,chiral_centre,8.272813320191896e-05
72,1,7,p_c_tetrahedron,8.272115394294952e-05
73,1,7,propeller_like_arrangement,8.259284184366896e-05
74,1,7,type_crystal,8.258700247280672e-05
75,1,7,ultra_high_resolution_image,8.253195380132346e-05
76,1,7,atom_different_type_cell,8.222530158458579e-05
77,1,7,structure_variant,8.158204786553287e-05
78,1,7,nm_lambda_alpha,8.151766853659177e-05
79,1,7,essentially_planar_aring_deviation,8.087962205345097e-05
80,1,8,key_implication_carbohydrate,8.810282127689834e-05
81,1,8,mineral_group,8.703552919776415e-05
82,1,8,ab_plane_parallel,8.507585879037126e-05
83,1,8,reaction_mechanism,8.334044514679845e-05
84,1,8,expression_pattern,8.293910486637483e-05
85,1,8,escherichia_coli_clone_expression,8.244254127128717e-05
86,1,8,troika_concept,8.157269849658906e-05
87,1,8,benzene_ring_deg,8.135057590826907e-05
88,1,8,open_read_frame,8.076455819533325e-05
89,1,8,pi_system,8.063016053472835e-05
90,1,9,equatorial_plane_position,8.464966562984362e-05
91,1,9,protein_hydrophobic_region,8.373236591462312e-05
92,1,9,instead_powder,8.371458833212826e-05
93,1,9,dna_replication_nucleoside_triphosphate,8.304744770416272e-05
94,1,9,time_interval,8.275722183203151e-05
95,1,9,prime_bpy,8.27357049664045e-05
96,1,9,statistical_model,8.25575775941669e-05
97,1,9,scherrer_geometry,8.229298231509257e-05
98,1,9,surface_loop_residue,8.220915158369332e-05
99,1,9,aiip_invariant_point,8.175436454291619e-05
100,1,10,central_c_c_respect,8.658267766617864e-05
101,1,10,hippuric_acid_anion,8.415246870022309e-05
102,1,10,phenylcarbamic_bromide,8.389785456724418e-05
103,1,10,dimensional_ag_bipy_chain,8.386147826485761e-05
104,1,10,f_intramolecular_interaction,8.326727216811881e-05
105,1,10,electron_deficient_thallium_atom,8.322205271020715e-05
106,1,10,ring_pyridine,8.251253172666134e-05
107,1,10,electron_density,8.246006358397223e-05
108,1,10,backbone_torsion_angle_range,8.182589024530313e-05
109,1,10,improve_property_novel_material,8.181888306494419e-05
110,1,11,pyrazolidinone_ring_plane,9.194745808313605e-05
111,1,11,close_centroid_centroid_distance,8.770932152998311e-05
112,1,11,rna_dna,8.57238173092673e-05
113,1,11,bipyridyl_group_ni_atom,8.523388344760912e-05
114,1,11,low_permeability,8.459606730672764e-05
115,1,11,approximately_planar,8.347433568483459e-05
116,1,11,experimental_condition,8.320923942383613e-05
117,1,11,c_c,8.281762032367389e-05
118,1,11,four_new_polytype,8.255086108381821e-05
119,1,11,empirical_correction,8.20940857492308e-05
120,1,12,disulphide_bond_configuration,8.795573148811199e-05
121,1,12,possible_target,8.437355412339861e-05
122,1,12,amino_h_atom,8.244511656904856e-05
123,1,12,at_peer_review_article,8.160077210922457e-05
124,1,12,film_order,8.147435087424704e-05
125,1,12,crystallography_bayesian_method_rise,8.109462046832516e-05
126,1,12,minimal_principle,8.108620744043754e-05
127,1,12,information_management,8.088501124381669e-05
128,1,12,terminal_sulfur_atom,8.084231020584588e-05
129,1,12,design_target,8.074438635821637e-05
130,1,13,i_deg,8.528035014661741e-05
131,1,13,tissue_sample,8.47047973451203e-05
132,1,13,micelle_structure,8.427663236091612e-05
133,1,13,l_arginine,8.393698437390218e-05
134,1,13,electron_lone_pair,8.262700802634012e-05
135,1,13,critical_step,8.25143463460441e-05
136,1,13,sulfate_ligand,8.225739449791427e-05
137,1,13,deep_study,8.194452276599739e-05
138,1,13,datum_mine,8.193631665597707e-05
139,1,13,mutant_type,8.176023035967082e-05
140,1,14,nitro_amino,8.714213162217174e-05
141,1,14,soft_x_ray_range,8.568406200296597e-05
142,1,14,important_function,8.51715580973431e-05
143,1,14,indazole_mean_plane,8.36522758442084e-05
144,1,14,dip_native_d,8.282851522506383e-05
145,1,14,overall_geometry,8.28216738401014e-05
146,1,14,adjacent_plane,8.215950374343187e-05
147,1,14,ionic_crystal,8.199526617176776e-05
148,1,14,beam_divergence,8.108467727669078e-05
149,1,14,molecule_deviate,8.054583670163335e-05
150,1,15,purification_procedure,8.717978370554558e-05
151,1,15,wild_type_structure,8.537790606418293e-05
152,1,15,global_damage,8.493190491131347e-05
153,1,15,methanol_vapor_exposure,8.431575126431158e-05
154,1,15,thiazolium_base,8.27544344648329e-05
155,1,15,respectively_deg_n_angle,8.271606346936453e-05
156,1,15,chemical_structure,8.266584748121229e-05
157,1,15,intramolecular_extensive_network,8.225471150321373e-05
158,1,15,circadian_rhythm,8.205555687264717e-05
159,1,15,approximately_minor_major_occupancy,8.161421042271697e-05
160,1,16,sparteine_ligand,8.452511661652138e-05
161,1,16,chloride_molecule_anion,8.377188864712435e-05
162,1,16,gyration_r,8.292505135895964e-05
163,1,16,post_refinement_know_procedure,8.267340657011399e-05
164,1,16,saxs_camera,8.226210298709259e-05
165,1,16,macroscopic_scale,8.20760700472307e-05
166,1,16,curvature_radius,8.188996884254272e-05
167,1,16,rotation_axis,8.15667610499339e-05
168,1,16,biochemical_structural_analysis_basis,8.121280021717705e-05
169,1,16,benzene_phenyl_ring_respect,8.062489623599805e-05
170,1,17,symmetrical_polymorph,8.791319732807853e-05
171,1,17,two_ligand,8.712166995499503e-05
172,1,17,cl_o,8.299080676532312e-05
173,1,17,alternative_iupac_l_phenylalanine,8.25559869078069e-05
174,1,17,different_proportion_atom,8.207431513543325e-05
175,1,17,scandium_phosphate_dihydrate,8.203769776317045e-05
176,1,17,xrd_result,8.168814054356254e-05
177,1,17,centrosymmetric_naphthoquinone_moiety,8.132042431205427e-05
178,1,17,facial_position_occupy_group,8.123701149390225e-05
179,1,17,diimine_core,8.109600513287375e-05
180,1,18,physical_profile,8.648831586354801e-05
181,1,18,single_crystal_photograph,8.579291522133215e-05
182,1,18,diethylamino_group,8.389334980985349e-05
183,1,18,commercial_modification_ease,8.362190661935044e-05
184,1,18,distinctive_feature,8.342913504248052e-05
185,1,18,supramolecular_network,8.229148999941175e-05
186,1,18,sim_kev,8.172621885769963e-05
187,1,18,o_c_p_h,8.125321349412783e-05
188,1,18,hang_drop,8.116582475295429e-05
189,1,18,c_deacetylase,8.101688394007595e-05
190,1,19,high_fraction,8.51857529933963e-05
191,1,19,mx_beamline_pair,8.464930200509209e-05
192,1,19,lib_material,8.345295764234219e-05
193,1,19,flexible_beta,8.296397437448878e-05
194,1,19,double_pinhole_experiment,8.268912376921377e-05
195,1,19,xnfs_detector,8.192872459786673e-05
196,1,19,subunit_beta,8.158710535475921e-05
197,1,19,coordination_octahedron,8.156256553756677e-05
198,1,19,beta_nbsp,8.153035297374534e-05
199,1,19,functional_tetramer_form,8.149014996875787e-05
0,2,0,group_quinoxaline_dioxide,8.302215154489105e-05
1,2,0,acid_pyda_minus,8.13020435563853e-05
2,2,0,complete_molecule_exhibit_symmetry,7.919517371413085e-05
3,2,0,basic_perovskite_structure_type,7.644612481598838e-05
4,2,0,atom_n_o,7.607023409795812e-05
5,2,0,c_bond_angle,7.603805560457119e-05
6,2,0,oligonucleotide_primer,7.569747299966266e-05
7,2,0,os_os_bond_parameter,7.565023938171471e-05
8,2,0,volumetric_compressibility_basis,7.533196279716578e-05
9,2,0,molecule_rim,7.532556962389014e-05
10,2,1,m_edge,7.684640797074351e-05
11,2,1,deg_prime,7.676828455868753e-05
12,2,1,recent_article,7.573996676352676e-05
13,2,1,square_planar,7.566082816837976e-05
14,2,1,molecule_non_h_atom,7.562169343993653e-05
15,2,1,borane_h_dihydride,7.551654825499887e-05
16,2,1,molecular_oxygen_bind,7.525655119839628e-05
17,2,1,ehippase_entamoeba_histolytica,7.50446330447757e-05
18,2,1,deviation_remain_atom,7.48444671699062e-05
19,2,1,refinement_phase,7.483538815124884e-05
