,run,topic,terms,p
,9.232880463037629e-05
1,1,0,color_group,9.086290728481513e-05
2,1,0,nonspecific_cross_link_complex,8.761265230665432e-05
3,1,0,structure_activity_relationship,8.455022744002703e-05
4,1,0,syn_anti_fashion_bridge,8.290956872262477e-05
5,1,0,neighbour_molecule,8.277485568882144e-05
6,1,0,topograph_typical_example,8.158277149559319e-05
7,1,0,angle_result_small_deviation,8.150705754394486e-05
8,1,0,scatter_system,8.127061247972197e-05
9,1,0,peak_position,8.123776320043603e-05
10,1,1,molecule_planar,8.914904700523182e-05
11,1,1,salicylic_phenyl_ring,8.511509733500411e-05
12,1,1,wide_angle_neutron_scatter,8.439221356453547e-05
13,1,1,r_final_residual,8.390015110367893e-05
14,1,1,oxide_layer,8.37561979410523e-05
15,1,1,orn_bind_motif,8.311039644139007e-05
16,1,1,ethanol_solution,8.298826318564708e-05
17,1,1,homodimeric_kda_pyruvate_structure,8.242099208749371e-05
18,1,1,phenyl_ring_bond_angle,8.22975720279455e-05
19,1,1,publish_value,8.206525510384753e-05
20,1,2,antagonist_agonist,8.832656385382953e-05
21,1,2,titanium_reagent,8.668855161614974e-05
22,1,2,bind_heavy_atom_cluster,8.574762076824709e-05
23,1,2,clear_physical_mean,8.390377725189734e-05
24,1,2,symmetrical_theta,8.351627729110447e-05
25,1,2,trhepd_station,8.334290786737632e-05
26,1,2,crystal_average_structure,8.334202575886104e-05
27,1,2,seiv_ion,8.327093947200974e-05
28,1,2,transmission_profile,8.19544673753893e-05
29,1,2,prime_atom,8.194425555599499e-05
30,1,3,speciman_rotation_axis,8.415221444273626e-05
31,1,3,separate_prime_ligand,8.405044698680392e-05
32,1,3,complex_anion_niiii_atom,8.344114587015149e-05
33,1,3,bidentate_group,8.271631828236391e-05
34,1,3,microscopic_model,8.259869432234343e-05
35,1,3,trigonal_system,8.253640681299622e-05
36,1,3,statistical_interpretation,8.2521854398686e-05
37,1,3,cdo_crystal,8.228073543255344e-05
38,1,3,extensive_hydrogen_bond_network,8.182078598135381e-05
39,1,3,be_symmetry_site,8.154152546582744e-05
40,1,4,similar_calculation,8.779139391706792e-05
41,1,4,investigate_phalanx,8.572576914014313e-05
42,1,4,there_pi,8.565467058252412e-05
43,1,4,similar_resolution_diffract_crystal,8.417707170057887e-05
44,1,4,middot_minus_middot_salt,8.339295859134078e-05
45,1,4,mad_datum,8.324064741030185e-05
46,1,4,high_datum_compatible_symmetry,8.322894570156066e-05
47,1,4,linker_region,8.256581589341902e-05
48,1,4,c_n_bond_respect,8.22857344182137e-05
49,1,4,bromo_etherification,8.191852868705676e-05
50,1,5,benzene_ring_nitro_group,8.59659149895423e-05
51,1,5,thiazole_ring,8.329363830558519e-05
52,1,5,mari_spectrometer,8.275730881611682e-05
53,1,5,etc_bioavailability_solubility,8.236985783834128e-05
54,1,5,functional_relevance,8.196484783794897e-05
55,1,5,low_upper_bound,8.147376209510859e-05
56,1,5,envelope_protein,8.146781367459032e-05
57,1,5,damage_profile_variable_strain,8.141600612672992e-05
58,1,5,thermophilus_tag,8.136792365605532e-05
59,1,5,coordinate_oxychloride,8.093322109804447e-05
60,1,6,practical_set,8.562974870350912e-05
61,1,6,bc_plane,8.472017744825358e-05
62,1,6,layerparallel_yield_oxalate_ion,8.464418437268792e-05
63,1,6,micrometre_range,8.373432903212363e-05
64,1,6,protein_response,8.321536002840621e-05
65,1,6,general_pack_property_determination,8.22312114314354e-05
66,1,6,salt_crystal_structure,8.189004782103393e-05
67,1,6,perfluorophenyl_group_thiophene,8.170168733198723e-05
68,1,6,cavity_water_molecule_rearrangement,8.160777299035684e-05
69,1,6,regulate_proteolysis_important_role,8.128923579761668e-05
70,1,7,dimensional_pack,8.799210960573584e-05
71,1,7,x_ray_topograph,8.527912136229483e-05
72,1,7,benzene_substituent,8.474884157966938e-05
73,1,7,know_structure_membrane_protein,8.363457294769736e-05
74,1,7,emission_line_radiation,8.295999213272048e-05
75,1,7,p_distance,8.252994876700795e-05
76,1,7,test_case,8.246811838220368e-05
77,1,7,ligand_substitution,8.243925772951986e-05
78,1,7,gaussian_probability_distribution,8.240268439851714e-05
79,1,7,time_time_approximate_dimension,8.190238387230024e-05
80,1,8,minus_ring,8.571748665933198e-05
81,1,8,symmetry_equivalent_ligand,8.350088294392672e-05
82,1,8,different_structure_type,8.343242928619504e-05
83,1,8,real_time_observation,8.306852629217404e-05
84,1,8,boundary_distribution_result,8.30124801225229e-05
85,1,8,dimensional_chain,8.273824319202723e-05
86,1,8,material_elastic_constant,8.220618854485985e-05
87,1,8,dimethylammonium_cation,8.192299013183857e-05
88,1,8,organic_cation_water_molecule,8.182244050780684e-05
89,1,8,hps_crystal_dissolution,8.166253712603045e-05
90,1,9,classical_protein_tyrosine_phosphatase,8.652594905092979e-05
91,1,9,aring_bond_distance,8.28283492759872e-05
92,1,9,refine_unit_cell,8.250886420587143e-05
93,1,9,di_n_butylammonium,8.23129479071407e-05
94,1,9,pi_contact_form,8.188082519086966e-05
95,1,9,value_approximately_deviate,8.178128156582905e-05
96,1,9,speciman_edge,8.162963171422236e-05
97,1,9,chiral_chain,8.114169912581391e-05
98,1,9,substrate_metal_bind_hydrolysis,8.101166361337213e-05
99,1,9,bulk_copper,8.085115612563475e-05
100,1,10,x_ray_optical_system,9.00136685833971e-05
101,1,10,n_alpha,8.830967865740588e-05
102,1,10,crystal_form_difference,8.409258280047977e-05
103,1,10,marine_microorganism,8.264438582026787e-05
104,1,10,complementary_characterization_technique_combination,8.202134565934973e-05
105,1,10,oxidation_state,8.176157931415188e-05
106,1,10,microgravity_condition,8.164352163774165e-05
107,1,10,indole_ring,8.143402855788977e-05
108,1,10,registration_time,8.132656855138146e-05
109,1,10,mr_triclinic,8.122772877096923e-05
110,1,11,prefer_orientation,8.498392301079258e-05
111,1,11,high_resolution_transmission_electron,8.469881164090265e-05
112,1,11,cathode_material_new_class,8.428914145553143e-05
113,1,11,celd_cellulase,8.357771234139606e-05
114,1,11,ed_spectrum,8.318153575948909e-05
115,1,11,spop_c_terminal_domain,8.316084672209275e-05
116,1,11,single_shoot_methodology,8.314964720896361e-05
117,1,11,fluorescent_radiation,8.310618605527104e-05
118,1,11,middot_iminodiacetate_dianion,8.289629456434198e-05
119,1,11,new_potential_antiprotozoal_drug,8.289439057002392e-05
120,1,12,triplet_phase,8.35394681326772e-05
121,1,12,cis_thioamide_h_atom,8.31787106934001e-05
122,1,12,ac_field,8.297499582126152e-05
123,1,12,correspond_scheme,8.297074141437702e-05
124,1,12,arteriviridae_family,8.240623307048308e-05
125,1,12,limitation_success,8.233953119399878e-05
126,1,12,high_solubility,8.230977487132715e-05
127,1,12,oleum_reaction,8.229558519812676e-05
128,1,12,environmental_condition,8.186407679297012e-05
129,1,12,hydroxyl_group_hydrogen_bond,8.175018872911829e-05
130,1,13,c_bond_length,8.822915161765642e-05
131,1,13,regulate_component,8.770962294815797e-05
132,1,13,integration_project,8.476551154567192e-05
133,1,13,main_beam_scatter_radiation,8.416443952023872e-05
134,1,13,rna_detection,8.407534865849957e-05
135,1,13,high_density_region,8.342335153480135e-05
136,1,13,n_propylquinolinium_cation,8.300644671195127e-05
137,1,13,diffraction_dispersion_surface,8.19675728133256e-05
138,1,13,general_aim,8.193183048222037e-05
139,1,13,positive_sense_rna_virus,8.190239346605289e-05
140,1,14,dutp_alpha_beta_phosphodiester,9.391251323987541e-05
141,1,14,four_new_polytype,8.464526438739853e-05
142,1,14,structure_dw_factor,8.394851078085766e-05
143,1,14,ethyl_ester_form_dimer,8.375717070990452e-05
144,1,14,o_aring_distance,8.375594801925957e-05
145,1,14,planar_octagonal_arrangement,8.281658830460009e-05
146,1,14,crystallization_process,8.232892333347461e-05
147,1,14,stable_net_crystallographic_net,8.203009108662121e-05
148,1,14,usp_ecr_subunit_conformation,8.183291556278403e-05
149,1,14,crystallographically_independent_octahedron,8.173441354957439e-05
150,1,15,oxo_complex,9.063869384722892e-05
151,1,15,o_c_p_h,8.838858924633927e-05
152,1,15,beamline_monochromator,8.54662092783756e-05
153,1,15,instrument_design_detail,8.368370363874591e-05
154,1,15,radiation_damage_reduce_order,8.347638099686569e-05
155,1,15,uncoordinated_coordinate_water_molecule,8.32387619688545e-05
156,1,15,orthorhombic_pnnn_condensation_result,8.271143457692959e-05
157,1,15,profile_strain,8.260673411877929e-05
158,1,15,maximum_deformation,8.253588536739581e-05
159,1,15,diffraction_potential,8.192156753888968e-05
160,1,16,enzyme_catalysis,8.452327746617322e-05
161,1,16,molar_ratio,8.424823689492644e-05
162,1,16,n_methylethanolamine_mu,8.237402229759543e-05
163,1,16,real_configuration,8.23656721479168e-05
164,1,16,mineralogical_analysis,8.225372427288041e-05
165,1,16,structure_symmetry_examine_purpose,8.199372913006131e-05
166,1,16,trans_configuration_water_molecule,8.193967123259605e-05
167,1,16,interchain_s,8.185691815306764e-05
168,1,16,dimensional_lattice,8.182243646795437e-05
169,1,16,structurally_characterize_archaeal_tim,8.151386558953465e-05
170,1,17,different_method,8.505490944109728e-05
171,1,17,symmetry_polyanion,8.478179658550929e-05
172,1,17,water_solvent_molecule,8.407410901765723e-05
173,1,17,pdb_archive_remediation,8.211316905145613e-05
174,1,17,octahedral_configuration,8.208959478036051e-05
175,1,17,regulatory_factor_interaction,8.198819454792555e-05
176,1,17,electron_distribution_variation,8.193923565602531e-05
177,1,17,ester_functionality,8.174951698174587e-05
178,1,17,o_c,8.145314056313689e-05
179,1,17,spm_limit,8.126682354458682e-05
180,1,18,polar_bond,8.785493287278364e-05
181,1,18,c_c_n,8.516050758338731e-05
182,1,18,satellite_reflection,8.464151229669159e-05
183,1,18,o_o_prime_prime,8.380856866667195e-05
184,1,18,pi_h,8.367296029391446e-05
185,1,18,large_void,8.330054134003654e-05
186,1,18,rotate_phenylene_ring_deg,8.253667670730548e-05
187,1,18,anthracene_moiety_plane,8.24701933529263e-05
188,1,18,point_mutant_selenomethionine_label,8.246602844271804e-05
189,1,18,pi_pack,8.243737523547711e-05
190,1,19,keto_group_furan_plane,8.490315270013027e-05
191,1,19,waals_der,8.399938714620311e-05
192,1,19,gene_expression_epigenetic_regulation,8.390575976323878e-05
193,1,19,gamma_form_reflection_kind,8.333754184608026e-05
194,1,19,twist_boat_chair_conformation,8.277424583453138e-05
195,1,19,benzotriazole_ring_system,8.249214889528668e-05
196,1,19,impinge_radiation_power_density,8.244854083698344e-05
197,1,19,prime_glycine,8.17957494626476e-05
198,1,19,total_scatter_experiment,8.154033868399477e-05
199,1,19,zeta_dimer_interface,8.148595491043199e-05
0,2,0,cis_octahedral_environment_coordinate,8.529088348670414e-05
1,2,0,additionally_pi,8.42796652120451e-05
2,2,0,o_distance,8.427299167547115e-05
3,2,0,chloride_dihydrate,8.417398483277288e-05
4,2,0,general_formula_family,8.416068986924286e-05
5,2,0,information_management_system,8.413607169763643e-05
6,2,0,strong_c_h_pi,8.39965623763812e-05
7,2,0,piezoelectric_property,8.354764252403241e-05
8,2,0,isopropanol_acetone,8.324734868707518e-05
9,2,0,bc_plane_supramolecular_layer,8.296230721912442e-05
10,2,1,unit_ligand_molecule,8.832779991125335e-05
11,2,1,disorder_portion,8.715421823057166e-05
12,2,1,structure_different_kind,8.546539932139868e-05
13,2,1,anomalous_difference,8.509469417696505e-05
14,2,1,isothermal_titration_calorimetry,8.420589771534523e-05
15,2,1,different_level,8.397880923370834e-05
16,2,1,benzenesulfonic_chloride,8.379395590024827e-05
17,2,1,symmetry_equivalent_reflection,8.367882851614224e-05
18,2,1,datum_acquisition_rate,8.331309995963242e-05
19,2,1,diffraction_datum_collection,8.330733390256644e-05
20,2,2,alternative_fuel_source,9.101981726825668e-05
21,2,2,rapid_detector,8.34670673744978e-05
22,2,2,salicylic_phenyl,8.293319794740345e-05
23,2,2,preliminary_characterization,8.227186645203162e-05
24,2,2,different_ligand_n_atom,8.219343872033646e-05
25,2,2,b_c,8.201184803820857e-05
26,2,2,stack_effect,8.197229723416868e-05
27,2,2,diffraction_ordinary_dynamical_theory,8.169612787729031e-05
28,2,2,jahn_teller_distortion,8.161658649833724e-05
29,2,2,tricyclic_amide,8.160392152756405e-05
30,2,3,special_feature,8.452407943094929e-05
31,2,3,bis_coii_complex,8.44899073257318e-05
32,2,3,x_ray_microdiffraction,8.294826605750526e-05
33,2,3,cl_bond,8.24599008493586e-05
34,2,3,organic_molecule_zwitterion,8.242494020719497e-05
35,2,3,typical_selenomethionine_protein_crystal,8.236196445793701e-05
36,2,3,intricate_dimensional_network,8.188914899430744e-05
37,2,3,average_double_bond,8.167593291673755e-05
38,2,3,chocolate_product,8.157738590713248e-05
39,2,3,fuse_benzene_ring,8.115682652656885e-05
40,2,4,n_dimethylaminoethanol_n_ligand,8.70867554367378e-05
41,2,4,photographic_intensity,8.702257449551607e-05
42,2,4,close_form,8.583560378377662e-05
43,2,4,proton_transfer,8.559541601440569e-05
44,2,4,deg_p_pd_cl,8.511764883728851e-05
45,2,4,tin_halide_bond_respect,8.441958121553724e-05
46,2,4,xa_cleavage_site,8.34260280105094e-05
47,2,4,revise_formula,8.32899697266734e-05
48,2,4,sans_spectrometer,8.306125085907833e-05
49,2,4,kda_outer_membrane_protein,8.3037443556485e-05
50,2,5,distort_octahedral_structure,8.857443463928646e-05
51,2,5,essentially_planar,8.547436918301383e-05
52,2,5,transportation_promise_alternative_fuel,8.469970005882895e-05
53,2,5,internal_loop,8.402954682599038e-05
54,2,5,nodaviridae_family_new_member,8.38413684111422e-05
55,2,5,ge_dy_be,8.365783158666627e-05
56,2,5,perovskite_type,8.29423660548635e-05
57,2,5,eukaryotic_cell_protein_ubiquitination,8.265762377646798e-05
58,2,5,concentrate_polymer_solution,8.25868630506338e-05
59,2,5,maleic_anhydride,8.245875007980686e-05
60,2,6,aring_contact,8.817329412432622e-05
61,2,6,evaporation_method,8.462088557527639e-05
62,2,6,metal_support,8.444600958699015e-05
63,2,6,experimental_condition_interface,8.407745793375033e-05
64,2,6,symmetry_group,8.367490306133964e-05
65,2,6,inorganic_crystal,8.345353282699502e-05
66,2,6,monoanion_minus,8.344524936982793e-05
67,2,6,energy_dispersive,8.329970795886197e-05
68,2,6,drastic_variation,8.28456021702068e-05
69,2,6,standard_sample_holder,8.269794205926782e-05
70,2,7,extremely_asymmetric_diffraction,9.266041385966762e-05
71,2,7,gene_expression_epigenetic_regulation,8.958096328421477e-05
72,2,7,algebraic_method,8.691529980233181e-05
73,2,7,one_region,8.418952080733987e-05
74,2,7,general_model,8.34060100174277e-05
75,2,7,equatorial_orientation,8.335908389371022e-05
76,2,7,eugenol_ring_acetylsalicylic_acid,8.316129763348147e-05
77,2,7,accuracy_variable_length,8.315879212844094e-05
78,2,7,clog_pressure,8.280444892669327e-05
79,2,7,antibiotic_thiopeptide_family,8.275768211856388e-05
80,2,8,v_semiconductor,8.770290636128337e-05
81,2,8,rowland_cycle,8.744518105452206e-05
82,2,8,phosphoethanolamine_moiety_addition,8.696399643959136e-05
83,2,8,ni_atom,8.519509986297584e-05
84,2,8,main_interest,8.512996087059394e-05
85,2,8,rapidly_grow_application_need,8.374969574149397e-05
86,2,8,chlorothiazide_molecule,8.33721268259282e-05
87,2,8,call_pole_figure,8.318694401892976e-05
88,2,8,alpha_synthetic_derivative,8.260788326539202e-05
89,2,8,peptidyl_trnas,8.245629858031507e-05
90,2,9,phase_error,8.568829497941807e-05
91,2,9,glutarimide_piperazinyl,8.56476497691876e-05
92,2,9,low_anti_chi_deg,8.482978293837925e-05
93,2,9,waals_interaction,8.471227232247051e-05
94,2,9,external_influence,8.447395848951931e-05
95,2,9,site_occupancy,8.416199931923311e-05
96,2,9,orientation_projection,8.392149682675134e-05
97,2,9,peptidoglycan_recognition,8.390672781730151e-05
98,2,9,dimensional_deformity,8.261072738130029e-05
99,2,9,substrate_peptide,8.257866113458258e-05
100,2,10,lattice_rod,8.58646640938534e-05
101,2,10,pyrimidine_nucleotide,8.518252961749966e-05
102,2,10,van_der_waal_interaction,8.418339197582035e-05
103,2,10,order_generator_group,8.412246719206483e-05
104,2,10,chemical_energy_environment,8.374698930046549e-05
105,2,10,bridge_carboxylate_o_atom,8.332592325750939e-05
106,2,10,small_objective_aperture,8.325771534752477e-05
107,2,10,ob_atom,8.292262181807907e-05
108,2,10,hinge_region,8.280628724147833e-05
109,2,10,furan_plane_ester_group,8.252297183909936e-05
110,2,11,seven_topological_family,9.065586926253033e-05
111,2,11,coumarin_moiety_planar,8.563692427702909e-05
112,2,11,test_reconstruction,8.537684470405989e-05
113,2,11,bromophenyl_phenyl_ring_deg,8.477340129819115e-05
114,2,11,anthracene_ring_system,8.430013465883567e-05
115,2,11,internal_symmetry,8.345792811880857e-05
116,2,11,nucleoid_associate_protein,8.332674157848142e-05
117,2,11,broad_size,8.320743787862486e-05
118,2,11,octahedral_cr_atom,8.253980769280925e-05
119,2,11,n_bind_phenyl_ring,8.248708384002947e-05
120,2,12,anharmonic_temperature_evolution,8.906724275648614e-05
121,2,12,parallel_dimensional_supramolecular_structure,8.654183799592947e-05
122,2,12,large_terephthal_butylaniline,8.650638595185712e-05
123,2,12,developmental_challenge,8.480410556624689e-05
124,2,12,spiro_pyran_ring,8.454521364740794e-05
125,2,12,screw_boat_conformation,8.409192881797997e-05
126,2,12,ambient_pressure_calibration_standard,8.37924246650218e-05
127,2,12,quinoline_ring_system_naphthalene,8.33139021781464e-05
128,2,12,literature_report_different_hypothesis,8.261519340490156e-05
129,2,12,mass_fractal,8.254070458596541e-05
130,2,13,ribosome_structure,8.728596110249023e-05
131,2,13,continuous_x_ray_spectrum,8.61867788692888e-05
132,2,13,flock_house_virus,8.605337562078442e-05
133,2,13,white_portland_clinker,8.419759344921099e-05
134,2,13,guinier_camera,8.418410014175168e-05
135,2,13,tetrahedron_tetrahedron_distort_octahedron,8.321057592954185e-05
136,2,13,dilanthanum_lithium,8.25678785731264e-05
137,2,13,widely_application,8.24751638688363e-05
138,2,13,dna_demethylation_lead_process,8.23002041733e-05
139,2,13,excellent_model,8.190847480511527e-05
140,2,14,positive_construction,8.750693659583116e-05
141,2,14,trioxide_dichloride_dizinc_selenium,8.667339514625461e-05
142,2,14,error_magnitude,8.630039581671767e-05
143,2,14,new_insight,8.575210696020171e-05
144,2,14,catechol_ligand_involve_bond,8.568403321288249e-05
145,2,14,solid_pyrrole_crystal_structure,8.447261622203684e-05
146,2,14,herbicide_antimicrobial_drug,8.352446299679872e-05
147,2,14,curve_crystal_topograph,8.35167738738754e-05
148,2,14,n_n_heterocycle_owater,8.324419959056523e-05
149,2,14,wind_primary_function,8.302532591177727e-05
150,2,15,tridymite_framework,9.084423773738506e-05
151,2,15,convergent_beam_diffraction_pattern,8.71507281047597e-05
152,2,15,olf_domain,8.550927084586318e-05
153,2,15,peak_shift_correction,8.393458270464675e-05
154,2,15,mu_be_form,8.371623375298655e-05
155,2,15,alpha_g,8.302910115036686e-05
156,2,15,normal_subgroup,8.295091426393384e-05
157,2,15,one_f_atom,8.252618446486519e-05
158,2,15,aluminium_digermanide,8.228864028242309e-05
159,2,15,rapid_pdb_growth,8.227150248880416e-05
160,2,16,kappa_middot_middot,8.686221285188007e-05
161,2,16,clear_molecular_detail,8.540668978006784e-05
162,2,16,mix_metal_complex,8.415427213273084e-05
163,2,16,systematic_development,8.365708673971785e-05
164,2,16,heptad_repeat,8.327854489552087e-05
165,2,16,amino_n_atom,8.274027756214826e-05
166,2,16,low_valent_titanium_reagent,8.26366250215519e-05
167,2,16,ligand_bind_pocket,8.25260491526852e-05
168,2,16,coordinate_ligand,8.215881576700285e-05
169,2,16,molecular_pack,8.169442634209006e-05
170,2,17,base_dianion,8.697238636547746e-05
171,2,17,ion_local_center_displacement,8.685197443187133e-05
172,2,17,anomalous_substructure,8.591459899801053e-05
173,2,17,ptp_minus_time,8.575692339090898e-05
174,2,17,kinetic_experiment,8.503067364334043e-05
175,2,17,c_change,8.475265639202627e-05
176,2,17,bond_behaviour,8.473384855224612e-05
177,2,17,homologous_linear_structure_series,8.437959565020308e-05
178,2,17,l_threonine,8.42828515624665e-05
179,2,17,rational_common_zone_axis,8.41895620314074e-05
180,2,18,enzyme_activity,8.977847976272013e-05
181,2,18,start_model,8.880936202969024e-05
182,2,18,mm_period,8.680833479031003e-05
183,2,18,dimensional_zigzag_chain_structure,8.644841480811354e-05
184,2,18,hen_egg_white_lysozyme,8.540232529024948e-05
185,2,18,o_o_prime_prime,8.438066535787626e-05
186,2,18,prime_nucleotidase,8.430587880473326e-05
187,2,18,high_power,8.350151848044972e-05
188,2,18,methyl_group_pair,8.334266008654352e-05
189,2,18,water_sheet,8.321620287473986e-05
190,2,19,hirudin_peptide,8.956029066761529e-05
191,2,19,co_nanocluster_organization,8.843619264586837e-05
192,2,19,iron_carbonyl,8.6018649807127e-05
193,2,19,signal_peptide,8.531098172451899e-05
194,2,19,crystal_conformation_pack_term,8.372051818498631e-05
195,2,19,middot_triazole_ring,8.317421094047322e-05
196,2,19,molecular_reference_frame_conversion,8.312348253282573e-05
197,2,19,short_range_order_parameter,8.263579284847682e-05
198,2,19,molecule_deg,8.261266654927517e-05
199,2,19,inversion_dimer,8.245400388191059e-05
200,2,20,transmission_electron_microscopy,9.049848153855698e-05
201,2,20,new_approach,8.901818821719139e-05
202,2,20,calcite_bassanite_gypsum_ferrite,8.817590105023249e-05
203,2,20,red_blood_cell,8.597407210414191e-05
204,2,20,recently_synthesize_quasicrystal,8.575519575641861e-05
205,2,20,dudp_inhibitor,8.50580126642838e-05
206,2,20,the_process,8.448610414713713e-05
207,2,20,anticancer_drug_development,8.302601549862281e-05
208,2,20,identical_type,8.282313851607219e-05
209,2,20,w_mm,8.280848075068688e-05
210,2,21,o_h_aring_n,8.726111627948425e-05
211,2,21,indole_ring_plane,8.534769251307063e-05
212,2,21,although_chlorpropamide_polymorphic_property,8.510598391891553e-05
213,2,21,alpha_synthetic_derivative,8.442406846420646e-05
214,2,21,spop_oligomer,8.44021241682838e-05
215,2,21,phenolic_proton,8.434309517244461e-05
216,2,21,single_crystal_tellurium,8.427482316081998e-05
217,2,21,subunit_beta,8.367992898883675e-05
218,2,21,structural_homology,8.350269967259935e-05
219,2,21,source_problem,8.324982505250296e-05
220,2,22,acetonitrile_ligand,8.852681925269209e-05
221,2,22,successful_application,8.692617963507746e-05
222,2,22,benzothiazole_molecule,8.410040394937423e-05
223,2,22,metallic_ion_zinc_ligand,8.385772831828492e-05
224,2,22,material_choice_technique,8.343886390988937e-05
225,2,22,pipe_bind_region,8.295783142082975e-05
226,2,22,wavelength_dependence,8.24855435451719e-05
227,2,22,n_l_proline_lactone,8.248407396495298e-05
228,2,22,cadmium_ion,8.247249724286284e-05
229,2,22,osteoblast_specific_gene_expression,8.22507539338625e-05
230,2,23,one_tert_butyl_group,8.841787985537896e-05
231,2,23,theoretical_value,8.72252969896858e-05
232,2,23,crystal_position,8.661479769295743e-05
233,2,23,pressure_temperature,8.635714469912356e-05
234,2,23,bulk_volume,8.602742212484546e-05
235,2,23,n_bond_distance,8.385185581985623e-05
236,2,23,correspond_solvent_content,8.353049805455128e-05
237,2,23,enzyme_lysozyme,8.275501211906449e-05
238,2,23,size_distribution_function,8.268807443974128e-05
239,2,23,drop_vapor_diffusion_method,8.250482599731174e-05
240,2,24,wurtzite_type,8.576214628407258e-05
241,2,24,da_procedure,8.529535529910667e-05
242,2,24,pinhole_diffraction,8.513741296130371e-05
243,2,24,strain_level,8.398395914883959e-05
244,2,24,etc_bioavailability_solubility_stability,8.336769927106343e-05
245,2,24,unit_cell_datum,8.309060705839593e-05
246,2,24,x_ray_wavelength,8.216258091154465e-05
247,2,24,main_beam,8.214608525658027e-05
248,2,24,organic_inorganic_nanocomposite,8.20672078737248e-05
249,2,24,probability_conventional_asymptotic_formula,8.193822993901153e-05
250,2,25,b_sime,9.45328550414288e-05
251,2,25,seiv_ion,8.70442889735701e-05
252,2,25,color_change_structure_transformation,8.624442818124598e-05
253,2,25,cyclopentyl_ring,8.547795749791687e-05
254,2,25,lang_traverse_technique_modification,8.441852995310667e-05
255,2,25,method_use,8.439607661953997e-05
256,2,25,deoxy_bind,8.420165035715538e-05
257,2,25,strong_p,8.365955797570592e-05
258,2,25,structure_solution,8.318975961887973e-05
259,2,25,tightly_hold_dimensional_network,8.310430566643942e-05
260,2,26,nociceptin_receptor_ligand,8.527157880649537e-05
261,2,26,know_flexibility,8.507788092615299e-05
262,2,26,tetralin_ring_system,8.408013860844134e-05
263,2,26,bimetallic_complex,8.293268851838963e-05
264,2,26,pyrazine_ring_tetrazole,8.248435117322953e-05
265,2,26,petn_design,8.244297266656709e-05
266,2,26,elastic_tensor,8.242789088087408e-05
267,2,26,oxygen_sublattice_parameter,8.229876776326661e-05
268,2,26,hydrogen_bond_property,8.210161103236736e-05
269,2,26,compute_tomography_image_technique,8.149282533831904e-05
270,2,27,dissipative_fluctuate_dynamic,8.582777716992503e-05
271,2,27,ni_absorption_edge,8.484943145378473e-05
272,2,27,small_high_order_correction,8.427520146033632e-05
273,2,27,solid_quantum_crystal,8.367457078896672e-05
274,2,27,high_energy_synchrotron,8.359427751533443e-05
275,2,27,ideal_perovskite_position,8.34443395033365e-05
276,2,27,invariant_point,8.324879557444564e-05
277,2,27,square_planar_coordination_geometry,8.315733993108147e-05
278,2,27,elemental_composition,8.256049889877755e-05
279,2,27,framework_form_group_mu,8.248504802545566e-05
280,2,28,centrosymmetric_complex_cation,8.546438040716925e-05
281,2,28,property_structure,8.435933225559357e-05
282,2,28,exhibit_envelope_conformation,8.42765188893845e-05
283,2,28,dynamical_image,8.427387736359712e-05
284,2,28,bpy_bipyridine,8.413322808035296e-05
285,2,28,newly_create_stereogenic_centre,8.327333694913636e-05
286,2,28,smectic_phase_tbba_sample,8.30444507509124e-05
287,2,28,family_member,8.172938665881315e-05
288,2,28,cu_ion,8.166385314608312e-05
289,2,28,peptidyl_trna_hydrolase,8.128260112322364e-05
290,2,29,significant_structural_change,8.78991774279057e-05
291,2,29,o_weak_c_h,8.750265292667626e-05
292,2,29,n_alpha,8.539019545944275e-05
293,2,29,central_ob_fold,8.514331886931617e-05
294,2,29,angle_beta,8.427854796084396e-05
295,2,29,mx_beamline,8.346007050591471e-05
296,2,29,supramolecular_layer,8.334621552122574e-05
297,2,29,torsion_bend,8.293043000825514e-05
298,2,29,neutron_event_datum,8.293008792194729e-05
299,2,29,planarity_deviate,8.276740875365599e-05
300,2,30,neutron_path,8.853853739097844e-05
301,2,30,model_system,8.8298659077422e-05
302,2,30,deep_study,8.622890284793167e-05
303,2,30,diamagnetic_complex,8.568139201255972e-05
304,2,30,library_application,8.4274021444492e-05
305,2,30,sn_atom_geometry,8.411632227612485e-05
306,2,30,acorn_structure_solution_fragment,8.31169609077837e-05
307,2,30,experimental_value,8.308085876340359e-05
308,2,30,organic_framework,8.307814754039549e-05
309,2,30,elemental_absorption,8.301339226509984e-05
310,2,31,co_nh,8.482009963563732e-05
311,2,31,helical_line,8.372234746653948e-05
312,2,31,polymer_battery_concept,8.293480171579526e-05
313,2,31,sulfadiazinate_ligand,8.258674282031548e-05
314,2,31,extra_spot,8.220051278165128e-05
315,2,31,fourier_transformation,8.193692029076885e-05
316,2,31,tetramer_form_hydrogen_bond,8.192164622377323e-05
317,2,31,phase_method,8.183356576615781e-05
318,2,31,middot_niii_ion,8.178447849600199e-05
319,2,31,high_fraction,8.17450474752639e-05
320,2,32,methanoic_acid,8.657778817200728e-05
321,2,32,n_c_bond_delocalization,8.498070666077706e-05
322,2,32,improve_structural_characterization,8.48287861317334e-05
323,2,32,spectral_efficiency,8.405179456711971e-05
324,2,32,k_atom,8.368626195042851e-05
325,2,32,salt_cation,8.2774866454665e-05
326,2,32,alternative_splice,8.259575975207193e-05
327,2,32,pi_interaction,8.212398647646448e-05
328,2,32,transformation_method,8.2003847650841e-05
329,2,32,pseudouridine_rrna_uridine_isomerization,8.198025425685973e-05
330,2,33,reverse_saturable_absorption,8.956857140838358e-05
331,2,33,functional_form_magnitude_consequence,8.937891681056484e-05
332,2,33,non_link_cage,8.884708080449094e-05
333,2,33,minus_anion_link,8.52902756123178e-05
334,2,33,polarization_state_energy_resolution,8.515800527888489e-05
335,2,33,crystal_quality,8.424177113188256e-05
336,2,33,individual_snapshot,8.407974126213317e-05
337,2,33,chemo_resistance,8.386705882384756e-05
338,2,33,methoxymethyl_phenyl,8.379385838461159e-05
339,2,33,base_anion,8.297265288061617e-05
340,2,34,differentiation_structure,8.584671148771635e-05
341,2,34,helical_supramolecular_chain,8.45915510526192e-05
342,2,34,trifurcate_hydrogen_bond,8.387542954157237e-05
343,2,34,stomach_survival,8.324917445281255e-05
344,2,34,low_resolution,8.316591937046425e-05
345,2,34,alkaline_phosphatase_nucleophilic_serine,8.233218106561898e-05
346,2,34,escherichia_coli_expression,8.21141574456927e-05
347,2,34,rskn_n_terminal_domain,8.207294924134046e-05
348,2,34,atom_n_o,8.20332269036978e-05
349,2,34,n_anomeric_effect_manifestation,8.200050396742007e-05
350,2,35,cod_water_reaction,8.756358135515301e-05
351,2,35,organic_nature,8.691012916403797e-05
352,2,35,singular_value_decomposition,8.613679566638006e-05
353,2,35,tls_parameter,8.520270868148482e-05
354,2,35,minus_chloride,8.511235497112317e-05
355,2,35,se_peak,8.47880487628596e-05
356,2,35,immunosuppressant_synthetic_study_prepare,8.37530565447235e-05
357,2,35,chiral_monoclinic_space_group,8.373964023181755e-05
358,2,35,silicon_standard,8.296947279103906e-05
359,2,35,nbsp_time_atom,8.275591558003822e-05
360,2,36,parallel_channel,8.555255897860372e-05
361,2,36,ctd_phosphatase,8.530537015132258e-05
362,2,36,main_chain_torsion_angle,8.469682408080917e-05
363,2,36,crystallographic_twofold_rotation_axis,8.417281094061516e-05
364,2,36,theoretical_community_outside_researcher,8.316772731442182e-05
365,2,36,new_exact_expression,8.229869146219286e-05
366,2,36,large_database,8.179700025737763e-05
367,2,36,foil_unit_area_mass,8.164756871373112e-05
368,2,36,carbon_source,8.123246519318723e-05
369,2,36,ester_aggregate,8.091963113983983e-05
370,2,37,hg_si_distance,8.883391858332572e-05
371,2,37,pyrazine_ligand,8.765198817650443e-05
372,2,37,five_crystal_form,8.385208713629676e-05
373,2,37,non_trivial_bound_automorphism,8.263732832584079e-05
374,2,37,crystal_cation_distribution,8.245035826528041e-05
375,2,37,only_thrombin_molecule,8.180907385096132e-05
376,2,37,iii_ii_geometrical_isomer,8.154278499764715e-05
377,2,37,substrate_access,8.122463984934814e-05
378,2,37,cluster_size,8.107466637115958e-05
379,2,37,fad_degradative_pathway,8.103990050097119e-05
380,2,38,hydrocarbon_skeleton,8.620792928623787e-05
381,2,38,main_cluster_type,8.562946912757122e-05
382,2,38,tetrahedron_tetrahedron_distort_octahedron,8.556618690840783e-05
383,2,38,large_small_deg,8.409369611080943e-05
384,2,38,saicar_synthase,8.408841677602141e-05
385,2,38,tetrahedron_strong_distortion,8.373432534165983e-05
386,2,38,macromolecular_structure,8.370938685218379e-05
387,2,38,cmethyl_torsion,8.31907827772996e-05
388,2,38,hewl_crystal_quality_case,8.293055837199314e-05
389,2,38,dimeric_tim_insertion,8.254336711565341e-05
390,2,39,vapor_diffusion_trial,9.373518436642799e-05
391,2,39,protein_fragment_database,8.746681615504259e-05
392,2,39,twin_n_h,8.509392725522432e-05
393,2,39,boronic_ester,8.464929988463004e-05
394,2,39,exit_face,8.399717076732684e-05
395,2,39,spiral_growth,8.315993001526727e-05
396,2,39,high_order_spop_oligomer,8.294038802181531e-05
397,2,39,additionally_pi_pi_interaction,8.281543292131616e-05
398,2,39,crystalline_phasis,8.262499155664398e-05
399,2,39,non_crystallographic_symmetry_constraint,8.24579276806136e-05
400,2,40,give_configuration,8.798515407344972e-05
401,2,40,symmetry_relate_molecule,8.739494797839837e-05
402,2,40,mass_attenuation,8.725182893859513e-05
403,2,40,ppe_bind,8.693078589304149e-05
404,2,40,huge_advance,8.51825579292461e-05
405,2,40,dimensional_architecture_formation,8.419205848146565e-05
406,2,40,monodendate_imidazole_ligand,8.265435418542902e-05
407,2,40,dimensional_nanocrystal,8.236952478277355e-05
408,2,40,equatorial_plane_water_molecule,8.228583823861081e-05
409,2,40,proton_transfer,8.220563451631325e-05
410,2,41,laser_host,8.419472943833023e-05
411,2,41,order_nlo_susceptibility_chi,8.41318903057168e-05
412,2,41,crystallization_state,8.390455675550613e-05
413,2,41,o_h_donor,8.345396967766801e-05
414,2,41,uniform_nanomagnetic_grain,8.339022891196976e-05
415,2,41,n_mean_plane_deg,8.271826050532975e-05
416,2,41,classical_ptp_typical_fold,8.234879266008054e-05
417,2,41,azomethine_n_atom,8.210685744802712e-05
418,2,41,crystallographic_net_relationship,8.164348157953118e-05
419,2,41,equivoltage_partition_existence,8.090979841984472e-05
420,2,42,sulfonyl_benzene_ring,8.499377417265954e-05
421,2,42,native_form,8.432798785415465e-05
422,2,42,asymmetric_unit_monomer,8.351740690076752e-05
423,2,42,phosphate_ester,8.347601731986021e-05
424,2,42,seven_beta,8.338133110061925e-05
425,2,42,infinite_dimensional_lattice,8.313815157891586e-05
426,2,42,visible_light_exposure,8.284331988483877e-05
427,2,42,s_chelate_anion,8.231512593317394e-05
428,2,42,hydrolytic_enzyme,8.216842006509621e-05
429,2,42,sample_theorem,8.212703456347476e-05
430,2,43,five_methanol,8.800790368389672e-05
431,2,43,x_tem_ray,8.57313576134618e-05
432,2,43,cyanobacterium_thermosynechococcus_elongatus,8.374884984476436e-05
433,2,43,accurate_formulation,8.312309731522606e-05
434,2,43,bovine_pancreatic_trypsin_inhibitor,8.301754141597829e-05
435,2,43,common_sigma,8.263131147078519e-05
436,2,43,isoscele_triangle,8.233574809513193e-05
437,2,43,monodentate_nitrate,8.231752727177307e-05
438,2,43,dust_mite,8.218047482816656e-05
439,2,43,know_structure,8.159809283795507e-05
440,2,44,sequence_variation,8.957356040538722e-05
441,2,44,single_crystal_diffraction_datum,8.656074097197896e-05
442,2,44,agc_kinase_family,8.505119205553137e-05
443,2,44,situ_biaxial_tensile_test,8.379763317049082e-05
444,2,44,central_growth_region,8.377010756408744e-05
445,2,44,gastric_cancer,8.355244761323363e-05
446,2,44,analytic_solution,8.283263378850206e-05
447,2,44,large_family,8.263369805850242e-05
448,2,44,effective_vibrational_frequency,8.262752281527761e-05
449,2,44,finite_range,8.250320394845237e-05
450,2,45,amide_group,8.868431150416847e-05
451,2,45,gas_liquid,8.541636411495144e-05
452,2,45,locate_cu_atom,8.494078067068181e-05
453,2,45,dimeric_tim_insertion,8.480655065133269e-05
454,2,45,bond_structure,8.397003873531575e-05
455,2,45,polyhedral_form,8.389936615013741e-05
456,2,45,entrance_surface_point_source,8.334008755277478e-05
457,2,45,site_symmetry_be,8.270785265570144e-05
458,2,45,hydrophobic_interaction,8.231323720283934e-05
459,2,45,dialkylammonium_thiosulfate,8.176606114859863e-05
460,2,46,complete_model_reconstruction,8.764930959255237e-05
461,2,46,diimino_group,8.538553496050635e-05
462,2,46,slightly_distort_octahedral_structure,8.477253377589396e-05
463,2,46,immune_response,8.461476853187432e-05
464,2,46,maximum_deviation_bromobenzene_unit,8.374152249563469e-05
465,2,46,spherical_atom_value,8.371861573719533e-05
466,2,46,triazole_crystal_structure,8.34017604736853e-05
467,2,46,classical_approach_point_detector,8.299520152444364e-05
468,2,46,geometry_library,8.295905604493584e-05
469,2,46,homologous_protein,8.284924216390898e-05
470,2,47,rosenstein_jeffrey_amp,8.795526475129967e-05
471,2,47,pressure_temperature,8.568656197375196e-05
472,2,47,arrangement_mean,8.410656249864773e-05
473,2,47,c_sime,8.349032612586358e-05
474,2,47,publication_datum_deposition,8.315536358601249e-05
475,2,47,simple_general_formula,8.286327727509668e-05
476,2,47,azadiene_chain,8.253728995732261e-05
477,2,47,monoprotonated_cation,8.220054096759515e-05
478,2,47,spin_density_patterson_method,8.200422674432008e-05
479,2,47,oxadiazinone_ring,8.196397037779372e-05
480,2,48,generator_group,8.606552458374264e-05
481,2,48,liquid_crystal,8.57790727903987e-05
482,2,48,eos_parametric_datum,8.491114743943062e-05
483,2,48,ph_m_tris_hcl,8.490051682600589e-05
484,2,48,original_composition,8.480924694391635e-05
485,2,48,c_c_double_bond,8.480876811356787e-05
486,2,48,inside_layer,8.3715969236451e-05
487,2,48,molecular_interaction,8.368887336510736e-05
488,2,48,structure_functionality,8.341436500704755e-05
489,2,48,structural_basis,8.30649587890967e-05
490,2,49,centrosymmetric_space,8.590772359285996e-05
491,2,49,block_copolymer_micelle,8.537498325756781e-05
492,2,49,x_ray_diffraction_fringe,8.534954712828431e-05
493,2,49,spiro_pyran_ring,8.473014067432662e-05
494,2,49,p_c_tetrahedron_orientation,8.453423890404333e-05
495,2,49,gu_fan_amp,8.402062686509381e-05
496,2,49,f_intermolecular_interaction,8.389184504832389e-05
497,2,49,alternatively_call_mesitylnitramine,8.3177168846475e-05
498,2,49,technique_applicability,8.305311634915418e-05
499,2,49,pulp_mill,8.294372912207323e-05
500,2,50,short_s,8.793063992138511e-05
501,2,50,space_group_determination,8.758153386221109e-05
502,2,50,mathematical_condition,8.428294392347769e-05
503,2,50,thermus_thermophilus,8.387012241766905e-05
504,2,50,short_intermolecular_centrosymmetric_core,8.363655168004561e-05
505,2,50,crystal_structure_valine_chain,8.327439037027685e-05
506,2,50,previously_report_kappa_polymorph,8.277738441806693e-05
507,2,50,gas_liquid,8.257976864986634e-05
508,2,50,cytosine_base_atom,8.23545612667032e-05
509,2,50,one_dimensional_chain,8.196943379769171e-05
510,2,51,covariance_weight_matrix,8.917215912443496e-05
511,2,51,alkaloid_ring,8.504284121538392e-05
512,2,51,periodic_dimensional_tiling,8.498720709794612e-05
513,2,51,layer_oxhalide,8.346740848514277e-05
514,2,51,datum_set_systematic_difference,8.319305620435871e-05
515,2,51,pizza_box_stack,8.21220885289202e-05
516,2,51,extensive_hydrogen_bond,8.20822043471611e-05
517,2,51,principle_model,8.158775589997398e-05
518,2,51,the_process,8.150347246503466e-05
519,2,51,morphological_differentiation,8.139790123291464e-05
520,2,52,numb_determine_algorithm,8.943674544745894e-05
521,2,52,quantitative_phase,8.65630474103373e-05
522,2,52,periodic_table_inert_element,8.506744479501178e-05
523,2,52,selenium_antimony,8.420197352033743e-05
524,2,52,perchlorate_anion,8.404245465295964e-05
525,2,52,dimensional_network_structure,8.315406795657069e-05
526,2,52,enzyme_saicar_synthase_family,8.273247986384715e-05
527,2,52,putative_dihydroorotate_dehydrogenase,8.271910887817695e-05
528,2,52,dioxopromethazinium_cation,8.262461299796595e-05
529,2,52,normalize_lattice_parameter,8.253883497979715e-05
530,2,53,darwin_curve,8.888639798333058e-05
531,2,53,kh_domain,8.749842639599818e-05
532,2,53,modification_state_regulate_enzyme,8.634121080773889e-05
533,2,53,neutron_path_length,8.610767719968457e-05
534,2,53,give_set,8.483284659668305e-05
535,2,53,methylsulfinyl_substituent,8.421977923341582e-05
536,2,53,hydrophobic_region,8.406317553142514e-05
537,2,53,temperature_factor,8.361914704026489e-05
538,2,53,asymptotic_exact_expression,8.289556923625306e-05
539,2,53,intermolecular_n,8.278309079622556e-05
540,2,54,deinococcus_radioduran,8.903231345300395e-05
541,2,54,cadmium_ion,8.680950260291201e-05
542,2,54,independent_indicator,8.61891080419969e-05
543,2,54,substrate_bind_product,8.525216238033742e-05
544,2,54,complex_znii_atom,8.511669024847923e-05
545,2,54,order_temperature,8.472334607668286e-05
546,2,54,minus_ligand,8.398429139521032e-05
547,2,54,membered_ring_formation_result,8.335186374481452e-05
548,2,54,apical_bond,8.326318930301309e-05
549,2,54,aring_flux,8.273889908820449e-05
550,2,55,monoclinic_orthorhombic_phasis,8.757986778796011e-05
551,2,55,addition_facial_selectivity,8.642053120211012e-05
552,2,55,diffabs_beamline,8.497297535698359e-05
553,2,55,o_range_distance,8.418340635363105e-05
554,2,55,hexagonal_o_distance_ge,8.257437271289081e-05
555,2,55,coordination_polymer_structure,8.22728424998565e-05
556,2,55,signal_sequence,8.221358708011135e-05
557,2,55,zwitter_ion,8.215118540442896e-05
558,2,55,purc_gene_product,8.179157585501052e-05
559,2,55,t_film_result,8.166183495654911e-05
560,2,56,accuracy_variable_length,9.262540745259567e-05
561,2,56,liii_edge,8.772432795320224e-05
562,2,56,solvothermal_condition_acid,8.653937661558197e-05
563,2,56,maleonitriledithiolate_ligand_s_atom,8.584785551708006e-05
564,2,56,weak_cui,8.473747465881831e-05
565,2,56,convergent_beam,8.4215332634552e-05
566,2,56,beta_octamolybdate_anion,8.399491861045532e-05
567,2,56,centrosymmetric_complex_cation,8.36307588520113e-05
568,2,56,dimercaptoethylenedicarbonitrilate_ligand,8.35540041748637e-05
569,2,56,situ_cryocrystallization_technique_mean,8.337217609078357e-05
570,2,57,potent_proteasome_inhibitor_bortezomib,8.535127124803986e-05
571,2,57,ch_group,8.514465822740908e-05
572,2,57,cost_safety,8.408632448839416e-05
573,2,57,crystal_chemical_reaction_process,8.365092443486438e-05
574,2,57,equivoltage_partition,8.304554839346302e-05
575,2,57,minimum_maximum_value,8.281657494003872e-05
576,2,57,membered_cyclohexene_ring,8.26330580001411e-05
577,2,57,interplanar_distance,8.233796063784105e-05
578,2,57,toluene_chloroform,8.214582435641173e-05
579,2,57,vapochromism_call_humidity,8.193079764887731e-05
580,2,58,human_body,9.020617817912331e-05
581,2,58,solvent_content_datum,8.682527450727577e-05
582,2,58,carbonylthiourea_group,8.547896206136664e-05
583,2,58,resolution_crystal_structure,8.41405908678269e-05
584,2,58,profile_shape,8.28877702012087e-05
585,2,58,source_problem,8.247706708218074e-05
586,2,58,guest_molecule,8.229185379807006e-05
587,2,58,undulator_radiation,8.216263592369798e-05
588,2,58,br_hydrogen_bond_interaction,8.212611962342786e-05
589,2,58,ctd_prolyl_isomerization_state,8.201435527985628e-05
590,2,59,texture_parameter_elimination,8.926444320298426e-05
591,2,59,x_ray_energy,8.56078418827032e-05
592,2,59,numerical_calculation,8.388857680146059e-05
593,2,59,active_phasis_form,8.38748637014324e-05
594,2,59,calpha_polyalanine_model,8.377965432551852e-05
595,2,59,terephthalate_dianion_hydrogen_bond,8.23314392143614e-05
596,2,59,nitrogen_boron_heterocycle,8.199180438440203e-05
597,2,59,crystal_structure_net_realization,8.190532968173148e-05
598,2,59,pd_s_distance,8.175660434355657e-05
599,2,59,usans_measurement_pressure_temperature,8.162276703487576e-05
600,2,60,stack_pyridine,8.722203116396335e-05
601,2,60,noise_level,8.486529583795354e-05
602,2,60,nitrate_counter_ion,8.398724690239806e-05
603,2,60,calcite_bassanite_gypsum,8.383643497020154e-05
604,2,60,silicon_rich_zeolite,8.322782953496377e-05
605,2,60,weak_reflection,8.315133384251366e-05
606,2,60,n_cinnamoyl,8.248902020804927e-05
607,2,60,such_nanocomposite,8.230941344189201e-05
608,2,60,chain_atom,8.184168232577908e-05
609,2,60,ligm_crystal,8.178865443605047e-05
610,2,61,bragg_geometry_silicon_crystal,8.787121606392643e-05
611,2,61,periodic_net,8.421155636386055e-05
612,2,61,native_crystal,8.40577942007088e-05
613,2,61,global_minimum_energy_structure,8.386765426377777e-05
614,2,61,ratio_site,8.381711432688132e-05
615,2,61,x_ray_interferometry,8.332263749712548e-05
616,2,61,empirical_factor,8.306706556052372e-05
617,2,61,damage_strain,8.278851893376718e-05
618,2,61,structure_additional_stabilization,8.193983047518301e-05
619,2,61,nucleoid_associate_protein,8.179794389166001e-05
620,2,62,simple_beam_calculation,8.832303482549953e-05
621,2,62,clathrin_adaptor_complex,8.819705370662145e-05
622,2,62,term_emphanisis,8.815576566100081e-05
623,2,62,regression_analysis,8.642604628012154e-05
624,2,62,heptad_repeat_sequence,8.461752036594256e-05
625,2,62,original_set,8.314941828244672e-05
626,2,62,refinement_model_build,8.309385864231424e-05
627,2,62,weak_c_h_incidence,8.29788533121194e-05
628,2,62,growth_nucleation_phasis,8.269464775783402e-05
629,2,62,approximate_pentagonal_bipyramidal_configuration,8.237374824586733e-05
630,2,63,topological_notation,8.578295892632893e-05
631,2,63,estimate_weight,8.42392864913334e-05
632,2,63,grow_numb,8.363076881429678e-05
633,2,63,atom_method_force_field,8.320964916835057e-05
634,2,63,ambient_atmosphere,8.317874380632343e-05
635,2,63,high_power_undulator_beamline,8.271542645713927e-05
636,2,63,isoscele_triangle,8.242420703267206e-05
637,2,63,atomic_interaction,8.227367609333467e-05
638,2,63,chloride_dihydrate,8.20600239156019e-05
639,2,63,l_idopyranosiduronic_acid,8.17322828910273e-05
640,2,64,solid_helium_anneal_effect,9.018549756875732e-05
641,2,64,infinite_s_h,8.594816889836351e-05
642,2,64,hydrostatic_pressure_effect,8.576250594421085e-05
643,2,64,preferential_bind,8.573688801258085e-05
644,2,64,type_ii_crystal,8.538003392121024e-05
645,2,64,microfibrillar_structure,8.437607033726282e-05
646,2,64,br_distance,8.424871083274725e-05
647,2,64,aring_o_distance,8.341837953715392e-05
648,2,64,systematic_study,8.338663545246658e-05
649,2,64,beta_region,8.3180462543823e-05
650,2,65,fill_rubber,8.705405343642934e-05
651,2,65,tool_algorithm,8.678917474531328e-05
652,2,65,report_dioxide,8.660123336009012e-05
653,2,65,theta_s_vector,8.455082019681598e-05
654,2,65,estimate_convergence,8.324459051154887e-05
655,2,65,functional_diversity,8.281155681889991e-05
656,2,65,mx_amx_fmx_beamline,8.231329777355626e-05
657,2,65,texture_example,8.180665633677908e-05
658,2,65,cation_atom,8.172328346788301e-05
659,2,65,bind_orn_analog_structure,8.135132321146722e-05
660,2,66,x_ray_camera,8.719429627849334e-05
661,2,66,bulk_solvent_correction,8.444326194818655e-05
662,2,66,common_graphical_user_interface,8.429716651565573e-05
663,2,66,sequence_assignment_approach_use,8.408584690804794e-05
664,2,66,conjugation_system,8.390682020295925e-05
665,2,66,neutral_zwitterionic_molecule,8.305717850215705e-05
666,2,66,n_acetyltransferase_domain,8.300874772985683e-05
667,2,66,oxidative_cleavage,8.294994457356457e-05
668,2,66,hydrogen_carboxylate,8.28438817209475e-05
669,2,66,type_ii_cohesin_module,8.249156228491886e-05
670,2,67,inhibit_enzyme,8.717545375359731e-05
671,2,67,o_demethylase,8.574941355322419e-05
672,2,67,molecule_in_p_atom,8.549925231890132e-05
673,2,67,rapid_detector,8.515298992588989e-05
674,2,67,growth_sector_boundary,8.485757111565597e-05
675,2,67,action_set,8.45341123756169e-05
676,2,67,obtain_structure_great_accuracy,8.447433560038315e-05
677,2,67,sulfonyl_group_link,8.41499591099169e-05
678,2,67,mean_size,8.384100987117332e-05
679,2,67,x_ray_area_detector,8.340763614449835e-05
680,2,68,weak_cation_anion,8.716372593518258e-05
681,2,68,prime_prime_neutral_network,8.478971633677369e-05
682,2,68,ionotropic_glutamate_receptor,8.449169932863401e-05
683,2,68,two_different_method,8.401792527789203e-05
684,2,68,etc_soft_shell,8.364849897469554e-05
685,2,68,benzofuran_plane_ring,8.332644135385426e-05
686,2,68,commercial_crystal_screen,8.290990019546572e-05
687,2,68,commercial_conductive_carbon_black,8.266615006896515e-05
688,2,68,clathrin_bind,8.250411837024646e-05
689,2,68,x_ray_structure_analysis,8.22269971797856e-05
690,2,69,hydrogen_bond_donor,8.67542825428104e-05
691,2,69,symmetry_centre_lie,8.672223403578066e-05
692,2,69,triphenylphosphine_ligand,8.551805778477333e-05
693,2,69,structurally_characterize_archaeal_tim,8.518947065057411e-05
694,2,69,experimental_total_function,8.503180229650995e-05
695,2,69,plate_change_robot,8.462161421528427e-05
696,2,69,zeta_dimer_interface_bind,8.426670262535813e-05
697,2,69,alcohol_molecule,8.278954059513674e-05
698,2,69,x_ray_intensity,8.267521670860854e-05
699,2,69,dimensional_edge_share_chain,8.208888598986939e-05
700,2,70,triplet_phasis_total,8.382078699838072e-05
701,2,70,o_c_h,8.340168595235074e-05
702,2,70,nonprotonat_protonated_n_atom,8.310185565304877e-05
703,2,70,ac_plane_parallel_layer,8.303136992951662e-05
704,2,70,prime_prime_ligand,8.295945926476518e-05
705,2,70,gamma_radiation_count,8.250558179180374e-05
706,2,70,c_p,8.229778514342487e-05
707,2,70,elaboration_process,8.220161105120166e-05
708,2,70,e_configurat_isomer,8.206040758413399e-05
709,2,70,high_anisotropy,8.143955039413797e-05
710,2,71,aminothiophenol_derivative,8.800743244028391e-05
711,2,71,dimensional_modulation,8.748281014735339e-05
712,2,71,hydrogen_bond_network,8.618104471750565e-05
713,2,71,point_group_symmetry_octahedron,8.540003543999083e-05
714,2,71,keto_group_furan_plane,8.492285930908514e-05
715,2,71,benzene_substituent,8.376199968400928e-05
716,2,71,atomic_vibration_component_covariance,8.312080099853655e-05
717,2,71,edge_share,8.306592432754451e-05
718,2,71,age_relate_bone_growth,8.291136527707034e-05
719,2,71,brucella_bacterial_pathogen,8.248292137208315e-05
0,3,0,potential_site,7.505663914957981e-05
1,3,0,chlorophenyl_ring,7.2636910168265e-05
2,3,0,cornell_electron,7.252210882027776e-05
3,3,0,molecule_presence,7.22564520336561e-05
4,3,0,unit_weight_matrix_use,7.218427808719987e-05
5,3,0,parallel_dimensional_supramolecular_structure,7.21206834484495e-05
6,3,0,static_structure,7.186659340274528e-05
7,3,0,fe_distance,7.18241435147006e-05
8,3,0,crystalline_structure,7.172064096463246e-05
9,3,0,pure_pulegone,7.162765232316904e-05
