,run,topic,terms,p
d,8.603718830562067e-05
1,1,0,co_exist_alternative,8.597895269507357e-05
2,1,0,multimodular_scaffoldin_subunit,8.51578576320267e-05
3,1,0,short_c_alpha,8.410265871194093e-05
4,1,0,appropriate_beamline,8.356038151506003e-05
5,1,0,yellow_methanol,8.309278776894687e-05
6,1,0,sheet_like_entity,8.272763335336914e-05
7,1,0,gamma_radiation_count,8.268505733961621e-05
8,1,0,dimensional_layer,8.267967142995506e-05
9,1,0,square_strain,8.257021002400905e-05
10,1,1,multi_nucleus,8.863735994147205e-05
11,1,1,deg_p_pd_cl,8.811040849241702e-05
12,1,1,chlorine_atom,8.64111136421676e-05
13,1,1,polarise_neutron,8.55228784075517e-05
14,1,1,unit_mass_absorb_energy,8.501743175994511e-05
15,1,1,cbed_method,8.448708204337416e-05
16,1,1,n_h_amine_hydroxymethyl,8.410174937170579e-05
17,1,1,deformation_distribution,8.406636630988042e-05
18,1,1,ligand_imidazole_ring,8.330922086891076e-05
19,1,1,dcds_double_crystal_diffractometer,8.303435688783532e-05
20,1,2,connectivity_constitution,8.646620078823066e-05
21,1,2,n_n_diethylpentanaminium_fragment,8.593369428389161e-05
22,1,2,connect_silicate,8.464758266101002e-05
23,1,2,f_contact,8.450432590826795e-05
24,1,2,sultone_ring,8.414900995325535e-05
25,1,2,n_n,8.391981018814291e-05
26,1,2,minus_mean_plane,8.331941614913164e-05
27,1,2,purc_gene_product,8.306586825718572e-05
28,1,2,symmetry_relate_bmi_imidazole,8.294130688637782e-05
29,1,2,triphenylphosphine_p_atom,8.264719859349902e-05
30,1,3,otbu_glycine,9.411974683211563e-05
31,1,3,temporal_coherence_requirement,8.605773045509887e-05
32,1,3,bond_angle,8.468735833284683e-05
33,1,3,alpha_x_ray_datum,8.42127786576256e-05
34,1,3,anion_feiii_atom,8.355462985366656e-05
35,1,3,excellent_model,8.33446567415937e-05
36,1,3,residue_dimensional_structure,8.266286259552951e-05
37,1,3,simple_general_rule,8.26614426438763e-05
38,1,3,group_h_atom,8.261523462694996e-05
39,1,3,beam_stop,8.253175486007938e-05
40,1,4,ordinary_treatment,8.873110318826706e-05
41,1,4,topo_tomography_method,8.433577775895793e-05
42,1,4,independent_molecule,8.331803456285078e-05
43,1,4,pseudo_dimer,8.31912802009784e-05
44,1,4,dna_protein,8.301553705664936e-05
45,1,4,crystallization_purification_expression,8.282570647697536e-05
46,1,4,neighbour_molecule_benzene_ring,8.234462444444543e-05
47,1,4,similar_aberration,8.183741100043988e-05
48,1,4,oxime_group_e_configuration,8.1790902711072e-05
49,1,4,c_pi,8.164186297288782e-05
50,1,5,detailed_structural_comparison,8.59072697820555e-05
51,1,5,alpha_decomposition_oxidation,8.492357453038984e-05
52,1,5,calibration_alignment,8.406007665262272e-05
53,1,5,stepwise_crystal_structure_analysis,8.291714317559466e-05
54,1,5,pivotal_role,8.253218791743835e-05
55,1,5,pyridyl_ring,8.244086915867853e-05
56,1,5,rotatory_power_dispersion,8.231597628823313e-05
57,1,5,human_mitochondrion,8.222161955747918e-05
58,1,5,classical_cubic_silicon_structure,8.205737898200065e-05
59,1,5,centrosymmetric_naphthoquinone_moiety,8.196986313625251e-05
60,1,6,centrosymmetric_polyvanadate_cluster,9.138767405767353e-05
61,1,6,type_crystal,8.492758322491678e-05
62,1,6,co_maleic_anhydride,8.448676001450983e-05
63,1,6,sulfite_reductase,8.341951775157364e-05
64,1,6,hen_egg_white_lysozyme,8.324381297881142e-05
65,1,6,methyl_h,8.291307775728359e-05
66,1,6,dihedral_angle_ring,8.291283114435722e-05
67,1,6,anion_f_atom,8.249896352375553e-05
68,1,6,primary_option,8.196872197377635e-05
69,1,6,ergotamine_epimerization_reaction,8.190524788181872e-05
70,1,7,mesenchymal_stem_cell_differentiation,8.743852256583906e-05
71,1,7,cdii_cation,8.72595394249343e-05
72,1,7,methylate_dna,8.313407844927464e-05
73,1,7,saxs_pattern,8.255279313044619e-05
74,1,7,electron_single_bunch,8.20831254626174e-05
75,1,7,cp_mas_nmr_spectrum,8.200872877687032e-05
76,1,7,iv_iii,8.177415429314076e-05
77,1,7,different_conformation,8.171513349905765e-05
78,1,7,low_pressure_phasis,8.168489624433614e-05
79,1,7,kinase_inhibitor,8.137369135387608e-05
80,1,8,high_order_oligomerization,9.083693983433657e-05
81,1,8,chloride_dihydrate,8.390043726909742e-05
82,1,8,advance_research,8.346013718034547e-05
83,1,8,substrate_group,8.315488481909578e-05
84,1,8,food_allergy_people,8.26251692682978e-05
85,1,8,sample_relate_sample,8.23838706532803e-05
86,1,8,rotation_angle_deg,8.171750617395708e-05
87,1,8,total_coordination_numb,8.163807083894038e-05
88,1,8,virtual_bragg_scatter,8.152449633344577e-05
89,1,8,paroxetine_arrangement,8.13188451378129e-05
90,1,9,poor_aring_crystallographic_resolution,8.726350467727792e-05
91,1,9,s_site,8.495214736634812e-05
92,1,9,c_n_bond_centre,8.436908289502356e-05
93,1,9,synchrotron_topography,8.36231265132685e-05
94,1,9,gamma_ring_planarity_deviate,8.344112482228902e-05
95,1,9,deg_mutually_tran,8.33974176329858e-05
96,1,9,meridional_reflection,8.319826885129133e-05
97,1,9,synclinal_configuration,8.302089250760912e-05
98,1,9,protein_diffraction_pattern,8.29907798267498e-05
99,1,9,dppm_middot_middot_complex,8.26256325774523e-05
100,1,10,methoxy_methyl_carboxylate,8.586008735963336e-05
101,1,10,trial_calculation,8.546036110109076e-05
102,1,10,x_ray_diffraction_image,8.544418434817836e-05
103,1,10,imidazole_n_atom,8.463488576613115e-05
104,1,10,acetate_monohydrate,8.38575510550292e-05
105,1,10,c_terminal,8.310132789325682e-05
106,1,10,intermolecular_n_h_pair,8.280555550697384e-05
107,1,10,exactly_equivariant_type,8.251400656470842e-05
108,1,10,tin_halide_bond,8.227933245984709e-05
109,1,10,metal_atom,8.193342762552298e-05
110,1,11,invariant_magnitude,8.948345764804995e-05
111,1,11,tetramer_shape,8.896247406899067e-05
112,1,11,general_pack_property,8.840941177821026e-05
113,1,11,publish_value,8.606193083643053e-05
114,1,11,choose_wavelength,8.555257589416632e-05
115,1,11,recent_experiment,8.444214390267855e-05
116,1,11,polymer_battery_concept,8.414163540183653e-05
117,1,11,cross_link_c_h,8.38866527564725e-05
118,1,11,distort_pentagonal_bipyramidal_geometry,8.351344498490106e-05
119,1,11,substitution_feature_diazaborinane_series,8.317771129595892e-05
120,1,12,moir_eacute_pattern,8.904547112835794e-05
121,1,12,dimensional_framework,8.519979569315792e-05
122,1,12,inorganic_pyrophosphatase,8.430133574932936e-05
123,1,12,charge_transfer_transition,8.361018402337379e-05
124,1,12,crystalline_standard,8.326731502308334e-05
125,1,12,unknown_composition_sample,8.297673261821215e-05
126,1,12,derivative_triphenylantimony,8.294590194021095e-05
127,1,12,langbeinite_type,8.276043345841539e-05
128,1,12,linear_dependence,8.263085163925409e-05
129,1,12,assembly_factor_analysis,8.256884319093614e-05
130,1,13,hydroxyl_group_benzyl,9.279282548629869e-05
131,1,13,static_magnetic_field,8.808595529624652e-05
132,1,13,pizza_box,8.478373799087564e-05
133,1,13,inelastic_cross_section,8.417526617015232e-05
134,1,13,crystallographic_result,8.338149154762357e-05
135,1,13,anti_conformation,8.33608134242766e-05
136,1,13,hydroxyl_group,8.306528830743639e-05
137,1,13,thin_difficult_wall,8.30533505374828e-05
138,1,13,leukemic_cell,8.29614599460631e-05
139,1,13,ring_thiazole,8.278656086952594e-05
140,1,14,disulfide_bond,8.854145991005952e-05
141,1,14,linear_arrangement,8.567931760499975e-05
142,1,14,dna_repair,8.443178946728665e-05
143,1,14,aring_o_minus_bond,8.435691309092794e-05
144,1,14,cyclohexene_oxide_polyamine,8.382181291587251e-05
145,1,14,mycobacterial_ssb_characteristic_feature,8.321924268209084e-05
146,1,14,mu_racemic_cation,8.234946460003605e-05
147,1,14,significantly_different_structure_model,8.222371798673726e-05
148,1,14,protonation_high_level,8.16393706795924e-05
149,1,14,neuronal_plasma,8.14172301580521e-05
150,1,15,c_c_torsion_angle,8.493567203554895e-05
151,1,15,polar_interaction,8.376637536517142e-05
152,1,15,contrast_variation,8.35263654924364e-05
153,1,15,core_shell_system,8.312335748999474e-05
154,1,15,spatial_distribution_ion_numb,8.24897815455891e-05
155,1,15,remain_chromene_atom,8.244985761586448e-05
156,1,15,predict_inner_membrane_metalloenzyme,8.204719912851237e-05
157,1,15,chemical_principle,8.198957745401969e-05
158,1,15,vapour_diffusion_method,8.193749553375419e-05
159,1,15,synchrotron_radiation_pioneering_experiment,8.148591151458416e-05
160,1,16,zn_o,8.75293916652184e-05
161,1,16,prime_prime_neutral_network,8.455866738331403e-05
162,1,16,distort_octahedral_geometry_ligand,8.441467740263859e-05
163,1,16,n_c,8.277191005929534e-05
164,1,16,lattice_model,8.27567590088784e-05
165,1,16,dta_differential_thermal_analysis,8.244055220586737e-05
166,1,16,rectangular_shape,8.230207977481394e-05
167,1,16,aring_resolution_phase_information,8.178715175401998e-05
168,1,16,photon_correlation_spectroscopy,8.170699780721186e-05
169,1,16,ionic_interaction,8.125062123866064e-05
170,1,17,signal_periplasm,8.795493142087166e-05
171,1,17,density_modification_phase_improvement,8.739504220930699e-05
172,1,17,membered_cyclohexene_ring,8.527650998986249e-05
173,1,17,membrane_protein,8.495377007334252e-05
174,1,17,volume_twin_domain,8.335948770530129e-05
175,1,17,domain_structure,8.322692931011197e-05
176,1,17,overall_modulation,8.310354827723787e-05
177,1,17,c_terminal_end,8.226156022637892e-05
178,1,17,diheral_angle,8.219932942694083e-05
179,1,17,surface_orientation,8.195799254412994e-05
180,1,18,datum_collection_aspect,9.03282999248915e-05
181,1,18,axial_projection_plot,8.857607526210632e-05
182,1,18,simultaneous_diffraction_effect_incidence,8.698689061278403e-05
183,1,18,adjacent_carboxyl_group,8.671291337196311e-05
184,1,18,pi_column_interaction,8.662703293350767e-05
185,1,18,magnetic_field_perpendicular_plane,8.499743335897114e-05
186,1,18,benzimidazole_core,8.409824405807722e-05
187,1,18,centrosymmetric_pair,8.408430250531068e-05
188,1,18,pyromellitate_anion,8.400106082579051e-05
189,1,18,give_experimental_alpha_lmn,8.34966660788398e-05
190,1,19,solid_product,8.586830585632129e-05
191,1,19,experimental_alpha_lmn,8.4103402879001e-05
192,1,19,fe_form,8.289312594935543e-05
193,1,19,dafo_dicyanamide,8.246878000399203e-05
194,1,19,nc_net,8.232312060278587e-05
195,1,19,synthesize_sample,8.213106427590836e-05
196,1,19,bragg_peak_intensity,8.209572821481128e-05
197,1,19,c_pr_structure,8.202422170053294e-05
198,1,19,common_antimalarial_chloroquine,8.177726352252486e-05
199,1,19,the_process,8.166783792825849e-05
200,1,20,test_reconstruction,8.619584070628043e-05
201,1,20,hetero_ring_layer_anion,8.537585212084168e-05
202,1,20,neighboring_molecule,8.516882061341073e-05
203,1,20,calpha_polyalanine_model,8.494797826470733e-05
204,1,20,damage_strain,8.436780578540983e-05
205,1,20,physical_form,8.436051577968572e-05
206,1,20,deviation_remain_atom_plane,8.41376453117132e-05
207,1,20,hetero_ring,8.410846430087803e-05
208,1,20,base_position_pair,8.38825399569169e-05
209,1,20,great_crystal,8.368987820164247e-05
210,1,21,beam_protocol,8.615951551094003e-05
211,1,21,hydroxyl_group_benzyl,8.499973038879386e-05
212,1,21,source_problem,8.435243352309074e-05
213,1,21,thiocyanate_ion_several_site,8.37226170654915e-05
214,1,21,new_mix_metal_complex,8.322110778942971e-05
215,1,21,f_metal_atom,8.319858293821278e-05
216,1,21,sharp_diffuse_domain,8.25488351766836e-05
217,1,21,simple_phenyl_group,8.246481437115877e-05
218,1,21,alternative_splice,8.238009183234022e-05
219,1,21,ligand_dafo_dicyanamide,8.228491676867695e-05
220,1,22,force_distribution,9.051690822041215e-05
221,1,22,math_domain,8.70138977281045e-05
222,1,22,pentoxifylline_structure,8.635804742261762e-05
223,1,22,trypsin_d,8.625668739131425e-05
224,1,22,phosphane_ligand,8.590850664449225e-05
225,1,22,search_space,8.581650354934115e-05
226,1,22,phenyl_dimethoxyphenyl_ring,8.431813199638251e-05
227,1,22,weak_hydrogen_bond,8.403807471014737e-05
228,1,22,neutral_ligand,8.371572450210316e-05
229,1,22,imidazole_molecule,8.327397369816566e-05
230,1,23,specific_feature,9.09239986310713e-05
231,1,23,dimeric_tim_insertion,8.726940102989979e-05
232,1,23,organic_solvent,8.534619762335742e-05
233,1,23,space_time,8.421451228113306e-05
234,1,23,saturation_value,8.412261188506953e-05
235,1,23,iron_nitride,8.364357751175637e-05
236,1,23,crystallization_condition_relative_stability,8.327080849485443e-05
237,1,23,axially_symmetric_texture,8.279360865397214e-05
238,1,23,similar_geometry,8.245392196089693e-05
239,1,23,schenk_empirical_theoretical_formula,8.195303840431988e-05
240,1,24,i_r_phenyl,8.604780259158977e-05
241,1,24,class_well_study_example,8.524682537806558e-05
242,1,24,zero_angle,8.464439571625136e-05
243,1,24,hbr_expect_proton_transfer,8.397108649290656e-05
244,1,24,cis_chloride,8.386554216593766e-05
245,1,24,protein_interaction,8.373650406074884e-05
246,1,24,x_ray_scatter,8.366420866807264e-05
247,1,24,oa_angle,8.336925257175846e-05
248,1,24,aromatic_h_atom,8.286922475993032e-05
249,1,24,calculate_theoretical_tolman_angle,8.222826565316132e-05
250,1,25,carbazole_ring,8.94643696377056e-05
251,1,25,c_pr,8.510797575162433e-05
252,1,25,protein_envelope,8.501814989154211e-05
253,1,25,research_sample,8.439928516734505e-05
254,1,25,crystal_time_nucleus,8.41999296597078e-05
255,1,25,fan_amp,8.356388450728472e-05
256,1,25,usaxs_intensity,8.343735175186691e-05
257,1,25,linear_dislocation,8.33332637493435e-05
258,1,25,crystal_pack_stability,8.325301708823008e-05
259,1,25,absorption_intensity,8.261512381265516e-05
260,1,26,common_chemical_principle,8.348492998309742e-05
261,1,26,complete_unit_cell,8.289163991272583e-05
262,1,26,hydrogen_storage,8.280258056425288e-05
263,1,26,dose_calculation_phenomenon_effect,8.187655451982611e-05
264,1,26,systematic_formic_acid,8.179021322790896e-05
265,1,26,reciprocal_lattice,8.17151117260614e-05
266,1,26,direction_dimensional_chain,8.155115199729248e-05
267,1,26,group_coordinate_ligand_oxidation,8.12355608437674e-05
268,1,26,waals_force,8.109035939437349e-05
269,1,26,hydrophobic_pocket,8.103351380076236e-05
270,1,27,plane_wave,8.602617669982363e-05
271,1,27,urea_plane_ring,8.554051070502902e-05
272,1,27,crystallization_experiment,8.550513118059304e-05
273,1,27,metal_bond_behaviour,8.386078554251824e-05
274,1,27,metal_cation_respect,8.385674332740017e-05
275,1,27,structural_characterization,8.374630390054857e-05
276,1,27,high_reproducibility,8.351232005904158e-05
277,1,27,donor_acceptor_distance,8.344361594745468e-05
278,1,27,low_temperature_structure,8.334061295878537e-05
279,1,27,eulerian_cradle_center,8.323106064809273e-05
280,1,28,beamline_control,8.468394812660514e-05
281,1,28,primary_imine,8.442140003201946e-05
282,1,28,material_performance_improve_potential,8.36635939762968e-05
283,1,28,k_gt,8.345233754973658e-05
284,1,28,dimensional_array,8.34306605165213e-05
285,1,28,benzene_triazole_ring,8.334619531374215e-05
286,1,28,centrosymmetric_polyvanadate_cluster,8.312208832575747e-05
287,1,28,coli_expression_contaminant,8.278191583552892e-05
288,1,28,mu_kappa_molecule,8.21793136335868e-05
289,1,28,low_absorption_small_dimension,8.200657938271344e-05
290,1,29,incline_endo_terminal_ring,8.88113497118272e-05
291,1,29,salicylic_acid,8.765925914570475e-05
292,1,29,hg_si_distance,8.671823435296819e-05
293,1,29,positive_anomcc_metric,8.650729909991972e-05
294,1,29,respectively_activity_like,8.641751670782554e-05
295,1,29,phen_tcnoet,8.543754932682573e-05
296,1,29,centrosymmetric_naphthoquinone_moiety,8.509192111840201e-05
297,1,29,domain_protein_crystal_structure,8.464729860474407e-05
298,1,29,si_o_bond,8.421656874319834e-05
299,1,29,flatten_topology,8.345756264935817e-05
300,1,30,computational_implementation,8.791579566736998e-05
301,1,30,angle_distance,8.340724645201919e-05
302,1,30,acid_crystalline_thiosalicylic_acid,8.273329282407385e-05
303,1,30,occupancy_site_set,8.264624296436043e-05
304,1,30,form_hydrogen_bond,8.251823352772756e-05
305,1,30,unprecedented_covalent_dimensional_network,8.249070527129244e-05
306,1,30,regulation_transcription_initiation,8.246909284016801e-05
307,1,30,distinct_decrease,8.235825445843655e-05
308,1,30,crystal_in_c_h,8.212438006186581e-05
309,1,30,individual_finger,8.199709095310425e-05
310,1,31,anharmonic_effect,8.702463766623421e-05
311,1,31,selective_kinase_inhibitor,8.544054281600302e-05
312,1,31,modern_source,8.452639207924456e-05
313,1,31,cyclic_carbohydrate_model,8.32609252216759e-05
314,1,31,crystallographic_datum_collection,8.324942427291194e-05
315,1,31,ligand_bridge_o_atom,8.285797899757245e-05
316,1,31,jahn_form,8.250047890268868e-05
317,1,31,cupric_bromide,8.239791634421656e-05
318,1,31,gadolinium_ytterbium_trifluoride,8.22057034257182e-05
319,1,31,saxs_sans_experiment,8.18427626476178e-05
320,1,32,pectolytic_protein_crystal,9.175183354435474e-05
321,1,32,new_polymorph,8.720678639582849e-05
322,1,32,present_solution,8.46863297780831e-05
323,1,32,spallation_source,8.374092137384546e-05
324,1,32,quinary_level,8.308425030272583e-05
325,1,32,typical_deformation,8.301381971343816e-05
326,1,32,high_ratio,8.279714259956154e-05
327,1,32,atomic_vibration_tensor,8.271515606557391e-05
328,1,32,planar_vinamidinium,8.262934910829227e-05
329,1,32,form_dimer,8.224254940714681e-05
330,1,33,dash_structure_solution,9.296713862796172e-05
331,1,33,light_element,8.528722794456655e-05
332,1,33,pore_form_ability_property,8.50558757039771e-05
333,1,33,pdii_atom,8.472424161920957e-05
334,1,33,chain_main_chain_residue,8.468918803756894e-05
335,1,33,cross_link_strategy,8.451133526364042e-05
336,1,33,trhepd_experiment,8.422021749756048e-05
337,1,33,unoriented_crystal,8.377768354790558e-05
338,1,33,near_edge_structure,8.354204012270528e-05
339,1,33,attach_pyridyl_ring_plane,8.345924516729681e-05
340,1,34,iodine_molecule,8.475799589531628e-05
341,1,34,u_shape,8.443921495293414e-05
342,1,34,diamagnetic_complex,8.43948496167504e-05
343,1,34,thermal_vibration,8.438349508857307e-05
344,1,34,bbtz_ligand,8.40568464505271e-05
345,1,34,pd_aring_o_distance,8.359582174803054e-05
346,1,34,cognate_substrate,8.332189560315082e-05
347,1,34,bind_parameter,8.27988580068431e-05
348,1,34,moderate_c_h,8.265826124038179e-05
349,1,34,present_model,8.262477318193494e-05
350,1,35,sperm_whale,8.501199206685255e-05
351,1,35,centrosymmetric_dinuclear_cdii_complex,8.442652091751963e-05
352,1,35,benzene_respect,8.431612033491548e-05
353,1,35,beta_successive_basic_residue,8.391336699273389e-05
354,1,35,monte_carlo_method,8.375610483041958e-05
355,1,35,pentacoordinate_znii_complex_molecule,8.368959380514514e-05
356,1,35,intensity_difference,8.227400689617378e-05
357,1,35,p_k_edge,8.222779830195804e-05
358,1,35,o_hydogen_bond_interaction,8.180793984750439e-05
359,1,35,two_loop,8.160551558104241e-05
360,1,36,value_approximately_deviate,8.600516015751713e-05
361,1,36,give_set,8.549916493009399e-05
362,1,36,systematic_investigation,8.538957127072547e-05
363,1,36,eee_trielaidin_structure,8.419881739281871e-05
364,1,36,edge_corner,8.417641924093197e-05
365,1,36,silver_synthetic_crystal,8.35696954917165e-05
366,1,36,simple_beam_calculation,8.2400483834707e-05
367,1,36,twin_volume,8.239832515647013e-05
368,1,36,anion_hydroxyl_group,8.161038549837315e-05
369,1,36,lamellar_microdomain,8.137165593951474e-05
370,1,37,scatter_angle,8.402675958248884e-05
371,1,37,nearly_coplanar_arrangement,8.326165634712498e-05
372,1,37,advance_research,8.29221400139997e-05
373,1,37,aromatic_framework_helical_distortion,8.262394554734887e-05
374,1,37,mir_multiple_isomorphous_replacement,8.230983552225888e-05
375,1,37,helix_group,8.218571779015403e-05
376,1,37,diprotonat_histidinium_cation,8.21595105745044e-05
377,1,37,finite_measurement_range,8.213483050234522e-05
378,1,37,shull_moon_amp,8.212724945953934e-05
379,1,37,standard_projection,8.173362002506647e-05
380,1,38,new_polytype,8.710734501504438e-05
381,1,38,acceptor_property,8.694485432260464e-05
382,1,38,n_propylquinolinium_cation,8.544250581195296e-05
383,1,38,central_fragment,8.487909351502322e-05
384,1,38,graphical_user,8.475905967803112e-05
385,1,38,new_oxidative_catabolic_pathway,8.411221556533065e-05
386,1,38,cytoplasmic_kinase_domain,8.375942516434189e-05
387,1,38,subtle_structural_variation,8.302645139081726e-05
388,1,38,multi_tube_area,8.270852299269902e-05
389,1,38,double_strand_chain_structure,8.25845629903938e-05
390,1,39,porcine_pathogen_prrsv,8.829097723705402e-05
391,1,39,medicinal_agent,8.589130622466858e-05
392,1,39,benzene_dihedral_angle,8.5686588899218e-05
393,1,39,strong_dynamic_interaction,8.499348440852272e-05
394,1,39,hauptman_probability_theory,8.409918790575261e-05
395,1,39,a_bind,8.34104173158993e-05
396,1,39,cbz_dissolution,8.323360477731202e-05
397,1,39,amino_acid_substitution,8.317469912186117e-05
398,1,39,precise_determination,8.27740994081036e-05
399,1,39,dysprosium_dope_phase,8.255958861542141e-05
400,1,40,regional_summit_meet,8.641575973855872e-05
401,1,40,acryloyloxy_acetyl_group,8.492764644678768e-05
402,1,40,naphthalene_ring_system_respect,8.356243676654541e-05
403,1,40,cation_cation,8.35102811849702e-05
404,1,40,escape_result,8.314865992024667e-05
405,1,40,cleavage_efficiency,8.225919896176677e-05
406,1,40,ethanol_solvent,8.210232098180404e-05
407,1,40,automate_protein_model_build,8.205290788619375e-05
408,1,40,protein_secondary_structure_model,8.196089615522038e-05
409,1,40,x_ray_analysis,8.151433266666077e-05
410,1,41,symmetry_deg,8.638622853361191e-05
411,1,41,electron_density_profile,8.42416611165426e-05
412,1,41,double_kink,8.403008531692795e-05
413,1,41,pancreatic_trypsin_inhibitor,8.394796249245401e-05
414,1,41,individual_ion,8.347842135640694e-05
415,1,41,inhibition_activity,8.268761099026453e-05
416,1,41,active_form,8.233052423524458e-05
417,1,41,b_subunit,8.220956352149673e-05
418,1,41,quotient_graph,8.219970209400726e-05
419,1,41,ultra_low_temperature,8.200534931320081e-05
420,1,42,sample_orientation_adjustment,8.68328356710983e-05
421,1,42,homogeneous_intensity_distribution,8.625838162850652e-05
422,1,42,methoxybenzoyl_group,8.400206522733133e-05
423,1,42,isochroman_isocoumarin_derivative,8.398522903108745e-05
424,1,42,x_ray_energy,8.393006776755985e-05
425,1,42,pi_pi_pi,8.391633003333733e-05
426,1,42,ring_reference,8.362606316610509e-05
427,1,42,thermal_decomposition,8.343686840655294e-05
428,1,42,crystallographic_screw_axis,8.32797078662956e-05
429,1,42,triplet_phase,8.327228017480733e-05
430,1,43,exist_phasis_distinction_arrangement,8.537952585326417e-05
431,1,43,similar_hexahydroxidometallate,8.517458370409097e-05
432,1,43,polar_interaction,8.420638207962273e-05
433,1,43,deep_cleave,8.403405482616694e-05
434,1,43,extra_site_existence,8.277194465184847e-05
435,1,43,structural_instability,8.261443778950208e-05
436,1,43,crystal_structure_analysis,8.237352904563036e-05
437,1,43,redesign_construct,8.226563488450573e-05
438,1,43,polycrystalline_sample,8.220565135646657e-05
439,1,43,prolyl_isomerization,8.199425820626074e-05
440,1,44,current_generation,8.823230286177462e-05
441,1,44,solvent_coordinate_water_molecule,8.81422449509957e-05
442,1,44,crystallographic_twofold_rotational_symmetry,8.604730620328094e-05
443,1,44,recent_decade_lib_material,8.551602657723186e-05
444,1,44,o_h_n,8.542834960417805e-05
445,1,44,variable_x_ray_wavelength,8.511370353047168e-05
446,1,44,environmental_material_sample,8.393972550990043e-05
447,1,44,c_nrfa_nitrite_reductase,8.385611155478158e-05
448,1,44,monosolvate_pentahydrate_dimethylformamide,8.282785181727157e-05
449,1,44,bulky_aromatic_substituent,8.246590336235351e-05
450,1,45,focal_spot,8.550771376257263e-05
451,1,45,waller_factor_effect,8.473469576295306e-05
452,1,45,chain_range_distance,8.324285734433767e-05
453,1,45,neutron_beam,8.282241221958047e-05
454,1,45,entire_n_terminus,8.271477155087647e-05
455,1,45,aromatic_biosynthesis_shikimate_pathway,8.258007567668166e-05
456,1,45,large_abundance,8.191522236332874e-05
457,1,45,aring_resolution_high_completeness,8.18970760402955e-05
458,1,45,coaxial_geometry,8.173884866949623e-05
459,1,45,adjacent_sheet,8.153042463281337e-05
460,1,46,native_form,8.882332363455184e-05
461,1,46,incident_beam_respect,8.797520532854353e-05
462,1,46,crystal_subsequent_escape,8.6951635006236e-05
463,1,46,interest_network_flexibility,8.640535677726348e-05
464,1,46,prime_n_diethyl_n,8.516317003047322e-05
465,1,46,sim_factor,8.420937249296965e-05
466,1,46,crystallogenesis_datum,8.409893960626319e-05
467,1,46,parallel_channel,8.381551756945248e-05
468,1,46,perk_kinase_domain,8.357100945090421e-05
469,1,46,crystallization_process,8.331573305214359e-05
470,1,47,group_subgroup_relationship,9.115300497690856e-05
471,1,47,special_issue,8.596462710593401e-05
472,1,47,f_intermolecular_interaction,8.452746206527332e-05
473,1,47,powder_speciman,8.430617474852566e-05
474,1,47,c_h_intermolecular_n,8.373939381571647e-05
475,1,47,azomethine_c_n_bond,8.256436993594549e-05
476,1,47,new_monochromator,8.243026301336992e-05
477,1,47,conformational_status,8.225243795787046e-05
478,1,47,perchlorate_ion,8.220836097696148e-05
479,1,47,viral_rna_detection,8.156575910381806e-05
480,1,48,molecule_bridge,8.683074676324928e-05
481,1,48,central_ring_substituent,8.392666892015509e-05
482,1,48,direct_correlation_function,8.368724980957873e-05
483,1,48,serial_crystallography,8.316851691461856e-05
484,1,48,cholesterol_crystallization_fundamental_aspect,8.31224176903081e-05
485,1,48,salt_like_adduct_formation,8.259671939294363e-05
486,1,48,plane_parallel_dimensional_network,8.233747364425418e-05
487,1,48,internal_structure,8.198416328996073e-05
488,1,48,obtain_crystal,8.168673747915757e-05
489,1,48,positive_sense,8.168215452328616e-05
490,1,49,tridentate_n_atom,8.47999595487979e-05
491,1,49,single_shoot_methodology,8.47556465106455e-05
492,1,49,crystal_melt,8.474900049350638e-05
493,1,49,anion_one_f_atom,8.411268155887173e-05
494,1,49,chain_space_fill_cation,8.406475225574062e-05
495,1,49,aring_plane,8.387628078579084e-05
496,1,49,metal_foil_low_absorption,8.35810007749003e-05
497,1,49,ordinary_imperfect_crystal,8.335791739609771e-05
498,1,49,crystallographically_characterize,8.257803524234861e-05
499,1,49,lattice_defect_study,8.246873602727027e-05
0,2,0,infinite_linear_chain,8.896174930402031e-05
1,2,0,cecill_licence_source,8.538352991324166e-05
2,2,0,high_gram_positive_bacterium,8.450056753478522e-05
3,2,0,solvent_molecule_dimethylformamide,8.444702202676083e-05
4,2,0,pathological_process_multitude,8.286151791361054e-05
5,2,0,linear_chain,8.193110458304174e-05
6,2,0,pore_broad_size_distribution,8.188479111599744e-05
7,2,0,desy_esrf_synchrotron_radiation,8.170608173309267e-05
8,2,0,predominant_market,8.166882189541309e-05
9,2,0,protein_model_portal_model,8.124753416980926e-05
10,2,1,melt_temperature,8.840405038847703e-05
11,2,1,nomenclature_error,8.629825987493832e-05
12,2,1,shelxd_aring_datum,8.484245313318047e-05
13,2,1,aring_cu_c,8.330736176301437e-05
14,2,1,incident_x_ray,8.310057325004047e-05
15,2,1,material_structural_evolution,8.287407312489082e-05
16,2,1,detailed_structural_comparison,8.277237167320698e-05
17,2,1,hydroxyl_group_benzyl,8.257611042775025e-05
18,2,1,atomic_number_seven_element,8.254719948483355e-05
19,2,1,n_acetylacetamide_residue,8.231340897454617e-05
20,2,2,powder_sample,8.974158622793641e-05
21,2,2,regression_analysis_result,8.864376870789794e-05
22,2,2,alkaliphilic_bacillus_sp_mannanase,8.571874977812839e-05
23,2,2,pta_ligand,8.526199775950716e-05
24,2,2,loss_diffraction_pattern,8.417946425826358e-05
25,2,2,cation_group_h_atom,8.362552355136108e-05
26,2,2,test_case,8.267816738403087e-05
27,2,2,propagate_statistical_error_band,8.18817356506036e-05
28,2,2,decade_depression_treatment,8.178637715392691e-05
29,2,2,g_mutant,8.173013396937196e-05
30,2,3,dioxane_dimer_molecule,8.412329053895674e-05
31,2,3,major_focus,8.340930567310036e-05
32,2,3,multi_wavelength,8.326246529893114e-05
33,2,3,thiocyanate_group,8.320010109114415e-05
34,2,3,axial_polar_general_tensor,8.298571919338545e-05
35,2,3,spallation_source,8.264474043105087e-05
36,2,3,mode_difference,8.255184239434115e-05
37,2,3,coii_cation,8.231299633315943e-05
38,2,3,macromolecular_structure_principle,8.175552615167276e-05
39,2,3,stock_solution,8.155491084893633e-05
40,2,4,rigid_body_theory,8.418111577639211e-05
41,2,4,solvent_hydrophobic_interaction,8.380317566360237e-05
42,2,4,high_al_content,8.306361630212735e-05
43,2,4,portland_clinker,8.303571224719934e-05
44,2,4,precursor_peptide,8.284810623353062e-05
45,2,4,solid_state,8.27598577890542e-05
46,2,4,c_n_bond_respect,8.270030970552913e-05
47,2,4,short_br_numb_presence,8.238347270037418e-05
48,2,4,hartree_fock_approximation,8.237982078806554e-05
49,2,4,chemotherapeutic_design_technique,8.222957744503367e-05
50,2,5,pcna_human_complex_crystallization,8.431519740272428e-05
51,2,5,o_hydrogen_bond_bond,8.325202160953931e-05
52,2,5,hydrogen_bond_molecule,8.31493841220018e-05
53,2,5,polymeric_chain,8.287478673780599e-05
54,2,5,putative_methyltransferase_gene,8.257574650414283e-05
55,2,5,carbon_sublattice_vacancy_presence,8.244099980825694e-05
56,2,5,small_crystal,8.224863824753499e-05
57,2,5,prime_ligand_nitrogen_donor,8.179340882834509e-05
58,2,5,oxalate_ligand,8.162395467896118e-05
59,2,5,formic_hydrazide_unit,8.153402690845717e-05
60,2,6,high_energy_resolution,8.355396360700469e-05
61,2,6,sin_phiv,8.350308850357304e-05
62,2,6,crystal_order,8.315581193557467e-05
63,2,6,experimental_phasis,8.309362552473188e-05
64,2,6,short_c_h,8.271699043990304e-05
65,2,6,pseudo_mm_symmetry,8.240590143257807e-05
66,2,6,alkaline_addition_neutralization,8.227253379403714e-05
67,2,6,methylene_bridge,8.225411317433364e-05
68,2,6,analytical_expression,8.170787378108416e-05
69,2,6,convergent_beam_diffraction_pattern,8.16307010174431e-05
70,2,7,prosmart_tool,8.422057721020783e-05
71,2,7,unit_weight_matrix,8.346588467988867e-05
72,2,7,horizontal_axis,8.313853329828676e-05
73,2,7,amino_acid,8.305869328533054e-05
74,2,7,beam_divergence,8.239573927870314e-05
75,2,7,metal_complex,8.23617454642748e-05
76,2,7,differentiation_structure,8.232529640666166e-05
77,2,7,anomalous_substructure,8.174745988017004e-05
78,2,7,carbene_ligand,8.162934484858129e-05
79,2,7,electrode_material,8.156476182981121e-05
80,2,8,similar_phase_transformation,8.61382033852043e-05
81,2,8,ideal_geometry,8.519772285746139e-05
82,2,8,fair_agreement,8.418241143934557e-05
83,2,8,long_axis,8.403831267049195e-05
84,2,8,be_diameter,8.267461298343109e-05
85,2,8,sodium_formate,8.252245099378604e-05
86,2,8,carboxyl_protonated_amino,8.24216016366619e-05
87,2,8,alpha_alpha,8.224757106794375e-05
88,2,8,mtr_kinase,8.19459716032584e-05
89,2,8,crystal_diffraction_datum,8.14280810335713e-05
90,2,9,induction_metastable_zone_width,8.81589986067962e-05
91,2,9,average_observe_valence_angle,8.59155828876894e-05
92,2,9,contribute_factor,8.393677051660732e-05
93,2,9,x_ray_diffraction_analysis,8.388903923893873e-05
94,2,9,unligand_complex_enzyme,8.24790860864859e-05
95,2,9,maximum_likelihood,8.246833556360049e-05
96,2,9,global_instability_index,8.232706065639808e-05
97,2,9,circle_x_ray_diffractometer,8.210400602998201e-05
98,2,9,silicon_nanowire,8.17665645586599e-05
99,2,9,additional_group,8.158464130572785e-05
100,2,10,dynamic_dimension,8.577931456592102e-05
101,2,10,spherical_micelle_cylindrical_transition,8.403560613580586e-05
102,2,10,monoclinic_unit_cell_axis,8.36777346588617e-05
103,2,10,mu_minus,8.265527165079848e-05
104,2,10,hd_phosphohydrolase,8.265134776945061e-05
105,2,10,q_gamma,8.254516261940845e-05
106,2,10,acid_pyda_minus,8.235737952242308e-05
107,2,10,police_investigation,8.20773303073007e-05
108,2,10,equivoltage_partition,8.19355999172151e-05
109,2,10,know_coronavirus,8.126064470481566e-05
110,2,11,refine_unit_cell_dimension,8.691483912358148e-05
111,2,11,aring_o_c,8.44682905755167e-05
112,2,11,z_form_layer,8.425749214525293e-05
113,2,11,hadox_diffractometer,8.391621914884149e-05
114,2,11,lamella_average_thickness,8.349503972559667e-05
115,2,11,neutral_specie_hydrogen_bond,8.31644197689069e-05
116,2,11,complete_model_reconstruction,8.307060986595281e-05
117,2,11,general_position_occupy,8.278002927936256e-05
118,2,11,two_development,8.25310369624089e-05
119,2,11,pinonic_acid_acid,8.24916710532942e-05
120,2,12,photon_energy_range,8.643148790478931e-05
121,2,12,deg_mean_plane,8.432341198497562e-05
122,2,12,asymptotic_transition,8.297899602758755e-05
123,2,12,dna_replication_nucleoside_triphosphate,8.27785291241193e-05
124,2,12,weak_cui,8.229300654605891e-05
125,2,12,amino_group_place,8.227618837870525e-05
126,2,12,cl_te,8.202836316362357e-05
127,2,12,deg_precision,8.190030247561762e-05
128,2,12,lactone_ring_pucker,8.189128164315463e-05
129,2,12,medicinal_agent,8.167408774173702e-05
130,2,13,fix_neutron_velocity,8.919153653516346e-05
131,2,13,electron_acceptor,8.693001645649801e-05
132,2,13,specific_radiation_damage,8.653980803720261e-05
133,2,13,isovanillin_group,8.462184707795646e-05
134,2,13,structure_little_consistency,8.415620382175156e-05
135,2,13,cristallographie_book,8.393248396043918e-05
136,2,13,minus_tribromide_ion,8.32613548036178e-05
137,2,13,circle_diffractometer,8.315780737685938e-05
138,2,13,thermal_vibration,8.312614173680875e-05
139,2,13,coumarin_moiety_planar,8.238750391980002e-05
140,2,14,cryocool_crystal_radiation_damage,8.565322232896004e-05
141,2,14,simple_texture_model,8.526265785191255e-05
142,2,14,chair_form,8.506738658766646e-05
143,2,14,zn_contain_molecule,8.382759944733099e-05
144,2,14,guest_specie,8.324839730667284e-05
145,2,14,pkc_relate_kinase,8.323358663738626e-05
146,2,14,protein_fold_involvement,8.311824583737476e-05
147,2,14,v_bond,8.298334956764912e-05
148,2,14,grain_boundary_coincidence_orientation,8.230007798940886e-05
149,2,14,numerical_graphical_technique,8.225706809850125e-05
150,2,15,single_native_crystal,8.504296344223928e-05
151,2,15,acetic_acid,8.491836114203959e-05
152,2,15,graph_set_o_interaction,8.473373919703861e-05
153,2,15,square_pyramidal_environment,8.429247843286968e-05
154,2,15,cl_sequence,8.289141430815655e-05
155,2,15,scatter_pattern,8.228159999270804e-05
156,2,15,wurtzite_type,8.224581739348006e-05
157,2,15,plate_change_robot,8.19467564301709e-05
158,2,15,pseudo_mm_symmetry,8.16054760122514e-05
159,2,15,neighboring_molecule,8.156953523464943e-05
160,2,16,interpolation_method,8.687233958698744e-05
161,2,16,cu_k_reflection,8.462555290280566e-05
162,2,16,experimental_result,8.385399079908291e-05
163,2,16,real_space_information,8.357678955871912e-05
164,2,16,hydrogen_bond_extensive_array,8.33271275575375e-05
165,2,16,normal_hydrogen_bond,8.298825669686248e-05
166,2,16,tetrahedral_substructural_unit,8.296276731842794e-05
167,2,16,computational_implementation,8.293557059760372e-05
168,2,16,c_n_bond,8.286041651808786e-05
169,2,16,friedel_pair_reflection,8.285648135173779e-05
170,2,17,structural_transformation_canonical_view,8.971551486505786e-05
171,2,17,f_hydrogen,8.62542218291179e-05
172,2,17,molecule_form_inversion,8.558504119578345e-05
173,2,17,monochromated_white_radiation,8.555566322562831e-05
174,2,17,whth_domain,8.496070156585009e-05
175,2,17,registration_time,8.448930024446752e-05
176,2,17,selenomethionyl_derivative,8.4188400385483e-05
177,2,17,if_g,8.389099686552567e-05
178,2,17,diethyl_n,8.365861762405546e-05
179,2,17,prime_acid,8.31878681831987e-05
180,2,18,photographic_method,8.507141884079963e-05
181,2,18,computation_convenient_form,8.489920962817411e-05
182,2,18,sign_relationship,8.43073367633445e-05
183,2,18,production_unique_pathway,8.429722784952387e-05
184,2,18,ligm_crystal,8.416723840833726e-05
185,2,18,include_guest,8.356772696983762e-05
186,2,18,gel_structure,8.330810983762177e-05
187,2,18,bc_aring_plusmn_bth,8.317730719490445e-05
188,2,18,drug_development,8.239513486275082e-05
189,2,18,alloy_particle,8.231991674155353e-05
190,2,19,detector_sample,8.73612104066386e-05
191,2,19,impinge_radiation_power_density,8.688980400744614e-05
192,2,19,crystal_structure_net_realization,8.665406661847627e-05
193,2,19,catalytic_triad_serine_hydroxyl,8.627554688371827e-05
194,2,19,capillary_concentrator,8.58726967042026e-05
195,2,19,n_o_h,8.579284149391609e-05
196,2,19,selective_kinase_inhibitor,8.450303829162977e-05
197,2,19,dna_repair,8.400786103777332e-05
198,2,19,coefficient_r_minus,8.356411932377219e-05
199,2,19,crystallographic_sort,8.33773911046684e-05
200,2,20,x_ray_powder_diffraction,8.898507549873762e-05
201,2,20,pseudomonas_putida_soil_bacterium,8.767695972434225e-05
202,2,20,study_significance,8.76453122131911e-05
203,2,20,keto_group_furan_plane,8.5922164219254e-05
204,2,20,s_dibenzyl,8.504945361989388e-05
205,2,20,model_study,8.490933943533963e-05
206,2,20,recognition_loop,8.406663387118864e-05
207,2,20,cell_surface_structure,8.200036950015628e-05
208,2,20,n_carbonyl_methylamino_function,8.187921002476716e-05
209,2,20,topo_tomography_experiment,8.186339823858924e-05
210,2,21,ring_system_dihedral_angle,8.777244360610236e-05
211,2,21,hydrophobic_region_form_column,8.603883902339531e-05
212,2,21,available_datum,8.474555089094305e-05
213,2,21,b_n,8.468023967247523e-05
214,2,21,require_datum,8.432693467797273e-05
215,2,21,c_repeat_atom,8.423586881286616e-05
216,2,21,additional_membered_ring,8.40047189812133e-05
217,2,21,phase_rotation,8.396141598817131e-05
218,2,21,chemical_reaction,8.383336774791127e-05
219,2,21,h_atom_cl_association,8.361990884241855e-05
220,2,22,gravitational_influence,8.851866469005246e-05
221,2,22,well_diffract_crystal,8.392643395137223e-05
222,2,22,a_factor_regulatory_cascade,8.369033396096803e-05
223,2,22,nbsp_deg,8.318933172740666e-05
224,2,22,projection_plot,8.292178962683842e-05
225,2,22,paroxetine_bromide_hemidrate,8.279082214840671e-05
226,2,22,tricine_ligand,8.246362289357534e-05
227,2,22,initial_map_feature,8.221208401149557e-05
228,2,22,phosphite_ligand,8.182634494747165e-05
229,2,22,distort_pyramidal_geometry,8.174144907270128e-05
230,2,23,crystallographic_symmetry_dimer,8.48494396442021e-05
231,2,23,publish_datum,8.383038241301667e-05
232,2,23,electronic_physical_property_lot,8.38066354263593e-05
233,2,23,relatively_fast_measurement,8.358876394898136e-05
234,2,23,intermolecular_o_h,8.235038087945124e-05
235,2,23,unexpected_product,8.139232078472258e-05
236,2,23,ornl_saxs_camera,8.130761839270828e-05
237,2,23,half_water_molecule,8.116614825598456e-05
238,2,23,useful_tool,8.069947029741201e-05
239,2,23,triazine_ring_benzimidazole,8.059211187860422e-05
240,2,24,carboline_synthesis_focus_project,8.706826196727968e-05
241,2,24,x_ray_crystal,8.6692579028082e-05
242,2,24,atom_numb,8.616023020641171e-05
243,2,24,approximately_planar,8.368531457921036e-05
244,2,24,prime_prime_prime_ligand,8.351825739901432e-05
245,2,24,diffraction_pattern,8.330734879561986e-05
246,2,24,typical_envelope_conformation,8.321993323720914e-05
247,2,24,niii_complex_cation,8.272714600397556e-05
248,2,24,agc_kinase_family_member,8.259397925149767e-05
249,2,24,raman_scatter_datum,8.256229089065766e-05
250,2,25,benzene_ring_deg,8.482237893933925e-05
251,2,25,single_oxide_ligand,8.466231931646897e-05
252,2,25,structure_datum,8.419031389080395e-05
253,2,25,space_group_condition,8.368858220424844e-05
254,2,25,compute_scheme,8.364755746704947e-05
255,2,25,toluene_solvent_molecule,8.268158527958236e-05
256,2,25,loop_conformation,8.236913846050119e-05
257,2,25,dimensional_parallel_layer,8.236524841995875e-05
258,2,25,dx_deg,8.18968539508941e-05
259,2,25,pedt_ttf_molecule,8.168513873346279e-05
260,2,26,naphthalene_crystalline_standard,8.618658952163933e-05
261,2,26,bpap_construct,8.495174099940617e-05
262,2,26,imidazole_molecule,8.494135558668131e-05
263,2,26,mill_initial_stage,8.481099528676057e-05
264,2,26,investigate_phalanx_individual_finger,8.433081398743494e-05
265,2,26,h_bond,8.355918347683261e-05
266,2,26,cls_canadian_light_source,8.348739832997006e-05
267,2,26,s_site,8.345886687376808e-05
268,2,26,perk_kinase_domain,8.309408462092945e-05
269,2,26,individual_reflection_maximum_position,8.221630679824599e-05
270,2,27,mean_plane_dihedral_angle,8.760830162023892e-05
271,2,27,crystalline_inclusion,8.579680183033106e-05
272,2,27,site_occupancy_different_orientation,8.562930059223278e-05
273,2,27,o_n_h_h,8.558444814923932e-05
274,2,27,brown_dihydrate,8.525203612313536e-05
275,2,27,new_geometrical_scheme,8.488719207230633e-05
276,2,27,dimeric_ngal_crystal,8.398594136047667e-05
277,2,27,disorder_matrix,8.360542847048832e-05
278,2,27,variety_quality,8.280873670459918e-05
279,2,27,axial_divergence,8.247577059402003e-05
280,2,28,large_anisotropic_displacement_perpendicular,8.849419422479744e-05
281,2,28,growth_step,8.560217749836034e-05
282,2,28,simple_mechanical_structure,8.458504318656509e-05
283,2,28,n_torsion_angle,8.440417155209805e-05
284,2,28,paroxetine_bromide_rehydration,8.429050811725368e-05
285,2,28,unit_cell,8.416817565966967e-05
286,2,28,initial_crystallization_experiment,8.409310693758099e-05
287,2,28,corrugate_sheet,8.406412931880173e-05
288,2,28,scn_minus_ion_n,8.333760801108585e-05
289,2,28,b_ring_link,8.276963864359196e-05
290,2,29,molecular_dipole,8.715226962557794e-05
291,2,29,atomic_structure,8.502623702003758e-05
292,2,29,independent_molecule,8.458046413759937e-05
293,2,29,reinforcement_effect_understand,8.419755180090183e-05
294,2,29,nucleotide_contain_protein,8.318807864511545e-05
295,2,29,asymptotic_term,8.315092969027335e-05
296,2,29,impinge_radiation_power_density,8.299881543505365e-05
297,2,29,acetonitrile_ligand,8.284988057508894e-05
298,2,29,peak_angle,8.275888889263179e-05
299,2,29,interchain_hydrogen_bond,8.27580891805403e-05
300,2,30,multimodular_scaffoldin_subunit,8.800034665476866e-05
301,2,30,o_s,8.680057204249189e-05
302,2,30,possible_structural_magnetic_transition,8.647073436137996e-05
303,2,30,indefinite_period,8.549739252578416e-05
304,2,30,unoriented_crystal,8.519423517140341e-05
305,2,30,fatty_acid,8.421490822031848e-05
306,2,30,complete_chain,8.388401442366555e-05
307,2,30,x_ray_beamline,8.35835367928235e-05
308,2,30,n_acetyltransferase_domain,8.273814516328385e-05
309,2,30,cube_method,8.240999129313826e-05
310,2,31,expression_accuracy,8.536641205747913e-05
311,2,31,o_intermolecular_hydrogen_bond,8.425530957167274e-05
312,2,31,eukaryotic_cell_protein_ubiquitination,8.335312049268518e-05
313,2,31,diffraction_profile_analysis,8.248690951761893e-05
314,2,31,molecular_bioscience_main_interest,8.204535341515294e-05
315,2,31,uncertainty_estimate,8.176232029033225e-05
316,2,31,unsubstituted_c_atom,8.173344010366622e-05
317,2,31,diffraction_image,8.136912702040629e-05
318,2,31,locate_cu_atom,8.12980898226886e-05
319,2,31,terminal_phenyl_ring,8.121980724092074e-05
320,2,32,benzoxazole_ring_system,9.064583631574746e-05
321,2,32,cu_o_interaction,8.99926401443282e-05
322,2,32,prime_glycine,8.763234658583084e-05
323,2,32,hard_sphere,8.761628807244479e-05
324,2,32,average_distance,8.667240646551352e-05
325,2,32,dcdp_dadp_acceptor,8.523548829746742e-05
326,2,32,temperature_control_batch_crystallization,8.48921522658768e-05
327,2,32,homogeneous_contrast,8.413744591893257e-05
328,2,32,average_radius,8.362013338271626e-05
329,2,32,pi_interaction,8.266598520726097e-05
330,2,33,o_prime,8.704343123197595e-05
331,2,33,planar_deviation_molecule,8.600005812545423e-05
332,2,33,dianionic_sulfosalicylate,8.423502879562785e-05
333,2,33,sulfadiazine_s_atom,8.297389645374107e-05
334,2,33,crystallographic_symmetry,8.263548628613294e-05
335,2,33,stability_activity,8.231941321365051e-05
336,2,33,serratia_marcescen_inactive_mutant,8.228691954355098e-05
337,2,33,i_dianion,8.226427916287038e-05
338,2,33,sars_cov_genome_approach,8.219520474604134e-05
339,2,33,podma_solution,8.183605819421981e-05
340,2,34,alpha_elimination,8.600287507040873e-05
341,2,34,coordinate_methanol_molecule,8.469785432476635e-05
342,2,34,cognate_substrate,8.39375314552881e-05
343,2,34,wavelength_anomalous_scatter_term,8.388061693099681e-05
344,2,34,bridge_water_molecule,8.381858631892073e-05
345,2,34,g_plusmn,8.361670227066993e-05
346,2,34,kappa_middot_middot,8.346463258490447e-05
347,2,34,powder_pattern,8.276248838080065e-05
348,2,34,diamond_crystal,8.263198575703344e-05
349,2,34,network_form_hydrogen_bond,8.245044503469567e-05
350,2,35,barycentric_representation_vertex_collision,8.549797737230273e-05
351,2,35,calcite_bassanite_gypsum,8.530278598302448e-05
352,2,35,n_net_dimensional_lattice,8.413754144427511e-05
353,2,35,study_spite,8.386868775633435e-05
354,2,35,anion_excess,8.377403793652888e-05
355,2,35,cap_bind_domain,8.332344493405451e-05
356,2,35,beam_protocol,8.31897596728513e-05
357,2,35,multi_tube,8.297397215678119e-05
358,2,35,typical_selenomethionine_protein_crystal,8.273928592152662e-05
359,2,35,cdii_cation,8.261995055061287e-05
360,2,36,piperidine_moiety,8.715962917306014e-05
361,2,36,atom_specific_metric,8.406326773823418e-05
362,2,36,bone_tissue_change_type,8.39005770808712e-05
363,2,36,molecule_angle_bond_length,8.345882014374336e-05
364,2,36,x_ray_interferometry,8.341039706948644e-05
365,2,36,separate_signal,8.312356432854586e-05
366,2,36,crystal_main_group_silyl,8.309551923668421e-05
367,2,36,structure_factor_magnitude,8.297003908714377e-05
368,2,36,bromopentoxy_chain,8.263539821798712e-05
369,2,36,image_correlation,8.236123859868258e-05
370,2,37,genome_approach,8.803314324447196e-05
371,2,37,microscopic_model,8.651042445750752e-05
372,2,37,magnetic_scatter_length_profile,8.602565002808816e-05
373,2,37,terminal_beta_hydrolysis,8.571917231006078e-05
374,2,37,co_linear_b_axis,8.395100185692267e-05
375,2,37,th___plusmn,8.169335657340796e-05
376,2,37,polymorph_crystal_structure,8.145097672345957e-05
377,2,37,nitrate_dissimilation,8.112306409721295e-05
378,2,37,order_zone_size,8.105921032719694e-05
379,2,37,decarboxylation_product_single_enantiomer,8.097779987483841e-05
380,2,38,si_wafer,8.636801418715605e-05
381,2,38,regular_octahedron,8.439785037569134e-05
382,2,38,alpha_alpha_alpha,8.351209954605237e-05
383,2,38,nonlinear_optical_nlo_property,8.295995288506282e-05
384,2,38,sulfonated_derivative,8.290332913565279e-05
385,2,38,heavy_metal_variety,8.268629739890105e-05
386,2,38,o_demethylase,8.268335772542966e-05
387,2,38,anion_link,8.263076540009426e-05
388,2,38,protein_c_alpha_position,8.204962180029181e-05
389,2,38,self_embed_intersection,8.186925272495306e-05
390,2,39,fresnel_diffraction_formalism,8.622387318511168e-05
391,2,39,twin_structure,8.47069961054323e-05
392,2,39,tandem_birdcage_furnace,8.399365730868325e-05
393,2,39,dimensional_supramolecular_structure_interaction,8.309666065236203e-05
394,2,39,spin_density_patterson_method,8.300084119170575e-05
395,2,39,catalyst_preparation_metal_support,8.281977771159172e-05
396,2,39,low_temperature_spectrum,8.260234962189157e-05
397,2,39,alicyclic_quinate,8.259296178280983e-05
398,2,39,neutral_specie_hydrogen_bond,8.246035786890934e-05
399,2,39,narrow_line_width,8.24595572132212e-05
400,2,40,synthetic_crystal,8.530875121674575e-05
401,2,40,aring_c_distance,8.449888868237591e-05
402,2,40,pyrazolidinone_ring_plane_deg,8.426366527690541e-05
403,2,40,non_describe_flat_molecule,8.416140682313647e-05
404,2,40,likely_time,8.391815523495253e-05
405,2,40,salt_in_middot_minus,8.371523594546909e-05
406,2,40,crystallographic_direction,8.367541335650196e-05
407,2,40,independent_chain,8.296506373755053e-05
408,2,40,nearly_planar_maximum_deviation,8.277386428624041e-05
409,2,40,tetrachloridoferrate_anion_cation,8.263728335638034e-05
410,2,41,osteoblast_specific_transcriptional_factor,8.66789336619714e-05
411,2,41,domain_pair,8.63701341986068e-05
412,2,41,iodide_methylcocaine,8.585972631573331e-05
413,2,41,curve_property,8.58537702038276e-05
414,2,41,methanoic_acid_disolvate,8.57248173393727e-05
415,2,41,overcorrection_increase_peak,8.5521237797658e-05
416,2,41,polarise_neutron_scatter,8.517943953244972e-05
417,2,41,ac_plane_parallel_layer,8.499226736939435e-05
418,2,41,relatively_short_exposure_time,8.364118601544168e-05
419,2,41,external_influence,8.342685958454696e-05
420,2,42,neutron_event,9.0741582400119e-05
421,2,42,as_p,8.926433719394912e-05
422,2,42,biomolecular_structure,8.889235642022604e-05
423,2,42,cofactor_ring,8.657257770551183e-05
424,2,42,bend_conformation,8.597937102537581e-05
425,2,42,anharmonic_potential,8.47109189574375e-05
426,2,42,solvent_polymer_phase_separation,8.443456512463738e-05
427,2,42,c_terminal_peptide,8.391997705357182e-05
428,2,42,pseudo_dimer,8.386370230258793e-05
429,2,42,air_diffract_ray,8.182488453665144e-05
430,2,43,quench_electrophilic_lithiation,8.910650054875668e-05
431,2,43,growth_promote_signal_pathway,8.546057584376797e-05
432,2,43,yellow_solvate_cocrystal,8.458481300937472e-05
433,2,43,acetonitrile_ligand,8.324790289611655e-05
434,2,43,md_molecular_dynamic,8.293232746350995e-05
435,2,43,aui_atom_geometry,8.258771968765286e-05
436,2,43,tetrahedral_phosphoru,8.220574321246567e-05
437,2,43,connect_silicate,8.219357349089455e-05
438,2,43,prime_prime,8.18158470176268e-05
439,2,43,scatter_pattern,8.181091493637629e-05
440,2,44,free_base_porphyrin,8.760055105186462e-05
441,2,44,needle_type_texture,8.742175116256283e-05
442,2,44,extend_structure_stabilization,8.731029462018521e-05
443,2,44,deprotonat_catechol,8.719152192034117e-05
444,2,44,tetramer_interface,8.660583540273504e-05
445,2,44,disorder_portion,8.35813569180171e-05
446,2,44,cryogenic_cool_system,8.315173520763748e-05
447,2,44,thiocyanate_counterion,8.295088552884136e-05
448,2,44,oligomeric_saccharide_structure_mannoside,8.150799455724047e-05
449,2,44,fungal_protein,8.141826553564333e-05
450,2,45,hydrogen_bond_topology,8.71334914972441e-05
451,2,45,exist_material,8.547224977316036e-05
452,2,45,collect_datum_cell_parameter,8.457513948850273e-05
453,2,45,key_role,8.321625894311517e-05
454,2,45,crystal_melt,8.291329344815747e-05
455,2,45,carbon_carbon,8.267002804610447e-05
456,2,45,diffraction_spot,8.241917372886063e-05
457,2,45,sulfatase_protein_family,8.239810834814016e-05
458,2,45,report_scheme,8.221137606309759e-05
459,2,45,c_owater,8.174789643341876e-05
460,2,46,crystallization_state,8.625365039088747e-05
461,2,46,high_density_hydrogen,8.533911085312017e-05
462,2,46,functional_physiological_condition,8.524903898999027e-05
463,2,46,phalacrocorax_carbo,8.434884997076146e-05
464,2,46,pdb_report_ppe_structure,8.36079378174751e-05
465,2,46,solution_specie_distribution,8.337455550490692e-05
466,2,46,lattice_constant_temperature_dependence,8.326135035933932e-05
467,2,46,hexagonal_structure,8.314959569510366e-05
468,2,46,crystallographic_group,8.29410411997997e-05
469,2,46,dsb_protein_complement,8.229053194238948e-05
