,run,topic,terms,p
ustry,8.442379677715974e-05
1,1,0,tetrahedron_form,8.252416832268471e-05
2,1,0,n_l_proline_lactone,8.172228536645856e-05
3,1,0,site_occupancy,8.088949138013698e-05
4,1,0,interplanar_angle,8.07814936748705e-05
5,1,0,new_ligand,8.070050918869607e-05
6,1,0,phase_tool,8.067195901883562e-05
7,1,0,ideal_perovskite_position,8.037471510029181e-05
8,1,0,typical_saxs_sans_experiment,7.994636133025593e-05
9,1,0,contaminant_protein_trace,7.905401509699437e-05
10,1,1,centroid_centroid,8.648230036093692e-05
11,1,1,cylindrical_shape_parallel_channel,8.40632549062923e-05
12,1,1,benzotriazole_ring_system_quinoline,8.167071920736986e-05
13,1,1,environmental_material,8.12493557407098e-05
14,1,1,flash_freeze_crystal,8.10107608472132e-05
15,1,1,h_o_interaction,7.957429590520265e-05
16,1,1,superconduct_parent,7.933240945336635e-05
17,1,1,microdefect_inclusion,7.90283245414643e-05
18,1,1,different_zeolite_like_borosilicate,7.898232265300744e-05
19,1,1,unknown_structure,7.887866240919394e-05
20,1,2,different_cartesian_coordinate_system,8.331900644532982e-05
21,1,2,significant_influence,8.21669872614189e-05
22,1,2,intermolecular_hydroxymethyl_amide,8.172976225415939e-05
23,1,2,soft_material,8.170218895338516e-05
24,1,2,energy_dispersive_detector,8.160548541183193e-05
25,1,2,hewl_crystal_quality,8.117564516746044e-05
26,1,2,hydrolytic_enzyme_large_family,8.00354784988056e-05
27,1,2,alcohol_molecule_eno_molecule,7.9934081023482e-05
28,1,2,pentoxifylline_structure,7.975941734482965e-05
29,1,2,water_molecule_independent_anion,7.968175451806573e-05
30,1,3,user_operation,8.233410760238665e-05
31,1,3,protein_crystal_property,8.088793960960372e-05
32,1,3,host_rest,8.05602508255712e-05
33,1,3,material_porosity,7.978859907290458e-05
34,1,3,cu_ion,7.97457069853068e-05
35,1,3,e_isomer,7.967030466428976e-05
36,1,3,thiadiazole_ring_phenyl_ring,7.962374412164774e-05
37,1,3,optimal_sample_size,7.96180708079329e-05
38,1,3,square_grid,7.953386456254772e-05
39,1,3,close_contact,7.927643124520608e-05
40,1,4,cathode_material_generation,8.275755914832249e-05
41,1,4,dna_protein_complex,8.266285557337494e-05
42,1,4,decade_depression_treatment,8.116188424811744e-05
43,1,4,acid_middot_hydrothermal_reaction,7.98710458487544e-05
44,1,4,dichlorodimethylsilane_i,7.938590247296656e-05
45,1,4,steric_requirement,7.897197421043979e-05
46,1,4,derivative_form,7.890200244726994e-05
47,1,4,speciman_crystal,7.87026246457398e-05
48,1,4,shoulder_girdle_spine,7.838042210403038e-05
49,1,4,salt_solvate,7.813155706140974e-05
0,2,0,internal_loop,8.323056850061764e-05
1,2,0,centroid_distance_matrix,8.278711336072207e-05
2,2,0,c_h_n,8.140644683515888e-05
3,2,0,c_deg_rotation,8.111466073245408e-05
4,2,0,acid_h,8.085161318070246e-05
5,2,0,cod_water,8.045126779737922e-05
6,2,0,membrane_bind_quinol_oxidase,8.018535032007776e-05
7,2,0,benzene_ring,7.994057740493563e-05
8,2,0,electron_density_model,7.988196682177904e-05
9,2,0,sulfonylation_reaction,7.960487459236498e-05
10,2,1,charge_density,8.184980955806609e-05
11,2,1,crystal_space_group,8.169378625328575e-05
12,2,1,coherence_base_technique,8.169234556081274e-05
13,2,1,oxo_ligand,8.083017293350094e-05
14,2,1,linear_dislocation,8.011383362728607e-05
15,2,1,lecture_course,8.009445477734952e-05
16,2,1,pressure_function_pseudosymmetry_analysis,7.991683855710518e-05
17,2,1,extend_record,7.971387771642371e-05
18,2,1,monochromator_crystal,7.959358101154668e-05
19,2,1,rna_detection,7.944446349470837e-05
20,2,2,acidic_pyrophosphate_group,8.372541460973544e-05
21,2,2,neighbour_pyridine_ring_interaction,8.230897134768005e-05
22,2,2,cyclohexene_oxide,8.05415091483125e-05
23,2,2,know_protein_structure,7.963728332838095e-05
24,2,2,catechol_germanium_dioxide,7.922326709639125e-05
25,2,2,food_source,7.881847051975726e-05
26,2,2,hydrogen_bond_distance,7.87911523286771e-05
27,2,2,small_deviation,7.857105777026876e-05
28,2,2,bath_conformation,7.853769530100913e-05
29,2,2,factor_effect,7.845113131002015e-05
30,2,3,sulfide_molecule,8.336080331675246e-05
31,2,3,four_n_h,8.132934846260531e-05
32,2,3,theoretical_experimental_scatter_indicatrice,8.120418402377176e-05
33,2,3,phenyl_ring_pyrazoline_ring,8.063370884765975e-05
34,2,3,x_ray_crystallization_characterization,8.049919861419561e-05
35,2,3,prime_bpy_bipyridine,8.03674539905419e-05
36,2,3,squarate_dianion,8.014638281330668e-05
37,2,3,identical_dimer,8.003921006933236e-05
38,2,3,electron_transport,7.965523234913973e-05
39,2,3,cover_area,7.913682819062957e-05
40,2,4,find_distance,8.22168906568324e-05
41,2,4,screen_condition,8.18516291920032e-05
42,2,4,hydrocarbon_exterior,8.13033642899527e-05
43,2,4,single_crystal_integrity,8.106587713446703e-05
44,2,4,p_o_n_angle,8.09904458664174e-05
45,2,4,hydrogen_bond_behaviour,8.09135438839909e-05
46,2,4,waste_liquor,8.022057586111093e-05
47,2,4,kikuchi_line,7.95044255396214e-05
48,2,4,food_allergy_people,7.925182614618913e-05
49,2,4,real_time_five_example,7.909211612170235e-05
50,2,5,ccd_detector_performance,8.590727887056893e-05
51,2,5,n_salicylideneaniline_derivative,8.504025027382422e-05
52,2,5,palladium_center,8.410295060617569e-05
53,2,5,pattern_overall_fit,8.296558955328814e-05
54,2,5,bupropion_molecule_amino_group,8.28419006427235e-05
55,2,5,solid_product,8.065970200047461e-05
56,2,5,b_a,8.020971670573108e-05
57,2,5,o_o_h,7.979145112142217e-05
58,2,5,o_hydrogen_bond_bond,7.978536809930643e-05
59,2,5,complex_hirudin_peptide,7.952820751389993e-05
0,3,0,odd_electron_diffraction_pattern,7.88691257894748e-05
1,3,0,shelxd_aring_datum,7.88100755290154e-05
2,3,0,observe_effect,7.880701183067411e-05
3,3,0,protein_model_portal_model,7.839656756624452e-05
4,3,0,dimensional_framework,7.750013730370977e-05
5,3,0,lot_method_rietveld_refinement,7.74125971598736e-05
6,3,0,orient_tran,7.734263615193598e-05
7,3,0,c_axis_extend_chain,7.718201266871457e-05
8,3,0,strontium_site_calcium_solubility,7.669865945298417e-05
9,3,0,unit_cell_minus_anion,7.66811053421454e-05
10,3,1,final_statistical_parameter,7.89877125092112e-05
11,3,1,calcium_dependent_interaction,7.871560770042966e-05
12,3,1,present_pi_interaction,7.843402379470486e-05
13,3,1,type_order_superstucture,7.812229473669062e-05
14,3,1,unligand_complex_enzyme,7.774537208183397e-05
15,3,1,piperidine_n_substituent_modification,7.741630556969163e-05
16,3,1,different_enzyme_active_site,7.740678062418783e-05
17,3,1,crystal_growth_anomaly,7.69882199828789e-05
18,3,1,f_hydrogen,7.584331537071099e-05
19,3,1,collagen_model,7.57551560470768e-05
20,3,2,eav_n_protein,7.886039442281037e-05
21,3,2,gastric_mucosa_bacterium_colonization,7.811811630517013e-05
22,3,2,enzyme_lysozyme,7.772541811846898e-05
23,3,2,wurtzite_type,7.764017982466942e-05
24,3,2,distort_octahedral_coordination_environment,7.761497876109532e-05
25,3,2,crystal_space_group,7.754964184413964e-05
26,3,2,nitrosohydroxylaminato_group_plane,7.72244264538333e-05
27,3,2,absolute_structure,7.710455037854454e-05
28,3,2,dien_diethylenetriamine,7.703286601521164e-05
29,3,2,c_aring_h,7.702611082525325e-05
0,4,0,acid_dihydrate_cocrystal,7.595317745140631e-05
1,4,0,ring_plane_maximum_deviation,7.392304734697584e-05
2,4,0,membered_heterocycle,7.379114783192377e-05
3,4,0,different_crystallographic_direction,7.363938705647703e-05
4,4,0,benzene_ring_triazole_ring,7.325835122006817e-05
5,4,0,type_ii_crystal,7.324332314018623e-05
6,4,0,methanol_thiocarbonohydrazide_triazole,7.29304732284144e-05
7,4,0,crystallographic_plane,7.280534946565775e-05
8,4,0,recent_article,7.235495316536232e-05
9,4,0,single_oxide_ligand,7.228732186758808e-05
