,run,topic,terms,p
865136388706e-05
1,1,0,proteasome_system,8.268467252740761e-05
2,1,0,asymptotic_exact_result,8.169331917461548e-05
3,1,0,observe_value,8.163991381719533e-05
4,1,0,periodic_table_inert_element,8.108953454662888e-05
5,1,0,modern_instrument,8.103595079406274e-05
6,1,0,kinematic_theory_calculate_position,8.086042529677843e-05
7,1,0,poly_cins_polycrystal,8.075001991496979e-05
8,1,0,excite_wavefield_amplitude,8.048121302107568e-05
9,1,0,ribosome_microcrystal,8.024660150907508e-05
10,1,1,total_reflection,8.631212540120077e-05
11,1,1,volume_twin_domain,8.445969979985008e-05
12,1,1,concise_formula,8.435552908763274e-05
13,1,1,acid_pyda_minus,8.269509938812549e-05
14,1,1,pentagonal_bipyramidal_geometry,8.259721696955666e-05
15,1,1,progression_development,8.232084648699681e-05
16,1,1,share_edge,8.141185345483187e-05
17,1,1,carboxy_terminal,8.088888605323191e-05
18,1,1,numerical_technique,8.072527267056473e-05
19,1,1,broaden_size,7.986250564233841e-05
20,1,2,deg_deg_bragg_angle,8.715386729098069e-05
21,1,2,wild_type_structure,8.70526611945067e-05
22,1,2,green_region,8.397697163302372e-05
23,1,2,signal_periplasm_transduction,8.348745508770024e-05
24,1,2,sample_standard_bragg_angle,8.322692086442804e-05
25,1,2,slight_disorder,8.282321658271468e-05
26,1,2,bulky_chiral_group,8.241690399250531e-05
27,1,2,crystal_arrangement,8.230801035820664e-05
28,1,2,phenyl_coumarin_ring_plane,8.217789630620862e-05
29,1,2,birefringence_percentage_hexagonality,8.182835206742777e-05
30,1,3,ctd_conformational_status,8.469463371282591e-05
31,1,3,macromolecular_crystal_structure_determination,8.462641187390656e-05
32,1,3,phenolic_proton,8.379514229455555e-05
33,1,3,automorphism_group_order,8.320210363673318e-05
34,1,3,initial_crystal,8.212164566680311e-05
35,1,3,nucleotide_bind,8.190148943622785e-05
36,1,3,average_thickness,8.151320770507554e-05
37,1,3,anion_one_f_atom,8.12092396612062e-05
38,1,3,unoccupied_ligand_bind_pocket,8.072954073356816e-05
39,1,3,thiocyanate_interaction,8.071890033737732e-05
40,1,4,beta_radiation,8.558766331765145e-05
41,1,4,catalytic_transfer,8.534394303035331e-05
42,1,4,infinite_chain,8.360769511181257e-05
43,1,4,mean_square_angular_libration,8.238849444320465e-05
44,1,4,aring_molecule,8.23333127960082e-05
45,1,4,pair_functional_ensemble,8.210742711205744e-05
46,1,4,gem_diol_inhibitor,8.132875869232219e-05
47,1,4,significant_fluorescence_chance,8.095277794815978e-05
48,1,4,undulator_period,8.088275196142309e-05
49,1,4,pyrazoline_ring_mean_plane,8.082417181758998e-05
50,1,5,space_group_refinement,8.717332464672132e-05
51,1,5,cu_tridentate_ligand,8.380003848846375e-05
52,1,5,tubular_dimensional_polymer,8.245244529762399e-05
53,1,5,cancer_cell,8.127417665273084e-05
54,1,5,l_phenylalanine,8.042412649537228e-05
55,1,5,anisotropic_scale_factor,8.015491898662775e-05
56,1,5,crystal_variety,8.006020736810728e-05
57,1,5,new_method,7.996526909007384e-05
58,1,5,multipole_model,7.995912830052023e-05
59,1,5,molecular_structure_comparison,7.990841329571872e-05
60,1,6,general_algebraic_formula,8.635566894925697e-05
61,1,6,cu_separation,8.423996155663858e-05
62,1,6,independent_indicator,8.389069501692498e-05
63,1,6,nanopillar_vertical_correlation,8.382332951457962e-05
64,1,6,large_substrate_accommodation,8.33371869275296e-05
65,1,6,pyrazole_ring,8.259916686490837e-05
66,1,6,minus_time,8.215410950321509e-05
67,1,6,effect_minimize_aim_investigation,8.183155227262583e-05
68,1,6,monomer_model,8.146008835980229e-05
69,1,6,face_transitive,8.144213266866602e-05
70,1,7,furan_plane,8.546498925793594e-05
71,1,7,resolution_cutoff,8.401976737875467e-05
72,1,7,hen_egg_white_lysozyme,8.35851400736375e-05
73,1,7,acetate_anion,8.235730745395072e-05
74,1,7,spallation_neutron_source,8.1566011300652e-05
75,1,7,multi_tube_area,8.133088082926972e-05
76,1,7,mononuclear_structure,8.094930928428514e-05
77,1,7,active_carbohydrate,8.089003976056942e-05
78,1,7,molecule_link,8.086508178110216e-05
79,1,7,membered_ring,8.067562174787651e-05
80,1,8,non_ferroelastic_domain_pair,8.616633331897846e-05
81,1,8,genome_differ,8.495355974443267e-05
82,1,8,imidazole_ring_plane,8.45781183254013e-05
83,1,8,water_acetate_perchlorate,8.39880760030059e-05
84,1,8,tail_vertebra,8.242323778461143e-05
85,1,8,local_twofold_symmetry,8.215723107569512e-05
86,1,8,dead_time_r_nbsp,8.213420688857653e-05
87,1,8,co_p,8.211650615757223e-05
88,1,8,n_dimethylaminoethanol_n_ligand,8.210740772096673e-05
89,1,8,protein_specific_density,8.20809614826654e-05
90,1,9,distort_trigonal_bipyramidal_environment,8.839876388965713e-05
91,1,9,pulse_source,8.555664500885819e-05
92,1,9,enzyme_class_ability,8.39468542723512e-05
93,1,9,hbr_expect_proton_transfer,8.389223354327022e-05
94,1,9,modify_overlap_sphere_method,8.341861419041913e-05
95,1,9,minus_intermediate_alloy,8.329081751098652e-05
96,1,9,methine_c_atom,8.229866623807234e-05
97,1,9,charge_assist_hydrogen_bond,8.191379398604835e-05
98,1,9,crystallographic_symmetry_anion,8.165318292836694e-05
99,1,9,s_interaction,8.125980048047009e-05
0,2,0,easy_removal,9.061751543942664e-05
1,2,0,baker_yeast_saicar_synthase,8.624721396544312e-05
2,2,0,slight_distortion,8.53980910627474e-05
3,2,0,metal_support,8.497066671123615e-05
4,2,0,human_dicupric_monooxalate_lactoferrin,8.482589202641487e-05
5,2,0,canonical_zii_zi_type,8.36771203106256e-05
6,2,0,polymer_battery_concept,8.318714156423612e-05
7,2,0,iron_ion_oxidation_state,8.315150479781943e-05
8,2,0,planarity_deviate,8.285494837777731e-05
9,2,0,criii_ion,8.2292508026118e-05
10,2,1,pyrimidine_ring,8.414360857580837e-05
11,2,1,attractive_term,8.36625147324264e-05
12,2,1,synchrotron_radiation_aring_resolution,8.34879965178061e-05
13,2,1,position_dependent_correction_factor,8.329687527917773e-05
14,2,1,pnma_space_group,8.329224832803374e-05
15,2,1,description_comparison,8.282508439440952e-05
16,2,1,benzene_substituent,8.279904331494323e-05
17,2,1,pi_interchain_hydrogen_bond,8.24331636072113e-05
18,2,1,si_bond,8.229169468402979e-05
19,2,1,b_axis_propagate,8.202976058670832e-05
20,2,2,metal_coordinate_water,8.732360948340995e-05
21,2,2,f_split_facet,8.614644067640793e-05
22,2,2,high_flexibility,8.46711088224622e-05
23,2,2,f_distance,8.466799459637612e-05
24,2,2,expect_map_quality,8.393971659598502e-05
25,2,2,food_allergy_people_subpopulation,8.34820654995751e-05
26,2,2,phase_separation,8.344410563334999e-05
27,2,2,laundy_amp,8.301760186335837e-05
28,2,2,x_ray_emission_spectroscopy,8.288964805739472e-05
29,2,2,complex_magnetic_property,8.264874360002473e-05
30,2,3,calculate_powder_diffraction_datum,9.11838109268626e-05
31,2,3,anneal_experiment,8.734059734600509e-05
32,2,3,carbonyl_c_o_atom,8.655978653440001e-05
33,2,3,octahedral_site,8.442329604271927e-05
34,2,3,diferric_lactoferrin,8.377381759646659e-05
35,2,3,distort_octahedral_coordination,8.320295109313756e-05
36,2,3,dihedral_angle_quinoline_plane,8.272271463460236e-05
37,2,3,exocyclic_c_n_bond,8.246673336614791e-05
38,2,3,molecule_significant_twist,8.176979913361659e-05
39,2,3,smiii_atom,8.169015306928718e-05
40,2,4,idealize_molecular_geometry_library,8.76580450438742e-05
41,2,4,undulator_beamline,8.633688140303809e-05
42,2,4,observe_effect,8.440137866938126e-05
43,2,4,tautomeric_equilibrium,8.39640526235456e-05
44,2,4,ring_like_structure,8.336885628316184e-05
45,2,4,pressure_hexagonal_structure_refinement,8.30499441598753e-05
46,2,4,transmission_position_detector,8.30490556092153e-05
47,2,4,chemical_formula_plusmn,8.272355619388273e-05
48,2,4,dimethyl_sulfoxide_dmso_reaction,8.264752341308675e-05
49,2,4,local_disorder,8.264234581443813e-05
50,2,5,binuclear_unit,8.890322538643819e-05
51,2,5,be_symmetry,8.64503000053894e-05
52,2,5,dimeric_molecule,8.521794013261117e-05
53,2,5,cu_nanocomposite_thin_film,8.501531876402723e-05
54,2,5,delaney_symbol_method,8.414182704116661e-05
55,2,5,helical_fashion,8.373807425414357e-05
56,2,5,zn_separation,8.35855069227276e-05
57,2,5,l_idopyranosiduronic_acid,8.342744074949376e-05
58,2,5,neighbour_molecule_pi_interaction,8.31784945045665e-05
59,2,5,middot_cl_minus,8.272393454097389e-05
60,2,6,low_luminescence,8.794074297971355e-05
61,2,6,potassium_cation,8.773336413062442e-05
62,2,6,structure_pseudosymmetry_high_degree,8.578514801976733e-05
63,2,6,mutational_analysis,8.384765851238626e-05
64,2,6,i_deg,8.362063843356151e-05
65,2,6,saicar_synthase,8.312522439744557e-05
66,2,6,previously_report_type,8.284016308501798e-05
67,2,6,ctd_phosphatase,8.223731524516638e-05
68,2,6,mass_ir_nmr_spectrum,8.21994990096219e-05
69,2,6,dimensional_polymeric_chain,8.194067988746343e-05
70,2,7,distort_octahedron,8.628780029283715e-05
71,2,7,bc_plane_parallel_layer,8.598645878472298e-05
72,2,7,local_optimum_large_numb,8.571756333229866e-05
73,2,7,laue_case,8.569002534830874e-05
74,2,7,computational_experience,8.465618236239027e-05
75,2,7,nbsp_gamma,8.308762995838099e-05
76,2,7,five_example,8.27238186267812e-05
77,2,7,refine_parameter,8.251391688222158e-05
78,2,7,vapor_phase_diffusion_method,8.23860127378599e-05
79,2,7,direction_form_column,8.23648161090072e-05
80,2,8,n_terminal_math_domain,8.800563072890391e-05
81,2,8,molecular_crystal_polymorphism,8.551625096100674e-05
82,2,8,capillary_concentrator_use,8.521054730579757e-05
83,2,8,whole_powder,8.482029416528083e-05
84,2,8,docking_study,8.353917887200315e-05
85,2,8,bind_orn_analog_structure,8.350607308806694e-05
86,2,8,excite_wavefield,8.291054878137928e-05
87,2,8,correlation_analysis,8.278940427900957e-05
88,2,8,mosaicity_maximum_resolution,8.24349954334027e-05
89,2,8,chocolate_product_etc_margarine,8.207595639060006e-05
90,2,9,tripodal_conformation,8.621531325159494e-05
91,2,9,gst_fusion,8.526749733930874e-05
92,2,9,overlap_arrangement,8.506237175218759e-05
93,2,9,k_shell,8.481503368697043e-05
94,2,9,separate_step,8.472354524061483e-05
95,2,9,ester_aggregate,8.465872047122744e-05
96,2,9,dislocation_ring_lang,8.433142164343183e-05
97,2,9,ring_pyridine,8.423943044503268e-05
98,2,9,xpd_technique,8.33730039095521e-05
99,2,9,ctd_characterize_modification,8.324133918933145e-05
100,2,10,result_scatter_curve,8.787551024575219e-05
101,2,10,tin_indium,8.732925128108875e-05
102,2,10,atom_vicinity,8.435558573755025e-05
103,2,10,intermolecular_n_h,8.332489171950458e-05
104,2,10,supramolecular_tape,8.313633751952193e-05
105,2,10,pd_s_angle,8.171607279875737e-05
106,2,10,o_demethylase,8.168810988819145e-05
107,2,10,strain_measurement,8.112849942878914e-05
108,2,10,harmonic_intensity,8.100104196356552e-05
109,2,10,urea_molecule,8.09504644167068e-05
110,2,11,imidazole_n_atom,8.564341000549863e-05
111,2,11,conclusive_proof,8.556916982605741e-05
112,2,11,si_bond,8.468529696915512e-05
113,2,11,sad_phase_method,8.417271974043909e-05
114,2,11,periodic_net,8.32540374630691e-05
115,2,11,c_aring_b_deg,8.31713662704843e-05
116,2,11,new_protocol,8.282107501100928e-05
117,2,11,qualitative_analysis,8.269701585072648e-05
118,2,11,two_ge_atom,8.254816816725692e-05
119,2,11,component_ion,8.239316526791134e-05
120,2,12,ketone_group,8.549526397190391e-05
121,2,12,niii_complex_cation,8.215151368954968e-05
122,2,12,figure_aspartate,8.164911156345063e-05
123,2,12,atomic_number,8.155359863510459e-05
124,2,12,element_oxy_sulfide_sulfide,8.145259268275413e-05
125,2,12,mode_diffraction_process,8.135583101830073e-05
126,2,12,iodide_ligand,8.134612701863415e-05
127,2,12,reveal_microstructure,8.131705554022397e-05
128,2,12,gamma_form,8.12251511501225e-05
129,2,12,two_bridge_acetate,8.120217883275896e-05
130,2,13,racemic_protonated_dioxopromethazinium_cation,8.692479712219347e-05
131,2,13,hirudin_peptide,8.483441564417868e-05
132,2,13,hg_atom_mmm_symmetry,8.3506397089502e-05
133,2,13,appropriate_line_shape,8.332842756199037e-05
134,2,13,size_exclusion_chromatography,8.307994698218304e-05
135,2,13,low_molecular_weight,8.279735046067472e-05
136,2,13,new_material,8.264361655335447e-05
137,2,13,fragment_naphthylethanone_bulky_phenyl,8.257106855237247e-05
138,2,13,mad_application,8.219614389475497e-05
139,2,13,cyclopentane_ring_prime_atom,8.186152092263776e-05
140,2,14,inversion_relate_benzimidazole_group,8.631622142894677e-05
141,2,14,novel_aspect,8.604917505969238e-05
142,2,14,middot_cl_minus,8.528198017029143e-05
143,2,14,neutron_diffraction_instrument,8.527755501535396e-05
144,2,14,recent_epidemic,8.509938512574846e-05
145,2,14,iodine_molecule_triiodide_ion,8.42267652845146e-05
146,2,14,respectively_deg,8.27844746311009e-05
147,2,14,endo_angle_typical_deformation,8.273005809908631e-05
148,2,14,small_set,8.236729488039778e-05
149,2,14,expert_system,8.234758171175075e-05
150,2,15,ultra_low_temperature,8.559276404747591e-05
151,2,15,nmr_structure_use,8.522038355664674e-05
152,2,15,methine_c_atom,8.50080641286561e-05
153,2,15,ferroelectric_phase_transition,8.453677181744529e-05
154,2,15,zn_m_mn_middot,8.435942050575676e-05
155,2,15,extensive_hydrogen_bond_network,8.358610431502546e-05
156,2,15,peo_corona_pep_core,8.296048979873626e-05
157,2,15,si_o_bond,8.29367490519445e-05
158,2,15,variable_momentum,8.261115354300117e-05
159,2,15,vls_plane_grate_monochromator,8.255234520995847e-05
160,2,16,x_ray_diffraction_measurement,8.449224979102412e-05
161,2,16,protein_crystal_amorphous_protein,8.433706738327919e-05
162,2,16,water_molecule_plus_anion,8.426977871315464e-05
163,2,16,prepare_n_methylimidazole_solution,8.369660861805184e-05
164,2,16,incoherent_scatter_cross_section,8.237692151060708e-05
165,2,16,categorical_model_simple_linear,8.214210219353616e-05
166,2,16,i_r_phenyl_cyclohexyl,8.18127138025959e-05
167,2,16,temperature_dependence,8.149512966744611e-05
168,2,16,archaeabacterial_tim,8.146200863578022e-05
169,2,16,propose_catalytic_mechanism,8.139997785390071e-05
170,2,17,plane_dihedral_angle,8.688499364288334e-05
171,2,17,anodisc_reg_membrane,8.582639913798857e-05
172,2,17,blodgett_film,8.574558037908793e-05
173,2,17,weak_reflection_intensity,8.519089341444335e-05
174,2,17,doubly_bridge_o_atom,8.465547767008591e-05
175,2,17,ethoxycarbonyl_methyl_group,8.415254684869831e-05
176,2,17,function_high_density_region,8.33132262781611e-05
177,2,17,al_atom,8.268925110297044e-05
178,2,17,ta_converter,8.259968529438772e-05
179,2,17,dimensional_architecture,8.225989885703888e-05
180,2,18,central_triazole_ring,8.861048044842573e-05
181,2,18,coordination_layer,8.656816258214823e-05
182,2,18,metal_atom,8.628227844850125e-05
183,2,18,different_anion,8.482688709419642e-05
184,2,18,planar_deviation_formation_result,8.429389755980578e-05
185,2,18,high_substrate_specificity,8.349526167427505e-05
186,2,18,der_waals_force,8.27481207421279e-05
187,2,18,di_n_butylamine,8.26146405842363e-05
188,2,18,molecular_weight,8.244210620015506e-05
189,2,18,bend_conformation,8.238430662681383e-05
190,2,19,absorption_energy,8.80050985636712e-05
191,2,19,double_bond,8.572162433286561e-05
192,2,19,coordination_complex,8.488271837200972e-05
193,2,19,thespesia_populnea,8.37501364711116e-05
194,2,19,ester_moiety,8.348551276836984e-05
195,2,19,dimensional_parallel_network,8.322443388272803e-05
196,2,19,reciprocal_lattice_rod,8.286244086508194e-05
197,2,19,different_level,8.25634869527602e-05
198,2,19,temperature_single_crystal,8.226868652615726e-05
199,2,19,crystal_diffraction_experiment,8.162755473479987e-05
200,2,20,methine_h_atom,8.645345380226349e-05
201,2,20,time_time_approximate_dimension,8.530053743569672e-05
202,2,20,expression_accuracy,8.407479323214633e-05
203,2,20,thiocyanate_anion,8.363707303931544e-05
204,2,20,binary_mixture,8.295378530478454e-05
205,2,20,remote_access,8.273532933536018e-05
206,2,20,dye_solvate,8.252532646405807e-05
207,2,20,non_monotonic_intensity_variation,8.247600160028578e-05
208,2,20,r_s_configuration,8.246150178109939e-05
209,2,20,cis_geometry,8.221332940687933e-05
210,2,21,hdak_card,8.636642544588269e-05
211,2,21,trim_relaxation,8.506966753220747e-05
212,2,21,x_ray_optic,8.317822195129116e-05
213,2,21,atomic_number_seven_element,8.281473744558234e-05
214,2,21,relatively_fast_measurement,8.271852386445571e-05
215,2,21,rotatory_power_dispersion,8.250933151069057e-05
216,2,21,bromobenzene_unit_chlorobenzene,8.163504632147437e-05
217,2,21,trans_a_b,8.118439702592757e-05
218,2,21,metal_complex,8.102335368974415e-05
219,2,21,temperature_dependent_competition,8.097901083333294e-05
220,2,22,ion_detection,8.504697632143666e-05
221,2,22,k_mm_chip,8.420978066859558e-05
222,2,22,cation_group_h_atom,8.399893384610211e-05
223,2,22,indole_benzofuran_moiety,8.384703162334279e-05
224,2,22,film_order_strong_increase,8.373659491786592e-05
225,2,22,anion_link_ligand,8.320018994497502e-05
226,2,22,n_thiourea,8.270288853265614e-05
227,2,22,primary_sequence,8.251181791067691e-05
228,2,22,hydrogen_bond_engage_monoanion,8.24595344006425e-05
229,2,22,x_ray_crystallographic_study,8.229708500629882e-05
230,2,23,neutrophil_gelatinase,8.859321960502436e-05
231,2,23,maximum_deviation,8.796889832924969e-05
232,2,23,phase_estimate,8.467004088727406e-05
233,2,23,bridge_bond,8.45013723834642e-05
234,2,23,ring_non_h_atom,8.426010304187412e-05
235,2,23,scatter_enhance_image,8.397474371005978e-05
236,2,23,i_thiosulfate_middot_minus,8.289354091385817e-05
237,2,23,twist_chair,8.262511775642296e-05
238,2,23,biological_activity,8.252090484373385e-05
239,2,23,hemi_labile_donor_moiety,8.248208528794029e-05
240,2,24,cycloisomerization_reaction,9.017354621209901e-05
241,2,24,similar_process_recrystallization_phenomenon,8.579864871611713e-05
242,2,24,well_understand,8.565653553312248e-05
243,2,24,specific_analysis,8.461858487770988e-05
244,2,24,slow_evaporation,8.455293260045079e-05
245,2,24,base_local_shape,8.442967460865139e-05
246,2,24,phase_difference,8.403197259918136e-05
247,2,24,atomic_focuser,8.366355765030874e-05
248,2,24,similar_manner,8.363432479815265e-05
249,2,24,mer_arrangement_water_molecule,8.331477148406939e-05
250,2,25,rgfp_hydrophilic_protein_contamination,8.888169378179462e-05
251,2,25,saicar_synthase_complex,8.574186655109805e-05
252,2,25,b_spline_function_knot,8.538469396233618e-05
253,2,25,trhepd_station,8.509423040819014e-05
254,2,25,phenyl_ring_bond_angle,8.386436269942198e-05
255,2,25,c_br,8.375830053223981e-05
256,2,25,multiple_residue,8.343875912908138e-05
257,2,25,micro_be_pitch_strip,8.322828349555887e-05
258,2,25,counterion_distribution,8.282186759152515e-05
259,2,25,distort_octahedral_environment,8.239624361349147e-05
260,2,26,prime_ring,8.5273047970511e-05
261,2,26,nonaaquapraseodymium_adduct,8.389521134631306e-05
262,2,26,ammonium_ion,8.348596940924242e-05
263,2,26,de_novo_ncs_average,8.316784140007003e-05
264,2,26,individual_snapshot,8.283332631388043e-05
265,2,26,hard_sphere,8.225204907663284e-05
266,2,26,extensive_hydrogen_bond,8.202149799944655e-05
267,2,26,mer_arrangement,8.178526893898983e-05
268,2,26,water_solution,8.124459590517404e-05
269,2,26,pressure_temperature,8.122686818314438e-05
270,2,27,know_type,8.5774793440825e-05
271,2,27,order_anharmonic_nuclear_motion,8.527699218095154e-05
272,2,27,envelope_sofa,8.363735288021887e-05
273,2,27,translation_edit_stability,8.294094482786071e-05
274,2,27,classical_o_h,8.292449402928759e-05
275,2,27,rna_process_event,8.289262036532251e-05
276,2,27,wave_shape_chain_structure,8.265472641291224e-05
277,2,27,centrosymmetric_dimer,8.264324316244537e-05
278,2,27,group_h_atom_position,8.239965123526548e-05
279,2,27,rubber_polymer_nanoparticle,8.212852099000169e-05
280,2,28,factor_solubility,9.081998682055305e-05
281,2,28,independent_iodide_anion,8.605653447101302e-05
282,2,28,close_vicinity,8.582886860578188e-05
283,2,28,practice_assessment,8.374368227030774e-05
284,2,28,long_run,8.334732498455679e-05
285,2,28,length_hydrogen_bond,8.24295602236464e-05
286,2,28,benzene_ring,8.201638156870579e-05
287,2,28,alternate_fashion,8.163061880708625e-05
288,2,28,electron_density_difference_map,8.162072159296158e-05
289,2,28,structural_detail,8.152310183492444e-05
290,2,29,minus_intermediate_alloy,8.65491133436813e-05
291,2,29,reciprocal_space,8.593166481292448e-05
292,2,29,ring_generate_hydrogen_bond,8.272946268439886e-05
293,2,29,cu_nanocomposite_thin_film,8.248354474693776e-05
294,2,29,special_value,8.196413986470713e-05
295,2,29,middot_asymmetric_unit,8.176564112396375e-05
296,2,29,otbu_glycine,8.169525736830439e-05
297,2,29,bake_drawing,8.149126302206471e-05
298,2,29,at_peer_review_article,8.12799185900261e-05
299,2,29,e_isomer,8.111331481850309e-05
300,2,30,tran_position_ligand,8.910261866328914e-05
301,2,30,wavelength_anomalous_scatter_datum,8.72318019309264e-05
302,2,30,crystal_absorption,8.673695165984528e-05
303,2,30,rubber_polymer,8.60020183756332e-05
304,2,30,observe_profile_accurate_description,8.514304639088646e-05
305,2,30,rna_dna_edit,8.482159690677902e-05
306,2,30,multiple_equidistant_split,8.42555704083617e-05
307,2,30,b_axis,8.384029962353357e-05
308,2,30,active_site_histidine_residue,8.376698036100299e-05
309,2,30,isopropanol_acetone_ethanol,8.363084272605913e-05
310,2,31,chelate_sulfate_ligand,8.954192803725904e-05
311,2,31,selective_kinase_inhibitor,8.574773224996271e-05
312,2,31,datum_analysis_graphic_capability,8.568587675972761e-05
313,2,31,hyperbolic_dimensional_layer_structure,8.555236747747457e-05
314,2,31,static_displacement,8.37205044864649e-05
315,2,31,carboxyl_group_plane,8.362632172966335e-05
316,2,31,charge_balance,8.316669345036646e-05
317,2,31,aring_cu_s_distance,8.270541552866768e-05
318,2,31,tricalcium_silicate,8.25660473336474e-05
319,2,31,nondestructive_technique,8.243137177944104e-05
320,2,32,label_quotient_graph,8.807736891209245e-05
321,2,32,molecular_replacement_method,8.472977638951597e-05
322,2,32,n_cu_n,8.468458577526814e-05
323,2,32,water_molecule_acceptor,8.462039762541315e-05
324,2,32,power_law,8.423501038779179e-05
325,2,32,ctb_region,8.422312337790023e-05
326,2,32,optical_property,8.413022254906434e-05
327,2,32,ga_cl_distance,8.332402745778136e-05
328,2,32,unsubstituted_substitute_phenyl_ring,8.292255538497015e-05
329,2,32,ubiquitin_proteasome_system,8.268035910292021e-05
330,2,33,solvothermal_condition_acid,8.680728479650308e-05
331,2,33,ferredoxin_reductase,8.579985972577502e-05
332,2,33,near_edge,8.550910006427098e-05
333,2,33,sr_corner_share_octahedron,8.389768842663667e-05
334,2,33,diffuse_reflection,8.368603614604967e-05
335,2,33,close_region,8.352343634684262e-05
336,2,33,n_alpha,8.350802319295479e-05
337,2,33,general_position_occupy,8.245621571042031e-05
338,2,33,new_representative,8.218557154800985e-05
339,2,33,structural_transformation,8.211981902393071e-05
340,2,34,protein_region,8.981224775859414e-05
341,2,34,pd_br,8.4298534924624e-05
342,2,34,x_ray_diffraction_fringe,8.423501402621965e-05
343,2,34,datum_range,8.409293514904698e-05
344,2,34,multi_step,8.396952446318898e-05
345,2,34,kishne_reduction,8.362143582402587e-05
346,2,34,malonate_dianion,8.332169519444525e-05
347,2,34,structural_distortion,8.315148050980963e-05
348,2,34,guanidinium_cation,8.298890011244783e-05
349,2,34,tran_postition,8.256589538470645e-05
350,2,35,schiff_base_complex,9.198125241754422e-05
351,2,35,middot_l_minus_dichloride,8.630853561371367e-05
352,2,35,coordinate_aqua_ligand,8.529482911622855e-05
353,2,35,heavy_atom_substructure_determination,8.290515095442473e-05
354,2,35,mannich_type_reaction,8.244606487047491e-05
355,2,35,amino_acid_residue,8.242178947599115e-05
356,2,35,crystallite_size,8.206347278089271e-05
357,2,35,biomacromolecular_crystal_quality,8.19868926209662e-05
358,2,35,microscopic_model,8.195512775303977e-05
359,2,35,circle_x_ray_diffractometer,8.194038610214286e-05
360,2,36,i_structure,8.598776519861846e-05
361,2,36,graze_incidence,8.503843889767265e-05
362,2,36,graphic_explanation,8.345890617624922e-05
363,2,36,call_m_phase,8.278330055362945e-05
364,2,36,diamondoid_network,8.274423968941513e-05
365,2,36,peptide_bind_site,8.264634597258165e-05
366,2,36,pterodon_polygalaeflorus_benth_seed,8.245631592035491e-05
367,2,36,crystal_structure_molecular_pack,8.239427588794567e-05
368,2,36,centrosymmetric_binuclear_molecule,8.223330347365315e-05
369,2,36,specific_damage,8.214645311160826e-05
370,2,37,pdf_investigate_real_space,8.807223863179437e-05
371,2,37,o_keto,8.49767827483268e-05
372,2,37,integral_outer_membrane_protein,8.449923171186484e-05
373,2,37,analysis_interpretation,8.333659820925561e-05
374,2,37,structural_order,8.332093826475714e-05
375,2,37,scn_anionic_charge_redistribution,8.267586606380027e-05
376,2,37,l_dihydroorotate_oxidation,8.254314273924387e-05
377,2,37,nanoparticle_atom,8.240856640406177e-05
378,2,37,p_prime_p,8.199821096783204e-05
379,2,37,baker_yeast,8.182449436761228e-05
380,2,38,alpha_n_alpha,9.082849969651361e-05
381,2,38,air_ray,8.572506252644471e-05
382,2,38,heterocyclic_ring_respect,8.550287545967086e-05
383,2,38,vacuum_air,8.524004935418359e-05
384,2,38,monoprotonated_ethanediamine_molecule,8.473524419990727e-05
385,2,38,ppe_structure,8.4206314506793e-05
386,2,38,conformational_mobility,8.383784386788123e-05
387,2,38,crystal_structure_study,8.370523880209882e-05
388,2,38,nlo_property,8.340456563403011e-05
389,2,38,mhv_mouse_hepatitis_virus,8.297838723574853e-05
390,2,39,expect_characteristic,8.753469126260353e-05
391,2,39,myo_inositol_oxygenase,8.699131923518604e-05
392,2,39,unique_characterization,8.424245643434754e-05
393,2,39,medium_strength,8.383389034722055e-05
394,2,39,commercial_crystal_screen,8.320298206665037e-05
395,2,39,methanol_molecule_water,8.295016968682141e-05
396,2,39,linear_charge_density,8.294534309121841e-05
397,2,39,deg_tran_angle,8.294238720773035e-05
398,2,39,resorcinol_formaldehyde_gel,8.293919624671158e-05
399,2,39,biochemical_structural_analysis,8.259659027290567e-05
400,2,40,natural_aluminosilicate,8.43084895261033e-05
401,2,40,geometrical_aberration,8.410311330497783e-05
402,2,40,nag_molecule,8.384932949606909e-05
403,2,40,supramolecular_framework,8.353959854043946e-05
404,2,40,harker_section_significant_peak,8.326353846237966e-05
405,2,40,fiber_identity,8.305853076869389e-05
406,2,40,dedicate_linac,8.284277474496e-05
407,2,40,protein_limit_trypsin_digestion,8.27404686039292e-05
408,2,40,angular_libration,8.267702114968816e-05
409,2,40,asymmetric_substitution,8.237638557732107e-05
410,2,41,disorder_portion,9.182337927173243e-05
411,2,41,terminal_sulfur_atom,9.034723923024943e-05
412,2,41,beta_nbsp,8.615896117226676e-05
413,2,41,br_hydrogen_bond,8.585540184747126e-05
414,2,41,well_advantage,8.483459839832593e-05
415,2,41,dispersion_surface,8.400335770241015e-05
416,2,41,new_academic_course,8.38862058943519e-05
417,2,41,block_copolymer_micelle,8.376181527871879e-05
418,2,41,pollack_lab,8.338184294397304e-05
419,2,41,different_pressure_temperature_condition,8.247802366856619e-05
420,2,42,acidic_methylene_h_atom,8.46092285696835e-05
421,2,42,hexadecaisoleucinomycin_hexil_include_structure,8.343547350929336e-05
422,2,42,regulation_transcription_initiation,8.329934089631282e-05
423,2,42,coordinate_geometry,8.256390470685213e-05
424,2,42,ewald_prize_nomination,8.239941519683894e-05
425,2,42,binase_complex,8.230929508563931e-05
426,2,42,major_minor_component_occupancy,8.225334441603332e-05
427,2,42,complementary_characterization_technique,8.218013716062658e-05
428,2,42,ship_dewar,8.217745687772226e-05
429,2,42,dimeric_monomeric_form,8.209192796237754e-05
430,2,43,asymmetric_laue_symmetric_geometry,8.750162520011529e-05
431,2,43,line_shape,8.684410971930102e-05
432,2,43,borane_h,8.582005833133392e-05
433,2,43,activity_spectrum,8.451776351279185e-05
434,2,43,well_fit_set,8.353426911683297e-05
435,2,43,cu_ion,8.34288262721441e-05
436,2,43,c_bond_distance,8.308021786113283e-05
437,2,43,metal_cation,8.285462095127297e-05
438,2,43,alternative_fuel,8.234794093940325e-05
439,2,43,activity_decrease,8.23387366925017e-05
0,3,0,crystallite_behaviour_shape,7.235076090808343e-05
1,3,0,base_local_shape,7.231142203264428e-05
2,3,0,develope_country,7.190780615043776e-05
3,3,0,general_algebraic_formula,7.188651529075819e-05
4,3,0,md_simulation,7.187164971897386e-05
5,3,0,macrocyclic_ligand_n_atom,7.158625554295523e-05
6,3,0,keto_group_o_atom,7.154490270557216e-05
7,3,0,ph_s,7.144308088836717e-05
8,3,0,meaningful_shannon_channel,7.134389144487533e-05
9,3,0,anharmonic_temperature,7.130576110663202e-05
