,run,topic,terms,p
07437469839889e-05
1,1,0,scroll_nanotube,8.478874924633845e-05
2,1,0,detector_efficiency,8.436404797571015e-05
3,1,0,chain_cdii_cation,8.42845621472815e-05
4,1,0,nirt_family,8.3989203989204e-05
5,1,0,levelut_guini_camera,8.321781757231389e-05
6,1,0,triclinic_unit_cell,8.233672842930368e-05
7,1,0,eclipse_geometry,8.205351248871438e-05
8,1,0,high_impact_journal,8.199524810176158e-05
9,1,0,sad_datum_set,8.103069414084352e-05
10,1,1,langbeinite_type_structure,8.569533835723212e-05
11,1,1,germanium_case_similar_determination,8.479546749851417e-05
12,1,1,f_electron_withdraw_group,8.460701634385277e-05
13,1,1,anisotropic_displacement,8.377473300660744e-05
14,1,1,extend_dimensional_network,8.181671898008003e-05
15,1,1,new_domain_interface_structure,8.161649559881566e-05
16,1,1,pattern_decomposition_method,8.148788115948071e-05
17,1,1,aring_resolution_diffract_crystal,8.135209378259285e-05
18,1,1,nano_scale_volume,8.091109855565437e-05
19,1,1,hello_re,8.035563201557654e-05
20,1,2,de_novo_biosynthesis,8.544296787907451e-05
21,1,2,different_form,8.185834710758228e-05
22,1,2,solution_general_scatter_theory,8.18366865491565e-05
23,1,2,fine_structure,8.145569366629128e-05
24,1,2,n_zn_angle,8.056318922294792e-05
25,1,2,nuclear_receptor,8.047403373614989e-05
26,1,2,hydrazide_carboxylate,8.044537293548789e-05
27,1,2,dislocation_image,8.039412511640534e-05
28,1,2,anharmonic_temperature,8.028225223325959e-05
29,1,2,concentration_range,7.994357112952633e-05
30,1,3,registration_time_minute,8.514563821089303e-05
31,1,3,cdii_atom,8.461204251431094e-05
32,1,3,length_tetranectin,8.402554514461444e-05
33,1,3,amino_acid_residue_orientation,8.230463661029352e-05
34,1,3,expect_proton_transfer,8.223661557388407e-05
35,1,3,grate_graze_incidence_monochromator,8.197625116339828e-05
36,1,3,coordination_bond,8.163969427246364e-05
37,1,3,direct_image,8.16333571923117e-05
38,1,3,escherichia_coli_clone,8.122722530795975e-05
39,1,3,x_ray_crystallographic_result,8.108359363170778e-05
40,1,4,nicotinamide_protonat_pyridine_group,8.287598347182856e-05
41,1,4,p_prime_p,8.285266290728295e-05
42,1,4,mesenchymal_stem_cell,8.158796840491731e-05
43,1,4,protonated_n_atom,8.140208008470082e-05
44,1,4,experimental_scatter_curve,8.138175112736229e-05
45,1,4,unit_cell_b_axis,8.110240133724837e-05
46,1,4,ewald_prize_nomination,8.107469416723443e-05
47,1,4,weight_sum,8.067834182694944e-05
48,1,4,refine_occupancy_ratio_orientation,8.064003505547762e-05
49,1,4,extensive_weak_pi,8.029348991566049e-05
50,1,5,putative_pnpox,8.627391992098852e-05
51,1,5,experimental_community_widespread_perception,8.527182619833364e-05
52,1,5,remain_axial_position,8.52252083002854e-05
53,1,5,trichosanthin_polyalanyl,8.509334322348228e-05
54,1,5,hdak_card_interaction,8.421912708927603e-05
55,1,5,k_edge_anomalous_experiment,8.359379571504141e-05
56,1,5,nuclear_receptor,8.273853770332702e-05
57,1,5,enhance_solubility,8.258078222748622e-05
58,1,5,datum_set_systematic_difference,8.202013348768372e-05
59,1,5,face_share,8.158527636714712e-05
60,1,6,dihedral_angle,8.612076351143562e-05
61,1,6,amorphous_binary_system_structure,8.578073271054036e-05
62,1,6,dimensional_single_diamondoid_network,8.323835000007325e-05
63,1,6,trigonal_system,8.235422012319367e-05
64,1,6,cp_carbamoyl_phosphate,8.228825809805601e-05
65,1,6,guest_specie,8.212852822787069e-05
66,1,6,o_atom_involve_hydroxide,8.184194004043193e-05
67,1,6,dichlorobenzene_ring_deg,8.140743909029495e-05
68,1,6,transmission_position,8.126023125342469e-05
69,1,6,picric_acid,8.123724284109299e-05
70,1,7,decomposition_oxidation,8.694775453954188e-05
71,1,7,effect_minimize_aim_investigation,8.43627546324257e-05
72,1,7,lithium_crystalline_lithium_oxide,8.307078026115133e-05
73,1,7,hydrogen_bond_pattern_deg,8.273681733009639e-05
74,1,7,capsid_form_domain,8.215613446148019e-05
75,1,7,new_lithium_iron_vanadate,8.20946813982241e-05
76,1,7,key_enzyme,8.203030304714943e-05
77,1,7,forbid_wavefield,8.196021185763602e-05
78,1,7,tim_barrel_interaction_analysis,8.158937895098564e-05
79,1,7,systematic_difference,8.156673877638775e-05
80,1,8,topographic_dislocation_image,9.046218243371634e-05
81,1,8,cation_sphere,8.824685229938254e-05
82,1,8,rna_modification,8.552873832295318e-05
83,1,8,huge_molecular_weight,8.541787335536146e-05
84,1,8,dinuclear_structure,8.450112422060756e-05
85,1,8,aring_cu_c,8.388938585330505e-05
86,1,8,certain_feature_respect,8.302426274568497e-05
87,1,8,phthalimide_ring_system,8.298015543720629e-05
88,1,8,crystallographic_b_axis_chain,8.223621010117968e-05
89,1,8,acidic_pyrophosphate_group,8.155619676697986e-05
90,1,9,point_dipole,8.593379718341984e-05
91,1,9,beta_polymorph,8.490766372509166e-05
92,1,9,carboxyl_methyl_group,8.359463897778267e-05
93,1,9,gly_glycine,8.302211010734125e-05
94,1,9,corona_precise_geometrical_model,8.229847513662261e-05
95,1,9,iron_carbonyl,8.228568317658804e-05
96,1,9,discrete_molecule,8.129987508442857e-05
97,1,9,define_examination_temperature,8.109129677964234e-05
98,1,9,fad_synthetase,8.073835018517025e-05
99,1,9,short_br_pi_interaction,8.065224815553154e-05
0,2,0,aring_large_deviation,8.172428061653169e-05
1,2,0,manganese_hexathiodiphosphate,8.121817419746546e-05
2,2,0,centrosymmetric_crystal,7.996583168745786e-05
3,2,0,actual_commercial_screen,7.906277265895606e-05
4,2,0,polydisperse_surface,7.874755722759439e-05
5,2,0,propose_catalytic_mechanism,7.83103616053838e-05
6,2,0,unit_cell_parameter,7.812413776335976e-05
7,2,0,scatter_theory,7.78954989467092e-05
8,2,0,multiple_datum_set,7.77470815778341e-05
9,2,0,nonstructural_protein,7.744308202052104e-05
10,2,1,o_keto,8.389919416379533e-05
11,2,1,similar_process_recrystallization_phenomenon,8.307374725748974e-05
12,2,1,cyano_group,8.190184035562275e-05
13,2,1,experimental_rock_curve,8.151570996129034e-05
14,2,1,specificity_confer_likely_residue,7.914938392156461e-05
15,2,1,metal_center,7.863466638044656e-05
16,2,1,crystalline_phasis,7.80349534385407e-05
17,2,1,tomographic_method,7.775981524623166e-05
18,2,1,mean_size,7.677720392232176e-05
19,2,1,measure_intensity,7.67065300727963e-05
20,2,2,potential_magnetic_storage_device,8.057291348163045e-05
21,2,2,compute_phonon_spectrum,7.991980231571723e-05
22,2,2,solvent_molecule_palladium_complex,7.850610134953244e-05
23,2,2,multicatalytic_protein_complex,7.843934687695645e-05
24,2,2,complicate_crystal_equilibrium,7.817365199639829e-05
25,2,2,yael_cleavage_efficiency,7.759012984661491e-05
26,2,2,maleonitriledithiolate_ligand,7.74374406412164e-05
27,2,2,refinement_result,7.718026776742603e-05
28,2,2,longitudinal_acoustic_wave,7.699989537336196e-05
29,2,2,include_guest_molecule,7.69200916469598e-05
