,run,topic,terms,p
_polymorphic_property,8.518386156074872e-05
1,1,0,phenylphosphonate_group,8.411708586397223e-05
2,1,0,additional_pi_pi_contact,8.336019000870922e-05
3,1,0,multiple_scatter,8.290968449006164e-05
4,1,0,tridentate_dien_molecule,8.274670897849184e-05
5,1,0,c_atom,8.257883670969261e-05
6,1,0,phosphorylatable_render_lipid_analog,8.224831611470759e-05
7,1,0,study_chemical_process,8.209419293051022e-05
8,1,0,nitrate_anion_o_atom,8.202170838639142e-05
9,1,0,synchrotron_source_oscillation_photography,8.179006348798401e-05
10,1,1,middot_middot_minus,9.337327602688222e-05
11,1,1,direction_one_dimensional_chain,8.600494472812181e-05
12,1,1,stroboscopic_system,8.307504703448546e-05
13,1,1,different_geometry,8.283263061126885e-05
14,1,1,pd_br,8.237614576178877e-05
15,1,1,carboxylate_anion_structure,8.189457626565417e-05
16,1,1,ccoordination_geometry,8.147148265318308e-05
17,1,1,sigma_phiv,8.137993652828828e-05
18,1,1,immune_response,8.123977855790915e-05
19,1,1,robotic_sample_changer_use,8.115823413868117e-05
20,1,2,biological_function_understand,8.766669431314209e-05
21,1,2,cant_undulator,8.740997261552073e-05
22,1,2,aring_plane,8.662108651829139e-05
23,1,2,thione_hydrogen_bond,8.515359587727462e-05
24,1,2,triclinic_polymorph,8.470752301808854e-05
25,1,2,deaminase_domain,8.463077290278928e-05
26,1,2,aring_c_c_distance,8.455159890429151e-05
27,1,2,space_group_type,8.351429204957501e-05
28,1,2,ngal_dimer_isomorphous_crystal,8.343763871026886e-05
29,1,2,ceptc_eptc_catalytic_domain,8.234726384659307e-05
30,1,3,n_donor,8.817950475237383e-05
31,1,3,oxidation_product,8.73971793323872e-05
32,1,3,synthetic_polymorph_mineral,8.62663085162317e-05
33,1,3,contaminant_protein,8.61110806287693e-05
34,1,3,acceptor_anion_cl_atom,8.426455581767703e-05
35,1,3,heavy_atom_analysis,8.341556666755373e-05
36,1,3,material_science,8.331616093396121e-05
37,1,3,bridge_methylene,8.247709638746252e-05
38,1,3,robust_method,8.237846364302861e-05
39,1,3,half_chair_conformation,8.210763839040361e-05
40,1,4,charge_assist_hydrogen,8.733396477117763e-05
41,1,4,planar_cavity,8.272399971974617e-05
42,1,4,detailed_analysis,8.269368325983206e-05
43,1,4,robotic_sample_changer_use,8.239302902047344e-05
44,1,4,hetero_dinuclear,8.231324125807059e-05
45,1,4,amide_h_atom,8.204494388214869e-05
46,1,4,systematic_difference,8.200491638445256e-05
47,1,4,acid_dimer,8.200477939121642e-05
48,1,4,analyze_crystallographic_sort,8.175882000746647e-05
49,1,4,helical_distorsion,8.163316114475547e-05
50,1,5,single_site,8.659292804741992e-05
51,1,5,situ_collagen,8.508414641087747e-05
52,1,5,bacillus_intermedius_ribonuclease,8.408075077733155e-05
53,1,5,proximal_tail_vertebra,8.39168938771262e-05
54,1,5,twin_significantly_reduce_tendency,8.37265074555986e-05
55,1,5,uracil_incorporation,8.342932764013416e-05
56,1,5,hydrogen_bond_dimer_form,8.323918740959759e-05
57,1,5,critical_angle,8.25560142639522e-05
58,1,5,characteristic_torsion_angle,8.254410467974508e-05
59,1,5,mo_k_alpha_z,8.248784354948795e-05
60,1,6,selenium_antimony_elemental_manganese,9.130789328798628e-05
61,1,6,thiocyanate_ligand_phosphine,8.879944949956906e-05
62,1,6,sample_zeolite_correspond_subset,8.708019497203289e-05
63,1,6,carboxylate_anion,8.679603485538404e-05
64,1,6,mjtim_unligand_structure,8.542248115418489e-05
65,1,6,tetrahedral_geometry,8.477926237129655e-05
66,1,6,drastic_change,8.252526614715886e-05
67,1,6,h_o_n,8.20008230189212e-05
68,1,6,protein_native_form_site,8.186399810155968e-05
69,1,6,co_nh,8.175428083074594e-05
70,1,7,phase_system,8.866227177563964e-05
71,1,7,negative_regulator,8.398679651420567e-05
72,1,7,equivariant_type,8.352716976027522e-05
73,1,7,distort_octahedral_manner,8.347406654818262e-05
74,1,7,archaeal_domain,8.290707335850978e-05
75,1,7,specific_energy,8.280000313417278e-05
76,1,7,alternate_orientation,8.276584536320847e-05
77,1,7,physical_property,8.262937641708947e-05
78,1,7,polymorphic_property,8.216998962167254e-05
79,1,7,band_structure,8.177806007656849e-05
80,1,8,normal_operation,8.910197537923459e-05
81,1,8,ligand_group,8.491703834253595e-05
82,1,8,dna_emsa,8.413322744569273e-05
83,1,8,angle_distortion,8.317359056711797e-05
84,1,8,analysis_stage_individual_crystallographer,8.231928570947859e-05
85,1,8,x_ray_microdiffraction,8.218901278278862e-05
86,1,8,heteroepitaxic_structure,8.200070757030882e-05
87,1,8,high_pressure_high_temperature,8.188670980331622e-05
88,1,8,dead_time,8.157397323035376e-05
89,1,8,sim_factor,8.150866574670515e-05
90,1,9,prime_middot_hydrate_systematic,8.671612880163276e-05
91,1,9,tetragonal_space_group,8.577706424869155e-05
92,1,9,nrfha_complex,8.566514144397666e-05
93,1,9,beam_dynamic_deep_study,8.453091093796597e-05
94,1,9,different_domain_boundary,8.354901903640685e-05
95,1,9,respiratory_syndrome_coronavirus,8.324368449672081e-05
96,1,9,precise_value,8.305889739798572e-05
97,1,9,benzothiophene_ring_system,8.203188808987052e-05
98,1,9,mtr_kinase,8.193313546999764e-05
99,1,9,pyrrolo_pyridine,8.185440332577013e-05
100,1,10,enhance_solubility,8.945576706491295e-05
101,1,10,bragg_geometry,8.449168993446663e-05
102,1,10,high_level,8.421065955978797e-05
103,1,10,diverse_system,8.403297378049362e-05
104,1,10,half_dioxane_molecule,8.354191692499419e-05
105,1,10,k_cl_ion,8.278997772992111e-05
106,1,10,harmonic_atom_vibration,8.270561844803161e-05
107,1,10,potential_ligand,8.244996020958061e-05
108,1,10,substitute_meso_position_phenyl,8.240039836848331e-05
109,1,10,central_aromatic_ring,8.238765205949071e-05
110,1,11,cl_minus,8.451847579744049e-05
111,1,11,topo_tomography,8.410557922734551e-05
112,1,11,mechanistic_aspect,8.352100772714166e-05
113,1,11,benzenesulfonic_chloride,8.331065305306075e-05
114,1,11,poymeric_chain,8.284251847249625e-05
115,1,11,wide_variety,8.207106279577445e-05
116,1,11,tetrahedral_coordination_geometry,8.155549501899316e-05
117,1,11,biophysical_technique,8.150505340994407e-05
118,1,11,trigonal_antiprism_unit,8.141553182646816e-05
119,1,11,normal_equation_invert_matrix,8.137039493438979e-05
120,1,12,anomalous_difference_patterson_map,9.021084411170098e-05
121,1,12,diffraction_signal,8.921989614247476e-05
122,1,12,oxoanion_incorporate_molecular_salt,8.525999517263113e-05
123,1,12,cm_active_area,8.445364948802924e-05
124,1,12,indole_unit_planar,8.209098267012653e-05
125,1,12,bulk_material,8.205910168590332e-05
126,1,12,host_o_atom,8.159033853303686e-05
127,1,12,chromium_vanadium_titanium,8.158186974951456e-05
128,1,12,x_ray_diffraction_fringe,8.12812402332856e-05
129,1,12,pi_nature,8.102773879078386e-05
130,1,13,interior_angle,8.403381510978204e-05
131,1,13,i_thiosulfate_middot_minus,8.211563757358327e-05
132,1,13,pi_substrate_strong_preference,8.206292245681013e-05
133,1,13,absolute_scale,8.203421754659003e-05
134,1,13,viz_independent_dimensional_chain,8.169001097245443e-05
135,1,13,mutually_tran_configuration,8.168371115673129e-05
136,1,13,anion_f_atom,8.135386412547502e-05
137,1,13,sulfate_anion_melaminium_cation,8.117765341316526e-05
138,1,13,formation_free_energy,8.088716839371202e-05
139,1,13,benzimidazole_plane,8.08398516910559e-05
140,1,14,diheral_angle,8.595135034143748e-05
141,1,14,ii_deg,8.559121971400239e-05
142,1,14,nearly_coplanar_arrangement,8.463221100823093e-05
143,1,14,crystal_analyzer,8.30777209254047e-05
144,1,14,p_toluenesulfonate_anion,8.307555608664808e-05
145,1,14,static_magnetic_field,8.265606361284183e-05
146,1,14,distinct_dihydrogenphosphate_anion,8.236047870747583e-05
147,1,14,central_growth,8.200394012187315e-05
148,1,14,energy_carbon,8.172037332689832e-05
149,1,14,reason_background,8.168720110723309e-05
150,1,15,contribute_factor,8.849918444352758e-05
151,1,15,si_frame,8.831935199944148e-05
152,1,15,precipitate_agent,8.543251793101443e-05
153,1,15,ammonium_cation,8.437533159298829e-05
154,1,15,ornidazole_independent_molecule,8.430401714625315e-05
155,1,15,c_s_h,8.359758459164849e-05
156,1,15,pack_property,8.359063815535873e-05
157,1,15,real_time,8.143779701058153e-05
158,1,15,h_aring_centroid_distance,8.137958940311659e-05
159,1,15,native_crystal,8.133337946595166e-05
160,1,16,different_cleavage_site,8.434033647141243e-05
161,1,16,phase_method,8.322718275601655e-05
162,1,16,scatter_effect,8.268658110193143e-05
163,1,16,regulation_network,8.232954676451073e-05
164,1,16,specific_damage,8.214234753391296e-05
165,1,16,small_torsion,8.209289751741763e-05
166,1,16,le_mu_be_form,8.175323253664084e-05
167,1,16,routine_application,8.138370155438639e-05
168,1,16,silicon_wafer,8.076134807859109e-05
169,1,16,o_h_acceptor,8.056589636948669e-05
170,1,17,polyhedral_form,8.422367549111852e-05
171,1,17,zeta_dimer_interface_bind,8.367467778464237e-05
172,1,17,traditional_peer_review_process,8.347132596256831e-05
173,1,17,observe_polyhedron,8.22248784631677e-05
174,1,17,incident_x_ray_spectrum,8.184973427236452e-05
175,1,17,family_member_similar_manner,8.15082915047768e-05
176,1,17,f_protein,8.150113629784174e-05
177,1,17,diethyl_n,8.144502691147007e-05
178,1,17,label_vector,8.133461313921607e-05
179,1,17,considerable_improvement,8.125118299449714e-05
180,1,18,k_mm_chip_size,8.90713252623736e-05
181,1,18,rh_n_bond_length,8.347250234223978e-05
182,1,18,standard_chair_conformation,8.324817239516914e-05
183,1,18,secondary_te_axis_parallel,8.140919058103657e-05
184,1,18,n_s_distance,8.137489872401381e-05
185,1,18,pyrene_plane,8.12568502522217e-05
186,1,18,o_interaction,8.089427931495985e-05
187,1,18,square_pyramidal_geometry,8.08360441206951e-05
188,1,18,emission_line_radiation,8.07498032512834e-05
189,1,18,deglycosylat_glycosylat_protein,8.069662049093686e-05
190,1,19,fluid_ensemble,8.679169805909506e-05
191,1,19,main_dimension,8.594942678450902e-05
192,1,19,effect_accurate_formulation,8.484558128954545e-05
193,1,19,v_bond,8.46975884620236e-05
194,1,19,establish_combinatorial_optimization_technique,8.41863280720181e-05
195,1,19,phase_method,8.322131486176384e-05
196,1,19,active_carbohydrate,8.278449643945965e-05
197,1,19,contaminant_protein,8.268483303355128e-05
198,1,19,configuration_assignment,8.245214672889599e-05
199,1,19,aluminium_si_atom,8.22242113587086e-05
0,2,0,cation_distribution,8.279016025474734e-05
1,2,0,deg_beta,8.182829960421443e-05
2,2,0,hps_hydrogen_bond,8.141874688225114e-05
3,2,0,ion_form_network,8.073819576367606e-05
4,2,0,substrate_peptide,8.069936744297422e-05
5,2,0,g_mu,8.040979029316839e-05
6,2,0,petn_know_require_transferase,7.999887820848203e-05
7,2,0,k_range_wide_temperature,7.964873955190755e-05
8,2,0,binary_mixture,7.949930970647767e-05
9,2,0,tetrahedrally_coordinate_p_atom,7.928072161724689e-05
10,2,1,molecular_interaction_term,8.281569861138752e-05
11,2,1,parallel_chain,8.087845989548913e-05
12,2,1,rock_curve_profile,8.055686744026971e-05
13,2,1,initial_formation,7.975436269329438e-05
14,2,1,perpendicular_magnetic_anisotropy,7.966140508036051e-05
15,2,1,amide_h,7.95165909526862e-05
16,2,1,twofold_symmetry_molecule_deviate,7.894805997090848e-05
17,2,1,o_tridentate_ligand_atom,7.886575972384358e-05
18,2,1,lactone_carbonyl_group,7.874015586218592e-05
19,2,1,bridge_ligand_act_ligand,7.850506043342543e-05
20,2,2,sapphire_substrate,8.382555579022117e-05
21,2,2,ether_ring,8.378486112314857e-05
22,2,2,intramolecular_hydrogen_bond_system,8.231090214454782e-05
23,2,2,end_station,8.169486278415698e-05
24,2,2,strong_intermolecular_n_h,8.081640763505553e-05
25,2,2,subtle_difference,8.005373845262526e-05
26,2,2,isostructure_crystal,7.989022319593454e-05
27,2,2,ortho_naphthoquinone,7.895243550257392e-05
28,2,2,transformation_method,7.885153130931506e-05
29,2,2,cryo_preservation_process_harvest,7.866838555914888e-05
30,2,3,eclipse_geometry,8.261027604248833e-05
31,2,3,necessary_correction,8.258890345924297e-05
32,2,3,novel_supramolecular_framework,8.173095454276672e-05
33,2,3,half_occupancy,8.117886567943635e-05
34,2,3,n_terminal_affinity_tag,8.092809512014355e-05
35,2,3,nitrophenoxy_group_benzene_ring,8.048489852069376e-05
36,2,3,relative_wilson_plot_method,7.981342947211502e-05
37,2,3,promise_solution,7.973846092263943e-05
38,2,3,concordance_rate_human_expert,7.953572717998706e-05
39,2,3,device_design,7.889747444562477e-05
40,2,4,decrease_range,8.4286847434145e-05
41,2,4,cu_nimine,8.22634865245711e-05
42,2,4,peripheral_ring,8.176982301664105e-05
43,2,4,cell_dimension,8.106062032386718e-05
44,2,4,local_scale,8.104723961838455e-05
45,2,4,valine_chain,8.087570147007751e-05
46,2,4,observe_diffraction_pattern,8.055285753153582e-05
47,2,4,crystal_structure_agreement,8.04209138588413e-05
48,2,4,energy_carbon_source,8.034303896926743e-05
49,2,4,intramolecular_trifurcate_hydrogen_bond,8.0102023216055e-05
