,run,topic,terms,p
norganic_molecule,8.959652172203499e-05
1,1,0,empirical_solvent_content_datum,8.754208883307577e-05
2,1,0,ligase_abundant_class,8.470954311301872e-05
3,1,0,require_deg_rotation,8.366633111708793e-05
4,1,0,structural_variation,8.361401613072293e-05
5,1,0,high_pressure_high_temperature,8.360476009029356e-05
6,1,0,methodology_routine_application,8.34220593270722e-05
7,1,0,molecular_dynamic_md_simulation,8.339688490483348e-05
8,1,0,c_h_dimensional_network,8.28838145850361e-05
9,1,0,heavy_atom_cluster,8.262789205174571e-05
10,1,1,measurement_type,8.739024211361979e-05
11,1,1,stack_molecule_exhibit,8.723813577787333e-05
12,1,1,identical_molecular_conformation,8.566575967422464e-05
13,1,1,system_order_twin_boundary,8.378400595811883e-05
14,1,1,propose_method,8.317775869196462e-05
15,1,1,direction_align_ring_direction,8.291515053713053e-05
16,1,1,manganese_hexathiodiphosphate,8.278015638232276e-05
17,1,1,benzothiazole_molecule,8.273683078735882e-05
18,1,1,fix_neutron_velocity,8.261098953534704e-05
19,1,1,ligand_bind_region,8.20352644746753e-05
20,1,2,e_conformation,8.511654390198593e-05
21,1,2,x_ray_absorption,8.440483199208463e-05
22,1,2,conserve_fragment,8.362961006056756e-05
23,1,2,surface_loop,8.327876678995435e-05
24,1,2,co_nh_amide_unit,8.242509762288274e-05
25,1,2,ubiquitin_proteasome_system,8.169919036607655e-05
26,1,2,paper_show_edge_dislocation,8.15638355439921e-05
27,1,2,seven_concentric_group,8.153179376861994e-05
28,1,2,substrate_dutp,8.132885293157407e-05
29,1,2,dilution_refrigerator_two_set,8.099188956903285e-05
30,1,3,acceptable_value,8.591410030823342e-05
31,1,3,trinuclear_zinc,8.427601089246453e-05
32,1,3,condense_anion,8.39797680782547e-05
33,1,3,bacterium_periplasm,8.276665500157369e-05
34,1,3,tem_ray,8.275905125933236e-05
35,1,3,primitive_unit_cell_volume,8.269712773359154e-05
36,1,3,cyclopentadienyl_ring,8.208568687961303e-05
37,1,3,complete_absence,8.181340565693878e-05
38,1,3,horizontal_speciman_rotation_axis,8.118139957156273e-05
39,1,3,chiral_angle_special_value,8.117567206611453e-05
40,1,4,contain_dna,8.606815404566728e-05
41,1,4,aring_essentially_planar_deviation,8.511594340436799e-05
42,1,4,bridge_group,8.477376264553381e-05
43,1,4,primary_amino_group,8.437862965647069e-05
44,1,4,march_function_correction,8.340111994643722e-05
45,1,4,significant_fluorescence_chance,8.330052339722756e-05
46,1,4,rhiii_atom,8.309716469113259e-05
47,1,4,nbsp_b_nbsp_nbsp,8.250034526275571e-05
48,1,4,pd_atom,8.211402158384346e-05
49,1,4,crystallographic_study,8.196225489536737e-05
50,1,5,dihredral_angle,8.718814733621115e-05
51,1,5,coincidence_orientation,8.456933846532027e-05
52,1,5,melatonin_metabolism_aminoglycoside_resistance,8.455755435549625e-05
53,1,5,crystallographic_net_relationship,8.42731748279914e-05
54,1,5,centrosymmetric_n_h,8.392752376544033e-05
55,1,5,nonaaquapraseodymium_adduct,8.38678295860861e-05
56,1,5,c_h_type,8.330740240394931e-05
57,1,5,math_domain,8.306673554043757e-05
58,1,5,covalent_bond_table,8.272347299266778e-05
59,1,5,minus_disulfonylimide_o_atom,8.271685204871382e-05
60,1,6,tetralin_ring_system,8.542385903864713e-05
61,1,6,vdf_trfe_copolymer,8.483576998350004e-05
62,1,6,consist_dimensional_pucker_network,8.478553120016163e-05
63,1,6,translation_initiation,8.387657275286287e-05
64,1,6,new_light_source,8.346206634716915e-05
65,1,6,iron_vanadate,8.308935508223207e-05
66,1,6,perpendicular_polymeric_chain,8.286210601203877e-05
67,1,6,spine_standard,8.249623672387033e-05
68,1,6,structure_refinement_parameter_correlation,8.234760274826119e-05
69,1,6,equatorial_orientation,8.231118005155155e-05
70,1,7,sans_saxs_neutron_scatter,8.478481819298833e-05
71,1,7,precipitant_polyethylene_glycol,8.463807592892675e-05
72,1,7,conformational_flexibility,8.440499775001562e-05
73,1,7,acridine_ring_interaction,8.388675342287288e-05
74,1,7,particle_shape,8.351980119834871e-05
75,1,7,transmit_intensity,8.310426544417276e-05
76,1,7,membered_carbon_ring,8.134303860467109e-05
77,1,7,lambda_line,8.127459546410387e-05
78,1,7,supramolecular_aggregation,8.106822094062474e-05
79,1,7,mill_initial_stage,8.088127679040325e-05
80,1,8,chemical_principle,9.013086704600264e-05
81,1,8,osteoblast_differentiation,8.617841436625451e-05
82,1,8,observe_profile,8.604939037383149e-05
83,1,8,fluconazole_ligand,8.5398027937177e-05
84,1,8,new_level,8.428694407308105e-05
85,1,8,dft_density_functional_theory,8.41625830902683e-05
86,1,8,substitute_meso_position,8.377992381723084e-05
87,1,8,cation_amino_group,8.289876692322116e-05
88,1,8,catalyst_initiator,8.24297917874855e-05
89,1,8,aring_kev_energy_range,8.237336176314904e-05
90,1,9,additional_water_molecule,8.423396732528123e-05
91,1,9,correct_intensity,8.392156291288567e-05
92,1,9,growth_regulation,8.268573751518153e-05
93,1,9,beta_aring_nbsp_c,8.201569415226382e-05
94,1,9,therapeutic_prophylactic_treatment,8.201525731824571e-05
95,1,9,dianionic_o_atom,8.18204732745877e-05
96,1,9,centroid_centroid_distance,8.17881203310795e-05
97,1,9,zeta_apoptotic_activity,8.163338217991567e-05
98,1,9,experimental_datum_agreement,8.161081348308409e-05
99,1,9,precipitant_sodium_formate,8.153029950681705e-05
100,1,10,protein_crystallization_process_automation,8.766095232422386e-05
101,1,10,scatter_radiation,8.61461695071628e-05
102,1,10,projection_cut_method,8.518771915610924e-05
103,1,10,wavelength_anomalous_scatter_datum,8.37315345404859e-05
104,1,10,vm_asymmetric_unit,8.227984971809778e-05
105,1,10,solid_liquid_phase_diagram,8.226483540487897e-05
106,1,10,phenol_thienyl_ring,8.134388031790264e-05
107,1,10,replication_dna_repair_flap,8.124163709949609e-05
108,1,10,o_n,8.093348103803771e-05
109,1,10,paper_address_problem,8.084879824865307e-05
110,1,11,haloacid_dehalogenase_domain,8.798772403751348e-05
111,1,11,aring_nbsp,8.415575061350383e-05
112,1,11,sulfonyl_benzene_ring,8.392003065147094e-05
113,1,11,s_p_tolyl,8.380541584114775e-05
114,1,11,twist_boat_chair_conformation,8.264210282453368e-05
115,1,11,molecule_guanidine,8.25507661915386e-05
116,1,11,model_fix_conformation,8.22856848348572e-05
117,1,11,alternative_complement_pathway_activation,8.199653577495301e-05
118,1,11,cluster_size,8.182315352411445e-05
119,1,11,c_axis_translation,8.129369990499527e-05
120,1,12,size_dispersion,8.736826168741378e-05
121,1,12,tandem_birdcage_furnace,8.617149250011084e-05
122,1,12,approximately_orthogonally_ligand,8.577566285908714e-05
123,1,12,math_domain,8.493112606451727e-05
124,1,12,structure_solution,8.488300913250602e-05
125,1,12,middot_middot_minus,8.445620336078865e-05
126,1,12,different_state,8.403432712435094e-05
127,1,12,pancreatic_trypsin,8.386953190347372e-05
128,1,12,excellent_model,8.332684079556939e-05
129,1,12,o_minus_bond,8.310283638692657e-05
130,1,13,two_ligand,8.562614587332768e-05
131,1,13,correspondence_address,8.473243327762809e-05
132,1,13,huge_molecular_weight,8.381327237829736e-05
133,1,13,ribbon_like_structure,8.379705542392151e-05
134,1,13,oxazoline_ring,8.373786098250014e-05
135,1,13,mechanical_viscoelastic_property,8.369698244564661e-05
136,1,13,triclinic_unit,8.315387426675436e-05
137,1,13,scatter_curve_property,8.297457394808831e-05
138,1,13,kind_molecule,8.286801552998602e-05
139,1,13,stress_relaxation_process,8.221590871489683e-05
140,1,14,drug_treatment,8.749192409344416e-05
141,1,14,important_factor,8.62695378568166e-05
142,1,14,octahedral_site,8.447398959240211e-05
143,1,14,bond_one_short_h,8.419400640187157e-05
144,1,14,native_protein,8.297642265468633e-05
145,1,14,length_f,8.295297570040112e-05
146,1,14,significant_economic_loss,8.230300456731766e-05
147,1,14,deg_c_temperature,8.215114645668442e-05
148,1,14,previously_report_kappa_polymorph,8.215094363256654e-05
149,1,14,correspond_variance_average_period,8.17716657249187e-05
150,1,15,type_sphere_contact,8.780635964603e-05
151,1,15,alpha_g,8.653321744923179e-05
152,1,15,ion_detection,8.430682500119745e-05
153,1,15,cis_bis_complex,8.423972437001002e-05
154,1,15,atomic_scatter,8.394757948704479e-05
155,1,15,film_structure,8.352683726695986e-05
156,1,15,type_crystal_structure,8.128839358026105e-05
157,1,15,weak_intermolecular_pi_pi,8.123797314882756e-05
158,1,15,anionic_schiff_base,8.123052245205591e-05
159,1,15,furofuran_ligand,8.117889844732462e-05
160,1,16,pi_pi_interaction,9.070188480145565e-05
161,1,16,reverse_saturable_absorption,8.867372856738394e-05
162,1,16,cuprous_chloride,8.810316933908774e-05
163,1,16,n_h_crystal_structure,8.741102244675923e-05
164,1,16,transition_state,8.621793964218599e-05
165,1,16,coordinate_ligand_oxidation,8.565731317137594e-05
166,1,16,transmission_electron_microscopy,8.554777671461328e-05
167,1,16,march_function_correction,8.515439589788204e-05
168,1,16,ac_plane_parallel,8.409161119798684e-05
169,1,16,film_order_strong_increase,8.373189421627992e-05
170,1,17,considerable_variability,8.981602803406665e-05
171,1,17,isomorphous_replacement_replacement_atom,8.670862211449864e-05
172,1,17,mass_ir_nmr_spectrum,8.420819256771619e-05
173,1,17,bridgehead_c_atom,8.348553161214038e-05
174,1,17,o_form_hydrogen_bond,8.315908750650755e-05
175,1,17,rna_process_event,8.244217880378839e-05
176,1,17,usp_ecr_subunit,8.237634925359178e-05
177,1,17,native_sulfur,8.210175499004872e-05
178,1,17,dsd_activity,8.207529723534757e-05
179,1,17,uncoordinated_chloride_ion,8.19373054890633e-05
180,1,18,membered_ring_envelope_conformation,8.638365178341864e-05
181,1,18,hexadentate_ligand,8.57724003848088e-05
182,1,18,bifurcate_hydrogen_bond_linear,8.473458521423684e-05
183,1,18,loop_generate_hydrogen_bond,8.451672587396849e-05
184,1,18,water_hydroxyl,8.384842950351273e-05
185,1,18,different_formalism,8.367339003781198e-05
186,1,18,fluorescence_analysis_impurity_concentration,8.35592591748626e-05
187,1,18,crystal_type,8.34964090126618e-05
188,1,18,unusual_hppd_like_domain,8.337602065490518e-05
189,1,18,cuprophilic_interaction,8.329596484427195e-05
190,1,19,weak_pi_pi,8.715693077669647e-05
191,1,19,dispersion_surface_coordinate,8.508167294842605e-05
192,1,19,deformation_process,8.258959980080241e-05
193,1,19,function_high_density_region,8.240244823660547e-05
194,1,19,final_design,8.233760923207297e-05
195,1,19,core_shell_model,8.218916844311457e-05
196,1,19,o_nitro_group_atom,8.2081911110431e-05
197,1,19,chain_range_distance,8.192411150676161e-05
198,1,19,student_background,8.183120990067531e-05
199,1,19,scandium_dope_tiocl,8.178791473688045e-05
200,1,20,protein_solution,9.10707841873852e-05
201,1,20,hydrogen_bond_infinite_sheet,8.819501451356853e-05
202,1,20,escherichia_coli_expression_system,8.466886655700632e-05
203,1,20,classical_ptp,8.443641463946883e-05
204,1,20,impressive_comparison,8.384501515143182e-05
205,1,20,geometrical_scheme,8.32317491509363e-05
206,1,20,molecule_anion_nitrate,8.31539400540118e-05
207,1,20,solvent_water_molecule,8.275735254978196e-05
208,1,20,s_c_n,8.255323929212376e-05
209,1,20,twin_scale_factor,8.242858704428145e-05
210,1,21,k_absorption_edge,8.665216361182377e-05
211,1,21,solid_state,8.612213146558354e-05
212,1,21,quantum_crystal,8.596831454155156e-05
213,1,21,full_length,8.55632499443005e-05
214,1,21,coarse_grain_polycrystalline_speciman,8.471351635853807e-05
215,1,21,respectively_ii_i,8.32212385547631e-05
216,1,21,diffraction_quality_crystal_form,8.288222573825271e-05
217,1,21,pyridinium_oxide_n_crystal,8.285535837879998e-05
218,1,21,bone_tissue_change,8.279866187057242e-05
219,1,21,cheap_organometallic_precursor,8.262526911943931e-05
220,1,22,ammonium_sulfate,8.735316927130836e-05
221,1,22,single_shoot_approach,8.567846478245313e-05
222,1,22,account_order_term_formula,8.47417889592661e-05
223,1,22,linear_size,8.33718148667251e-05
224,1,22,adaptor_complex,8.322350170418503e-05
225,1,22,experimental_condition,8.309305167712068e-05
226,1,22,functionally_uncharacterized_protein,8.307045067686404e-05
227,1,22,resolution_function_geometrical_factor,8.26092388905271e-05
228,1,22,different_polyanion,8.259220499518818e-05
229,1,22,emphanisis_several_explanation,8.255670891349174e-05
230,1,23,careful_analysis,8.89545307168705e-05
231,1,23,cambridge_structural_database_search,8.367445701397564e-05
232,1,23,dense_connect_silicate,8.347127674457837e-05
233,1,23,bear_approximation,8.276200733235051e-05
234,1,23,hydroxymethyl_amide,8.240162934178222e-05
235,1,23,forensic_analysis,8.22880487588817e-05
236,1,23,ag_bipy_chain,8.21558147781114e-05
237,1,23,hydrogen_storage,8.196393539670278e-05
238,1,23,size_solution_specie_distribution,8.181435945422543e-05
239,1,23,trinuclear_osmium_cluster_complex,8.173488488354778e-05
240,1,24,readout_system,8.679015206583265e-05
241,1,24,tran_tran_tran,8.578511525353204e-05
242,1,24,pyrosilicate_group,8.468722049240124e-05
243,1,24,quinoxaline_dioxide,8.454400077353359e-05
244,1,24,weak_c_h_anion,8.42516778295394e-05
245,1,24,flack_parameter_refinement,8.410076937599969e-05
246,1,24,n_o_n,8.342080920821215e-05
247,1,24,individual_crystallographer,8.30797055346612e-05
248,1,24,well_diffract_crystal,8.255861894922264e-05
249,1,24,low_valent,8.202408547588848e-05
250,1,25,nm_lambda_alpha,8.417910823186216e-05
251,1,25,edge_dislocation,8.363882399831485e-05
252,1,25,n_zn_angle,8.358675132569375e-05
253,1,25,group_correspond_scheme,8.32857885243722e-05
254,1,25,maximum_deviation_bromobenzene_unit,8.306769576132344e-05
255,1,25,direct_tool,8.28270779628724e-05
256,1,25,cis_c_d,8.281337178131779e-05
257,1,25,biological_function,8.241508983003813e-05
258,1,25,broaden_size_propensity,8.229648827311435e-05
259,1,25,squarate_anion_o_atom,8.227918679149808e-05
260,1,26,c_pr,8.814353757084244e-05
261,1,26,trifluoromethanesulfonate_dichloromethane,8.613464337907617e-05
262,1,26,gamma_beta,8.503771356622311e-05
263,1,26,sphere_orthorhombic_packing,8.499859181560787e-05
264,1,26,probabilistic_formula,8.399636709321589e-05
265,1,26,diyttrium_heptaoxodisilicate,8.388912689291554e-05
266,1,26,btb_domain_adaptor,8.38419843144495e-05
267,1,26,excess_result_chloride_dihydrate,8.364196506838895e-05
268,1,26,novel_approach,8.332393873770457e-05
269,1,26,individual_crystallographer,8.29520630600391e-05
270,1,27,megabyte_store,8.76965807261915e-05
271,1,27,aromatic_substituent,8.559169751341905e-05
272,1,27,interest_candidate,8.484485224958947e-05
273,1,27,nicotinate_residue,8.479377302828509e-05
274,1,27,aromatic_ring_system_deg,8.418973217623222e-05
275,1,27,inorganic_pyrophosphatase,8.407084279991167e-05
276,1,27,exist_material,8.331349172727735e-05
277,1,27,salt_nicotinamide_moiety,8.30906389074741e-05
278,1,27,deg_theta_b,8.29684999399882e-05
279,1,27,osulfonate_bond,8.279793457939448e-05
280,1,28,correct_equation,9.057953118865468e-05
281,1,28,know_require_transferase,8.659015558569501e-05
282,1,28,crystal_cation_distribution,8.533936279644992e-05
283,1,28,malonate_dianion_contain,8.511457158521809e-05
284,1,28,alpha_n_alpha,8.489496031982242e-05
285,1,28,behaviour_shape,8.436590935185447e-05
286,1,28,chelate_nccn_group,8.377782400490323e-05
287,1,28,oxidative_fold,8.34165730812534e-05
288,1,28,n_methylimidazole,8.327545153557842e-05
289,1,28,minus_deg,8.326090844597381e-05
290,1,29,immune_system,8.645624492027186e-05
291,1,29,extend_structure,8.630576579371934e-05
292,1,29,molecular_replacement_model,8.565751548543024e-05
293,1,29,si_framework,8.548371394685053e-05
294,1,29,weak_medium_intensity,8.39771119632534e-05
295,1,29,synthetic_methylene,8.290041512523206e-05
296,1,29,middot_complex,8.273530850844964e-05
297,1,29,linear_dependence,8.261897124388668e-05
298,1,29,o_bidentate_schiff_base,8.249224011672099e-05
299,1,29,beta_aring_nbsp_c,8.195838729310747e-05
300,1,30,vme_board_gatenet_module,8.530906594433129e-05
301,1,30,double_shell_spherical_mask,8.379870531925045e-05
302,1,30,inh_coordinate,8.35896025556113e-05
303,1,30,root_framework,8.285115542001361e-05
304,1,30,dimensional_architecture,8.181283172266362e-05
305,1,30,bond_metallic_nature,8.179364366007058e-05
306,1,30,catechol_aromatic_ring,8.150912021100563e-05
307,1,30,atomic_vibration_component_covariance,8.150752439601464e-05
308,1,30,unconventional_approach,8.132152308186808e-05
309,1,30,pumice_measurement,8.124467012687936e-05
310,1,31,amine_n_imine_n,8.927929883494771e-05
311,1,31,intramolecular_n,8.609767353311528e-05
312,1,31,central_nd_atom,8.580753739766151e-05
313,1,31,stack_molecule_exhibit,8.531057232713502e-05
314,1,31,synthetic_crystal,8.503712107303848e-05
315,1,31,intelligent_multipurpose,8.419624751428036e-05
316,1,31,methanolate_methanol,8.405656588740543e-05
317,1,31,vapor_diffusion,8.249441149457355e-05
318,1,31,nucleoside_diphosphate,8.236285459667679e-05
319,1,31,osulfonate_hydrogen_bond,8.231066002397688e-05
320,1,32,small_terminase,8.637990882050103e-05
321,1,32,bjerrum_length,8.500973436420753e-05
322,1,32,l_threonine,8.489074613972639e-05
323,1,32,etoh_result,8.399206749029222e-05
324,1,32,d_aring_lambda_line,8.306471868265077e-05
325,1,32,bifurcate_hydrogen_bond_linear,8.292785233392695e-05
326,1,32,peptidoglycan_hydrolase,8.285793449412059e-05
327,1,32,negative_strand_rna_synthesis,8.279823046504897e-05
328,1,32,reinforcement_effect_understand,8.271020426770057e-05
329,1,32,exocyclic_dysprosium_complex,8.263735524920591e-05
330,1,33,precipitate_agent,8.654311322138896e-05
331,1,33,helical_arrangement,8.561978972298814e-05
332,1,33,downward_diffraction_laue_spot,8.553081255835154e-05
333,1,33,cleavage_site,8.467209942081984e-05
334,1,33,gas_liquid,8.428238684519137e-05
335,1,33,magnesium_acetate,8.330477867557111e-05
336,1,33,protein_synthesis_initiation,8.27741053751507e-05
337,1,33,unit_cell_size_effect,8.276659953451047e-05
338,1,33,topo_tomography_experiment,8.21520129888921e-05
339,1,33,zwitterionic_molecule,8.213226632426636e-05
340,1,34,pressure_linearly_decrease,9.22459782170936e-05
341,1,34,heat_load_wide_range,8.556863307172387e-05
342,1,34,disulphide_bond,8.432088320914953e-05
343,1,34,co_maleic_anhydride,8.359849816914798e-05
344,1,34,commission_test,8.35412935986285e-05
345,1,34,benzene_ring_mean_plane,8.334017034299437e-05
346,1,34,bidentate_deprotonat_catechol,8.311046359660384e-05
347,1,34,profile_fit,8.27502520746893e-05
348,1,34,bor_c_structure,8.205462406629651e-05
349,1,34,basal_plane_carboxylate_group,8.194534036656297e-05
350,1,35,atomic_scatter_calculation,8.885919075552108e-05
351,1,35,termination_effect,8.881069072018463e-05
352,1,35,fluorite_superstructure,8.780154338838288e-05
353,1,35,waclawik_amp,8.625460721532998e-05
354,1,35,o_torsion,8.566592707942378e-05
355,1,35,o_weak_c_h,8.556333931987658e-05
356,1,35,light_scatter,8.453011447500328e-05
357,1,35,immediate_surround,8.403298711085163e-05
358,1,35,rational_common_zone,8.390547673295264e-05
359,1,35,solution_experiment,8.388792250416172e-05
360,1,36,photographic_method_requirement_advantage,9.177741379941388e-05
361,1,36,benzaldehyde_phenyl_ring,8.424131831837444e-05
362,1,36,alpha_helix,8.371004042310927e-05
363,1,36,complex_binuclear,8.347586771787407e-05
364,1,36,tran_trigonal_bipyramidal_coordination,8.315515275803719e-05
365,1,36,interference_function,8.311340260704247e-05
366,1,36,viral_encode_terminase,8.240695993182504e-05
367,1,36,immediate_surround,8.230256863987614e-05
368,1,36,weak_pi_pi,8.219002583503673e-05
369,1,36,active_site_biomimic,8.205848349118968e-05
370,1,37,bridge_methylene,8.483187746696302e-05
371,1,37,reciprocal_lattice_point,8.453283127095403e-05
372,1,37,environment_problem,8.416119968906525e-05
373,1,37,hydrogen_bond_extensive_network,8.285372436874148e-05
374,1,37,overlap_arrangement,8.254702975804696e-05
375,1,37,dizinc_selenium,8.241902793232124e-05
376,1,37,wavelength_anomalous_scatter_datum,8.241286832632572e-05
377,1,37,bind_pocket,8.240850919080111e-05
378,1,37,beta_hydrate,8.2369133292139e-05
379,1,37,rigid_body_theory,8.215875385235087e-05
380,1,38,plp_cofactor_pyridoxal_phosphate,8.872053068840478e-05
381,1,38,mesoporous_silica_matrix,8.614845566393443e-05
382,1,38,o_sheet_form_interaction,8.603348143730087e-05
383,1,38,material_luminescent_property,8.544133553070935e-05
384,1,38,program_raddose_significant_improvement,8.535026568674288e-05
385,1,38,benzene_triazole_ring,8.317783192020982e-05
386,1,38,strength_proportional,8.294229909419923e-05
387,1,38,cn_minus,8.290638339234039e-05
388,1,38,n_c_bond,8.274221875369306e-05
389,1,38,problematic_small_molecule_structure,8.210765039281364e-05
390,1,39,monodentate_carboxylate,9.41437897323064e-05
391,1,39,kappa_polymorph,8.821901351080287e-05
392,1,39,deglycosylat_glycosylat_protein,8.735584872251507e-05
393,1,39,naphthalene_ring_centroid,8.614490167100124e-05
394,1,39,aring_wild_type_enzyme,8.439173387430429e-05
395,1,39,sugar_contain_structure,8.392090597283634e-05
396,1,39,methoxymethyl_phenyl_ether,8.380425108139515e-05
397,1,39,independent_cuii_center,8.379913595045847e-05
398,1,39,phase_error_estimate_quality,8.355624228172158e-05
399,1,39,agi_polytype,8.328611161460497e-05
400,1,40,exist_phase_method,8.963856092984074e-05
401,1,40,pair_chloride_bridge,8.595576756950573e-05
402,1,40,c_d_ring,8.481967080755772e-05
403,1,40,stoichiometric_reaction,8.344509143910947e-05
404,1,40,wide_repertoire,8.33062384581878e-05
405,1,40,twist_chair_conformation_ring,8.286122692724352e-05
406,1,40,free_coordinate_water_molecule,8.229169669785906e-05
407,1,40,c_x_c,8.223453359810294e-05
408,1,40,new_polymorph,8.188585246115941e-05
409,1,40,cu_aring_distance,8.135660329218677e-05
410,1,41,antagonist_agonist,9.082842078112909e-05
411,1,41,recrystallization_phenomenon,9.082561233557183e-05
412,1,41,decameric_ring,8.583069588729575e-05
413,1,41,phase_technique,8.548309827942336e-05
414,1,41,barrel_shape,8.520908511762432e-05
415,1,41,elucidate_basic_principle,8.501654532770353e-05
416,1,41,density_modification,8.482182746227355e-05
417,1,41,large_correlation_length,8.477225368718777e-05
418,1,41,rigid_body,8.40010224020382e-05
419,1,41,similar_resolution_diffract_crystal,8.35490288480945e-05
420,1,42,axis_correspond,8.353422222960396e-05
421,1,42,hydrogen_bond_acceptor,8.326720581488929e-05
422,1,42,serine_protease,8.235912570512822e-05
423,1,42,positive_construction,8.208748237877378e-05
424,1,42,material_chemistry,8.195874944681623e-05
425,1,42,chiral_c_atom,8.193171758098033e-05
426,1,42,thf_hexane_solution,8.18481594547904e-05
427,1,42,signal_protein,8.173926832889414e-05
428,1,42,ternary_level,8.165702852371804e-05
429,1,42,cbed_pattern,8.162532252045852e-05
430,1,43,kev_inverse_beam_protocol,9.553190460949207e-05
431,1,43,paroxetine_hemihydrate_arrangement_stability,8.77850582832297e-05
432,1,43,network_form_axis_direction,8.592260056596768e-05
433,1,43,ring_chain,8.475280784967351e-05
434,1,43,oxidative_fold,8.4682077789505e-05
435,1,43,nervous_system,8.340083778206449e-05
436,1,43,asymmetric_unit_molecule_presence,8.32773602946751e-05
437,1,43,overwhelming_evidence,8.296265039000972e-05
438,1,43,pi_distance,8.179857791468841e-05
439,1,43,extend_structure,8.165842075638283e-05
440,1,44,homologous_protein,8.865795676704915e-05
441,1,44,methanol_molecule_water_form,8.423851774715418e-05
442,1,44,technology_advance,8.421674420192991e-05
443,1,44,slip_measure,8.381823397711885e-05
444,1,44,furan_ring_plane,8.331054977331329e-05
445,1,44,slow_dehydration,8.280482354584849e-05
446,1,44,crystallographically_observe_molecular_structure,8.248416376087776e-05
447,1,44,reciprocal_lattice_reflection,8.24619439169955e-05
448,1,44,continuous_base_position_pair,8.221227618361696e-05
449,1,44,monte_carlo_method,8.216006017566487e-05
450,1,45,ester_aggregate_isopropyl_molecule,8.677902209484816e-05
451,1,45,tetrahydrofuran_ligand,8.594018550640925e-05
452,1,45,new_subaru_project,8.57989205263894e-05
453,1,45,acetyl_group,8.448583205246888e-05
454,1,45,cryocool_crystal,8.371219342360018e-05
455,1,45,loop_form_cleave,8.35723660784247e-05
456,1,45,covariance_analysis,8.326399578518131e-05
457,1,45,crystallographic_laboratory,8.321087442221638e-05
458,1,45,backbone_atom,8.292691192756765e-05
459,1,45,phase_tool,8.278356987728773e-05
460,1,46,orthorhombic_packing,8.447168406285913e-05
461,1,46,class_dhod,8.398835320605285e-05
462,1,46,serial_crystallography,8.316134821809002e-05
463,1,46,supramolecular_layer,8.313854848079818e-05
464,1,46,alkaliphilic_bacillus_sp_mannanase,8.279603740232723e-05
465,1,46,short_interaction,8.206159571168499e-05
466,1,46,interionic_c,8.184099604257966e-05
467,1,46,indole_ring,8.146584675459741e-05
468,1,46,crystallization_temperature,8.137415222795435e-05
469,1,46,intermolecular_o,8.126883998872222e-05
470,1,47,independent_v_atom,8.855368067065713e-05
471,1,47,si_atom,8.514461685692552e-05
472,1,47,short_range_electrostatic_interaction,8.508842939634678e-05
473,1,47,crystallization_condition_relative_stability,8.506111342892698e-05
474,1,47,x_minus,8.50311143721974e-05
475,1,47,enzymatic_activity,8.414343466481447e-05
476,1,47,minus_study_composition,8.384106142331077e-05
477,1,47,crystal_single_enantiomer,8.270377624754677e-05
478,1,47,c_h_perchlorate_anion,8.235213707575946e-05
479,1,47,downward_diffraction,8.188787936296824e-05
480,1,48,accurate_measurement,9.115543746868671e-05
481,1,48,distort_octahedral_geometry,8.663527283080744e-05
482,1,48,radiation_k_alpha_line,8.30811439423318e-05
483,1,48,hen_egg_white_lysozyme,8.255148716405246e-05
484,1,48,dominate_primary_model_parameter,8.208477640551041e-05
485,1,48,sparteine_base,8.194469319328611e-05
486,1,48,deprotonat_catechol,8.190271543642719e-05
487,1,48,phosphine_substitute_complex,8.150536843045456e-05
488,1,48,simple_sign_relationship_study,8.126849746207493e-05
489,1,48,previously_unknown_structure,8.122698551248263e-05
490,1,49,cu_symmetry_centre_atom,8.741800803028683e-05
491,1,49,benzotriazole_ring_system,8.625260968524002e-05
492,1,49,damage_profile,8.478533495354988e-05
493,1,49,neutron_diffraction_datum,8.456721707133063e-05
494,1,49,lattice_water_molecule,8.229265961676975e-05
495,1,49,cyclopentane_ring_prime_atom,8.227495798743549e-05
496,1,49,nlo_property,8.201456791274232e-05
497,1,49,i_sigma,8.163795262269646e-05
498,1,49,nonlinear_optimization_problem,8.150387512462498e-05
499,1,49,tin_indium_cadmium,8.140293594336475e-05
0,2,0,disorder_fluorine_atom,7.751783850293669e-05
1,2,0,particular_in_pseudosymmetry_decrease,7.671842996079942e-05
2,2,0,bipyramidal_environment,7.659620370106564e-05
3,2,0,tran_postition,7.646230325449927e-05
4,2,0,angle_result,7.643708635177131e-05
5,2,0,unambiguous_sequence_assignment,7.612178952702684e-05
6,2,0,central_c,7.54668985093365e-05
7,2,0,expect_d_phase,7.540840515859766e-05
8,2,0,anomalous_difference_patterson_map,7.535300024446331e-05
9,2,0,pi_pi_interaction,7.523675978002794e-05
10,2,1,call_shashlik_like_pattern,8.08808146414734e-05
11,2,1,petn_design_basis,7.991533934015057e-05
12,2,1,donor_acceptor_distance,7.786378128736504e-05
13,2,1,glycyl_l_threonine_dihydrate,7.686828654692128e-05
14,2,1,optical_system,7.680914314383552e-05
15,2,1,gas_clathrate,7.67451536903437e-05
16,2,1,position_substitution,7.605457143220482e-05
17,2,1,nucleotide_bind,7.581104023370954e-05
18,2,1,quantity_value,7.559436549467903e-05
19,2,1,unique_characterization,7.541402821429381e-05
