,run,topic,terms,p
rmanide,8.421305544254346e-05
1,1,0,single_oxide_ligand,8.395885418402062e-05
2,1,0,efficient_way,8.299463515023317e-05
3,1,0,middot_minus_middot_salt,8.290011649768133e-05
4,1,0,molecular_oxygen_bind,8.163611131932578e-05
5,1,0,protein_potential_recognition_site,8.157153320208463e-05
6,1,0,nitrogen_carbon,8.151681066552067e-05
7,1,0,hydrogen_cyanide,8.148254727626833e-05
8,1,0,bridgehead_bond_length,8.134664878509291e-05
9,1,0,regulatory_cascade,8.107776260475579e-05
10,1,1,acta_cryst_precede_paper,8.645588380200926e-05
11,1,1,net_realization,8.33575218266511e-05
12,1,1,polycrystalline_sample,8.266862737778628e-05
13,1,1,there_pi,8.260525520738066e-05
14,1,1,ring_attach_hydroxy_group,8.15777201879666e-05
15,1,1,trigonal_prismatic_coordination,8.149253143896697e-05
16,1,1,naphthyl_ring_plane,8.14616036030448e-05
17,1,1,counterion_distribution,8.120975788521142e-05
18,1,1,pi_h,8.0914582818474e-05
19,1,1,squaric_acid_h_atom,8.068597505148917e-05
20,1,2,main_structural_difference,8.48286528336892e-05
21,1,2,error_estimate_convergence,8.29174444152563e-05
22,1,2,aring_resolution_phase,8.284147963187128e-05
23,1,2,advanced_beamlines_suite,8.207055420703556e-05
24,1,2,b_axis_ribbon,8.179488760947634e-05
25,1,2,viral_encode_terminase,8.167100651561068e-05
26,1,2,tensor_property,8.163609576560306e-05
27,1,2,hc_anion,8.162783928977838e-05
28,1,2,waller_factor_effect,8.106974309494733e-05
29,1,2,angle_analysis,8.088140312628279e-05
30,1,3,dy_coordination,8.589421301428961e-05
31,1,3,cu_symmetry_centre_atom,8.254746407280077e-05
32,1,3,v_mo_mo_atom,8.186705583090249e-05
33,1,3,controllable_polarization,8.152532861980683e-05
34,1,3,analogous_sm_crystal,8.143213955285056e-05
35,1,3,vitro_selection,8.107047837316101e-05
36,1,3,numerical_examination,8.10660669385176e-05
37,1,3,sit_drop,8.097628758625637e-05
38,1,3,nucleus_form_microscope,8.072549850974546e-05
39,1,3,fractional_order,8.056423146629312e-05
40,1,4,approximate_pentagonal_bipyramidal_configuration,8.529958994502043e-05
41,1,4,x_ray_energy,8.525516611211523e-05
42,1,4,comparative_structural_biology,8.523745084229076e-05
43,1,4,n_hydrogen_bond,8.451799705111565e-05
44,1,4,certain_biological_reaction_cofactor,8.357785951266917e-05
45,1,4,nitro_amino,8.319815156841332e-05
46,1,4,independent_reflection,8.30019786908775e-05
47,1,4,gas_liquid_type_transition,8.29063988581756e-05
48,1,4,putative_bacterial_quinol_oxidase,8.261512296319924e-05
49,1,4,space_group_condition,8.214657820586399e-05
50,1,5,viz_derivative,8.703644457924272e-05
51,1,5,central_membered_ring,8.496460793348404e-05
52,1,5,datum_trend,8.493946444469235e-05
53,1,5,function_intramolecular_motion,8.446882291355108e-05
54,1,5,chloro_ligand,8.434988975844753e-05
55,1,5,distort_octahedral_configuration,8.386317271292287e-05
56,1,5,crystallization_condition,8.27079984506434e-05
57,1,5,estimate_phasis,8.164585418640612e-05
58,1,5,c_hydrogen,8.140678902938075e-05
59,1,5,transmission_laue_case,8.130842596693401e-05
60,1,6,h_protein,8.698729092123518e-05
61,1,6,magnetic_anisotropy,8.535671779902967e-05
62,1,6,low_content_component,8.320053698394447e-05
63,1,6,ch_group,8.311503398449694e-05
64,1,6,hirshfeld_surface_analysis_mean,8.294546545381705e-05
65,1,6,normal_access,8.233708785749706e-05
66,1,6,rubber_polymer,8.206579084293292e-05
67,1,6,cell_constant_space_group,8.187501914887267e-05
68,1,6,high_anisotropy,8.17487173775977e-05
69,1,6,thin_diamond_crystal,8.163337990716593e-05
70,1,7,r_increase,8.622525105340183e-05
71,1,7,x_ray_induce_change,8.570085640282577e-05
72,1,7,biphenyl_fragment,8.458528021966256e-05
73,1,7,prefer_antiphase_domain_boundary,8.445394343814896e-05
74,1,7,burgers_vector,8.400341499138529e-05
75,1,7,zn_o,8.321413095045922e-05
76,1,7,circuit_structure,8.278149788505541e-05
77,1,7,high_know_energy_density,8.271641297683675e-05
78,1,7,average_size,8.258364829179048e-05
79,1,7,form_chain_hydrogen_bond,8.251562132506798e-05
80,1,8,refinement_result,8.674760226065587e-05
81,1,8,fluoride_water_sheet_network,8.588476734002776e-05
82,1,8,precede_paper,8.450315985611844e-05
83,1,8,anionic_schiff_base_ligand,8.34068384566356e-05
84,1,8,piperazinediium_cation,8.314658478664015e-05
85,1,8,charge_distribution,8.279084788196158e-05
86,1,8,high_multipole_sum,8.274333011868128e-05
87,1,8,hitherto_unknown_fold,8.251603293009894e-05
88,1,8,xrd_result,8.213225289370963e-05
89,1,8,viz_hexhydroindazole_ring_system,8.114030740317189e-05
90,1,9,tyrosine_nearby_arginine,8.658354170718923e-05
91,1,9,point_dipole_polarizability,8.651603103813977e-05
92,1,9,bridge_pair,8.379309034113063e-05
93,1,9,cornell_electron,8.376196596596457e-05
94,1,9,great_advantage,8.315792686925802e-05
95,1,9,distort_octahedral_manner,8.210822009119926e-05
96,1,9,germanium_case,8.153751155557495e-05
97,1,9,l_arginine_biosynthesis,8.153373245615343e-05
98,1,9,carbonic_anhydrase,8.130272204988089e-05
99,1,9,probable_solvent_content,8.096261987356809e-05
100,1,10,pi_sample_efficiency_flexibility,8.702222700036862e-05
101,1,10,barrel_interaction,8.521085518186549e-05
102,1,10,dimensional_tiling,8.449953014030015e-05
103,1,10,useful_negative_relation,8.380716805910786e-05
104,1,10,west_nile_fever,8.338356903616324e-05
105,1,10,d_pack_molecule_mannitol,8.24783903905465e-05
106,1,10,datamatrix_reader,8.219963277064288e-05
107,1,10,alternate_fashion,8.1902290439817e-05
108,1,10,slip_band,8.155232755600366e-05
109,1,10,incident_beam_respect,8.155184192348799e-05
110,1,11,dip_inhibit_trypsin,8.400547533215776e-05
111,1,11,n_diethyl_n,8.368520360752943e-05
112,1,11,symmetrical_tiling_coloring,8.352865244103223e-05
113,1,11,ethanol_solvent,8.303687785894333e-05
114,1,11,ethanol_solvent_molecule,8.300957841939633e-05
115,1,11,intermolecular_hydrogen_bond_interaction,8.233803544387728e-05
116,1,11,calculate_intensity,8.216006181950522e-05
117,1,11,vapour_condition_diffusion_drop,8.202438370654053e-05
118,1,11,human_expert,8.15282709839386e-05
119,1,11,finite_order_form,8.093225421232003e-05
120,1,12,dicalcium_silicate,8.767513697900503e-05
121,1,12,silicon_nitride_nanocrystalline_powder,8.75844315597224e-05
122,1,12,mir_phase_technique,8.69010201132795e-05
123,1,12,k_mutant,8.594785958392178e-05
124,1,12,mycobacterium_specie,8.548383796887789e-05
125,1,12,vice_versa_octahedron_vertex,8.397408694461159e-05
126,1,12,hexadecaisoleucinomycin_hexil_include_structure,8.370204297272045e-05
127,1,12,atp_saicar_synthase_complex,8.31827424781977e-05
128,1,12,deep_insight,8.296945417769957e-05
129,1,12,length_profile,8.27074933424061e-05
130,1,13,dimensional_array_produce_interaction,8.312652112485718e-05
131,1,13,cyclohexene_oxide,8.291210450630321e-05
132,1,13,view_structural_point,8.253316807890021e-05
133,1,13,statistical_parameter,8.239122668001547e-05
134,1,13,spatial_temporal_control,8.200567207049061e-05
135,1,13,clear_physical_mean,8.141971941495469e-05
136,1,13,material_chemistry_science,8.135064832540963e-05
137,1,13,fix_phasis_bijective_map,8.132544590678286e-05
138,1,13,mu_tetrahedral_environment_group,8.11146359983889e-05
139,1,13,intensity_distribution,8.085709195450083e-05
140,1,14,pylorus_crystal_structure,8.507072306636631e-05
141,1,14,dimethylformamide_molecule_disorder,8.323421571386208e-05
142,1,14,main_phasis,8.201654380370677e-05
143,1,14,n_distance_pd,8.164966164168769e-05
144,1,14,oxygen_transport_metalloprotein,8.149890779909261e-05
145,1,14,tautomeric_equilibrium,8.095887663862192e-05
146,1,14,triclinic_polymorph,8.046954560497224e-05
147,1,14,s_dibenzyl,8.030142291863761e-05
148,1,14,cormorant_phalacrocorax_carbo_haemoglobin,8.01703867690572e-05
149,1,14,germanium_crystal,7.996948769667388e-05
150,1,15,piperidine_n_substituent_modification,8.460514159639828e-05
151,1,15,c_alpha_tran,8.433744305312507e-05
152,1,15,final_design,8.380884065235247e-05
153,1,15,slightly_distort_octahedral_structure,8.352448377446295e-05
154,1,15,imidazole_molecule,8.344476408611352e-05
155,1,15,host_lattice,8.294008794050641e-05
156,1,15,phenyl_ring,8.233169704236859e-05
157,1,15,parallel_dimensional_supramolecular_structure,8.210031700559242e-05
158,1,15,acetonitrile_molecule,8.145217937278982e-05
159,1,15,pyridine_coordinate_cuii_atom,8.143965652767649e-05
160,1,16,nbsp_concentration,8.542815672022364e-05
161,1,16,x_ray_diffraction_intensity,8.533613449186565e-05
162,1,16,enzymatic_activity,8.31017864551765e-05
163,1,16,inorganic_phosphate,8.303499479464136e-05
164,1,16,current_use,8.29976630739798e-05
165,1,16,form_molecular_layer,8.296278613828081e-05
166,1,16,flat_pseudo_centrosymmetric_dimer,8.154756163832567e-05
167,1,16,mean_deviation,8.117361155513355e-05
168,1,16,eulerian_cradle_center,8.114047554521723e-05
169,1,16,chocolate_product_etc_margarine,8.086200578187883e-05
170,1,17,long_axis,8.572720179277485e-05
171,1,17,o_h_intramolecular_formation,8.514280998163628e-05
172,1,17,complicate_hierarchical_structure,8.468409811534827e-05
173,1,17,real_time_five_example,8.444940210378606e-05
174,1,17,iv_indole,8.401466145221666e-05
175,1,17,energy_dispersive,8.324674344184954e-05
176,1,17,nitrate_ion_o_atom,8.219395331339318e-05
177,1,17,serine_residue,8.204985743509458e-05
178,1,17,hewl_crystal_quality,8.177917340560952e-05
179,1,17,equatorial_orientation,8.148316203174717e-05
180,1,18,coordinate_environment,8.595390059510451e-05
181,1,18,radiation_datum,8.554075362353388e-05
182,1,18,poor_indicator,8.51358074370373e-05
183,1,18,flexible_ligand,8.375354307753683e-05
184,1,18,close_pack_plane,8.355656963573093e-05
185,1,18,crystal_absorption,8.346511565597856e-05
186,1,18,molecular_mean_field_model,8.288108334254511e-05
187,1,18,intramolecular_n_h,8.164669040214875e-05
188,1,18,b_intensity_loss_factor,8.148204985412655e-05
189,1,18,anion_minus_half,8.143695136492098e-05
190,1,19,state_equilibrium,8.518646968820508e-05
191,1,19,test_calculation_numb,8.46796261581712e-05
192,1,19,counter_ion_protonat_prime,8.453391950686029e-05
193,1,19,cocaine_methiodide,8.41596918206069e-05
194,1,19,sulfonate_anion,8.4020629513686e-05
195,1,19,protein_native_form_site,8.340564342208892e-05
196,1,19,central_imine_group,8.335741392729735e-05
197,1,19,pyrimidine_imidazole_ring_plane,8.236930105368485e-05
198,1,19,complex_structure_binase,8.215383838591897e-05
199,1,19,solution_experiment,8.192107157654466e-05
0,2,0,agi_polytype,8.36817986861437e-05
1,2,0,determination_various_example,8.257483512949256e-05
2,2,0,structure_indole_ring_system,8.253408635865226e-05
3,2,0,bipyramidal_coordination_environment,8.226791817539753e-05
4,2,0,deprotonat_ligand,8.200829523771736e-05
5,2,0,therapeutic_benefit,8.19365335430994e-05
6,2,0,different_pressure_temperature_condition,8.188901880153147e-05
7,2,0,amide_group_plane,8.172353129716919e-05
8,2,0,electronic_delocalization,8.144291905059857e-05
9,2,0,deg_sample_rotation,8.134475250496826e-05
10,2,1,structural_organisation,8.929723296912783e-05
11,2,1,local_optimum,8.415651153558945e-05
12,2,1,crystal_spatial_distribution,8.344237464440856e-05
13,2,1,be_symmetry_site,8.233648457325204e-05
14,2,1,engineer_student,8.185700496572024e-05
15,2,1,thiocyanato_ligand_n_atom,8.181504508520537e-05
16,2,1,germanium_case,8.168949716720958e-05
17,2,1,ph_sodium_acetate,8.152384908609794e-05
18,2,1,mesenchymal_stem_cell_differentiation,8.139058265141543e-05
19,2,1,molecular_chirality,8.120071821370007e-05
20,2,2,additional_group,8.418884383204176e-05
21,2,2,cuboctahedrally_symmetric_protein_particle,8.30287108472913e-05
22,2,2,certain_limitation,8.301960753853695e-05
23,2,2,cationic_radius,8.225159330630217e-05
24,2,2,pyrimidinone_ring,8.157656251043114e-05
25,2,2,gecko_proximal_tail_vertebra,8.152355227957923e-05
26,2,2,multiple_beam,8.084878388954434e-05
27,2,2,metastable_phasis,8.078872342243533e-05
28,2,2,bulky_aromatic_substituent,8.05502225651884e-05
29,2,2,zwitter_ion_neutral_molecule,8.05472254965925e-05
30,2,3,simple_sign_relationship_study,8.60715555444016e-05
31,2,3,iron_atom,8.434253647674279e-05
32,2,3,special_consideration,8.398552476893076e-05
33,2,3,cluster_new_type,8.319868190714047e-05
34,2,3,singular_value,8.267991828079508e-05
35,2,3,opposite_phenyl_ring,8.21294589477148e-05
36,2,3,c_h_result,8.202244003848098e-05
37,2,3,present_system,8.176821646405569e-05
38,2,3,monolithic_double_crystal_measurement,8.169635766665489e-05
39,2,3,ug_rich_repeat,8.167655246943828e-05
40,2,4,infinite_layer_structure,8.934577795480166e-05
41,2,4,pyridyl_group,8.476921822097708e-05
42,2,4,new_structural_type,8.470984213552278e-05
43,2,4,octahedral_coordination_sphere,8.438035291142858e-05
44,2,4,good_route,8.427474803359196e-05
45,2,4,automatic_fit_procedure,8.299983908797573e-05
46,2,4,nmr_structure,8.252867658414653e-05
47,2,4,way_touch,8.240638568269834e-05
48,2,4,rational_common_zone,8.208197939552277e-05
49,2,4,individual_crystallographer,8.155695606651102e-05
50,2,5,particular_karle_hauptman_matrix,8.863766864586921e-05
51,2,5,possible_phase_transition,8.651105586314569e-05
52,2,5,stock_solution_crystallization_cocktail,8.478415259669729e-05
53,2,5,benzene_ring_coplanarity,8.344881463618536e-05
54,2,5,sulfur_sad_phase,8.267232330057449e-05
55,2,5,central_polysubstituted_benzene_ring,8.15857103626495e-05
56,2,5,anharmonic_temperature_evolution,8.156706060155184e-05
57,2,5,crystallographic_twofold_axis,8.139373074672805e-05
58,2,5,bridge_ligand_act_ligand,8.108629704278999e-05
59,2,5,example_computer_program,8.10110422382197e-05
60,2,6,real_time_five_example,8.552543068162892e-05
61,2,6,trigonometric_form,8.354402769023136e-05
62,2,6,silicon_zero_thermal_expansion,8.340962636884678e-05
63,2,6,gold_catalyse_cycloisomerization_reaction,8.309257385474664e-05
64,2,6,d_factor_d,8.183322329576057e-05
65,2,6,prime_cap,8.146332343073955e-05
66,2,6,tetragonal_space,8.127071562144268e-05
67,2,6,ring_phenylene,8.081165976887678e-05
68,2,6,dimensional_polymeric_structure,8.05751380739575e-05
69,2,6,dianionic_ligand,8.039990020968479e-05
70,2,7,biological_function,8.523414215632948e-05
71,2,7,se_peak,8.490728573058803e-05
72,2,7,putoria_calabrica,8.262594460128803e-05
73,2,7,condensation_theory,8.208676572834988e-05
74,2,7,miss_salt_bridge,8.193969443279019e-05
75,2,7,synchrotron_datum,8.187533048787337e-05
76,2,7,coli_inorganic_pyrophosphatase,8.18184989191506e-05
77,2,7,mu_racemic_cation,8.161245173721054e-05
78,2,7,iii_dimeric_complex,8.158909983220027e-05
79,2,7,ether_o_atom,8.13822766442251e-05
80,2,8,sulfate_anion_melaminium_cation,8.2585758922598e-05
81,2,8,crystal_delivery_method,8.25081133390644e-05
82,2,8,clostridium_thermocellum,8.203655022360515e-05
83,2,8,triplet_phasis,8.146267419825515e-05
84,2,8,pyridyl_n,8.128967172095311e-05
85,2,8,qualitatively_direct_comparison,8.125289172546792e-05
86,2,8,bidentate_bipyridine_cis_chloride,8.123119306860525e-05
87,2,8,trim_relaxation,8.121832619983953e-05
88,2,8,experimental_condition,8.120391374979295e-05
89,2,8,mathematical_condition,8.074449335254076e-05
90,2,9,cmcf_staff,9.194355910688691e-05
91,2,9,isopropanol_acetone,8.61716307181671e-05
92,2,9,hexagonal_material,8.557693816152685e-05
93,2,9,gst_fusion,8.419753488012487e-05
94,2,9,bridge_hydrogen_bond,8.262947125280604e-05
95,2,9,linker_region,8.212512292729294e-05
96,2,9,blade_normal_vector,8.201011145468603e-05
97,2,9,substrate_entry,8.168797874098097e-05
98,2,9,aqua_o_atom,8.156103608460721e-05
99,2,9,l_gamma,8.154013727125123e-05
100,2,10,bioinorganic_inorganic_molecule,8.904635627905159e-05
101,2,10,genetic_introduction,8.477242170479223e-05
102,2,10,screw_boat_half_chair,8.416586416198742e-05
103,2,10,interpenetrate_layer,8.313162138237316e-05
104,2,10,ferroelectric_phase_transition,8.301397570377672e-05
105,2,10,methyl_h,8.279099785949975e-05
106,2,10,high_datum_compatible_symmetry,8.199542965931247e-05
107,2,10,amorphize_crystal_break_transition,8.129907088753913e-05
108,2,10,polymer_concentration_statistical_fluctuation,8.104118114445965e-05
109,2,10,conserve_fragment,8.071820652651572e-05
110,2,11,although_chlorpropamide_polymorphic_property,9.18991639044444e-05
111,2,11,macroscopic_scale,8.914212281192275e-05
112,2,11,commercial_conductive_carbon_black,8.697209079305316e-05
113,2,11,twofold_screw_axis,8.394164807008261e-05
114,2,11,complex_molecule,8.344591084641355e-05
115,2,11,internal_micelle_structure,8.332261923215568e-05
116,2,11,phasis_structure_factor,8.307204330151284e-05
117,2,11,beta_aring_nbsp,8.266867818052799e-05
118,2,11,symmetry_fix_site,8.18441148363898e-05
119,2,11,molecular_tape,8.156497438307171e-05
120,2,12,x_ray_spectrum,8.61725398581021e-05
121,2,12,distinguishable_anomalous_signal,8.543897410157547e-05
122,2,12,adjacent_znii_center,8.542612948178261e-05
123,2,12,transcription_replication_process,8.45114536719418e-05
124,2,12,clock_oscillator,8.449521961182708e-05
125,2,12,beta_beta_delta,8.42332632968149e-05
126,2,12,finite_order_form,8.394666133669404e-05
127,2,12,fourier_map,8.334930274114417e-05
128,2,12,c_deacetylase,8.317609994704264e-05
129,2,12,thermal_slope,8.300045624245432e-05
130,2,13,material_elastic_constant,8.751099575542926e-05
131,2,13,enteric_pathogen,8.748147749769915e-05
132,2,13,refraction_effect,8.309787736128567e-05
133,2,13,hartree_fock_approximation,8.270351142617064e-05
134,2,13,minor_component,8.233206487840222e-05
135,2,13,inelastic_x_ray_scatter,8.187686819083044e-05
136,2,13,dimensional_parallel_layer,8.062579975664141e-05
137,2,13,gas_catalysis,8.055043479461644e-05
138,2,13,type_iii_polyketide_synthase,8.05153021886829e-05
139,2,13,methyl_group,8.041795424106124e-05
140,2,14,sodium_channel,8.49254140124299e-05
141,2,14,cyclopentadienyl_ring,8.472171909132224e-05
142,2,14,hydrogen_bond_perchlorate,8.411529772280781e-05
143,2,14,horizontal_axis,8.394885188675954e-05
144,2,14,e_pathway,8.218443860327085e-05
145,2,14,different_material,8.213381053995575e-05
146,2,14,previous_method,8.184613533372521e-05
147,2,14,micrometre_range_structure,8.122505263183884e-05
148,2,14,shell_model,8.119764143567957e-05
149,2,14,thiocyanate_ion,8.118253751645751e-05
