,run,topic,terms,p
21730917661567e-05
1,1,0,spatial_temporal_control,8.453823685121632e-05
2,1,0,n_phenylcarbamic_bromide,8.402121571260064e-05
3,1,0,fiveo_na_k,8.317589992425418e-05
4,1,0,twin_boundary_probable_distance,8.291876931538481e-05
5,1,0,crystallographic_twofold_rotational_symmetry,8.283913646417131e-05
6,1,0,correspond_pr,8.271492123009897e-05
7,1,0,large_unit_cell,8.263567835683369e-05
8,1,0,chiral_n_cinnamoyl_derivative,8.263548654932978e-05
9,1,0,such_mix_anion_phasis,8.227173797258017e-05
10,1,1,growth_temperature,8.891098970892091e-05
11,1,1,tga_thermogravimetric_analysis,8.632904655702521e-05
12,1,1,debye_waller_factor,8.619445216096501e-05
13,1,1,surface_fractality,8.560464000748893e-05
14,1,1,different_channel,8.38664509028479e-05
15,1,1,iii_dimethylsilicon,8.330808083948e-05
16,1,1,isocyanide_group,8.31413296245893e-05
17,1,1,prior_information,8.265788144297673e-05
18,1,1,dichloro_tran,8.214046106967145e-05
19,1,1,count_loss_count_time,8.207766756978976e-05
20,1,2,wavelength_anomalous_scatter_term,8.806696337771053e-05
21,1,2,bridge_methylene_c_atom,8.555692940149388e-05
22,1,2,accurate_synchrotron_datum_collection,8.543517901115603e-05
23,1,2,lone_pair,8.401270115072896e-05
24,1,2,benzoxazole_ring_system_coumarin,8.370574992345695e-05
25,1,2,short_intermolecular_s_topology,8.304949128913167e-05
26,1,2,x_ray_generator,8.245262172437954e-05
27,1,2,silica_analogue,8.207302918895472e-05
28,1,2,nonconvex_nonlinear_optimization_problem,8.204040339401397e-05
29,1,2,twin_structure_occurrence,8.159755157812328e-05
30,1,3,contrast_variation,8.670610294304171e-05
31,1,3,pailred_automatic_diffractometer,8.4397583006778e-05
32,1,3,malonate_dianion_contain,8.223274739117976e-05
33,1,3,b_aring_c,8.219695914097051e-05
34,1,3,prime_prime_ligand,8.216759097065004e-05
35,1,3,racemic_cation,8.183127981997818e-05
36,1,3,topological_relation,8.178772688286589e-05
37,1,3,angle_distortion,8.165296177642369e-05
38,1,3,anharmonic_effect,8.13241922897385e-05
39,1,3,distort_octahedral_geometry_anion,8.119378990677635e-05
40,1,4,f_intramolecular_interaction,8.99127476104838e-05
41,1,4,o_h_plane_parallel,8.829608754532469e-05
42,1,4,additional_cap_atom_prism,8.54795651711512e-05
43,1,4,para_substituent,8.436219237321449e-05
44,1,4,fine_structure,8.409606549107852e-05
45,1,4,unit_cell_minus_anion,8.38036349852297e-05
46,1,4,pdb_secondary_structural_feature,8.372472447722409e-05
47,1,4,microbial_gaba_transaminase,8.362067621997219e-05
48,1,4,centrosymmetric_crystal,8.347572801902989e-05
49,1,4,terminal_phenyl,8.315423634531385e-05
50,1,5,additional_group,8.658233642423747e-05
51,1,5,o_pack_hydrogen_bond,8.539612096500091e-05
52,1,5,beta_region_alpha,8.529631580988067e-05
53,1,5,propagate_infinite_zigzag_chain,8.373489843207583e-05
54,1,5,crystal_pack_steric_factor,8.373357490389662e-05
55,1,5,naturally_occur_polymorphism,8.229514702178808e-05
56,1,5,oxide_detergent,8.2246271206867e-05
57,1,5,map_quality,8.220639602507087e-05
58,1,5,prevail_type_stack,8.163346914693194e-05
59,1,5,unfavorable_eclipse_conformation,8.1586621956652e-05
60,1,6,irregular_polyhedron_coordinate,8.565550716801226e-05
61,1,6,ii_i_semicarbazone,8.517126232358418e-05
62,1,6,normalize_structure,8.508115679330643e-05
63,1,6,er_stress_transducer,8.359984526959149e-05
64,1,6,molecular_skeleton_approximate_planarity,8.3019668970562e-05
65,1,6,proton_transfer_hydrate,8.293595404491813e-05
66,1,6,plane_wave_condition,8.271206770674463e-05
67,1,6,parameter_method_sample,8.224399178306921e-05
68,1,6,laue_diffraction,8.183829915098358e-05
69,1,6,coherent_light_source,8.160228850330463e-05
70,1,7,anharmonic_nuclear_motion,8.915002156486358e-05
71,1,7,isopropyl_molecule,8.357686097395787e-05
72,1,7,train_personnel,8.231776994854447e-05
73,1,7,form_spherulite,8.228425349464323e-05
74,1,7,coordinate_complex,8.221267161156209e-05
75,1,7,different_anion,8.220766670937013e-05
76,1,7,zone_axis,8.218999253835811e-05
77,1,7,formally_specie_oligomeriz,8.209742860327037e-05
78,1,7,macrocycle_adopt_cone_conformation,8.194380842878897e-05
79,1,7,impurity_concentration,8.180199131732606e-05
80,1,8,metal_metal_bond,8.93249291666914e-05
81,1,8,free_nitrate_ion_cation,8.678245041455985e-05
82,1,8,precipitant_polyethylene_glycol,8.367864913063338e-05
83,1,8,hydrate_prime_prime,8.301514333085901e-05
84,1,8,zwitterionic_tautomer_crystallize,8.24353293298196e-05
85,1,8,high_temperature_phase,8.228990575695744e-05
86,1,8,radiation_damage_reduce_order,8.213942223093855e-05
87,1,8,cl_zn_cl_plane,8.207715344719133e-05
88,1,8,asymmetric_unit_monomer,8.148270989681324e-05
89,1,8,inhibitor_covalent_adduct,8.141713767141505e-05
90,1,9,specific_damage_distribution,8.670831830527351e-05
91,1,9,jahn_teller_transition,8.636551639067618e-05
92,1,9,k_room_temperature,8.566171028824851e-05
93,1,9,doubly_deprotonat_ligand,8.331620493679106e-05
94,1,9,symmetry_independent_water_molecule,8.326330874078212e-05
95,1,9,high_level,8.295755412531182e-05
96,1,9,s_ligand,8.294371160941851e-05
97,1,9,structural_lattice_parameter_change,8.279288013450158e-05
98,1,9,helix_repeat,8.222211465175762e-05
99,1,9,znii_complex_molecule,8.171158763303332e-05
100,1,10,enzyme_phosphoethanolamine,8.793404092161324e-05
101,1,10,ed_spectrum,8.724637505290277e-05
102,1,10,external_stimulus,8.547369045037762e-05
103,1,10,anion_piperazinium_cation,8.438217890217651e-05
104,1,10,compute_tomography_image_technique,8.392464515564836e-05
105,1,10,phenyl_ring_conjugate_system,8.387701969062256e-05
106,1,10,tau_n_s_angle,8.374096491608968e-05
107,1,10,different_space_group,8.32642884967697e-05
108,1,10,o_h_intramolecular_molecule,8.321292787231203e-05
109,1,10,polyhedron_dimensional_network,8.300012387522481e-05
110,1,11,coherent_inelastic_scatter,8.807244434954966e-05
111,1,11,absorption_edge,8.705825147448373e-05
112,1,11,double_crystal_synchrotron_topography,8.647667009729691e-05
113,1,11,anisotropic_square_refinement,8.422858540240737e-05
114,1,11,crystal_variety_reflection,8.411491298920582e-05
115,1,11,cdii_cation,8.371481688870802e-05
116,1,11,extend_structure_stabilization,8.367464285252437e-05
117,1,11,quasiplanar_chain,8.348506651524308e-05
118,1,11,stoe_furnace,8.346795790163704e-05
119,1,11,crystallographic_inversion_centre,8.310884880317208e-05
120,1,12,experimental_alpha_lmn,8.914777589128562e-05
121,1,12,bi_atom,8.849058500415662e-05
122,1,12,hydrogen_bond_group,8.754393694060802e-05
123,1,12,method_description,8.73493586469613e-05
124,1,12,amide_bond_benzoyl_pi,8.518347325650984e-05
125,1,12,new_detector,8.516583316528807e-05
126,1,12,phase_capability,8.469214033862543e-05
127,1,12,gecko_vertebra,8.398674317463218e-05
128,1,12,butyl_chain,8.332621286656259e-05
129,1,12,aring_o_contact,8.29740665667568e-05
130,1,13,different_geometry_obtain_result,8.600637991267317e-05
131,1,13,single_photon,8.469286992115815e-05
132,1,13,polymorph_binary_mixture,8.388658794792395e-05
133,1,13,covalent_bond_formation,8.363478198904664e-05
134,1,13,merohedral_component_twin,8.338192201651066e-05
135,1,13,ybiii_atom,8.313715784866616e-05
136,1,13,sodium_hydride_presence,8.311918882655728e-05
137,1,13,car_torsion,8.31040462792235e-05
138,1,13,chiral_n_cinnamoyl_derivative,8.307131973530329e-05
139,1,13,inter_particle,8.27156134060615e-05
140,1,14,fresnel_diffraction_formalism,8.841608806110333e-05
141,1,14,dataflow_software_hardware,8.78595763740952e-05
142,1,14,c_h_o_atom,8.530884946611583e-05
143,1,14,water_ligand,8.530799617694561e-05
144,1,14,endothermic_desolvation_process,8.484132142323625e-05
145,1,14,dynamic_range,8.479107900393124e-05
146,1,14,refine_unit_cell,8.453319627646151e-05
147,1,14,computational_result,8.364955469820071e-05
148,1,14,synchronous_crystallization_robot,8.312557109250867e-05
149,1,14,high_symmetry_grind_state,8.289117967911088e-05
150,1,15,dimensional_nanocrystal,8.610619023031133e-05
151,1,15,bond_angle_bond_distance,8.568253171007649e-05
152,1,15,academic_course,8.403971008207796e-05
153,1,15,dx_deg,8.369358475291562e-05
154,1,15,silica_framework,8.318823176261813e-05
155,1,15,enzyme_class_ability,8.309444298558597e-05
156,1,15,hydrothermal_reaction,8.289747022787651e-05
157,1,15,energy_need,8.251071930885556e-05
158,1,15,technology_technique,8.245416189305829e-05
159,1,15,stable_part,8.236169721256984e-05
160,1,16,dimerization_mode,8.658281563631963e-05
161,1,16,dien_diethylenetriamine_moiety,8.572102666540816e-05
162,1,16,aui_atom_geometry,8.537200654571369e-05
163,1,16,liii_edge,8.448468355299798e-05
164,1,16,state_laser,8.442888584890027e-05
165,1,16,polycrystalline_aluminium,8.436909844393969e-05
166,1,16,convenient_extension,8.386308949002823e-05
167,1,16,overall_fit,8.354516890009183e-05
168,1,16,ph_precipitant,8.305759819174804e-05
169,1,16,x_stuff_ray,8.202960550603154e-05
170,1,17,maximum_dimension,8.710748567850725e-05
171,1,17,short_hydrogen,8.394337416952013e-05
172,1,17,order_disorder,8.385775355222197e-05
173,1,17,racemic_crystal,8.33199541937339e-05
174,1,17,systematic_investigation,8.268008898464133e-05
175,1,17,tile_set,8.257992010516149e-05
176,1,17,anthracene_benzene_hydrogen_cyanide,8.254597124746837e-05
177,1,17,generalize_scale_factor,8.243065906968924e-05
178,1,17,benzene_ring_pi_contact,8.228598085752982e-05
179,1,17,waclawik_amp,8.222377303660381e-05
180,1,18,bidentate_bipyridine,8.81516164357149e-05
181,1,18,type_ii_cohesin_module,8.601919474099265e-05
182,1,18,synchrotron_datum_collection,8.529792616506618e-05
183,1,18,wavelength_anomalous_scatter_term,8.510015371796874e-05
184,1,18,dynamical_theory,8.503978852905203e-05
185,1,18,trioxide_dichloride_dizinc_selenium,8.494129701232054e-05
186,1,18,uncoordinated_chloride_ion,8.48476605904616e-05
187,1,18,furan_plane,8.39126631726267e-05
188,1,18,cholera_toxin,8.299983341775757e-05
189,1,18,monodentate_carboxylate,8.246114444775342e-05
190,1,19,hydroxyl_o,8.638049909992447e-05
191,1,19,carboxylate_end,8.475932444562033e-05
192,1,19,spine_standard_sample_holder,8.442850992037362e-05
193,1,19,lambda_mo_minus_cm,8.336712867646728e-05
194,1,19,planar_deviation_molecule,8.295600020860101e-05
195,1,19,synchrotron_topography,8.284685115718966e-05
196,1,19,elaboration_process_geometry,8.280649693320183e-05
197,1,19,canadian_light_source,8.272271157048495e-05
198,1,19,axe_homohexameric_structure,8.249874996366969e-05
199,1,19,unprecedented_covalent_dimensional_network,8.205843782257234e-05
200,1,20,c_hydrogen,8.480839535517964e-05
201,1,20,essential_oil,8.463270485785157e-05
202,1,20,projection_cut,8.450715938324573e-05
203,1,20,position_sensitive_detector,8.424693443710287e-05
204,1,20,high_temperature_spatial_fluctuation,8.379366030061027e-05
205,1,20,interpolation_formula,8.358302051533047e-05
206,1,20,important_equine_pathogen,8.343011157717357e-05
207,1,20,operation_speed,8.328761041703889e-05
208,1,20,growth_temperature_local_structure,8.298266315094393e-05
209,1,20,cation_group_h_atom,8.286121020693774e-05
210,1,21,carbon_nanotube,8.62058566899943e-05
211,1,21,metal_ion_interaction,8.549128895171569e-05
212,1,21,user_friendly_software,8.528494964320852e-05
213,1,21,laue_intensity,8.521833145741162e-05
214,1,21,free_diffraction_datum_error,8.521698891814313e-05
215,1,21,sulfonyl_bridge,8.383569702427462e-05
216,1,21,cell_parameter,8.367490836423452e-05
217,1,21,pyran_ring,8.346501786119373e-05
218,1,21,asymptotic_exact_result_discrepancy,8.344250322819625e-05
219,1,21,vdf_trfe_copolymer,8.342812741254167e-05
220,1,22,multiple_diffraction,8.43720102095673e-05
221,1,22,fungal_lectin,8.39436945555202e-05
222,1,22,electron_withdraw_power,8.34719996080468e-05
223,1,22,quinohaemoprotein_alcohol,8.316261123608746e-05
224,1,22,structural_change,8.271484204350561e-05
225,1,22,mature_protein,8.271127813942741e-05
226,1,22,fuse_cycloheptane_ring,8.196926347151723e-05
227,1,22,x_ray_datum,8.194539469052863e-05
228,1,22,other_impurity_phasis,8.193549344009745e-05
229,1,22,peo_corona,8.191501596563318e-05
230,1,23,polymeric_crystal_structure,8.729715848711016e-05
231,1,23,dpno_moiety,8.582498815430324e-05
232,1,23,crystal_speciman,8.483552728680136e-05
233,1,23,refine_domain_ratio,8.424317726287082e-05
234,1,23,salt_hydrate,8.35864535316548e-05
235,1,23,macrocyclic_n_atom,8.35424380807365e-05
236,1,23,observe_line_defect,8.345408211229528e-05
237,1,23,catalysis_view_point_interest,8.34462789023459e-05
238,1,23,police_investigation,8.31441458846476e-05
239,1,23,slow_evaporation,8.217217996236883e-05
240,1,24,carboxylic_acid,8.899699146081113e-05
241,1,24,tetrahydropyrimidine_ring,8.776743338969837e-05
242,1,24,general_purpose_library,8.519143697875451e-05
243,1,24,point_symbol,8.4828457076741e-05
244,1,24,chiral_space_group,8.444306685604848e-05
245,1,24,half_protonated_acridine_cation,8.442784099734605e-05
246,1,24,relative_arrangement,8.301948150682496e-05
247,1,24,important_n_heterocyclic_ligand,8.27759889971682e-05
248,1,24,amino_acid_residue,8.266455049963562e-05
249,1,24,c_bond_distance,8.244044026783619e-05
250,1,25,complex_formation,8.7597338485375e-05
251,1,25,o_atom_site_symmetry,8.681000560116042e-05
252,1,25,loop_residue,8.54521403815571e-05
253,1,25,crystalline_state,8.334772106047008e-05
254,1,25,chemical_reaction_mechanism,8.27290012762057e-05
255,1,25,powerful_method,8.272175812895715e-05
256,1,25,short_c_alpha_h,8.267757793349912e-05
257,1,25,home_source,8.237050485443213e-05
258,1,25,x_ray_fluorescence,8.212812800052375e-05
259,1,25,catena_mu_structure,8.180878374412647e-05
260,1,26,benzene_ring_pi_contact,8.694044671330882e-05
261,1,26,direction_crystallographic_screw_axis,8.588888495099882e-05
262,1,26,previously_report_aring_structure,8.471646391582957e-05
263,1,26,q_gamma,8.456495433068986e-05
264,1,26,reveal_microstructure,8.423769647786136e-05
265,1,26,secrete_fungal_protein,8.321568747794323e-05
266,1,26,chelate_molecule,8.30033659133236e-05
267,1,26,line_model,8.30030447318743e-05
268,1,26,single_powder_crystal_datum,8.299450834860798e-05
269,1,26,fan_previously_propose_method,8.283258036334071e-05
270,1,27,new_material_find_goal,9.208147275598479e-05
271,1,27,o_halogen_bond,8.746857529478623e-05
272,1,27,mu_kappa_molecule,8.669182225939242e-05
273,1,27,molecular_similarity,8.38016049100521e-05
274,1,27,hexadentate_ligand_potential,8.370044020193461e-05
275,1,27,rcconstruct_polyalanine_model,8.337590322998775e-05
276,1,27,bacterial_cytoplasm,8.331117197578474e-05
277,1,27,prime_bulky_prime,8.26555952178282e-05
278,1,27,h_atom_location,8.261757594058515e-05
279,1,27,operation_speed,8.259978881294843e-05
280,1,28,protein_model,8.947521062527192e-05
281,1,28,conjoint_ring,8.424039764238939e-05
282,1,28,n_h_bond,8.394922241846457e-05
283,1,28,hippuric_acid,8.388798057328775e-05
284,1,28,datum_collection_aspect,8.325839505048051e-05
285,1,28,antiparallel_manner_metal_atom,8.270926086248267e-05
286,1,28,wavelet_transform,8.256955763066399e-05
287,1,28,thiosulfate_anion_organic_cation,8.249797522879146e-05
288,1,28,recent_time,8.237460984142459e-05
289,1,28,b_ring_link,8.223661915772779e-05
290,1,29,fragment_crystal,8.628232735807654e-05
291,1,29,different_oxo_complex,8.598668724078602e-05
292,1,29,configuration_inversion,8.575923962986004e-05
293,1,29,trigonal_antiprism,8.430551141032621e-05
294,1,29,palladium_complex,8.349159128698559e-05
295,1,29,dimensional_hydrogen_bond_sheet,8.315059272841849e-05
296,1,29,high_dose,8.254555882424571e-05
297,1,29,accurate_measurement,8.244104029706215e-05
298,1,29,ptp_loop_result_residue,8.225054773764359e-05
299,1,29,order_variant,8.175389942307512e-05
300,1,30,holz_line,8.277292271835905e-05
301,1,30,constituent_atom_mean_plane,8.269743803879442e-05
302,1,30,structural_characterization,8.25782238201696e-05
303,1,30,significant_expansion,8.249807710116971e-05
304,1,30,particular_future_application,8.245943830194433e-05
305,1,30,catalytic_solid,8.230877135707955e-05
306,1,30,gem_diol_inhibitor_complex,8.207833492898218e-05
307,1,30,excitation_laser,8.2063966805189e-05
308,1,30,unambiguous_rapid_way,8.20111488330663e-05
309,1,30,position_extra_peak_intensity,8.176074326641717e-05
310,1,31,thermotropic_liquid_crystal_transition,8.686248722766657e-05
311,1,31,bulk_solvent,8.433248068811654e-05
312,1,31,n_methylimidazole_solution,8.332063944429e-05
313,1,31,protein_fragment_database,8.313921734813423e-05
314,1,31,pseudouridine_rrna,8.268069494962567e-05
315,1,31,anisotropic_motion,8.263858112184456e-05
316,1,31,high_temperature_factor,8.221191047233929e-05
317,1,31,membrane_voltage,8.211596534531273e-05
318,1,31,attach_dimethoxyphenyl_residue,8.201059633108435e-05
319,1,31,n_h_atom,8.169299939095308e-05
320,1,32,symmetric_moiety,8.862765616008445e-05
321,1,32,benzyl_ring_tolyl,8.618787861204387e-05
322,1,32,form_inversion_dimer,8.487258065902678e-05
323,1,32,tentative_phase,8.486774329820765e-05
324,1,32,methanol_methylene_chloride_crystallization,8.44455047708264e-05
325,1,32,prime_polymorph,8.30905281867546e-05
326,1,32,crystal_diffract_x_ray,8.30140012421225e-05
327,1,32,free_micelle,8.278847914238944e-05
328,1,32,mention_domain_structure,8.265096970135215e-05
329,1,32,connect_dimer,8.21921722505756e-05
330,1,33,diffraction_geometry_fringe_eacute,8.979370580678488e-05
331,1,33,heat_load_wide_range,8.476008476862477e-05
332,1,33,counter_anion,8.385652634513185e-05
333,1,33,ribbon_like_structure,8.382058467088235e-05
334,1,33,etc_bioavailability_solubility_stability,8.304234185100028e-05
335,1,33,square_strain,8.292365569137171e-05
336,1,33,rhodium_complex,8.239673500530532e-05
337,1,33,nitrate_ion,8.202325640213757e-05
338,1,33,phenyl_dimethoxyphenyl,8.196974808367931e-05
339,1,33,minus_molecule,8.182083438226539e-05
340,1,34,multivariate_exact_density_function,8.753399245577495e-05
341,1,34,dioxane_o_atom,8.526699969959025e-05
342,1,34,pyrazole_ring_plane,8.3353499610092e-05
343,1,34,clay_model_fascinate_drawing,8.267869533182877e-05
344,1,34,schiff_base_dianion,8.263859489437118e-05
345,1,34,x_tem_ray_result,8.25937076990111e-05
346,1,34,central_benzene_ring_deg,8.2558394744548e-05
347,1,34,ring_strain,8.185283363670333e-05
348,1,34,perpendicular_distance,8.184765674973407e-05
349,1,34,central_aromatic_ring,8.156577337164854e-05
350,1,35,oxy_sulfide,9.12160318284631e-05
351,1,35,h_h_bond_length,8.61838452289478e-05
352,1,35,mycobacterium_tuberculosis_enzyme,8.5889413987134e-05
353,1,35,helical_pack_basis,8.504980527085586e-05
354,1,35,structural_fragment,8.449813115188612e-05
355,1,35,water_molecule_oxalate_ligand,8.445586856539684e-05
356,1,35,substituent_deg,8.377664773324926e-05
357,1,35,laue_geometry,8.375495116218089e-05
358,1,35,dcds_double_crystal_diffractometer,8.352029046589373e-05
359,1,35,macroscopic_deformation,8.321712658975338e-05
360,1,36,membered_silaheterocycle,8.841709393619437e-05
361,1,36,multiple_beam_diffraction,8.721931863833816e-05
362,1,36,n_isopropylidine,8.38331747857616e-05
363,1,36,residue_specific_overall_change,8.34250492869211e-05
364,1,36,high_valent_nickel_oxyhalide,8.316564663261137e-05
365,1,36,dimerization_mode_structure,8.303511824603489e-05
366,1,36,dna_clamp,8.234641756178277e-05
367,1,36,atom_vicinity,8.229412607520203e-05
368,1,36,beam_pattern,8.217912005855702e-05
369,1,36,aring_structure,8.206345183536066e-05
370,1,37,triazine_ligand,8.644495350470709e-05
371,1,37,niii_atom,8.551464876564264e-05
372,1,37,dissolution_crystal_growth,8.494950553283349e-05
373,1,37,symmetric_moiety,8.490994022698088e-05
374,1,37,deprotonat_ppt_ligand,8.348507196444146e-05
375,1,37,ring_atom,8.339425531571634e-05
376,1,37,pi_pi_pi_interaction,8.32922950619904e-05
377,1,37,c_c_double_bond,8.324976280389363e-05
378,1,37,borazine_ring_atom_deviation,8.271089521285792e-05
379,1,37,zn_atom,8.246137473439763e-05
380,1,38,hkl_index,8.650503498932388e-05
381,1,38,relate_method,8.620336873685622e-05
382,1,38,one_cu_atom,8.552313187771476e-05
383,1,38,hydrophilic_protein,8.527533228426218e-05
384,1,38,si_framework,8.462551167135177e-05
385,1,38,cyclohexene_oxide_polyamine,8.382865593467674e-05
386,1,38,six_symmetry_relate_domain,8.382370220351055e-05
387,1,38,weak_phase_power,8.365566616707949e-05
388,1,38,fe_form_similar_geometry,8.29321427133261e-05
389,1,38,homochiral_hydrothermal_reaction,8.258368935994218e-05
390,1,39,schiff_base_molecule,8.917659290014406e-05
391,1,39,close_c,8.718482796668288e-05
392,1,39,kappa_middot_middot,8.676405993576768e-05
393,1,39,zwitterionic_dicarboxylate_ligand,8.639404338446883e-05
394,1,39,x_ray_interferometer,8.582777237668799e-05
395,1,39,deformation_distribution,8.448606758118566e-05
396,1,39,low_background_material,8.379524539366503e-05
397,1,39,ctd_new_regulatory_site,8.361385874997169e-05
398,1,39,ligand_dppm_contain_complex,8.360043995159614e-05
399,1,39,sulfatase_protein_family,8.342476216043256e-05
400,1,40,fac_arrangement,8.767172819933145e-05
401,1,40,solubility_microscopy_measurement,8.459870962851915e-05
402,1,40,indispensable_process,8.42829292195313e-05
403,1,40,temperature_factor,8.302280341255571e-05
404,1,40,tungsten_lattice_parameter,8.300006931965602e-05
405,1,40,c_terminal_fragment,8.297756103596294e-05
406,1,40,low_contrast,8.268481323269882e-05
407,1,40,optimal_bind_pocket_formation,8.217348090114322e-05
408,1,40,pulldown_assay,8.210512493272103e-05
409,1,40,bupropion_hydrobromide_ion_pair,8.2030553747345e-05
410,1,41,different_contrast,9.553994748057995e-05
411,1,41,diffraction_condition,8.848355619521765e-05
412,1,41,approach_application,8.580537340681513e-05
413,1,41,pixel_area,8.521924830666661e-05
414,1,41,antiphase_domain,8.445284145759068e-05
415,1,41,square_planar_coordinate_oxychloride,8.34883871278173e-05
416,1,41,n_diethylpentanaminium,8.329394042346614e-05
417,1,41,torsion_bend,8.320926940964915e-05
418,1,41,nonspecific_cross_link_complex,8.315514372258249e-05
419,1,41,investigate_phalanx_individual_finger,8.306294563680627e-05
420,1,42,mechanical_viscoelastic_property,8.657790341088304e-05
421,1,42,o_h_variety,8.550210601738855e-05
422,1,42,image_analysis,8.488128208947385e-05
423,1,42,ultra_rapid_change,8.401480342013554e-05
424,1,42,model_completeness,8.322011441846253e-05
425,1,42,acceptor_atom,8.280059454737312e-05
426,1,42,transannular_bromo_etherification_protocol,8.278562762493499e-05
427,1,42,group_coordinate_ligand_oxidation,8.222576984121659e-05
428,1,42,sulfonate_group,8.208201752305162e-05
429,1,42,important_transformation_catalyze,8.202660957043925e-05
430,1,43,te_c,8.690836636581976e-05
431,1,43,irregular_polyhedron,8.571836486618502e-05
432,1,43,erk_activity,8.553403573718314e-05
433,1,43,c_t_y,8.517715811533563e-05
434,1,43,sb_o,8.477093590893708e-05
435,1,43,substrate_group,8.354701114945888e-05
436,1,43,automate_pipeline,8.286718679867621e-05
437,1,43,substrate_target_amino_group,8.264458329197898e-05
438,1,43,experimental_datum_range,8.26223816046793e-05
439,1,43,orange_crystal,8.249227198730885e-05
440,1,44,considerable_disorder,8.64486074189952e-05
441,1,44,deleterious_effect,8.445877350356035e-05
442,1,44,dominate_film,8.392415300939613e-05
443,1,44,additional_membered_ring,8.379718337577214e-05
444,1,44,recently_synthesize_quasicrystal_comparison,8.347748485992054e-05
445,1,44,methylene_h_atom,8.336663390194451e-05
446,1,44,experiment_model_fit,8.107503645810135e-05
447,1,44,atomic_form_factor,8.106534579151352e-05
448,1,44,charge_density,8.100065892813759e-05
449,1,44,enzyme_activity,8.0991603354721e-05
450,1,45,weak_intensity,8.59876979765777e-05
451,1,45,absolute_structure,8.465594839440513e-05
452,1,45,widely_application,8.421350931793792e-05
453,1,45,sapphire_substrate_niobium_film,8.368700275319429e-05
454,1,45,k_room_temperature_silicon,8.358867540110874e-05
455,1,45,kappa_s_ligand,8.298758088246182e-05
456,1,45,minute_short_time_interval,8.270734186599018e-05
457,1,45,cyclohexene_ring,8.257236103256552e-05
458,1,45,dihedral_angle_form_molecule,8.23733862653557e-05
459,1,45,c_c_bond_length,8.174343233176158e-05
460,1,46,nonparametric_kernel_density_estimator,8.739430230909453e-05
461,1,46,laue_geometry,8.378742536207959e-05
462,1,46,issue_resolve_order,8.367790884185157e-05
463,1,46,coordinate_fe_atom,8.347678409732897e-05
464,1,46,average_c,8.315736546691251e-05
465,1,46,criii_ion,8.308854766325402e-05
466,1,46,cyclohexene_oxide,8.300285156397044e-05
467,1,46,fascinate_drawing,8.269753666857888e-05
468,1,46,weight_estimate,8.233386682937225e-05
469,1,46,concise_formula,8.205519438081259e-05
470,1,47,crystal_structure_analysis_reflection,9.212276723405997e-05
471,1,47,remain_ring_atom,8.567114435348205e-05
472,1,47,forward_diffract_perfect_crystal,8.53891433670888e-05
473,1,47,columnar_arrangement,8.444264187114473e-05
474,1,47,er_atom,8.420168433755882e-05
475,1,47,pseudomonas_putida_soil_bacterium,8.3745458016597e-05
476,1,47,equal_occupancy_site_set,8.328313435648028e-05
477,1,47,classical_o_h,8.32351610224705e-05
478,1,47,ethane_c_c_bond,8.301190270147635e-05
479,1,47,nucleophile_role,8.297466035040283e-05
480,1,48,rubbery_material_production,8.862665517107092e-05
481,1,48,large_wavelength_dependence,8.75792379934667e-05
482,1,48,hydrogen_bond_infinite_sheet,8.578735808578297e-05
483,1,48,deg_deg_bragg_angle,8.562501474883992e-05
484,1,48,transcription_replication_process,8.490164830294534e-05
485,1,48,beamline_synchrotron_datum,8.445236526581342e-05
486,1,48,exocyclic_purine_phenyl_ring,8.411261217462765e-05
487,1,48,flat_molecule_structure,8.389300606312307e-05
488,1,48,trigonal_planar_geometry,8.234926913141437e-05
489,1,48,present_solution,8.202835569676693e-05
490,1,49,supramolecular_chain,8.887089529386073e-05
491,1,49,network_form_axis,8.423268523369531e-05
492,1,49,state_high_resolution,8.384960132669726e-05
493,1,49,mx_amx_fmx_beamline,8.31742152576267e-05
494,1,49,x_ray_beam_path,8.274247313541503e-05
495,1,49,ptp_w_minus,8.259426374988435e-05
496,1,49,dockerin_module,8.203616421492612e-05
497,1,49,sluggish_transformation,8.198603798421449e-05
498,1,49,commercial_modification,8.150226172465614e-05
499,1,49,tridentate_schiff_base_ligand,8.137466573742233e-05
0,2,0,zwitterionic_tautomer,7.384927003338261e-05
1,2,0,locate_cu_atom,7.360982883328726e-05
2,2,0,middot_monohydrate_systematic,7.356529563124108e-05
3,2,0,characterization_technique,7.286775360762599e-05
4,2,0,strong_anisotropy,7.225174494127922e-05
5,2,0,structure_dw_factor,7.223098787779586e-05
6,2,0,rubredoxin_centre,7.199013197087023e-05
7,2,0,cysteine_residue,7.195022282057406e-05
8,2,0,crystallographically_independent_molecule,7.17537019291531e-05
9,2,0,accurate_protein_envelope,7.167983963951398e-05
