,run,topic,terms,p
_range,8.457950708573223e-05
1,1,0,multicatalytic_protein_complex,8.38145647013159e-05
2,1,0,fractal_dimension,8.380433961757389e-05
3,1,0,fuse_ring_envelope,8.291883874307797e-05
4,1,0,kinetically_favour_product,8.271861293072158e-05
5,1,0,intermolecular_sulfonyl_bridge,8.233768623901739e-05
6,1,0,rsa_reverse_saturable_absorption,8.205538315275442e-05
7,1,0,complex_symmetry_centre,8.197280006072066e-05
8,1,0,phenol_imine_tautomeric_form,8.177159863708684e-05
9,1,0,fluconazole_ligand,8.134949909248084e-05
10,1,1,approximately_week,8.776005805811057e-05
11,1,1,twist_thiazolium_base,8.757986192778936e-05
12,1,1,avalanche_photodiode,8.691612570093922e-05
13,1,1,uv_light_photochromism,8.479892300785749e-05
14,1,1,phenolic_substituent_ring,8.431369522876691e-05
15,1,1,aniline_sulfonyl,8.341349172913775e-05
16,1,1,ligand_bmi,8.316169170293309e-05
17,1,1,metallic_ion,8.292180441791795e-05
18,1,1,bond_valence_sum,8.250157772934691e-05
19,1,1,large_deviation,8.18388647292125e-05
20,1,2,rotator_phase,8.340766662148963e-05
21,1,2,riboflavin_phosphorylation,8.328224411791765e-05
22,1,2,cyanobacterium_circadian_clock_oscillator,8.305664279485089e-05
23,1,2,transition_metal_cu_group,8.286500756726253e-05
24,1,2,size_dispersion,8.277746611075142e-05
25,1,2,heavy_metal_variety,8.26240964488306e-05
26,1,2,irregular_polyhedron_coordinate,8.223752464835866e-05
27,1,2,crystalline_thiosalicylic_acid,8.197217544193379e-05
28,1,2,dianionic_ligand,8.166164671016012e-05
29,1,2,la_atom,8.158361329384364e-05
30,1,3,pseudosymmetry_decrease,8.472016799520476e-05
31,1,3,layer_ternary,8.450313998361693e-05
32,1,3,cross_section,8.405547504225839e-05
33,1,3,weakly_deform_bicrystal,8.4009886988685e-05
34,1,3,grain_boundary_quasicrystal,8.394289057289007e-05
35,1,3,human_immunodeficiency,8.367938475684212e-05
36,1,3,step_motor,8.343663581729288e-05
37,1,3,discrete_cation,8.341016083007359e-05
38,1,3,mode_process,8.259933785598294e-05
39,1,3,structure_validation,8.242087303531436e-05
40,1,4,angle_analysis_bond_length,8.715834947073959e-05
41,1,4,scatter_beam_incident,8.646519840434897e-05
42,1,4,lipid_envelope,8.636440676420544e-05
43,1,4,material_small_portion,8.626703949695588e-05
44,1,4,small_contribution,8.523788629042095e-05
45,1,4,silica_matrix,8.384774053707734e-05
46,1,4,diffractometer_control_unit,8.379288503638642e-05
47,1,4,big_data_software_technology,8.374116883678857e-05
48,1,4,thin_difficult_wall,8.270074495392203e-05
49,1,4,set_datum,8.256880665755309e-05
50,1,5,prime_prime_n_prime,8.876823130693102e-05
51,1,5,crystal_diffraction_datum,8.721011733456851e-05
52,1,5,imidazole_ligand,8.688298516403825e-05
53,1,5,detail_definition,8.608277477576849e-05
54,1,5,negative_charge,8.551627428563736e-05
55,1,5,simple_lennard_jones_model,8.495840974758476e-05
56,1,5,pd_intermetallic,8.437387645082794e-05
57,1,5,apical_position,8.377419471490922e-05
58,1,5,b_pr_structure,8.372898172202501e-05
59,1,5,solid_helium,8.369955859739113e-05
60,1,6,corner_link_tetrahedron,8.552559488530663e-05
61,1,6,c_aring_b,8.522127178024153e-05
62,1,6,acidothermophilic_archaeon,8.37925173293284e-05
63,1,6,molecular_mean_field,8.288413132336085e-05
64,1,6,atom_be_symmetry_site,8.257697599084336e-05
65,1,6,structure_stabilize_interaction,8.250701276908958e-05
66,1,6,short_purely_central_range,8.212774605174631e-05
67,1,6,beta_phase,8.207178812408411e-05
68,1,6,silicon_strip,8.176196743201054e-05
69,1,6,triplet_phasis,8.14559770398449e-05
70,1,7,catalyst_preparation,8.75469061189398e-05
71,1,7,unique_weak_c_h,8.654298571692667e-05
72,1,7,local_mirror_plane,8.5118660392785e-05
73,1,7,pore_broad_size_distribution,8.501233205185133e-05
74,1,7,low_absorption_small_dimension,8.46240296671363e-05
75,1,7,gem_diol,8.460989538920953e-05
76,1,7,different_degree,8.404054197547588e-05
77,1,7,macro_ring_ring,8.329803711008516e-05
78,1,7,decrease_temperature,8.328007091927137e-05
79,1,7,charge_distribution,8.288725294512013e-05
80,1,8,de_novo_biosynthesis,8.781102157577508e-05
81,1,8,rock_salt,8.617671046478685e-05
82,1,8,jejuni_cell_surface_modification,8.560057153816615e-05
83,1,8,surround_pixel,8.491964820836371e-05
84,1,8,pd_atom,8.441862796502167e-05
85,1,8,pheb_substrate_specificity,8.427408120274726e-05
86,1,8,improve_precision,8.401066831295121e-05
87,1,8,low_dose,8.244212353532224e-05
88,1,8,datum_error,8.222249789729128e-05
89,1,8,aqueous_solvent,8.182910855461618e-05
90,1,9,initially_tem,8.662176660179071e-05
91,1,9,x_ray_tube,8.658090936351194e-05
92,1,9,start_material_dithiophosphate,8.529775788530006e-05
93,1,9,substituent_low_effectivity,8.438937017906825e-05
94,1,9,aminothiophenol_derivative,8.415418355690479e-05
95,1,9,base_dianion,8.381236170174384e-05
96,1,9,mesoporous_silica_matrix,8.337072022139085e-05
97,1,9,aring_hg_si_distance,8.315521902685153e-05
98,1,9,infinite_molecular_unit,8.309530505544061e-05
99,1,9,tetragonal_space_group,8.287226286501643e-05
100,1,10,great_tran,8.461401070914627e-05
101,1,10,instrumental_broaden,8.42668578518785e-05
102,1,10,coordination_metal_atom_polyhedron,8.377423337046262e-05
103,1,10,n_terminal_jmjc_domain,8.368949970754835e-05
104,1,10,p_loop_presence,8.364757878319367e-05
105,1,10,n_prime_o,8.335311949612498e-05
106,1,10,solid_helium_factor_temperature,8.268378439050929e-05
107,1,10,vapor_diffusion_method,8.260970594341327e-05
108,1,10,line_printer,8.22669273395596e-05
109,1,10,amide_unit,8.1954253174169e-05
110,1,11,extend_ribbon,8.618251780637151e-05
111,1,11,certain_biological_reaction_cofactor,8.483535471888015e-05
112,1,11,approximately_week,8.478332707762999e-05
113,1,11,identical_dimer_form_molecule,8.324223726507208e-05
114,1,11,molecular_mechanisim,8.271970861630594e-05
115,1,11,pairwise_comparison,8.249540159470035e-05
116,1,11,dna_demethylation,8.239562547226518e-05
117,1,11,hemihedral_twin,8.227742526942463e-05
118,1,11,great_effort,8.227212439128915e-05
119,1,11,example_scan,8.226089685389542e-05
120,1,12,benzene_plane,8.613392959638282e-05
121,1,12,micellar_core_electron_density,8.476002543719451e-05
122,1,12,keggin_polyoxoanion_organic_cation,8.453722474950389e-05
123,1,12,polycapillary_monocapillary_design,8.453305648677501e-05
124,1,12,monochromated_white_radiation,8.412807617490909e-05
125,1,12,pi_pi_stack_interaction,8.293885238189644e-05
126,1,12,common_antimalarial_chloroquine,8.216299781538462e-05
127,1,12,membered_chelate,8.206053413593567e-05
128,1,12,food_paper,8.205989042236066e-05
129,1,12,steric_effect,8.205046356081083e-05
130,1,13,texture_model,8.926086832252031e-05
131,1,13,electron_donor,8.66883486930175e-05
132,1,13,gastric_mucosa_bacterium_colonization,8.426118825891928e-05
133,1,13,real_space_correlation,8.328489192531834e-05
134,1,13,single_crystal_diffraction_datum,8.320939845335158e-05
135,1,13,profound_influence,8.302373841976648e-05
136,1,13,rna_virus,8.280743032661067e-05
137,1,13,phenyl_ring_dihedral_angle,8.26540084342179e-05
138,1,13,chemical_bond,8.256439658101306e-05
139,1,13,dihedral_angle_borazine_ring,8.254008559653506e-05
140,1,14,sheet_structure,9.290070234502367e-05
141,1,14,termination_effect,8.616273892576294e-05
142,1,14,bidentate_chelate_sulfate_ligand,8.462747801275999e-05
143,1,14,neighbour_methoxy_group,8.441137538710363e-05
144,1,14,lot_strategy,8.383071249855523e-05
145,1,14,plastic_strain,8.357077078383404e-05
146,1,14,aring_o_contact,8.256736847054817e-05
147,1,14,pi_system,8.244564099017623e-05
148,1,14,adjacent_urea_group,8.172968478016263e-05
149,1,14,coordination_coordinate_water_molecule,8.14801317490194e-05
150,1,15,negative_strand_rna_synthesis,9.454201139488131e-05
151,1,15,computer_display,8.525225250869756e-05
152,1,15,alternative_iupac_l_phenylalanine,8.477457548014562e-05
153,1,15,obtain_component,8.419288705539306e-05
154,1,15,face_molecule_rapid_loss,8.415917933788399e-05
155,1,15,methanol_recrystallization,8.385706861502595e-05
156,1,15,independent_chain,8.376583837677098e-05
157,1,15,anthracene_benzene,8.365142630490699e-05
158,1,15,substitution_feature_diazaborinane,8.340690698271416e-05
159,1,15,i_semicarbazone,8.331650846288552e-05
160,1,16,order_phase_transition_undergo,9.000483047535575e-05
161,1,16,pyrimidine_imidazole_ring,8.417805077906682e-05
162,1,16,absorb_dose_reduce_effect,8.417251464249764e-05
163,1,16,double_crystal_monochromator,8.411967598278216e-05
164,1,16,substrate_recognition_mechanism,8.409269533419408e-05
165,1,16,in_middot_middot_minus,8.334229605980161e-05
166,1,16,physical_property,8.330962778537102e-05
167,1,16,attach_dimethoxyphenyl_residue,8.33023054099921e-05
168,1,16,amide_group_benzene_ring,8.316325113266341e-05
169,1,16,detector_sample_size,8.311698711921411e-05
170,1,17,respectively_deg_interplanar_angle,8.387475000785997e-05
171,1,17,significant_conformational_change_group,8.374663283612468e-05
172,1,17,optimal_index,8.370915340463797e-05
173,1,17,multilamellar_membrane,8.334313686005037e-05
174,1,17,one_cu_atom,8.269223333441838e-05
175,1,17,erk_protein_constitutive_activation,8.262128321202624e-05
176,1,17,factory_environment,8.23758765892335e-05
177,1,17,single_crystal_diffraction_pattern,8.175829629554596e-05
178,1,17,initial_crystallographic_result,8.169940130604112e-05
179,1,17,spherical_micelle,8.108922125399765e-05
180,1,18,nuclear_motion,9.46393061028715e-05
181,1,18,anionic_cationic_layer,8.871060237124756e-05
182,1,18,chair_conformation_cyclohexane_ring,8.787275060846726e-05
183,1,18,uncrosslinked_tripeptide,8.6587461355449e-05
184,1,18,measurement_alignment,8.559464427612286e-05
185,1,18,x_ray_datum,8.465711066842031e-05
186,1,18,rotation_angle_step,8.421340077291819e-05
187,1,18,limit_understand,8.383330257159997e-05
188,1,18,refine_structure,8.281303114316989e-05
189,1,18,engineer_student_innovative_scientist,8.267436458872107e-05
190,1,19,tau_n_s_angle,8.984026966216016e-05
191,1,19,magnetic_domain_pair,8.544017662254651e-05
192,1,19,membrane_localization,8.353802702728607e-05
193,1,19,nitrophenyl_group_carbonyl,8.28283026279756e-05
194,1,19,intermolecular_aromatic_pi,8.195440864027141e-05
195,1,19,butanaminium_bromide_propanol,8.159588757538673e-05
196,1,19,terminal_chloride,8.158208512941047e-05
197,1,19,middot_minus_middot_salt,8.152690862624514e-05
198,1,19,membered_metal_cycle_conformation,8.146488789062832e-05
199,1,19,group_correspond_scheme_group,8.145794679699287e-05
200,1,20,boat_conformation,8.722046794573032e-05
201,1,20,tridentate_manner_ligand,8.476537042479447e-05
202,1,20,macrocyclic_cation,8.420495243238732e-05
203,1,20,approximately_deg,8.415799118224805e-05
204,1,20,hoffmann_r_ouml,8.387023561976692e-05
205,1,20,chemical_principle,8.385186746150811e-05
206,1,20,ctd_regulation_error,8.30789042491845e-05
207,1,20,carbohydrate_structure,8.274898154560575e-05
208,1,20,ribosome_microcrystal,8.174653222928237e-05
209,1,20,eta_chlorido,8.1654497570906e-05
210,1,21,tin_halide_bond,8.619964276314324e-05
211,1,21,n_zn,8.537730514916857e-05
212,1,21,blodgett_film,8.403326891520694e-05
213,1,21,proximal_tail_vertebra,8.373798653415316e-05
214,1,21,proliferate_cell_nuclear_antigen,8.367237086971486e-05
215,1,21,constant_area,8.329444072005427e-05
216,1,21,raman_unit,8.285994203280567e-05
217,1,21,polycrystalline_specimen,8.252291969052658e-05
218,1,21,si_hg,8.241784612089875e-05
219,1,21,coii_complex,8.215848745830896e-05
220,1,22,photochromism_change,9.076753742346343e-05
221,1,22,alkaline_phosphatase_nucleophilic_serine,8.715887078089691e-05
222,1,22,saxs_camera,8.69636356034296e-05
223,1,22,microbial_gaba_transaminase,8.653179377866239e-05
224,1,22,potential_recognition_site,8.433730419682378e-05
225,1,22,graphic_explanation,8.374508284597999e-05
226,1,22,hexagonal_material,8.36963369882277e-05
227,1,22,hydrogen_bond_contribute,8.329144718296366e-05
228,1,22,analyze_crystallographic_sort,8.295132696548005e-05
229,1,22,dimensional_interaction,8.260510862287513e-05
230,1,23,key_property,8.844803163971069e-05
231,1,23,generate_chain,8.612953298245254e-05
232,1,23,monoanion_minus,8.596878100545498e-05
233,1,23,asymmetrical_symmetrical_reflection,8.363939772367324e-05
234,1,23,room_temperature_crystal,8.287355772705984e-05
235,1,23,anionic_cationic_layer,8.271042533796073e-05
236,1,23,site_symmetry_cdii_atom,8.257502258195383e-05
237,1,23,slow_process,8.248808100698184e-05
238,1,23,independent_cation,8.241546935584281e-05
239,1,23,free_nitrate_ion_cation,8.234511833469634e-05
240,1,24,alloy_particle,8.699661024532327e-05
241,1,24,plane_opposite_side,8.543058899188088e-05
242,1,24,monochromatic_neutron,8.536151092578533e-05
243,1,24,interest_sample,8.466207284749833e-05
244,1,24,structure_functionality,8.414346890639158e-05
245,1,24,rubbery_material,8.407385903504814e-05
246,1,24,nbsp_time_dope_sample,8.387894937399641e-05
247,1,24,antiulcer_agent_sofalcone_synthesis,8.379763824398645e-05
248,1,24,respiratory_route,8.346946121494386e-05
249,1,24,canadian_light_source,8.287232924144027e-05
250,1,25,attenuation_tomography_device,8.444008741108381e-05
251,1,25,formally_specie_oligomeriz,8.368404155642455e-05
252,1,25,chemo_resistance_disease_recurrence,8.332722000696902e-05
253,1,25,bend_crystal,8.32371709489106e-05
254,1,25,weak_c_h_incidence,8.274200948745935e-05
255,1,25,preliminary_diffraction_analysis_crystallization,8.214604900622696e-05
256,1,25,tunnel_junction,8.173163024587921e-05
257,1,25,aromatic_n,8.172553174234286e-05
258,1,25,dimension_disorder_dimension_order,8.133434163029638e-05
259,1,25,carboxy_terminal_subdomain,8.11972362648993e-05
260,1,26,ngal_dimer_isomorphous_crystal,8.574414882562099e-05
261,1,26,alcohol_solvent_vapor,8.506851923014525e-05
262,1,26,fuse_ring,8.315890334773657e-05
263,1,26,water_molecule_position,8.266342611056761e-05
264,1,26,symmetry_centre_atom,8.265488507369988e-05
265,1,26,nd_atom,8.257645644459015e-05
266,1,26,sample_impose_external_stimulus,8.217167760402126e-05
267,1,26,metal_atom_point,8.207396137410344e-05
268,1,26,c_sime,8.176257789956876e-05
269,1,26,near_edge_structure,8.1671713165651e-05
270,1,27,o_halogen_bond,8.629096958960942e-05
271,1,27,clog_pressure_example,8.530808017406088e-05
272,1,27,macro_ring,8.46310294498623e-05
273,1,27,neutral_network,8.403957110087801e-05
274,1,27,monosolvate_pentahydrate,8.363994307474791e-05
275,1,27,sole_energy_carbon_source,8.333529315593094e-05
276,1,27,mean_deviation,8.252318017328917e-05
277,1,27,approximate_pentagonal_bipyramidal_configuration,8.215710364845351e-05
278,1,27,constant_thickness_lamella,8.18254411503561e-05
279,1,27,exact_fiber_identity_period,8.167901362270691e-05
280,1,28,enzyme_solution,8.963817978770162e-05
281,1,28,africa_develope_country,8.741073379039904e-05
282,1,28,crystalline_phasis,8.651724516124837e-05
283,1,28,phenol_imine_tautomeric_form,8.605406563443055e-05
284,1,28,improve_ratio,8.55008039760419e-05
285,1,28,micellar_surface,8.522095357123284e-05
286,1,28,para_substituent,8.505524062512298e-05
287,1,28,geometry_temporal_coherence_requirement,8.363815894043078e-05
288,1,28,lanthanum_ruthenium,8.339785595778457e-05
289,1,28,respectively_nm_curvature_radius,8.333102620003812e-05
290,1,29,widespread_application,9.032516172398219e-05
291,1,29,transition_pattern,8.808632087562166e-05
292,1,29,ammonium_amino_group,8.804225929209785e-05
293,1,29,structural_model_reference,8.618848600534638e-05
294,1,29,peak_diffract_wave,8.555848749696572e-05
295,1,29,software_method,8.543774858110394e-05
296,1,29,moir_theory,8.428614276192313e-05
297,1,29,apoptotic_mediator,8.365826295833863e-05
298,1,29,peak_position,8.279871521721918e-05
299,1,29,n_terminal_protection_group,8.274607376499973e-05
300,1,30,lattice_pair_well_fit,8.875193054781519e-05
301,1,30,label_vector,8.646930924464416e-05
302,1,30,categorization_process,8.558565536353123e-05
303,1,30,global_instability_index,8.53926417040911e-05
304,1,30,proteasome_system,8.51019710343333e-05
305,1,30,electron_delocalization,8.441056261243488e-05
306,1,30,publish_datum,8.39201715742174e-05
307,1,30,envelope_sofa_conformation,8.387343173188866e-05
308,1,30,middot_anion,8.350728098953754e-05
309,1,30,feedback_mechanism,8.294784952440757e-05
310,1,31,bc_plane_parallel,8.948713534384653e-05
311,1,31,structure_type_structural_fragment,8.813038565624031e-05
312,1,31,certain_elemental_type,8.450205015672003e-05
313,1,31,slightly_decrease,8.297446298010434e-05
314,1,31,particular_generation_drug_chlorpropamide,8.280600864840753e-05
315,1,31,separate_crystal,8.271541027537712e-05
316,1,31,o_hmtpo_atom,8.180337096161105e-05
317,1,31,simulation_datum,8.162005072978143e-05
318,1,31,particular_grow_system,8.161620882901594e-05
319,1,31,liii_edge,8.142169290043991e-05
320,1,32,desirable_statistical_property,8.386231352358527e-05
321,1,32,mean_cationic_radius_coincident,8.372915227008426e-05
322,1,32,inorganic_organic_layer,8.366526367868352e-05
323,1,32,n_phenylbenzenesulfonamide,8.345099131899763e-05
324,1,32,map_mitogen_activate_protein,8.343006227038323e-05
325,1,32,give_experimental_alpha_lmn,8.320303755357646e-05
326,1,32,high_resolution_datum,8.298943664628699e-05
327,1,32,plane_wave,8.293187950186014e-05
328,1,32,monoprotonated_ethanediamine_molecule,8.21339907423921e-05
329,1,32,s_anomalous_signal,8.162007452579331e-05
330,1,33,current_program,9.107424116408209e-05
331,1,33,covalency_effect,8.57414987589534e-05
332,1,33,three_v_atom,8.449492588695182e-05
333,1,33,molecule_crystallographic_symmetry_possess,8.428621277695453e-05
334,1,33,chemistry_geometry,8.350317156295337e-05
335,1,33,native_datum,8.298269618816903e-05
336,1,33,gamma_ring,8.275876765217239e-05
337,1,33,significant_association,8.254454485874861e-05
338,1,33,substrate_peak_layer,8.186422728784477e-05
339,1,33,symmetrical_theta,8.141285846901922e-05
340,1,34,twist_chair_conformation_ring,8.466494524260289e-05
341,1,34,p_toluenesulfonate_anion,8.400789932093159e-05
342,1,34,centrosymmetric_binuclear_molecule,8.368088028495598e-05
343,1,34,datum_compatible_symmetry,8.336227406985007e-05
344,1,34,direction_parallel_run_chain,8.320198427325625e-05
345,1,34,proper_subgroup,8.320029705310522e-05
346,1,34,saxs_datum_system,8.259940710772397e-05
347,1,34,crystal_structure_stack_direction,8.252685410068227e-05
348,1,34,n_thiocyanate,8.231966698345192e-05
349,1,34,cell_surface_structure,8.21220285361163e-05
350,1,35,dna_hydroxymethylation,9.064545604636109e-05
351,1,35,revise_space_group,8.550120795300663e-05
352,1,35,functional_group,8.489426052982847e-05
353,1,35,vapochromic_organic_crystal,8.464054183110035e-05
354,1,35,minus_salt_solvate,8.426097203685591e-05
355,1,35,w_minus,8.421039824625713e-05
356,1,35,pattern_designator,8.32656232106478e-05
357,1,35,refinement_procedure,8.266100779848275e-05
358,1,35,two_thiocyanate,8.261299769147166e-05
359,1,35,x_ray_technique_reproducibility,8.240328068094187e-05
360,1,36,rei_centre_sphere,8.805338995811005e-05
361,1,36,auiii_atom,8.573518407778987e-05
362,1,36,nuclear_receptor,8.53152208214632e-05
363,1,36,unit_matrix,8.523370794283851e-05
364,1,36,asymmetric_unit_decameric_ring,8.49853208217412e-05
365,1,36,centrosymmetric_dinuclear_cdii_complex,8.485004310490008e-05
366,1,36,order_optical_susceptibility,8.412416094609788e-05
367,1,36,primitive_cubic_space_group,8.38141802004021e-05
368,1,36,reactivity_synthesis,8.331828493754805e-05
369,1,36,one_cu_atom,8.306266034951228e-05
370,1,37,s_prime_minus_structure,8.81570449504181e-05
371,1,37,wide_variety,8.409836459780703e-05
372,1,37,middot_anion,8.372264452111219e-05
373,1,37,crystallization_temperature_crystallite,8.37114611044622e-05
374,1,37,serine_protease,8.366315758981792e-05
375,1,37,sans_spectrometer_vacuum_chamber,8.26886017620912e-05
376,1,37,police_investigation,8.256783826517015e-05
377,1,37,high_temperature_beta,8.174483093557464e-05
378,1,37,small_quantity,8.147194078258e-05
379,1,37,ring_system_slippage,8.138435286076871e-05
380,1,38,p_spectrum,8.918404186326077e-05
381,1,38,picric_acid,8.630123604063249e-05
382,1,38,widely_application,8.505648582824179e-05
383,1,38,unmerged_sad_datum,8.429046677995997e-05
384,1,38,steric_effect,8.372278996338583e-05
385,1,38,immunosuppressant_synthetic_study,8.330294574848786e-05
386,1,38,nucleocapsid_protein,8.301453088891386e-05
387,1,38,stability_because_understand_order,8.29783186156793e-05
388,1,38,know_organic_phase,8.288609601351886e-05
389,1,38,benzothiazole_molecule,8.276123210586171e-05
390,1,39,respectively_iii_dimer,8.595109182716705e-05
391,1,39,magnetic_domain_pair_domain,8.522042249041838e-05
392,1,39,nbsp_time_dilute,8.35915958872248e-05
393,1,39,barrel_interaction,8.31906495160393e-05
394,1,39,exhibit_envelope_conformation,8.306123169980266e-05
395,1,39,imidazole_ring_close_interaction,8.278391116861079e-05
396,1,39,specific_radiation_damage,8.275376637500569e-05
397,1,39,present_crystal,8.243115368069714e-05
398,1,39,intermolecular_hydroxymethyl_amide,8.207456461281606e-05
399,1,39,long_range_order,8.204895782585716e-05
400,1,40,metal_complex,8.739715595744519e-05
401,1,40,prime_prime_prime_systematic,8.539935623655649e-05
402,1,40,phenyl_ring_involve_interaction,8.358674195592828e-05
403,1,40,reactive_moiety_alkyl_hydride,8.305822377685028e-05
404,1,40,amino_acid_sequence,8.286590376017607e-05
405,1,40,guinier_diffractometer,8.254342180814298e-05
406,1,40,conserve_fragment,8.229185862606863e-05
407,1,40,liquid_suspension,8.228903320045944e-05
408,1,40,group_rank,8.197341811998157e-05
409,1,40,zinc_complex,8.195051661021855e-05
410,1,41,aluminium_barium,8.612514155895665e-05
411,1,41,homogeneous_intensity_distribution,8.601066561861091e-05
412,1,41,discuss_static_structure_characterization,8.550175473685215e-05
413,1,41,normal_value,8.466854005407179e-05
414,1,41,nonstructural_protein,8.454274010742258e-05
415,1,41,atom_different_type,8.377289638943493e-05
416,1,41,respectively_aring_deviation,8.374610600400755e-05
417,1,41,layer_coordination_polymer,8.320457055414158e-05
418,1,41,c_nbsp_nbsp,8.310180572106005e-05
419,1,41,tile_set,8.281460331074224e-05
420,1,42,nucleotide_n,8.73028951956316e-05
421,1,42,bridge_methylene_c_atom,8.431397950474334e-05
422,1,42,symmetry_deg_k,8.413004518828686e-05
423,1,42,triangular_geometry,8.261152490071145e-05
424,1,42,waal_interaction,8.244369265391764e-05
425,1,42,aring_datum,8.20794648848334e-05
426,1,42,dna_protein,8.1832305131124e-05
427,1,42,electrostatic_energy,8.169951784604253e-05
428,1,42,attenuation_tomography_device,8.155103877881385e-05
429,1,42,rietveld_method,8.150065553972866e-05
430,1,43,configure_hexyloxy_chain,8.776029425106327e-05
431,1,43,atp_dependent_dihydroxyacetone_phosphorylation,8.580989550747547e-05
432,1,43,flatten_cone_conformation,8.57185037063141e-05
433,1,43,benzene_dihedral_angle,8.390707590489512e-05
434,1,43,water_ligand,8.343020223351225e-05
435,1,43,elastic_constant,8.311301533543735e-05
436,1,43,peak_intensity,8.239841426559762e-05
437,1,43,quantum_magnet,8.196894145708064e-05
438,1,43,class_ii_chaperone,8.159180037348176e-05
439,1,43,molecule_contain_block,8.149270782036136e-05
440,1,44,ion_molecule,8.636922155301378e-05
441,1,44,ecdysone_receptor,8.589995614300436e-05
442,1,44,structure_determination,8.575185106834976e-05
443,1,44,stereogenic_center_dienone_structure,8.541951443346286e-05
444,1,44,incident_x_ray_wave,8.524081810707817e-05
445,1,44,scatter_cross_section_variation,8.516365197193607e-05
446,1,44,complete_molecule,8.471446160740167e-05
447,1,44,osteoblast_specific_gene_expression,8.458476296184789e-05
448,1,44,nucleoside_diphosphate,8.37743465154053e-05
449,1,44,interest_network_flexibility,8.315734485820072e-05
450,1,45,distort_square_planar_environment,9.119570344111833e-05
451,1,45,different_proportion,8.557977285403407e-05
452,1,45,b_axis_direction,8.425925161664482e-05
453,1,45,phonon_spectrum,8.400217269566437e-05
454,1,45,epigenetic_regulation,8.352977574828736e-05
455,1,45,real_space_correlation_coefficient,8.324201387639084e-05
456,1,45,hierarchical_structure,8.283954519148912e-05
457,1,45,trielaidin_structure,8.282502959287342e-05
458,1,45,silica_analogue,8.262207869229801e-05
459,1,45,water_acetate,8.234015596782648e-05
460,1,46,h_h,8.810294370266688e-05
461,1,46,cu_o_interaction,8.593635242192194e-05
462,1,46,dianionic_pentadentate,8.533684716082317e-05
463,1,46,salt_cation,8.493837541479926e-05
464,1,46,chair_conformation,8.485932207798605e-05
465,1,46,chain_main_chain_residue,8.470465238521035e-05
466,1,46,crystal_crystal,8.464274110997025e-05
467,1,46,vertex_collision,8.41086726683987e-05
468,1,46,temperature_range_cover_furnace,8.372323087271897e-05
469,1,46,simulate_anneal,8.350352828129385e-05
470,1,47,x_tem_ray,8.679740040997448e-05
471,1,47,extend_structure,8.590264181672874e-05
472,1,47,dominant_intermolecular_interaction,8.502177086042075e-05
473,1,47,spop_high_order_oligomerization,8.433607655787594e-05
474,1,47,different_contrast,8.385907172799485e-05
475,1,47,dead_time,8.344313488522675e-05
476,1,47,planar_coordination,8.308635149968958e-05
477,1,47,cationic_antimicrobial_peptide_resistance,8.253134711060236e-05
478,1,47,serratia_marcescen_inactive_mutant,8.23672374790944e-05
479,1,47,important_tool,8.223684327020128e-05
480,1,48,dna_bind_protein,8.515235385487982e-05
481,1,48,site_symmetry_coii_atom,8.493529732414087e-05
482,1,48,mu_acid,8.39000307577108e-05
483,1,48,beamline_experience_train_personnel,8.365917577646438e-05
484,1,48,indirect_one,8.33541443083556e-05
485,1,48,previous_model_disadvantage,8.257764147924748e-05
486,1,48,exist_phase_method,8.253468128523319e-05
487,1,48,meso_position,8.196151753881604e-05
488,1,48,highly_parallel_small_diameter,8.195345210411378e-05
489,1,48,bridge_o_atom,8.19203690431486e-05
490,1,49,anisotropic_librational_translational_motion,8.74294372737376e-05
491,1,49,estimate_convergence,8.638172021055738e-05
492,1,49,linear_size_parameter,8.561375483473813e-05
493,1,49,terminal_step,8.403774229958212e-05
494,1,49,anthracene_plane_substituent,8.37754303237793e-05
495,1,49,b_type,8.350123675406716e-05
496,1,49,carbazolyl_fragment,8.343241988378055e-05
497,1,49,slip_pi,8.282316672654693e-05
498,1,49,orthorhombic_form_anti_disposition,8.252793893341416e-05
499,1,49,particle_shape,8.244838283355619e-05
0,2,0,metal_bind_site_bind,7.859449281399069e-05
1,2,0,base_anion,7.815617621224056e-05
2,2,0,cs_solution,7.723146865557189e-05
3,2,0,bond_behaviour,7.713450155551375e-05
4,2,0,phonon_coherent_inelastic_scatter,7.655915904975612e-05
5,2,0,recruit_clathrin,7.647235740500466e-05
6,2,0,e_signal,7.631857828915525e-05
7,2,0,trielaidin_structure,7.625185753350411e-05
8,2,0,square_planar_geometry_ligand,7.622981381183897e-05
9,2,0,downward_diffraction,7.618420052656717e-05
10,2,1,aluminium_si_atom,7.920239702889064e-05
11,2,1,s_incident_beam_antiparallel,7.873403804095482e-05
12,2,1,sars_cov_genome_approach,7.777484611964108e-05
13,2,1,automatic_structure_solution,7.766031406677587e-05
14,2,1,easy_removal,7.72790084202074e-05
15,2,1,zigzag_chain_propagate,7.682891666671533e-05
16,2,1,water_molecule_cytidine_analogue,7.674600666159624e-05
17,2,1,hirudin_peptide,7.66432232181598e-05
18,2,1,network_form_hydrogen_bond,7.663077213613325e-05
19,2,1,n_anomeric_effect,7.650324334500899e-05
