,run,topic,terms,p
68002673153e-05
1,1,0,free_micelle,8.403930463291778e-05
2,1,0,slightly_distort_tetrahedral_geometry,8.369241125038841e-05
3,1,0,trigonal_prismatic_geometry,8.255622792069644e-05
4,1,0,near_edge_structure,8.221024135714266e-05
5,1,0,archaeal_domain,8.218463237976178e-05
6,1,0,mjtim_unligand_structure,8.176992357671415e-05
7,1,0,helix_selection_rule,8.172151608817121e-05
8,1,0,thionyl_chloride,8.162816246533932e-05
9,1,0,synchrotron_x_ray_diffraction,8.149962793289981e-05
10,1,1,typical_experimental_situation,8.57577911443875e-05
11,1,1,alpha_kinase_activation,8.5275561731314e-05
12,1,1,pyrazine_pyrazine,8.32603733135411e-05
13,1,1,alternate_fashion,8.282458122810466e-05
14,1,1,alpha_alpha_delta,8.257194835728493e-05
15,1,1,possible_precursor,8.233960455004979e-05
16,1,1,th___plusmn,8.230250188865481e-05
17,1,1,absorb_power,8.223607829672115e-05
18,1,1,sad_phase_method,8.197186323304248e-05
19,1,1,relatively_high_speed,8.19636227587716e-05
20,1,2,viz_configuration,8.346942611817607e-05
21,1,2,ester_form_dimer,8.323065935727986e-05
22,1,2,celd_cellulase_dockerin_module,8.267705748422813e-05
23,1,2,cd_centre,8.23390323970192e-05
24,1,2,cross_translation_function_rotation,8.17807612238083e-05
25,1,2,centrosymmetric_n_h,8.147808545110682e-05
26,1,2,dimerization_mode,8.134989734746051e-05
27,1,2,fluoride_water_sheet_network,8.13456656056892e-05
28,1,2,cu_atom,8.126264153059074e-05
29,1,2,narrow_range,8.102684569302072e-05
30,1,3,measure_displacement,8.986349426380731e-05
31,1,3,planar_octagonal_arrangement,8.661235895357253e-05
32,1,3,grey_portland_cement,8.432178312428121e-05
33,1,3,halophilic_marine_microorganism,8.327510267402673e-05
34,1,3,benzimidazole_cation,8.261850188492808e-05
35,1,3,methoxy_o_atom,8.258952013883626e-05
36,1,3,group_quinoxaline_dioxide,8.236626229154371e-05
37,1,3,detergent_presence,8.22613370978236e-05
38,1,3,nicotinamide_moiety,8.181920424305487e-05
39,1,3,rapamycin_complex_crystal_structure,8.162606923387872e-05
40,1,4,fluorescence_analysis,8.752031818520517e-05
41,1,4,formation_free_energy,8.542556187531987e-05
42,1,4,seven_crystal_structure,8.352985583034955e-05
43,1,4,base_anion,8.346490572135226e-05
44,1,4,thickness_close_region,8.274376383780649e-05
45,1,4,ring_motif_hydrogen_bond,8.184411267863042e-05
46,1,4,deaminase_product,8.17848143364246e-05
47,1,4,impurity_crystalline_phasis_presence,8.13384461955539e-05
48,1,4,c_cl_h,8.074777629146895e-05
49,1,4,new_tetranuclear,8.070349753208159e-05
50,1,5,k_atom,8.798062978729926e-05
51,1,5,metal_metal_bond,8.514877804682844e-05
52,1,5,zeta_expression,8.343296096312752e-05
53,1,5,linear_hydrogen_bond,8.287943535531269e-05
54,1,5,ester_hydroxyl,8.251110368941367e-05
55,1,5,rsv_respiratory_syncytial_virus,8.237941643339008e-05
56,1,5,cod_water,8.161777222196102e-05
57,1,5,mycobacterium_structure,8.152915428294044e-05
58,1,5,double_bond_character,8.148649195836741e-05
59,1,5,yeast_structure,8.147868362498545e-05
60,1,6,fragment_bond_carbonyl_o,8.713817818567901e-05
61,1,6,net_realization,8.507182520105064e-05
62,1,6,mix_anion_system,8.44869668541854e-05
63,1,6,material_mass_density,8.394922678276246e-05
64,1,6,bc_plane_supramolecular_layer,8.380584931930133e-05
65,1,6,datamatrix_code,8.319933105895706e-05
66,1,6,mr_triclinic,8.280623722620857e-05
67,1,6,publish_value,8.260515585374334e-05
68,1,6,horizontal_speciman_rotation_axis,8.23681042618598e-05
69,1,6,thiosulfate_anion_organic_cation,8.222533711581445e-05
70,1,7,b_ring_link,8.742330139901014e-05
71,1,7,infinite_supramolecular_tape,8.55739305675587e-05
72,1,7,crystallographic_registry,8.519509724677883e-05
73,1,7,molecule_crystal_structure,8.505205427365928e-05
74,1,7,dimercaptoethylenedicarbonitrilate_ligand_s_atom,8.492424765661307e-05
75,1,7,early_x_ray_analysis,8.368997688074512e-05
76,1,7,external_stimulus,8.363013462747339e-05
77,1,7,hirudin_peptide,8.355404878825263e-05
78,1,7,cu_c,8.330112716560608e-05
79,1,7,thioxothiazolidine_ring_mean_plane,8.287247253771237e-05
80,1,8,molecular_replacement_calculation,8.57888491610372e-05
81,1,8,bragg_diffraction_general_case,8.505996496439565e-05
82,1,8,structure_analysis,8.306715249862169e-05
83,1,8,eno_molecule,8.303871719617337e-05
84,1,8,sample_position,8.268672170201141e-05
85,1,8,isotropic_saturation_value,8.197451912432316e-05
86,1,8,modest_c_h,8.184105522099205e-05
87,1,8,o_length_hydrogen_bond,8.164331354692093e-05
88,1,8,slightly_distort_octahedron,8.144906714938387e-05
89,1,8,dengue_infection,8.142807322074726e-05
90,1,9,native_protein,8.386681327513537e-05
91,1,9,reference_wide_range,8.379477576691023e-05
92,1,9,fob_complex,8.317249513085817e-05
93,1,9,experimental_alpha_lmn,8.315463650517276e-05
94,1,9,scandium_phosphate_dihydrate_middot,8.26829886582768e-05
95,1,9,scale_factor,8.264705510051841e-05
96,1,9,dimensional_supramolecular_structure_formation,8.240760193687942e-05
97,1,9,rhombohedral_space_group,8.229644031238653e-05
98,1,9,putative_pipe_bind_region,8.213756377380976e-05
99,1,9,angle_bond_length,8.200404714579054e-05
100,1,10,guini_camera,8.842215003469912e-05
101,1,10,selective_separation,8.590314403189934e-05
102,1,10,intermolecular_n_h_pair,8.424055067685807e-05
103,1,10,adpm_azadipyrromethene,8.418551781215684e-05
104,1,10,phenylphosphonate_group,8.380814226883129e-05
105,1,10,novel_insight,8.353183759735767e-05
106,1,10,classical_ptp,8.341613320480563e-05
107,1,10,n_carbonyl_methylamino_function,8.284135935480788e-05
108,1,10,central_c,8.283165453341471e-05
109,1,10,acetone_pentane_mixture_solution,8.232067441959703e-05
110,1,11,dimension_disorder_dimension_order,8.863442236789113e-05
111,1,11,minus_myo_inositol,8.771394358071025e-05
112,1,11,selective_separation,8.560305218241965e-05
113,1,11,position_sensitive_detector,8.535662272355481e-05
114,1,11,additional_spot,8.430331512739556e-05
115,1,11,stack_fault_crystal_surface,8.380378301221184e-05
116,1,11,dsb_protein_complement,8.301546722441618e-05
117,1,11,displacement_mode,8.284596406228256e-05
118,1,11,external_stimulus,8.274252541406298e-05
119,1,11,helix_repeat,8.235217823459082e-05
120,1,12,anneal_effect,8.386149030708628e-05
121,1,12,acid_pyda_minus,8.32408765423384e-05
122,1,12,fascinate_unique_property,8.251009299980318e-05
123,1,12,positive_construction,8.249036539446079e-05
124,1,12,macrocyclic_ligand_n_atom,8.228449849541332e-05
125,1,12,material_edp_great_similarity,8.187864612301843e-05
126,1,12,dynamical_theory,8.144455043984773e-05
127,1,12,symmetric_laue_geometry,8.144380206306048e-05
128,1,12,aui_atom,8.118530066175075e-05
129,1,12,intramolecular_n_h_combination,8.11803148160361e-05
130,1,13,diyttrium_heptaoxodisilicate,8.741672357874932e-05
131,1,13,methoxy_o_atom,8.67098354279188e-05
132,1,13,position_pair,8.591924939425717e-05
133,1,13,run_intersect_tunnel,8.415012866218758e-05
134,1,13,bc_aring_plusmn_bth,8.21633095802739e-05
135,1,13,large_family,8.209975078019946e-05
136,1,13,k_alpha_line,8.165682534757913e-05
137,1,13,nearby_n_terminal_tag,8.133403989430684e-05
138,1,13,obtuse_p,8.112231840715402e-05
139,1,13,small_angle_scatter_intensity,8.11058913720292e-05
140,1,14,chemical_principle,8.676334534871114e-05
141,1,14,sultone_ring,8.473761693935487e-05
142,1,14,zero_position_value,8.322950600141432e-05
143,1,14,qualitative_behaviour,8.320486356960828e-05
144,1,14,cu_ion,8.289516102338199e-05
145,1,14,adduct_find_distance,8.279459486534338e-05
146,1,14,metallic_zinc,8.23782772622466e-05
147,1,14,kappa_s_ligand,8.205204527188542e-05
148,1,14,q_omega,8.160430057876205e-05
149,1,14,aring_cl_atom,8.155887397428448e-05
150,1,15,hydrogen_bond_pseudo,8.676559445485311e-05
151,1,15,ga_cl_distance,8.546782574647906e-05
152,1,15,pentyl_group,8.449978233608545e-05
153,1,15,minus_melt_temperature,8.409478019001142e-05
154,1,15,prime_prime_bridge_ligand,8.396930938399597e-05
155,1,15,cmethyl_torsion,8.333727671549182e-05
156,1,15,biologically_active_form_dimer,8.187382181683532e-05
157,1,15,l_arginine,8.170537606444145e-05
158,1,15,important_receptor,8.153820628437069e-05
159,1,15,calcite_bassanite_gypsum,8.148333765202188e-05
160,1,16,aring_isoquinoline_group,8.422124899952145e-05
161,1,16,residual_electron_density,8.379832649892086e-05
162,1,16,magnetic_storage_device,8.354345785083343e-05
163,1,16,bc_plane_parallel,8.275419973425831e-05
164,1,16,reservoir_solution,8.233647511769389e-05
165,1,16,significant_drift,8.231352340401888e-05
166,1,16,form_inversion,8.181994419764085e-05
167,1,16,remarkable_role,8.139298068449857e-05
168,1,16,new_xylanas,8.137191003382483e-05
169,1,16,acid_crystalline_thiosalicylic_acid,8.115707617860084e-05
170,1,17,hydrogen_gas,8.546057263685857e-05
171,1,17,plane_lie_methyl_group,8.294734508519436e-05
172,1,17,datum_screen_crystal_collection,8.288885341123988e-05
173,1,17,theta_s_vector,8.261390135425641e-05
174,1,17,thiocyanate_ion,8.239971068203379e-05
175,1,17,catalytically_favourable_conformation,8.239501702142012e-05
176,1,17,sample_relate_sample,8.168863358288225e-05
177,1,17,horizontal_speciman_rotation_axis,8.162961583204741e-05
178,1,17,crystal_order_zone,8.161730893196058e-05
179,1,17,graphite_examination,8.155146728071132e-05
180,1,18,split_facet,8.288167665347495e-05
181,1,18,count_loss,8.271052951125242e-05
182,1,18,protein_function,8.266168880048841e-05
183,1,18,heat_load_wide_range,8.25254747885008e-05
184,1,18,ethanol_group_o_atom,8.22859930560749e-05
185,1,18,middot_anion,8.213854241283355e-05
186,1,18,pectolytic_protein_crystal,8.201193046783529e-05
187,1,18,salt_concentration,8.180402897527235e-05
188,1,18,crystal_bragg_spot_shape,8.172078874704183e-05
189,1,18,cu_o_interaction,8.163380686428667e-05
190,1,19,tiocl_undergo,8.437053440523462e-05
191,1,19,dimeric_cluster_family,8.383858783252451e-05
192,1,19,corynebacterium_fad_synthetase,8.262775496047106e-05
193,1,19,cation_link,8.183883332968585e-05
194,1,19,cuii_atom,8.183385824762697e-05
195,1,19,cysteine_catabolism_step,8.163320532282097e-05
196,1,19,speciman_edge,8.156501158585268e-05
197,1,19,experimental_scatter_curve,8.149676712404194e-05
198,1,19,molecule_piperidine_ring,8.14667321511309e-05
199,1,19,soft_shell,8.144191784167671e-05
0,2,0,p_tsoh_presence,8.286671239318508e-05
1,2,0,m_edge_study,8.250222172495075e-05
2,2,0,carboxylate_salt,8.246639044908858e-05
3,2,0,relate_sample,8.114916786645921e-05
4,2,0,interchain_hydrogen_bond,8.106733839428062e-05
5,2,0,diffusion_method,8.065691174165415e-05
6,2,0,rna_complex,8.018436530138516e-05
7,2,0,minus_middot,7.937460876547696e-05
8,2,0,borazine_ring_atom_deviation,7.874683422102758e-05
9,2,0,bromide_crystal_structure,7.872117804855614e-05
10,2,1,dpno_moiety,8.034301707180049e-05
11,2,1,portland_cement,7.989176886109752e-05
12,2,1,classical_c_h,7.982581033103966e-05
13,2,1,femtosecond_x_ray_crystallography,7.95624107760592e-05
14,2,1,rarr_intramolecular_hydrogen_bond,7.920216806438781e-05
15,2,1,heterocyclic_ring_respect,7.907240807079393e-05
16,2,1,multipole_model,7.899618127259662e-05
17,2,1,viz_cis_bis_complex,7.801439017541712e-05
18,2,1,stack_pi_pi,7.793169738873713e-05
19,2,1,gamma_form,7.782198538295916e-05
20,2,2,datum_reproducibility,8.365772308131888e-05
21,2,2,protein_domain_definition,8.221171660406849e-05
22,2,2,beamline_control,8.106711841876838e-05
23,2,2,keto_form,7.957515900036029e-05
24,2,2,share_vertex,7.942268929060712e-05
25,2,2,dimensional_position_sensitive_detector,7.904130112339067e-05
26,2,2,laundy_amp,7.888231879595824e-05
27,2,2,anion_o_atom,7.864794177785149e-05
28,2,2,open_question,7.847608001291718e-05
29,2,2,self_rotation,7.835841124428205e-05
30,2,3,innovative_instrumentation,8.131318446219485e-05
31,2,3,special_issue,8.120196268274735e-05
32,2,3,b_subunit,8.099895356513168e-05
33,2,3,function_correction,7.955207474479206e-05
34,2,3,t_deg,7.898703160106213e-05
35,2,3,ring_motif,7.86531055834004e-05
36,2,3,x_ray_crystallography,7.811102324709632e-05
37,2,3,f_directional_interaction,7.8103839210352e-05
38,2,3,growth_process,7.769187384643477e-05
39,2,3,pi_pi_slip_interaction,7.75173651074387e-05
