,run,topic,terms,p
489823572413547e-05
1,1,0,apical_site_l_ligand,8.411097007870144e-05
2,1,0,furofuran_ligand_synthesis_study,8.291622476970842e-05
3,1,0,pentagonal_bipyramidal_geometry,8.202690263340365e-05
4,1,0,visual_match,8.092953971612968e-05
5,1,0,bulky_phosphane_ligand,8.091864575768585e-05
6,1,0,ctd_phosphatase,8.059098002908099e-05
7,1,0,further_amine_carboxyl,8.035107889365537e-05
8,1,0,ether_o_atom,8.016701291257667e-05
9,1,0,aring_te_c_o,8.009467882464517e-05
10,1,1,grey_portland_cement,8.634613500541401e-05
11,1,1,planar_vinamidinium_chain,8.331045267195137e-05
12,1,1,pyrene_ring,8.26740923977069e-05
13,1,1,racemic_mixture,8.170607903768832e-05
14,1,1,large_abundance,8.147748286625278e-05
15,1,1,minus_aring_minus_s,8.138361136684656e-05
16,1,1,lattice_parameter_difference,8.096170242596871e-05
17,1,1,phenyl_ring_group,8.089864365831574e-05
18,1,1,williopsis_mrakii_killer_toxin,8.0715551460627e-05
19,1,1,beta_section,8.054265296017688e-05
20,1,2,tetrahedral_pyramidal,8.384485416692055e-05
21,1,2,software_method,8.310196105537919e-05
22,1,2,sulfonamide_group,8.288634535329996e-05
23,1,2,specular_reflection,8.2313052262973e-05
24,1,2,oxidative_fold,8.142328572839976e-05
25,1,2,peak_diffract_wave,8.077330889095826e-05
26,1,2,linear_hydrogen_bond,8.053389770931274e-05
27,1,2,anthracene_moiety,8.051203019573435e-05
28,1,2,dimensional_network_structure_formation,8.006848771883263e-05
29,1,2,twin_boundary_arrangement,7.979042064774119e-05
30,1,3,pyridine_ring_n_atom,8.46564095836718e-05
31,1,3,aromatic_pi,8.446654381928741e-05
32,1,3,soft_material_dynamic_behaviour,8.38297486213099e-05
33,1,3,ornithine_transcarbamoylase,8.366072489771414e-05
34,1,3,pollack_lab,8.351318472295744e-05
35,1,3,aui_atom_geometry,8.336215905080517e-05
36,1,3,a_factor,8.278428089964205e-05
37,1,3,excite_fluorescence_radiation,8.210564868192007e-05
38,1,3,anthracene_moiety,8.19486283776627e-05
39,1,3,rei_centre_geometry,8.17937401352194e-05
40,1,4,coordinate_ybiii_atom,8.67182333494288e-05
41,1,4,lactone_carbonyl,8.592378481102802e-05
42,1,4,p_tolyl,8.538952952388376e-05
43,1,4,n_prime_o,8.531864436329196e-05
44,1,4,finite_order_form,8.52534711729482e-05
45,1,4,ethylenediamine_molecule,8.369301691929187e-05
46,1,4,enzyme_cleave,8.353990232370821e-05
47,1,4,dip_native_d,8.304631336378935e-05
48,1,4,automatic_detection,8.279150977957759e-05
49,1,4,high_ratio,8.200061449998023e-05
50,1,5,nonaaquapraseodymium_adduct,8.424309559825337e-05
51,1,5,alpha_lob_shape_protein,8.366887902704614e-05
52,1,5,benzimidazole_group,8.360391236092069e-05
53,1,5,fragment_syn_configuration,8.201873598154108e-05
54,1,5,non_classical_hydrogen,8.16685548637421e-05
55,1,5,siderophore_bind_protein,8.1182021316772e-05
56,1,5,rigid_body_vibration,8.113889135770116e-05
57,1,5,canadian_light_source,8.106402953155065e-05
58,1,5,enzyme_phosphoethanolamine,8.019416185260507e-05
59,1,5,network_structure,8.007000883359652e-05
60,1,6,zn_o_bond_distance,8.468302636416171e-05
61,1,6,local_scale_crystal,8.23166480539312e-05
62,1,6,monocapp_tetragonal_antiprism_polyhedron,8.195993796248614e-05
63,1,6,c_nbsp,8.177794110721732e-05
64,1,6,protein_c_alpha_position,8.15299363849968e-05
65,1,6,laue_spot,8.123748456681764e-05
66,1,6,hrsvn_previous_structure_contrast,8.082241679000433e-05
67,1,6,space_group_structure,8.080411332940916e-05
68,1,6,cu_separation,8.06141226804519e-05
69,1,6,combine_datum,8.04549338823844e-05
70,1,7,deformation_pure_rotation_component,8.459930014434969e-05
71,1,7,laue_spot_split,8.375018218822031e-05
72,1,7,chloride_anion_water_molecule,8.364409121151185e-05
73,1,7,convenient_way,8.315567329329105e-05
74,1,7,carboxy_terminal_subdomain,8.152812437742979e-05
75,1,7,diffraction_datum_set,8.129720990929976e-05
76,1,7,approximately_week,8.101703432563264e-05
77,1,7,chain_generate_hydrogen_bond,8.09922234758245e-05
78,1,7,reaction_mixture,8.083494231409178e-05
79,1,7,bipyramidal_coordination,8.082050710938323e-05
80,1,8,dimensional_diamond,8.426576573184423e-05
81,1,8,hydrogen_bond_dimer,8.283348911045954e-05
82,1,8,bragg_peak,8.283319773711218e-05
83,1,8,equatorial_position_cl_atom,8.271858815307918e-05
84,1,8,dna_clamp_protein,8.213647373368893e-05
85,1,8,oxalate_ligand,8.16741872886808e-05
86,1,8,high_photon,8.143102372149382e-05
87,1,8,methylene_group,8.082210102199045e-05
88,1,8,pyrrolidine_piperidine_ring,8.029422819692002e-05
89,1,8,refine_domain_ratio,8.010340030830593e-05
90,1,9,diblock_copolymer_film,8.365281377848566e-05
91,1,9,similar_calculation,8.316128962060621e-05
92,1,9,o_h_bromide_ion,8.305613588726159e-05
93,1,9,carboxylic_acid_carboxyl,8.300798789898272e-05
94,1,9,saxs_curve,8.264371973550492e-05
95,1,9,structure_consolidate,8.24453985322761e-05
96,1,9,indispensable_process,8.177024764384227e-05
97,1,9,real_space_descriptor,8.122519315067998e-05
98,1,9,high_resolution_information,8.120868295652831e-05
99,1,9,substituent_ring_plane,8.013070212310909e-05
0,2,0,methyl_c_atom_tran,8.850873041896469e-05
1,2,0,merohedral_component_twin,8.825062642759169e-05
2,2,0,short_c_alpha,8.576404094731485e-05
3,2,0,associate_diffraction_effect,8.469233291753261e-05
4,2,0,regulatory_cascade,8.465151411819736e-05
5,2,0,boron_heterocycle,8.441526022718409e-05
6,2,0,rsr_procedure,8.425182114908278e-05
7,2,0,molecule_crystal_structure,8.418596605475607e-05
8,2,0,bend_crystal_large_distance,8.331846322396409e-05
9,2,0,heterodyne_xpcs_experiment,8.321693177361238e-05
10,2,1,high_energy_positron_diffraction,8.66449194021347e-05
11,2,1,angle_distance,8.476121457837742e-05
12,2,1,respectively_deg,8.416165548157678e-05
13,2,1,carbon_black,8.411880101150845e-05
14,2,1,complex_molecular_structure,8.350434312390123e-05
15,2,1,detail_analysis,8.345971862120217e-05
16,2,1,transition_temperature,8.282235405936889e-05
17,2,1,pumice_structure,8.261311123847392e-05
18,2,1,conventional_r_factor,8.258526717983964e-05
19,2,1,phenol_imine_tautomeric_form,8.22358310676181e-05
20,2,2,bulk_sample_internal_structure,8.641517885556688e-05
21,2,2,tungsten_lattice_parameter,8.568502465008398e-05
22,2,2,guinier_diffractometer,8.496092312888042e-05
23,2,2,protein_fragment_database_use,8.453415469378201e-05
24,2,2,corona_precise_geometrical_model,8.452061191410176e-05
25,2,2,amine_phosphine,8.423873082148252e-05
26,2,2,anomalous_experiment,8.365648343051731e-05
27,2,2,minor_major_occupancy,8.27836545083276e-05
28,2,2,effective_way,8.244365707698081e-05
29,2,2,dna_protein_complex_transportation,8.217613128864161e-05
30,2,3,achiral_peptide,8.737120607701849e-05
31,2,3,k_structure_substantial_difference,8.550084760919649e-05
32,2,3,alternate_fashion,8.486451333335718e-05
33,2,3,sodium_dicyanamide_dafo,8.454918708151772e-05
34,2,3,be_crystal,8.360943337250378e-05
35,2,3,active_site_proton_transfer,8.286474260129823e-05
36,2,3,volume_reduction,8.286203076192394e-05
37,2,3,thiophene_quinoline_ring,8.275775609406265e-05
38,2,3,deg_sigma_phiv,8.25806041459142e-05
39,2,3,langbeinite_type,8.236497835659433e-05
40,2,4,acoustic_droplet_ejection,8.697525630571431e-05
41,2,4,n_n_bond,8.53450306140126e-05
42,2,4,anhydrous_bromide_crystal_structure,8.510091241497758e-05
43,2,4,uv_light_photochromism,8.489463865966536e-05
44,2,4,aring_mean_plane,8.459270490972036e-05
45,2,4,n_iodide_methylcocaine,8.446803013772565e-05
46,2,4,apical_bond_length,8.416200818057603e-05
47,2,4,carboxylate_end_o_atom,8.343301275848189e-05
48,2,4,o_torsion,8.315409332622301e-05
49,2,4,host_cell_rna_interference,8.281729344484334e-05
50,2,5,piano_stool_geometry,8.88555884516252e-05
51,2,5,crystal_in_lattice,8.463298843951249e-05
52,2,5,mechanical_structure,8.423343264057064e-05
53,2,5,carboxylate_anion,8.411869583107322e-05
54,2,5,pyridinium_oxide_n_crystal,8.38268815675723e-05
55,2,5,soil_bacterium,8.358579665763939e-05
56,2,5,near_neighbour_order,8.343340786086315e-05
57,2,5,small_protein,8.298067224469416e-05
58,2,5,antimalarial_chloroquine,8.189570872258014e-05
59,2,5,single_crystal_formation,8.165879634018381e-05
60,2,6,monoclinic_delta_polymorph,8.79791319547991e-05
61,2,6,sulfonyl_o_atom,8.754079033074016e-05
62,2,6,orientation_information,8.741013568143164e-05
63,2,6,z_prime,8.571150113131495e-05
64,2,6,scatter_length_profile,8.292110232814978e-05
65,2,6,nitrite_ion,8.206976246838804e-05
66,2,6,selenomethionine_protein_crystal,8.170786456149394e-05
67,2,6,refinement_purpose,8.154139446269285e-05
68,2,6,protein_region,8.147707840137024e-05
69,2,6,acceptor_anion_cl_atom,8.141974965503064e-05
70,2,7,parallel_lie_dimensional_network,8.595512803151954e-05
71,2,7,overall_u_shape,8.545216386254546e-05
72,2,7,environment_problem,8.466654535797005e-05
73,2,7,n_cinnamoyl_derivative,8.464397019329386e-05
74,2,7,cecill_licence_source,8.433788251282772e-05
75,2,7,ethoxy_formamide_group,8.390004500487309e-05
76,2,7,beta_acetate_monohydrate,8.380358716416231e-05
77,2,7,chelate_acetato_ligand,8.311387077575557e-05
78,2,7,coherent_wave,8.289341406518909e-05
79,2,7,iron_metalloenzyme,8.288363907967111e-05
80,2,8,pyrimidine_ring,8.943511877293089e-05
81,2,8,cis_c_d,8.623395163004218e-05
82,2,8,zr_k_edge,8.568659109396824e-05
83,2,8,slip_band_head,8.542793518779924e-05
84,2,8,rule_compact_formula,8.362858003470833e-05
85,2,8,phenol_oh_group,8.328766934082477e-05
86,2,8,beam_criterion,8.313599406638984e-05
87,2,8,terminal_chloride_ligand,8.250599307771531e-05
88,2,8,different_fluconazole_ligand,8.24749799699136e-05
89,2,8,centrosymmetric_motif,8.237508987485603e-05
90,2,9,intercalate_methanol_solvent_molecule,8.694166967780693e-05
91,2,9,principle_enantiomorph_apply_method,8.546938354941448e-05
92,2,9,centroid_separation,8.474520652520956e-05
93,2,9,isolate_octahedron,8.42584476012632e-05
94,2,9,pasteurianum_rubredoxin,8.312610697938901e-05
95,2,9,lattice_parameter_precise_value,8.248002731536287e-05
96,2,9,al_atom,8.242450174196962e-05
97,2,9,diffract_intensity_new_expression,8.220711291836614e-05
98,2,9,nearly_deg_relative_orientation,8.210760261172302e-05
99,2,9,aerobic_oxidation,8.172921640334972e-05
100,2,10,minus_intermediate_alloy,8.978158684545279e-05
101,2,10,c_angle,8.944196923913424e-05
102,2,10,minor_redox,8.529834855312469e-05
103,2,10,approximately_aring_contact,8.375103410271623e-05
104,2,10,dinuclear_complex_molecule,8.304591509245366e-05
105,2,10,x_ray_diffraction_experiment,8.290887451888031e-05
106,2,10,alpha_beta,8.288209459051372e-05
107,2,10,crystal_parameter,8.281111105442936e-05
108,2,10,terminal_phenyl_phenylene,8.273479508454863e-05
109,2,10,crystal_equilibrium,8.262257746485504e-05
110,2,11,cytotoxicity_enhancement,8.55476349623245e-05
111,2,11,recent_research,8.547525837672995e-05
112,2,11,useful_negative_relation_numb,8.455784448274424e-05
113,2,11,oxidative_carbon_phosphoru,8.371490595284865e-05
114,2,11,magnetic_property,8.368749533559885e-05
115,2,11,image_intensify_ccd,8.349631752825791e-05
116,2,11,eno_salt_cocrystal,8.33762409144983e-05
117,2,11,deg_c_onset_temperature,8.317088861608381e-05
118,2,11,cylindrical_shape_parallel_channel,8.314140630924482e-05
119,2,11,numerical_graphical_technique_combination,8.284208510618443e-05
120,2,12,limit_understand,8.548781501530252e-05
121,2,12,nonlinear_optical_nlo_property,8.41769388282232e-05
122,2,12,dna_package,8.304346730302326e-05
123,2,12,event_mode_datum_acquisition,8.294301322886831e-05
124,2,12,absolute_minimum,8.289906655324425e-05
125,2,12,cylindrically_bend_crystal,8.243226839407994e-05
126,2,12,fluorescence_radiation,8.221988084713442e-05
127,2,12,central_cuii_ion,8.195982528369957e-05
128,2,12,homeomorphic_barycentric_representation,8.190657099638308e-05
129,2,12,molecule_non_h_atom,8.158330863631398e-05
130,2,13,threefold_axis,8.595850444784567e-05
131,2,13,proton_transfer,8.542227087227982e-05
132,2,13,mandelic_acid,8.464332600701532e-05
133,2,13,program_suite,8.421286596679842e-05
134,2,13,gamma_beta,8.397518765055445e-05
135,2,13,mail_in_datum,8.358629609804018e-05
136,2,13,synchrotron_radiation,8.252217081159441e-05
137,2,13,kinetic_analysis,8.244038425990986e-05
138,2,13,different_p_form,8.230404282538659e-05
139,2,13,bear_approximation,8.209289831960699e-05
140,2,14,size_solution_specie_distribution,8.833953676439444e-05
141,2,14,resolution_limit,8.7789289045203e-05
142,2,14,asymmetric_unit,8.492864636123942e-05
143,2,14,strongly_distort_octahedron,8.482957531854774e-05
144,2,14,drastic_change,8.445083894916721e-05
145,2,14,thiocyanate_unit,8.438868328436616e-05
146,2,14,quinazolinone_ring_system,8.43749872647302e-05
147,2,14,azomethine_c_n_bond,8.424540214685122e-05
148,2,14,dye_molecule,8.38865111964536e-05
149,2,14,metal_sulfur_bond,8.357230931454908e-05
150,2,15,storage_phosphor,8.776286290947475e-05
151,2,15,tetradentate_schiff_base_ligand,8.760075556092108e-05
152,2,15,low_resolution,8.610272915782929e-05
153,2,15,diene_carbonyl_group_conjugation,8.424045040970673e-05
154,2,15,unsubstituted_substitute_phenyl_ring,8.423474141089328e-05
155,2,15,thick_crystal,8.414224636497697e-05
156,2,15,double_crystal_measurement,8.369063123961739e-05
157,2,15,matthew_coefficient_analysis,8.359026014174267e-05
158,2,15,domain_ratio_racemic_twin,8.313751275524283e-05
159,2,15,different_kind,8.301831907143501e-05
160,2,16,structure_analysis,8.81166689362774e-05
161,2,16,ferrocenyl_group,8.582280462873733e-05
162,2,16,horizontal_scatter_geometry,8.44241216498353e-05
163,2,16,arbitrary_size,8.346992990969689e-05
164,2,16,paper_correspondence_address,8.339439758714854e-05
165,2,16,group_mn_atom,8.334636001667108e-05
166,2,16,peak_angle,8.314209749928422e-05
167,2,16,n_dimethylaminoethanol_n,8.303597505145858e-05
168,2,16,proteasome_form_barrel_shape,8.298070845258132e-05
169,2,16,genome_approach,8.283184120445263e-05
170,2,17,polarization_factor,8.696558998752444e-05
171,2,17,beta_group,8.689477838562772e-05
172,2,17,bridgehead_c_atom,8.589083419008653e-05
173,2,17,nitro_group_atom,8.558137727480319e-05
174,2,17,molecular_replacement,8.446903471874217e-05
175,2,17,representative_member,8.364609926615505e-05
176,2,17,young_modulus,8.319754761426356e-05
177,2,17,plusmn_bth_result,8.305835283105157e-05
178,2,17,vm_value,8.297329442721952e-05
179,2,17,high_sequence,8.2846149680563e-05
180,2,18,liquid_crystal,8.947331703111142e-05
181,2,18,c_axis_parallel_chain,8.75409195752872e-05
182,2,18,layer_sequence,8.624997709469833e-05
183,2,18,ring_form,8.492944495559109e-05
184,2,18,internal_symmetry,8.376941821225586e-05
185,2,18,piezoelectric_property,8.362773314365923e-05
186,2,18,r_final_residual,8.352054033523699e-05
187,2,18,key_enzyme,8.27324713240125e-05
188,2,18,structural_dynamic,8.257437349924214e-05
189,2,18,important_influence,8.224017561411303e-05
190,2,19,delta_c_h,9.607435283733952e-05
191,2,19,layer_assemble,8.576602697165992e-05
192,2,19,subgroup_structure,8.48744432942539e-05
193,2,19,putative_bacterial_quinol_oxidase,8.480822453671617e-05
194,2,19,dimension_disorder_dimension_order,8.456915470353367e-05
195,2,19,p_loop,8.415655437088988e-05
196,2,19,fix_type,8.297719314928829e-05
197,2,19,hirudin_peptide,8.278331923908793e-05
198,2,19,interweave_dimensional_framework,8.273187755945793e-05
199,2,19,regional_summit_meet,8.271980655767052e-05
200,2,20,minus_aring_minus_s,8.89073336450126e-05
201,2,20,mirror_plane_lie,8.550492917873776e-05
202,2,20,chemistry_geometry,8.531751730922658e-05
203,2,20,rotation_method,8.50881598512403e-05
204,2,20,mean_size,8.505232878832675e-05
205,2,20,benzyl_hydroxyphenyl,8.438589722346351e-05
206,2,20,h_h_bond_length,8.428280081579096e-05
207,2,20,tin_halide,8.360153698884869e-05
208,2,20,hydrogen_bond_pi,8.311194811658593e-05
209,2,20,crystallographica_section_e,8.30021395564015e-05
210,2,21,triiodide_ion,8.733337573778371e-05
211,2,21,ab_plane_parallel_slab,8.710594377350526e-05
212,2,21,outer_membrane_protein,8.49796757631811e-05
213,2,21,spallation_source,8.478263908884648e-05
214,2,21,diffraction_image_set,8.430446322566872e-05
215,2,21,computational_tool,8.406309370030507e-05
216,2,21,carboxyl_group,8.336320902155884e-05
217,2,21,underlie_parent_structure,8.320295245480187e-05
218,2,21,calculate_measure_intensity_discrepancy,8.220833124512914e-05
219,2,21,collect_image,8.197221370277022e-05
220,2,22,unsubstituted_meso_position,8.677270164452765e-05
221,2,22,esi_mass,8.393317424772465e-05
222,2,22,non_covalent_interaction,8.392784752946487e-05
223,2,22,dna_bind_domain,8.330767101622505e-05
224,2,22,carbon_source,8.32117827506706e-05
225,2,22,large_angle_x_ray,8.296139628291449e-05
226,2,22,average_error,8.263751633929868e-05
227,2,22,methylene_group,8.249338014656861e-05
228,2,22,diffractometer_control_unit,8.243668687666216e-05
229,2,22,refine_occupancy_ratio,8.183545672581966e-05
230,2,23,deduce_amino_acid_identity,8.625686564849933e-05
231,2,23,refinement_automate_model_build,8.521548492719617e-05
232,2,23,bacillus_intermedius_ribonuclease,8.442657371716513e-05
233,2,23,twin_boundary,8.413602948045833e-05
234,2,23,diffraction_dynamical_theory,8.391393086643318e-05
235,2,23,contain_dna,8.382064763514802e-05
236,2,23,precise_fip,8.348482920719353e-05
237,2,23,molecule_corrugate_sheet,8.320960697456036e-05
238,2,23,broad_range,8.319110811726689e-05
239,2,23,tricyclic_pyrroloquinoline_conformation,8.271056598497576e-05
240,2,24,wide_energy_range,8.578776934274817e-05
241,2,24,additional_information,8.528554528397639e-05
242,2,24,reduce_catalytic_activity,8.481398012587373e-05
243,2,24,different_wavelength_phase_capability,8.446398120760343e-05
244,2,24,structure_rest_holmium,8.429954485196109e-05
245,2,24,crystal_nano_scale_volume,8.41998115621765e-05
246,2,24,glide_plane_screw_axis,8.3218174897567e-05
247,2,24,n_thiourea,8.3190306360424e-05
248,2,24,essentially_planar_aring_deviation,8.268392217614348e-05
249,2,24,l_threonine_dihydrate,8.2609537188307e-05
250,2,25,k_room_temperature,9.065628582245209e-05
251,2,25,c_owater_h,8.813337630978405e-05
252,2,25,torsion_bend,8.793689377562788e-05
253,2,25,b_subunit,8.692230441185925e-05
254,2,25,xrd_pattern,8.452729400108319e-05
255,2,25,new_gadolinium_ytterbium_trifluoride,8.426096958183486e-05
256,2,25,phase_extension,8.362967365801046e-05
257,2,25,value_approximately_deviate,8.273601707009547e-05
258,2,25,lipid_interface,8.263581800035339e-05
259,2,25,dinuclear_derivative_triphenylantimony,8.25079565686994e-05
260,2,26,dihedral_angle_chlorophenyl_ring,8.63883169670566e-05
261,2,26,square_planar_environment,8.488805896906304e-05
262,2,26,alpha_kinase_activation_mode,8.38898960980102e-05
263,2,26,narrow_line_width,8.384740780432834e-05
264,2,26,study_composition,8.339835894654415e-05
265,2,26,sulfonyl_benzene,8.257923394774976e-05
266,2,26,stack_flat_molecule_structure,8.211493721879325e-05
267,2,26,high_speed,8.181385789943617e-05
268,2,26,specific_way,8.167871983462562e-05
269,2,26,novel_method,8.162576914943582e-05
270,2,27,complete_kinetic_arrest,8.55820193448251e-05
271,2,27,x_ray_diffraction_snapshot,8.504446184482612e-05
272,2,27,polymer_concentration_statistical_fluctuation,8.385994674839623e-05
273,2,27,x_ray_crystallographic_result,8.378875607741046e-05
274,2,27,molecule_rapid_loss,8.354208998790142e-05
275,2,27,methanol_vapor,8.321692395369766e-05
276,2,27,prefer_orientation,8.257672999829093e-05
277,2,27,deg_sn_c_c,8.22135475911577e-05
278,2,27,zii_type,8.219057164771359e-05
279,2,27,darwin_curve,8.198786003110196e-05
280,2,28,global_instability_index,8.402745878890984e-05
281,2,28,whole_powder_pattern,8.38141634288831e-05
282,2,28,quinazolinone_ring_system,8.364574376505083e-05
283,2,28,n_h_amine_hydroxymethyl,8.351139900828451e-05
284,2,28,plane_bc,8.332709172314495e-05
285,2,28,rigid_body_vibration_tensor,8.286877134063051e-05
286,2,28,prime_cap,8.204173504007657e-05
287,2,28,aring_resolution_phase,8.182115461066147e-05
288,2,28,n_addition,8.181043470821008e-05
289,2,28,accurate_measurement,8.155591473222837e-05
290,2,29,cis_form,8.812514404596633e-05
291,2,29,structure_additional_stabilization,8.723549539852862e-05
292,2,29,requirement_advantage,8.708541258042932e-05
293,2,29,s_interval_s,8.359309926584202e-05
294,2,29,calculate_absorb_dose,8.33643767782843e-05
295,2,29,occupancy_configuration,8.334837756550593e-05
296,2,29,beamline_experience_train_personnel,8.316557595318737e-05
297,2,29,bromide_hemidrate,8.315917872835026e-05
298,2,29,multi_wavelength,8.299309737694023e-05
299,2,29,electron_delocalization,8.287132311684295e-05
300,2,30,nucleoside_diphosphate_kinase,8.938172678376615e-05
301,2,30,dna_clamp,8.746978022637704e-05
302,2,30,high_photon_flux,8.692644391264352e-05
303,2,30,high_completeness,8.444375829695725e-05
304,2,30,mn_complex,8.418850624266055e-05
305,2,30,significantly_different_structure_model,8.404921336192223e-05
306,2,30,p_center,8.40087657114971e-05
307,2,30,bridge_o_atom,8.369963393510314e-05
308,2,30,different_wavelength_phase_capability,8.363253424033974e-05
309,2,30,mirror_plane,8.337109258963844e-05
310,2,31,order_generator_group,8.756225411017e-05
311,2,31,correspond_solution_nbsp_concentration,8.589316178044704e-05
312,2,31,reveal_microstructure_significant_change,8.546315170467126e-05
313,2,31,spectroscopic_method,8.448171034708453e-05
314,2,31,portland_cement_constitute_polymorph,8.283666319718028e-05
315,2,31,molecular_reference_frame_conversion,8.26148894465928e-05
316,2,31,approximately_aring_contact_pi,8.234314014006895e-05
317,2,31,dynamical_image,8.20811750891247e-05
318,2,31,heavy_atom,8.152948429201926e-05
319,2,31,type_article_microfibrillar_structure,8.113290359214437e-05
320,2,32,inh_ligand,8.573507772843577e-05
321,2,32,phenylphosphonate_group,8.411997407099777e-05
322,2,32,x_ray_detector,8.356744537903226e-05
323,2,32,electronically_similar_element,8.352627494683272e-05
324,2,32,keggin_polyoxoanion_organic_cation,8.335261127692896e-05
325,2,32,benzene_ring_system_acridine,8.327266709069633e-05
326,2,32,l_threonine_dihydrate,8.326803286120009e-05
327,2,32,anticancer_drug_development,8.312689332037515e-05
328,2,32,board_storage,8.306151112519386e-05
329,2,32,plp_cofactor_pyridoxal_phosphate,8.262291677391532e-05
330,2,33,categorical_model_simple_linear,8.727021944838615e-05
331,2,33,entrance_boundary_condition,8.603734847604192e-05
332,2,33,n_dimethylaminoethanol_n,8.57410986992737e-05
333,2,33,dimensional_arrangement,8.560367709477836e-05
334,2,33,methyl_group_disorder,8.44110754386872e-05
335,2,33,oxy_sulfide,8.432004418460657e-05
336,2,33,configuration_assignment,8.366955154619004e-05
337,2,33,respectively_deg_interplanar_angle,8.352791788119373e-05
338,2,33,classic_catalytic_triad_arrangement,8.30368705489664e-05
339,2,33,acute_respiratory_syndrome_coronavirus,8.301395124193778e-05
340,2,34,abnormal_vision,8.615257014217009e-05
341,2,34,similar_resolution,8.456591255413947e-05
342,2,34,methylene_h,8.358156759819835e-05
343,2,34,crystallographically_impose_inversion_symmetry,8.33758817312356e-05
344,2,34,electron_accelerator,8.332088085058654e-05
345,2,34,gas_liquid_type_transition,8.291049786895803e-05
346,2,34,aring_high_resolution,8.265608069234089e-05
347,2,34,widespread_perception,8.236643826717981e-05
348,2,34,chemistry_geometry,8.214307624877734e-05
349,2,34,wavelength_dependence,8.19968464307889e-05
350,2,35,total_external_reflection,8.931124741017962e-05
351,2,35,adjacent_znii_center,8.74433490104498e-05
352,2,35,practical_class,8.65533866201262e-05
353,2,35,centrosymmetric_ring,8.571620182359743e-05
354,2,35,average_inelastic_elastic_scatter,8.436024444143804e-05
355,2,35,ester_aggregate,8.343533717894021e-05
356,2,35,symmetry_deg_k_deg,8.337890425885439e-05
357,2,35,anthracene_ring_system_deg,8.334608962900644e-05
358,2,35,report_alpha_polymorph,8.303443588907182e-05
359,2,35,u_shape,8.266026910456467e-05
360,2,36,prominent_role,8.929526791604077e-05
361,2,36,thermal_melt,8.787845592779677e-05
362,2,36,blende_type_semiconductor_polarity,8.758859937949336e-05
363,2,36,fractional_order,8.695957415117072e-05
364,2,36,thiocyanate_n_atom,8.691270448168003e-05
365,2,36,cf_autocorrelation_function_expression,8.686419530155168e-05
366,2,36,photon_energy_photoemission,8.518380398596053e-05
367,2,36,rare_pattern,8.512092718583719e-05
368,2,36,oxalate_ion,8.440839584842893e-05
369,2,36,exhibit_half_occupancy,8.349890052531172e-05
370,2,37,structure_composition,8.976553944549113e-05
371,2,37,c_delta,8.840255299512548e-05
372,2,37,datum_quality_poor_indicator,8.774937328516764e-05
373,2,37,large_value,8.568455371587122e-05
374,2,37,order_zone_existence,8.525281446088382e-05
375,2,37,triplet_probability_distribution,8.522583913868054e-05
376,2,37,core_shell_model,8.414702303132306e-05
377,2,37,beam_diffraction_dispersion_surface,8.346471406692718e-05
378,2,37,b_a,8.334051182614784e-05
379,2,37,lattice_cell,8.312224894278782e-05
380,2,38,two_intermolecular_n_h,8.540332500035341e-05
381,2,38,horse_breed,8.514168899808182e-05
382,2,38,qian_han_amp,8.503699988257854e-05
383,2,38,leave_hand_pattern,8.347298517640957e-05
384,2,38,linker_absence,8.34415865180075e-05
385,2,38,pyrazole_ring_plane,8.248567515687498e-05
386,2,38,material_layer_order_region,8.217081594956167e-05
387,2,38,periodic_hyperbolic_surface,8.165675856847605e-05
388,2,38,benzylidene_benzene_ring,8.130242442229081e-05
389,2,38,mx_beamline,8.112013787207233e-05
390,2,39,ion_insertion,8.661751390065257e-05
391,2,39,pylorus_infection,8.630590806628759e-05
392,2,39,anomalous_scatterer_placement,8.587849034569316e-05
393,2,39,selenium_k_edge,8.481638413220416e-05
394,2,39,linear_polyethylene,8.452832089830053e-05
395,2,39,design_technique,8.427972788820793e-05
396,2,39,pyran_ring_indole,8.352830732665321e-05
397,2,39,grind_state,8.326214164696295e-05
398,2,39,count_pulse,8.270518340881959e-05
399,2,39,crystal_form_datum,8.223895583599226e-05
400,2,40,cell_length,8.509903697175417e-05
401,2,40,hydropyrimidine_ring,8.447220920315427e-05
402,2,40,guanidine_cation,8.440920391117006e-05
403,2,40,new_x_ray_holography,8.398012440163836e-05
404,2,40,two_l_ligand,8.388933286235818e-05
405,2,40,asaka_et_al_solution,8.378681118841876e-05
406,2,40,develope_country,8.359497538486012e-05
407,2,40,supramolecular_array,8.291132147379064e-05
408,2,40,catalytic_transfer_hydrogenation,8.263572851912298e-05
409,2,40,photon_energy_photoemission,8.208436519333684e-05
410,2,41,propanol_chain,9.586046290145955e-05
411,2,41,cornell_electron,8.498703010344538e-05
412,2,41,independent_molecule,8.468862740463859e-05
413,2,41,approximate_dimension,8.460019363569358e-05
414,2,41,ethyl_ester_form_dimer,8.312202469085625e-05
415,2,41,axial_hg_cl_contact,8.26618170844569e-05
416,2,41,bipyramidal_coordination_environment,8.253056224577385e-05
417,2,41,n_propylquinolinium_cation,8.203481128280001e-05
418,2,41,basic_feature,8.200538725984626e-05
419,2,41,criii_ion,8.199239826858795e-05
420,2,42,valency_requirement,8.771886841371883e-05
421,2,42,systematic_investigation,8.725460087127048e-05
422,2,42,prime_prime_prime_systematic,8.567257726297561e-05
423,2,42,phase_experiment,8.443776496002573e-05
424,2,42,dinuclear_unit,8.431031349233852e-05
425,2,42,amidrazonate_n_atom,8.334351013164975e-05
426,2,42,alpha_lmn,8.319202013544146e-05
427,2,42,n_thiocyanate,8.29802824573333e-05
428,2,42,long_range_strain,8.274711775115103e-05
429,2,42,primary_beam_intensity_distribution,8.260039982325893e-05
430,2,43,analysis_accuracy,8.63891844642106e-05
431,2,43,global_instability_index,8.585143661252438e-05
432,2,43,true_space_group_atom,8.490006190214562e-05
433,2,43,static_light_scatter,8.451875090376107e-05
434,2,43,n_n_prime_cation,8.440343015199615e-05
435,2,43,undulator_radiation,8.341324677984418e-05
436,2,43,s_p_tolyl_substituent,8.33195240436992e-05
437,2,43,microfibrillar_structure,8.32383617145587e-05
438,2,43,o_c_angle,8.280555716661385e-05
439,2,43,pancreatic_polypeptide,8.218611208557871e-05
440,2,44,parallel_layer,9.6428129137977e-05
441,2,44,aring_range,9.267275329506539e-05
442,2,44,present_aurescen,8.84013288174584e-05
443,2,44,deprotonated_schiff_base,8.78299596284587e-05
444,2,44,trielaidin_structure,8.53670148058898e-05
445,2,44,undulator_light_source,8.486441374003445e-05
446,2,44,scatter_cross_section,8.397281837776508e-05
447,2,44,usual_crystallization_process,8.391940150379665e-05
448,2,44,cyclopentyl_ring,8.362670160688827e-05
449,2,44,structural_transformation,8.357927082594746e-05
450,2,45,crystallographic_inversion_centre,8.896428705946284e-05
451,2,45,collect_datum_cell_parameter,8.69725611070273e-05
452,2,45,measurement_decrease_range,8.518746586760912e-05
453,2,45,mu_o_tetrakis,8.501610432569355e-05
454,2,45,protein_fold_enzyme,8.478783147599977e-05
455,2,45,tetramer_ellipsoidal_shape_dimer,8.431701995844791e-05
456,2,45,temperature_structure,8.39640465632724e-05
457,2,45,ultrasonic_power,8.381701340951681e-05
458,2,45,distort_trigonal_bipyramidal_geometry,8.36340025127212e-05
459,2,45,bacterial_pathogen_potent_activity,8.283364513340728e-05
460,2,46,real_space_information,8.773739981602464e-05
461,2,46,batch_crystallization,8.744493875578413e-05
462,2,46,electronic_structure_thorough_study,8.556938953677174e-05
463,2,46,significant_plastic_strain,8.5208980118901e-05
464,2,46,crystal_average_structure,8.498122456632038e-05
465,2,46,high_heat_load,8.453825023463832e-05
466,2,46,quantitative_mineralogical_analysis,8.436426028002662e-05
467,2,46,thiophene_unit,8.415730191171594e-05
468,2,46,microbial_gaba_transaminase,8.305611746009287e-05
469,2,46,background_scatter,8.260422503036412e-05
470,2,47,ester_chain,8.840389396092758e-05
471,2,47,square_pyramidal_arrangement,8.736156572636433e-05
472,2,47,aring_distance,8.666984202432657e-05
473,2,47,fascinate_drawing,8.432163390711181e-05
474,2,47,cone_conformation,8.4304203950667e-05
475,2,47,remain_ring_atom,8.408514245376801e-05
476,2,47,metal_bind_site_bind,8.340343537527429e-05
477,2,47,glycosidic_linkage,8.333867392199784e-05
478,2,47,horizontal_speciman_rotation_axis,8.33065690493172e-05
479,2,47,large_ribosome_crystal,8.32011844083744e-05
480,2,48,minimum_maximum_value,8.807312852364067e-05
481,2,48,alcohol_molecule_eno_molecule,8.539402807888509e-05
482,2,48,modern_detector,8.38202884114321e-05
483,2,48,sperm_whale_myoglobin_structure,8.33502538332393e-05
484,2,48,substrate_peptide,8.303521781168173e-05
485,2,48,void_space,8.170208438982606e-05
486,2,48,density_functional_theory_method,8.115561198131844e-05
487,2,48,palladium_complex,8.063146228823171e-05
488,2,48,arbitrary_crystal_system,8.05963482575713e-05
489,2,48,aring_c_distance,8.050478539252181e-05
490,2,49,pi_column_interaction,8.809511926977255e-05
491,2,49,scn_minus_ion,8.744654715696996e-05
492,2,49,energy_density,8.574339490251208e-05
493,2,49,oligomeric_saccharide,8.5732588705242e-05
494,2,49,seiv_ion_lone_pair,8.556281667273967e-05
495,2,49,preferential_specific_damage,8.533180014706826e-05
496,2,49,structure_ring,8.497146165185089e-05
497,2,49,point_mention_question,8.468699407802342e-05
498,2,49,aring_sn_c,8.451110785325595e-05
499,2,49,size_artifact,8.432496556971313e-05
500,2,50,n_methylethanolamine,8.645313855941796e-05
501,2,50,core_tetrahedral_coordination_geometry,8.518896775161803e-05
502,2,50,catalytic_triad_arrangement,8.330564834487588e-05
503,2,50,texture_parameter,8.325791437818823e-05
504,2,50,order_optical_susceptibility,8.322901015244925e-05
505,2,50,olfactomedin_olf_domain,8.322418991855168e-05
506,2,50,cyclohexene_oxide_polyamine,8.315730293193178e-05
507,2,50,magnetic_field_perpendicular_plane,8.306945280653107e-05
508,2,50,unit_area,8.155023546155423e-05
509,2,50,grid_cavity,8.152391477719247e-05
510,2,51,classical_hydrogen,8.631733074588787e-05
511,2,51,macrocyclic_ring,8.593784797378644e-05
512,2,51,suitable_empirical_factor,8.445714258603564e-05
513,2,51,rotator_phase,8.438395849722898e-05
514,2,51,additional_pi,8.435051598888048e-05
515,2,51,lattice_crystal_real_model,8.433476415926563e-05
516,2,51,anion_f_atom,8.363830294034768e-05
517,2,51,mandelic_acid,8.332393564079382e-05
518,2,51,adpm_azadipyrromethene_fac_arrangement,8.310009890348809e-05
519,2,51,alpha_alpha_delta_sin,8.284835891726092e-05
520,2,52,short_range_order,8.575053217014696e-05
521,2,52,growth_step,8.511900863570142e-05
522,2,52,know_triglyceride,8.454973707705715e-05
523,2,52,chlorpropamide_polymorphic_property,8.371921641925637e-05
524,2,52,specific_radiation_damage,8.327292937899017e-05
525,2,52,external_influence,8.327098481534975e-05
526,2,52,gamma_ring_planarity_deviate,8.264738811550356e-05
527,2,52,perfluorophenyl_group_thiophene,8.252793897538024e-05
528,2,52,cell_length,8.252182076748577e-05
529,2,52,half_uncoordinated_water_molecule,8.221287495350635e-05
530,2,53,nonprotonat_protonated_n_atom,8.920491529058172e-05
531,2,53,inversion_center_relate_ion,8.774532175120993e-05
532,2,53,near_edge_structure,8.501875559976543e-05
533,2,53,empirical_formula,8.466498785438407e-05
534,2,53,measurement_alignment_procedure,8.348292222039186e-05
535,2,53,experimental_realisation,8.274634863761065e-05
536,2,53,supramolecular_network,8.191821528804885e-05
537,2,53,excess_ion,8.187868113587114e-05
538,2,53,cation_membered_ring_centroid,8.18172276843776e-05
539,2,53,substrate_bind_form,8.152688056308101e-05
540,2,54,dilution_refrigerator,8.954677522130303e-05
541,2,54,simple_organism,8.688677582517031e-05
542,2,54,bioinformatic_resource,8.602877315871406e-05
543,2,54,centrosymmetric_cluster,8.580454547516756e-05
544,2,54,commercial_conductive_carbon_black,8.472059794030517e-05
545,2,54,correspond_variance,8.389124929776154e-05
546,2,54,native_d,8.336751762387152e-05
547,2,54,iodide_anion,8.31270899816619e-05
548,2,54,racemic_twin_crystal,8.311350527338719e-05
549,2,54,heavy_atom,8.305060826823291e-05
550,2,55,hypothetical_texturized_polycrystal,8.895334223257641e-05
551,2,55,defect_high_sensitivity_image,8.702869372376097e-05
552,2,55,dicalcium_silicate,8.632356670947577e-05
553,2,55,pectolytic_protein_crystal,8.542360787184105e-05
554,2,55,grow_system,8.429108003672063e-05
555,2,55,extensive_intermolecular_hydrogen_bond,8.418110290225505e-05
556,2,55,vertex_polyhedron_add_atom,8.316249573374652e-05
557,2,55,respect_deg,8.298775290790526e-05
558,2,55,datum_screen,8.275793915262449e-05
559,2,55,extra_peak_formation,8.272696629520938e-05
560,2,56,possible_speculation,8.566195185642272e-05
561,2,56,accurate_thermal_expansion_experiment,8.520114886933793e-05
562,2,56,hpmt_middot_middot,8.412036328061719e-05
563,2,56,c_n_h_conformation,8.401605038955843e-05
564,2,56,monochromatic_mo_k_alpha,8.377281509894084e-05
565,2,56,methodology_routine_application,8.314812114125951e-05
566,2,56,xrd_result,8.298816984565642e-05
567,2,56,constrain_refinement,8.28549124515366e-05
568,2,56,rietveld_method,8.226765448069874e-05
569,2,56,distortion_character,8.17758831637389e-05
570,2,57,quantum_magnet,8.967690948060289e-05
571,2,57,high_salt,8.7425151886791e-05
572,2,57,anthracene_ring_system,8.681329712130461e-05
573,2,57,intramolecular_c_h_deg,8.6499589467348e-05
574,2,57,similar_manner,8.540958705065118e-05
575,2,57,u_mo_alloy_particle,8.418873280581431e-05
576,2,57,fluctuation_different_kind,8.388049970951437e-05
577,2,57,alpha_n_terminal_tail,8.344286902895285e-05
578,2,57,difference_map,8.332840332016443e-05
579,2,57,o_torsion,8.318418167753365e-05
580,2,58,aui_atom_geometry,9.008693021694928e-05
581,2,58,functional_tetramer_form,8.795998067767351e-05
582,2,58,ipso_c_atom,8.449672238796447e-05
583,2,58,c_c_bond,8.444421305994902e-05
584,2,58,narrow_range,8.396810455689743e-05
585,2,58,solution_lipid_interface,8.374794910483559e-05
586,2,58,bipyramidal_geometry,8.359290220974915e-05
587,2,58,multiple_inhibitor_bind_mode,8.358394022388984e-05
588,2,58,rapamycin_complex,8.34694252256721e-05
589,2,58,volumetric_compressibility,8.344948815152211e-05
590,2,59,tin_halide_bond_shaft,8.970836302067597e-05
591,2,59,cis_donor,8.59245809410919e-05
592,2,59,planar_cavity,8.512396920522311e-05
593,2,59,thiosulfate_middot_minus,8.450932773445347e-05
594,2,59,extend_dynamical_theory,8.44858143440605e-05
595,2,59,pore_form_ability_property,8.410088029126946e-05
596,2,59,fine_structure,8.314403392416381e-05
597,2,59,micron_size_crystal,8.280647190420261e-05
598,2,59,alpha_structure,8.26953728917411e-05
599,2,59,middot_yellow_crystal,8.268714442929582e-05
600,2,60,cu_cl,8.838122884275854e-05
601,2,60,unfold_protein,8.713667535260607e-05
602,2,60,dihydroxyacetone_phosphorylation,8.510939261007046e-05
603,2,60,modern_datum_process_program,8.507876052733643e-05
604,2,60,generate_pulse_rate,8.427409104286869e-05
605,2,60,extend_conformer,8.336250473763735e-05
606,2,60,dimeric_unit,8.314425337748654e-05
607,2,60,dimensional_polymeric_structure,8.286029449977712e-05
608,2,60,crystallographica_section_e,8.261949140260723e-05
609,2,60,dppe_p_prime_p,8.239158302565924e-05
610,2,61,dna_protein,9.034822048502292e-05
611,2,61,c_c,8.695351938813267e-05
612,2,61,a_b,8.618565654476705e-05
613,2,61,inorganic_hybrid,8.581603486296539e-05
614,2,61,polarise_neutron_use,8.550239106801567e-05
615,2,61,quantitative_fringe,8.53244238440404e-05
616,2,61,bromide_water,8.412780900552227e-05
617,2,61,naphthalene_ring_centroid,8.259079427159731e-05
618,2,61,zeolite_like_borosilicate,8.234370435859887e-05
619,2,61,symmetry_centre_atom,8.230605357129567e-05
620,2,62,complex_hydration_dehydration_behavior,9.5896515584805e-05
621,2,62,approximately_planar_triangular_geometry,8.893052902467e-05
622,2,62,charge_density_parameter,8.585793031902676e-05
623,2,62,alpha_kinase_activation_mode,8.548684996311823e-05
624,2,62,s_cl_h,8.533234963814194e-05
625,2,62,ncbi_nucleotidase,8.393351503649006e-05
626,2,62,orient_lamellar_nanocomposite,8.37912816738352e-05
627,2,62,single_nanotube,8.373284663362252e-05
628,2,62,de_novo_determination,8.294144720258845e-05
629,2,62,bicyclic_benzimidazole_core,8.267048297522521e-05
630,2,63,coronavirus_genome,8.779590667635468e-05
631,2,63,stack_sigma,8.646359776540951e-05
632,2,63,fully_automatic_screen,8.621136285097024e-05
633,2,63,minus_middot_middot,8.557916317773034e-05
634,2,63,si_wafer_centre,8.451300184819527e-05
635,2,63,anion_bridge_nature,8.37477263153339e-05
636,2,63,new_polytype,8.363826777088118e-05
637,2,63,host_o_atom,8.321197547305261e-05
638,2,63,modify_enzyme,8.310808615538944e-05
639,2,63,drive_force,8.288986050595977e-05
640,2,64,crystal_parameter,8.646525784190796e-05
641,2,64,strong_hydrogen_bond,8.544956872460859e-05
642,2,64,beamline_monochromator,8.505778033680515e-05
643,2,64,polymeric_group,8.388559232828275e-05
644,2,64,symmetrical_tiling,8.367304731803508e-05
645,2,64,substitute_ligand,8.172924936387432e-05
646,2,64,cell_wall,8.169747121961331e-05
647,2,64,cavity_water_molecule_rearrangement,8.14276814515938e-05
648,2,64,molecular_description,8.139063559571078e-05
649,2,64,polychromatic_experiment,8.121850991531808e-05
650,2,65,residue_specific_overall_change,8.90057790943854e-05
651,2,65,cd_centre,8.631283204925782e-05
652,2,65,triazoloquinazoline_fuse_ring_system,8.562406195376316e-05
653,2,65,optical_susceptibility,8.521591588967145e-05
654,2,65,g_mu_microgravity,8.489455397023678e-05
655,2,65,sodium_dicyanamide,8.456523554857981e-05
656,2,65,otc_structure,8.3275111809281e-05
657,2,65,shoulder_girdle_spine,8.322804133190377e-05
658,2,65,detergent_corona,8.297537544321536e-05
659,2,65,tetrahedron_angle,8.296235533395808e-05
660,2,66,h_protein,8.433141528392967e-05
661,2,66,wide_class,8.301092696922164e-05
662,2,66,latent_variable_space,8.206480859309879e-05
663,2,66,crystal_absorption_comparison,8.141796396575074e-05
664,2,66,diffraction_peak,8.116858680560167e-05
665,2,66,ring_system_pi_interaction,8.091228744263808e-05
666,2,66,diferric_lactoferrin,8.088146567620972e-05
667,2,66,cathode_material_new_class,8.087383549351223e-05
668,2,66,sulfatase_like_catalytic_domain,8.081496958709127e-05
669,2,66,leg_piano_stool_geometry,8.07767378033346e-05
670,2,67,methoxyamino_h_atom_replacement,8.615528010037383e-05
671,2,67,convenient_form,8.610208682983275e-05
672,2,67,helicobacter_pylorus_infection,8.52364248171446e-05
673,2,67,atomic_structure,8.393244520050966e-05
674,2,67,kernel_density_estimator,8.354756410567074e-05
675,2,67,near_zone_axis,8.35165504549839e-05
676,2,67,positron_electron_pair_creation,8.325230592099272e-05
677,2,67,s_anomalous_signal,8.313424959991178e-05
678,2,67,n_minus_cdii_cation,8.270258348712348e-05
679,2,67,n_mean_plane,8.234374305833212e-05
680,2,68,iron_nitride_cuprite,8.967158686781513e-05
681,2,68,different_enzyme_active_site,8.64059424786728e-05
682,2,68,molecule_anion,8.418917700813714e-05
683,2,68,austria_vienna_crystallization_likelihood,8.363848210098774e-05
684,2,68,distinct_speciman_exposure,8.311655308487492e-05
685,2,68,n_cu,8.278586334925096e-05
686,2,68,triazine_molecule,8.275941469176076e-05
687,2,68,intramolecular_motion_change,8.269363695315637e-05
688,2,68,topological_relation,8.245577108422372e-05
689,2,68,carbon_oxygen,8.220270441458017e-05
690,2,69,analytic_solution,8.784149700391226e-05
691,2,69,inversion_centre,8.747770226348126e-05
692,2,69,cu_atom,8.660065303120572e-05
693,2,69,zii_zi_type,8.553254042111066e-05
694,2,69,cmethyl_torsion_angle,8.504028217850292e-05
695,2,69,main_beam_way_touch,8.439134683381789e-05
696,2,69,bridge_bipyridine_ligand,8.345865854320639e-05
697,2,69,phosphate_iron_vanadate,8.315652941938709e-05
698,2,69,aring_sn_separation,8.298790877850955e-05
699,2,69,simple_trigonometric_form,8.28851277380651e-05
700,2,70,erk_activity,8.593239744530142e-05
701,2,70,phenyl_ring_group,8.55750159899995e-05
702,2,70,recent_decade,8.544293544651173e-05
703,2,70,independent_sum,8.513761863785504e-05
704,2,70,complexity_protein,8.468050459101736e-05
705,2,70,crystallographic_axis,8.272556275879428e-05
706,2,70,anthracene_ring_system_deg,8.242519831490749e-05
707,2,70,datum_collection,8.24100756200109e-05
708,2,70,thin_aluminium_sheet,8.220467586215246e-05
709,2,70,vatd_fob_complex_crystal,8.209920612261273e-05
710,2,71,facial_selectivity,8.685019472768439e-05
711,2,71,bond_fixation,8.516919045299713e-05
712,2,71,lignin_relate_biphenyl,8.29306249043901e-05
713,2,71,kda_protein,8.278783002265214e-05
714,2,71,complex_deep_cleave,8.261087089895157e-05
715,2,71,respectively_deg_minus,8.23754018419675e-05
716,2,71,genome_approach,8.19238670939293e-05
717,2,71,indene_ring_system,8.180188173339592e-05
718,2,71,function_positive_construction,8.175547916018597e-05
719,2,71,neutral_molecule,8.174449584487671e-05
720,2,72,beta_successive_basic_residue,8.95632864964476e-05
721,2,72,agc_kinase_family,8.558599530179527e-05
722,2,72,room_temperature_determination,8.521061610145155e-05
723,2,72,potassium_cobalt_hydrogenpyrophosphate_dihydrate,8.430521312064285e-05
724,2,72,crystal_lattice_disorder,8.379654800972571e-05
725,2,72,the_process,8.368530160800835e-05
726,2,72,pdb_code,8.358309539588199e-05
727,2,72,alternative_orientation,8.32395563892949e-05
728,2,72,btb_domain,8.318914508127503e-05
729,2,72,possible_practical_application,8.231717036481474e-05
730,2,73,n_terminal_site,8.717730874847672e-05
731,2,73,domain_protein_crystal_structure,8.703323311834432e-05
732,2,73,termination_effect,8.408597302278265e-05
733,2,73,ring_thiophene_benzene,8.397332613089663e-05
734,2,73,nbsp_b_nbsp_nbsp,8.391976485319634e-05
735,2,73,c_d_ring,8.373392561012307e-05
736,2,73,food_source,8.370909880905134e-05
737,2,73,p_o_n_angle,8.3679767565692e-05
738,2,73,o_n_atom,8.313002112245311e-05
739,2,73,alternative_complement,8.291993908030596e-05
740,2,74,acetone_pentane_mixture_solution,8.91541666971565e-05
741,2,74,extensive_network,8.69014777952549e-05
742,2,74,efficiency_flexibility,8.381366387197902e-05
743,2,74,new_dialkylammonium_thiosulfate,8.349978922228766e-05
744,2,74,nucleotide_find_sugar_kind,8.330731946778348e-05
745,2,74,axis_direction_propagate,8.312828382543811e-05
746,2,74,l_phosphonium_substitute_hydrazone,8.2558757501944e-05
747,2,74,carbamoyl_phosphate,8.24982162571061e-05
748,2,74,micro_rad,8.236293224761323e-05
749,2,74,scatter_cross_section,8.222341581497931e-05
750,2,75,small_high_order_correction,8.536330757069862e-05
751,2,75,essential_dengue_virus,8.48595009257165e-05
752,2,75,crystallography_independent_molecule,8.450850940690778e-05
753,2,75,hemihedrally_twin_crystal,8.448629659587192e-05
754,2,75,increase_thermal_stability,8.377269491172155e-05
755,2,75,average_length,8.357483237592152e-05
756,2,75,polychromatic_source,8.333602891260568e-05
757,2,75,melt_texture_growth_process,8.270362879269731e-05
758,2,75,thin_difficult_wall,8.253414600408166e-05
759,2,75,au_n,8.228773484490971e-05
760,2,76,substrate_specificity,8.729958322702061e-05
761,2,76,sulfate_ion,8.626251735181846e-05
762,2,76,step_inversion,8.575322538353753e-05
763,2,76,linear_structure,8.56831204384258e-05
764,2,76,therapeutic_benefit,8.41912951359862e-05
765,2,76,ambrosia_artemisiifolia,8.414438965979845e-05
766,2,76,ideal_perovskite_position,8.411943331305622e-05
767,2,76,alloy_sample,8.400527508926337e-05
768,2,76,aminoglycoside_resistance,8.398607174650314e-05
769,2,76,monodendate_imidazole_ligand,8.356316121991316e-05
770,2,77,x_ray_source,8.912344861803616e-05
771,2,77,r_know_configuration,8.51872238699806e-05
772,2,77,carboxylate_amino,8.46736042383792e-05
773,2,77,holmium_ion,8.339503429452777e-05
774,2,77,regression_analysis,8.335858729288168e-05
775,2,77,physico_chemical_property,8.295731153199954e-05
776,2,77,water_molecule_organic_molecule,8.271801183616679e-05
777,2,77,additional_measurement,8.270868032483673e-05
778,2,77,o_h_type_result,8.262618268738771e-05
779,2,77,inclusion_crystal,8.208537999593112e-05
780,2,78,crystal_rotational_symmetry,8.487113323970111e-05
781,2,78,triclinic_unit,8.476822283500731e-05
782,2,78,phenyl_coumarin_ring,8.418904956580326e-05
783,2,78,distinct_relate_form,8.387253930556757e-05
784,2,78,ferrocenyl_group,8.37533050087864e-05
785,2,78,catalytically_favourable_conformation,8.340776913718764e-05
786,2,78,austria_vienna_crystallization_likelihood,8.302327725702803e-05
787,2,78,inter_particle_interaction,8.23784392194024e-05
788,2,78,obtuse_p,8.221445778443274e-05
789,2,78,general_position_occupy,8.193884993897711e-05
790,2,79,h_group,9.279241719657892e-05
791,2,79,nm_ellipse_axis,8.639144500469314e-05
792,2,79,mass_fractal_dimension,8.621877414653553e-05
793,2,79,monoanion_minus_middot_complex,8.574748093785817e-05
794,2,79,cleavage_efficiency,8.503713461413143e-05
795,2,79,adjacent_carbonyl_o_atom,8.348534564298489e-05
796,2,79,phase_angle_set,8.347847506564061e-05
797,2,79,thermal_vibration,8.300439750070444e-05
798,2,79,high_energy_resolution,8.297358037456197e-05
799,2,79,bragg_diffraction_general_case,8.243109348810017e-05
800,2,80,obtain_result,8.519867064861087e-05
801,2,80,alumina_membrane,8.483578773741009e-05
802,2,80,delta_square_plane,8.431626051881253e-05
803,2,80,middot_minus_structure,8.424549597987355e-05
804,2,80,possible_practical_application,8.423909948708275e-05
805,2,80,estimate_standard_deviation,8.4226943266388e-05
806,2,80,particular_result,8.377786342935458e-05
807,2,80,cytoplasmic_nuclear,8.354886409644317e-05
808,2,80,l_idopyranosiduronic,8.342609724664003e-05
809,2,80,tau_sigma,8.341740351736455e-05
810,2,81,liquid_phase_diagram,8.79843087880527e-05
811,2,81,recent_research,8.570404271255308e-05
812,2,81,analytic_method,8.50081198626865e-05
813,2,81,ph_torsion_angle,8.446891696940056e-05
814,2,81,travel_expense,8.398520175359425e-05
815,2,81,small_angle_scatter_curve,8.355272428295427e-05
816,2,81,different_zeolite_like_borosilicate,8.316129453265934e-05
817,2,81,f_intramolecular_interaction,8.313426885753435e-05
818,2,81,device_design,8.311248812760535e-05
819,2,81,p_prime_p,8.302933713972072e-05
820,2,82,fill_rubber_microscopic_model,9.039473933623607e-05
821,2,82,topographic_dislocation_image,8.640001431456552e-05
822,2,82,protonated_n_atom,8.305313924646023e-05
823,2,82,water_molecule_perchlorate_anion,8.291744830604647e-05
824,2,82,preliminary_x_ray_diffraction,8.278386427070273e-05
825,2,82,bragg_spot_shape,8.253074683799065e-05
826,2,82,thick_crystal_bragg_reflection,8.208980769616659e-05
827,2,82,scatter_geometry,8.192797505438847e-05
828,2,82,finite_order_form,8.181260716815861e-05
829,2,82,bdamage_possible_use,8.17351898570163e-05
830,2,83,similar_fashion,8.466686211600783e-05
831,2,83,diffraction_pattern,8.460416833316439e-05
832,2,83,component_ion,8.446069992173494e-05
833,2,83,activity_spectrum,8.431210456781238e-05
834,2,83,phiv_plusmn_beta_delta,8.364380793583377e-05
835,2,83,ni_coordination,8.363184881629416e-05
836,2,83,magnetic_orientation,8.327789514916964e-05
837,2,83,cls_canadian_light_source,8.315521111178753e-05
838,2,83,arteritis_virus,8.309372898560528e-05
839,2,83,thermal_contribution,8.273941984961713e-05
840,2,84,decarboxylation_product_single_enantiomer,8.995171233684844e-05
841,2,84,simple_mathematical_algorithm,8.584415128177648e-05
842,2,84,coherence_degree,8.581103410465268e-05
843,2,84,p_spectrum,8.521507198223597e-05
844,2,84,linear_relationship,8.40538715139641e-05
845,2,84,oxygen_transport,8.383251605107749e-05
846,2,84,previously_propose_method,8.37122824671985e-05
847,2,84,microgravity_condition,8.323613016521139e-05
848,2,84,imine_c_n_bond,8.270229244715704e-05
849,2,84,n_prime_dianionic_ligand,8.26873890379184e-05
850,2,85,weak_intermolecular_pyrimidine,8.536975109279061e-05
851,2,85,minus_independent_centrosymmetric,8.526019193939731e-05
852,2,85,methanol_recrystallization,8.362222909574523e-05
853,2,85,cpu_time,8.31337631174674e-05
854,2,85,bridge_sulfido,8.311839520788603e-05
855,2,85,initial_model,8.293199743858173e-05
856,2,85,shi_xu_yue_amp,8.259355037916252e-05
857,2,85,n_double_bond,8.190340878047906e-05
858,2,85,minus_ring,8.189192231658357e-05
859,2,85,important_equine_pathogen,8.170306031015332e-05
860,2,86,initial_screen,8.570425902163248e-05
861,2,86,complete_ring_motif,8.521015300318771e-05
862,2,86,substituent_plane,8.516526185145948e-05
863,2,86,c_pi,8.401103430826838e-05
864,2,86,condition_record_experimental_datum,8.344880178183162e-05
865,2,86,evolutionary_connection,8.33969700508875e-05
866,2,86,drug_chlorpropamide,8.301768322973792e-05
867,2,86,cell_length,8.272155793657985e-05
868,2,86,correspond_methyl_acetate_group,8.153047967550044e-05
869,2,86,datum_collection_aspect,8.152194989865022e-05
870,2,87,neutron_scatter_length,8.46637003463223e-05
871,2,87,nucleophile_base,8.449166811311574e-05
872,2,87,pattern_decomposition_method,8.380459516495391e-05
873,2,87,ratio_position,8.372797953833176e-05
874,2,87,configuration_inversion,8.348628396769558e-05
875,2,87,systematic_construction,8.306248975032512e-05
876,2,87,pyridinium_benzene_ring,8.295996399038e-05
877,2,87,o_h_acceptor,8.287179333248795e-05
878,2,87,twin_inversion,8.224314461420758e-05
879,2,87,cylindrical_scroll_structure_determination,8.206545258386669e-05
880,2,88,middot_cl_minus_chloride,8.528925864173343e-05
881,2,88,correct_calculate_intensity,8.469782820727385e-05
882,2,88,homo_parallel_form,8.452860881395689e-05
883,2,88,aring_size,8.391347555302641e-05
884,2,88,seiv_ion,8.343018887358055e-05
885,2,88,symmetrical_polymorph,8.284898871057946e-05
886,2,88,main_interest,8.26435704317932e-05
887,2,88,bragg_reflexion_tds_correction,8.259143569470611e-05
888,2,88,individual_reflection_maximum_position,8.257470354946745e-05
889,2,88,solvent_content_space_group,8.234316607994458e-05
890,2,89,paroxetine_chloride_hemidrate,8.616837131965412e-05
891,2,89,further_research,8.581671779709469e-05
892,2,89,certain_feature,8.424402562879602e-05
893,2,89,concentration_coexist,8.385875004704262e-05
894,2,89,sample_volume,8.36938270004983e-05
895,2,89,isoquinoline_ligand,8.299617628242768e-05
896,2,89,hartree_fock_slater_calculation,8.277452058714927e-05
897,2,89,actual_ultrasonic_oscillation,8.274522989716888e-05
898,2,89,maleonitriledithiolate_ligand,8.256027147644727e-05
899,2,89,speciman_crystallographic_direction,8.225796427664463e-05
900,2,90,er_stress_transducer,8.512038045860475e-05
901,2,90,l_doubly_deprotonat_hydrazone,8.453735630377746e-05
902,2,90,know_photodimer,8.453512899067173e-05
903,2,90,additional_local_disorder,8.40908133018611e-05
904,2,90,tensor_sum,8.409040011408726e-05
905,2,90,bromobenzene_ring,8.393198244688175e-05
906,2,90,air_wet_dry_biospecimen,8.351616734704745e-05
907,2,90,urea_h_atom,8.32213942455527e-05
908,2,90,atlas_cedar,8.321651731577805e-05
909,2,90,dimensional_zigzag_chain_structure,8.305804733299037e-05
910,2,91,color_change,8.8283164383681e-05
911,2,91,axis_infinite_strand,8.587902906618557e-05
912,2,91,complex_symmetry_centre,8.553069738728833e-05
913,2,91,vapor_induce_color_change,8.497695093849544e-05
914,2,91,incline_endo,8.479029865876747e-05
915,2,91,carbon_carbon_bond_cleavage,8.354487493060466e-05
916,2,91,powerful_technique,8.245345917474515e-05
917,2,91,resolution_function_geometrical_factor,8.232131142340361e-05
918,2,91,excitation_laser,8.22942575135897e-05
919,2,91,resolution_function,8.209926712153884e-05
920,2,92,positron_electron_pair_creation,8.767575760905727e-05
921,2,92,methyl_c_atom_tran,8.589931223793521e-05
922,2,92,mutant_type,8.514511200371269e-05
923,2,92,thf_hexane_solution_recrystallization,8.456451573881611e-05
924,2,92,diffraction_phase,8.30098939861584e-05
925,2,92,hydrobromide_ion,8.281392671319308e-05
926,2,92,label_quotient_graph,8.278657994368596e-05
927,2,92,trideuteroacetonitrile_n_atom,8.276856860557521e-05
928,2,92,sans_spectrometer_vacuum_chamber,8.276256297788259e-05
929,2,92,individual_atom,8.255572184840952e-05
930,2,93,putoria_calabrica,8.75165001539954e-05
931,2,93,literature_report_different_hypothesis,8.695205693755183e-05
932,2,93,x_ray_crystallite_size,8.669291614796977e-05
933,2,93,special_consideration,8.587381078960026e-05
934,2,93,ester_moiety,8.507794154159356e-05
935,2,93,calcite_bassanite,8.463426568320512e-05
936,2,93,true_space_group,8.442058043443418e-05
937,2,93,hydrogen_bond_anionic_ribbon,8.430251587381054e-05
938,2,93,improve_precision,8.411288909470762e-05
939,2,93,diameter_mm,8.358182540297787e-05
940,2,94,secondary_extinction,8.606056192801749e-05
941,2,94,bind_orn_analog_structure,8.554887498544326e-05
942,2,94,minus_aring_minus_s,8.507973731974961e-05
943,2,94,positron_electron_pair_creation,8.440300139181743e-05
944,2,94,cluster_spm_limit,8.399635606693202e-05
945,2,94,h_g_function,8.388526393696686e-05
946,2,94,bayesian_argument,8.350973840072246e-05
947,2,94,mechanical_magnetic_electrical_one,8.348905102001073e-05
948,2,94,n_cu_n,8.344609044081552e-05
949,2,94,all_result,8.29226024633107e-05
950,2,95,mer_arrangement,8.555069384512128e-05
951,2,95,bulk_solvent,8.489250852312087e-05
952,2,95,cyclic_ester,8.464801541590002e-05
953,2,95,conventional_expression_failure,8.316008804275411e-05
954,2,95,single_datum,8.303701466951784e-05
955,2,95,result_framework,8.286604936251243e-05
956,2,95,unique_weak_c_h,8.235312974936158e-05
957,2,95,crystal_growth_anomaly,8.233738033527642e-05
958,2,95,jahn_teller_distortion,8.229522541968308e-05
959,2,95,sample_holder_standard,8.19536601875979e-05
960,2,96,art_state,8.563188819179311e-05
961,2,96,pure_rotation,8.363306085921429e-05
962,2,96,solution_solid_state,8.359430763676708e-05
963,2,96,o_torsion,8.341021678625797e-05
964,2,96,temperature_range,8.302077494172876e-05
965,2,96,certain_thiopeptide,8.2995117968161e-05
966,2,96,beamline_monochromator,8.294836317373146e-05
967,2,96,prime_pnpoxs_oxidase,8.266600048678157e-05
968,2,96,specific_damage,8.259079853740376e-05
969,2,96,flatten_envelope,8.24959225146774e-05
970,2,97,model_fix_conformation,8.655295915017532e-05
971,2,97,mo_k_alpha_z,8.442493899126745e-05
972,2,97,discard_experimental_datum,8.43110816932212e-05
973,2,97,n_n_bond,8.422883439473428e-05
974,2,97,exafs_experiment,8.397654144393022e-05
975,2,97,decomposition_temperature,8.384103411640438e-05
976,2,97,dna_bind_domain_beta,8.374068029491556e-05
977,2,97,time_crystal,8.324634553124489e-05
978,2,97,aspergillus_nig_beta,8.28087240580002e-05
979,2,97,o_amine_perchlorate,8.255813066216093e-05
980,2,98,tandem_birdcage_furnace,8.672890303415644e-05
981,2,98,loosely_conserve_consensus_sequence,8.649839819093709e-05
982,2,98,reliable_characterization,8.640893777191308e-05
983,2,98,antiprismatic_geometry,8.500514906958131e-05
984,2,98,proteasome_regulate_component,8.474831170217427e-05
985,2,98,syn_orientation,8.40680238281874e-05
986,2,98,sodium_sulfate,8.404328103999422e-05
987,2,98,cell_differentiation,8.30840576130611e-05
988,2,98,plus_photoelectric_absorption,8.271804342052244e-05
989,2,98,non_protonat_n_atom,8.266386907748574e-05
990,2,99,stable_part,8.687668736813432e-05
991,2,99,intrigue_form,8.507874724338742e-05
992,2,99,electrostatic_interaction_interaction,8.505568484706055e-05
993,2,99,bond_distance,8.416991060541186e-05
994,2,99,molecular_crystal_polymorphism,8.292596695788954e-05
995,2,99,pyramidal_coordination,8.281419003788741e-05
996,2,99,pressure_function_pseudosymmetry_analysis,8.276103412900246e-05
997,2,99,catalytic_process,8.269950211385076e-05
998,2,99,chemical_energy,8.252079837032145e-05
999,2,99,surface_loop_residue,8.203652422824858e-05
1000,2,100,bimetallic_complex,8.5944003728325e-05
1001,2,100,surface_orientation,8.480310900897654e-05
1002,2,100,incident_neutron_wavelength_function,8.444568530881516e-05
1003,2,100,bulky_chiral_group,8.418173611212742e-05
1004,2,100,salt_asymetric_unit,8.358020056689919e-05
1005,2,100,structure_different_anion,8.33054631639979e-05
1006,2,100,square_pyramidal_coordination_geometry,8.301135866497994e-05
1007,2,100,cation_surround_axis,8.292335220480843e-05
1008,2,100,temperature_structure,8.201416940203906e-05
1009,2,100,inversion_center_lie,8.114201071230587e-05
1010,2,101,curvature_radius,8.688807984310457e-05
1011,2,101,triazine_ring,8.609988302579519e-05
1012,2,101,volume_fractality,8.48971383756098e-05
1013,2,101,eigenvalue_spectrum,8.419878841074314e-05
1014,2,101,single_force,8.396451121156707e-05
1015,2,101,phasis_structure_factor,8.326456582293888e-05
1016,2,101,molecule_form,8.317475251469849e-05
1017,2,101,cp_homologous_protein,8.266815439026606e-05
1018,2,101,kda_outer_membrane_protein,8.239431402519515e-05
1019,2,101,minimal_principle_model,8.231340573622109e-05
1020,2,102,evaluation_procedure,8.699403428597703e-05
1021,2,102,kappa_cation,8.524499266341186e-05
1022,2,102,dimensional_supramolecular_aggregation,8.4764285280063e-05
1023,2,102,two_triiodide_ion,8.45922289101106e-05
1024,2,102,preferential_bind,8.440088714955196e-05
1025,2,102,protein_diffraction_pattern,8.304943765730467e-05
1026,2,102,n_salicylideneaniline_derivative,8.225808007369835e-05
1027,2,102,intramolecular_c,8.224717757094806e-05
1028,2,102,segment_cross_undulator,8.215900807416004e-05
1029,2,102,commercial_crystal_screen,8.186541129143177e-05
1030,2,103,f_hydrogen_bond,9.163282321826586e-05
1031,2,103,coordination_bond,8.747054822658643e-05
1032,2,103,alkoxo_o_atom,8.57408523794679e-05
1033,2,103,asymmetrically_cut_crystal,8.551840185928595e-05
1034,2,103,relate_element,8.51333340555099e-05
1035,2,103,single_crystal_photograph,8.415625256958928e-05
1036,2,103,e_pathway,8.413650930563487e-05
1037,2,103,n_thiourea_h_atom,8.40628632645017e-05
1038,2,103,metal_bond_behaviour,8.374345196662664e-05
1039,2,103,methoxy_o,8.331366680210501e-05
1040,2,104,important_transformation_catalyze,8.783905947681305e-05
1041,2,104,titanium_reagent,8.649722627466007e-05
1042,2,104,development_initiation,8.593588522081434e-05
1043,2,104,bind_pocket,8.446263939998853e-05
1044,2,104,c_h_pi,8.420794711005635e-05
1045,2,104,gas_liquid,8.358230179820516e-05
1046,2,104,hydrogen_atom,8.333660995878426e-05
1047,2,104,magnetic_field_presence,8.325253224799471e-05
1048,2,104,er_localize_transmembrane_kinase,8.294401378156726e-05
1049,2,104,additional_measurement,8.29319191401788e-05
1050,2,105,anti_disposition,8.731722949650427e-05
1051,2,105,propagate_form_chain,8.600107663811432e-05
1052,2,105,orthorhombic_crystal_form,8.575157148883716e-05
1053,2,105,cls_canadian_light_source,8.512776937326582e-05
1054,2,105,n_s_atom,8.493351584694748e-05
1055,2,105,respectively_deg_dihedral_angle,8.42799172704554e-05
1056,2,105,atom_additional_group,8.425485235100726e-05
1057,2,105,equatorial_position_cl_atom,8.39083929624548e-05
1058,2,105,znii_center_comprise_coordination,8.353303351586436e-05
1059,2,105,molecule_fragment_assembly,8.271070680798616e-05
1060,2,106,benzyloxy_group,8.606312942151923e-05
1061,2,106,diyttrium_heptaoxodisilicate_new_form,8.29725490447509e-05
1062,2,106,anisotropic_spontaneous_magnetostriction,8.26661393528441e-05
1063,2,106,recombinant_tetranectin,8.264610034373127e-05
1064,2,106,twist_molecule,8.264471755127784e-05
1065,2,106,thiadiazole_system_acridine,8.256356965120697e-05
1066,2,106,point_mutant_selenomethionine_label,8.23038395189284e-05
1067,2,106,skew_trapezoidal_geometry,8.205286716565425e-05
1068,2,106,ether_ring_crown,8.203411416258148e-05
1069,2,106,aring_resolution_diffraction,8.171990804100209e-05
1070,2,107,compute_triplet_phase_invariant,8.934514836906425e-05
1071,2,107,o_minus_torsion_angle,8.903898772681564e-05
1072,2,107,monocapped_trigonal_prismatic_geometry,8.490426625207925e-05
1073,2,107,downstream_station,8.448082966456431e-05
1074,2,107,prime_o_prime_kappa,8.419424713009799e-05
1075,2,107,tubular_dimensional_polymer,8.353070184457842e-05
1076,2,107,combinatorial_type,8.308026152799723e-05
1077,2,107,datum_angular_increment,8.25806433333795e-05
1078,2,107,particle_shape_drastic_change,8.257916589964364e-05
1079,2,107,zn_cl_plane,8.243645616817999e-05
0,3,0,quinoline_ring_system,8.681588730457606e-05
1,3,0,pseudotetrahedral_environment,8.223848908479475e-05
2,3,0,transmembrane_envelope_protein,8.185832513626442e-05
3,3,0,concordance_rate_human_expert,8.171092197676531e-05
4,3,0,atomic_scatter_factor,8.141487462568773e-05
5,3,0,relative_half_width,8.111577936883191e-05
6,3,0,ethanol_solution,8.095263845257711e-05
7,3,0,wild_type_enzyme,8.084241950533879e-05
8,3,0,water_molecule_ligand,8.081166098473638e-05
9,3,0,peak_diffract_wave,8.042255105754692e-05
10,3,1,methyl_c_atom_tran,8.539895038930934e-05
11,3,1,molecule_piperidine_ring,8.370571432253611e-05
12,3,1,pipe_transport,8.2307212943565e-05
13,3,1,pair_correlation,8.172822795321098e-05
14,3,1,additional_stabilization,8.146433091905891e-05
15,3,1,adjacent_ligand,8.043931130046954e-05
16,3,1,inter_ring_contact,7.989875435887924e-05
17,3,1,different_structural_parameter,7.979129886885555e-05
18,3,1,cell_edge,7.964476142465682e-05
19,3,1,distinct_pyridyltetrazolate_anion,7.959857006041018e-05
20,3,2,ag_tube,8.707733116533128e-05
21,3,2,crystalline_complex,8.359838335831056e-05
22,3,2,adpm_azadipyrromethene,8.327390963189922e-05
23,3,2,ambient_condition,8.225987052211983e-05
24,3,2,phase_angle,8.173435324337764e-05
25,3,2,organic_cation_water_molecule,8.157483918681654e-05
26,3,2,n_c_bond_length,8.12183016328053e-05
27,3,2,viral_nucleocapsid_protein_arrangement,8.062261329849173e-05
28,3,2,h_intermolecular_interaction,8.046693765662938e-05
29,3,2,n_diethylpentanaminium,8.04409782048654e-05
30,3,3,weak_interaction_study,8.411605642346397e-05
31,3,3,observe_intensity_volume,8.153308240398693e-05
32,3,3,saxs_method,8.146491830972994e-05
33,3,3,phenyl_ring_plane,8.140036809715296e-05
34,3,3,heptamer_alpha_crystal,8.131118063861273e-05
35,3,3,molecule_alternative_atom,8.108885146122494e-05
36,3,3,material_elastic_constant,8.089482036411696e-05
37,3,3,multiple_strip,8.058827282484817e-05
38,3,3,order_temperature,8.036068741486461e-05
39,3,3,modern_instrument,8.007570909738298e-05
40,3,4,indole_alkaloid,8.18901590560803e-05
41,3,4,average_size,8.146797780759227e-05
42,3,4,human_neutrophil_gelatinase,8.115255985205152e-05
43,3,4,single_diamondoid_network,8.090100368665663e-05
44,3,4,detector_geometry,8.090064319202105e-05
45,3,4,particle_numb,8.071938341438005e-05
46,3,4,triazole_ring_plane,8.060823130012357e-05
47,3,4,diffraction_peak_asymmetric_shape,8.060729838939609e-05
48,3,4,topological_notation,8.060252836016951e-05
49,3,4,coordination_crystal_structure,8.03972374055366e-05
50,3,5,essential_feature,8.622847909144074e-05
51,3,5,si_ge_atom,8.296923395519345e-05
52,3,5,ambient_atmosphere,8.167115846672094e-05
53,3,5,cupric_bromide_reaction_prepare,8.031945084857e-05
54,3,5,new_representative,7.994974876799845e-05
55,3,5,component_twin,7.989164284699845e-05
56,3,5,c_d_ring,7.976859328920415e-05
57,3,5,c_s_bond,7.957898813444153e-05
58,3,5,various_technique,7.943909849753322e-05
59,3,5,concentration_range,7.932089630761799e-05
60,3,6,small_numb,8.443320756165251e-05
61,3,6,osx_conserve_fragment,8.410498571279518e-05
62,3,6,dsb_catalyst,8.292833021597403e-05
63,3,6,transmission_electron_microscopy,8.279849162971148e-05
64,3,6,single_diffraction,8.234585656305312e-05
65,3,6,negative_relation,8.223662142540619e-05
66,3,6,real_life_single_particle,8.170936266491455e-05
67,3,6,new_polymorph,8.110332328879015e-05
68,3,6,thin_film,8.003865090648794e-05
69,3,6,cycle_conformation,7.993811966284209e-05
