,run,topic,terms,p
n,8.541685718431848e-05
1,1,0,r_distance_appropriate_integer,8.501542847772197e-05
2,1,0,adaptive_recognition,8.41010428414598e-05
3,1,0,form_solvate,8.395042107402433e-05
4,1,0,o_demethylase_vanillate,8.282724135412142e-05
5,1,0,aiip_peak_intensity_use,8.223186706238128e-05
6,1,0,b_n_bond,8.212001664985115e-05
7,1,0,neighbour_layer,8.211966804511096e-05
8,1,0,nearly_planar_maximum_deviation,8.159483226378774e-05
9,1,0,symmetry_center_twofold_axis,8.158615784686332e-05
10,1,1,cross_translation_function_rotation,8.597140384151509e-05
11,1,1,pyrazolone_ring,8.490912641302857e-05
12,1,1,sensitive_detection_system,8.427983351349843e-05
13,1,1,cu_atom_coordination_plane,8.377820549268085e-05
14,1,1,mode_excitation,8.306822560041497e-05
15,1,1,catalytic_domain,8.260338098666552e-05
16,1,1,peierls_barrier_reaction,8.203951172439942e-05
17,1,1,significant_intermolecular_interaction,8.138132350405473e-05
18,1,1,reduction_chemical_reaction,8.135608731626518e-05
19,1,1,thermophilus_tag,8.12771656584002e-05
20,1,2,phosphate_anion,8.369691092805894e-05
21,1,2,middot_complex_salt_hydrate,8.353392014892582e-05
22,1,2,polycrystalline_speciman,8.30247071519752e-05
23,1,2,low_luminescence,8.249011481697111e-05
24,1,2,cubane_like_framework,8.247305588405924e-05
25,1,2,molecular_dipole,8.156710827710035e-05
26,1,2,material_mixture,8.156642949358002e-05
27,1,2,other_impurity_phasis,8.138056468464335e-05
28,1,2,tetranuclear_complex,8.109064132278589e-05
29,1,2,prolyl_isomerization_state,8.096505700411697e-05
30,1,3,space_time_average_structure,8.615071280237095e-05
31,1,3,x_ray_tomography,8.487893360677976e-05
32,1,3,arginine_residue,8.37656801109036e-05
33,1,3,pentagonal_bipyramidal_coordination_environment,8.312894510118428e-05
34,1,3,human_prostate,8.285649680808032e-05
35,1,3,polymeric_structure,8.284891484598886e-05
36,1,3,middot_middot_minus_middot,8.237843808778747e-05
37,1,3,plot_method,8.217015358899589e-05
38,1,3,uncoordinated_terminal_n_atom,8.207517008909155e-05
39,1,3,resonant_x_ray_diffraction,8.134473581644332e-05
40,1,4,protein_mechanism,8.66762878579364e-05
41,1,4,luminescent_material,8.326268665668507e-05
42,1,4,pyrimidine_imidazole,8.311713418364221e-05
43,1,4,net_density,8.269973298288618e-05
44,1,4,multiple_scatter_multiphonon,8.259907803747068e-05
45,1,4,molecule_form_inversion,8.259117905886586e-05
46,1,4,absorption_fine_structure,8.257430480909192e-05
47,1,4,be_carbon_atom,8.19765792877242e-05
48,1,4,coaxial_geometry,8.188532596193463e-05
49,1,4,anomalous_multiplicity,8.174929748591219e-05
50,1,5,synchrotron_radiation,8.774893039597668e-05
51,1,5,triazine_n_atom,8.346355980546938e-05
52,1,5,high_pressure_research_sample,8.321706940903975e-05
53,1,5,diffraction_datum_process_collection,8.203337574299217e-05
54,1,5,hydroxy_group,8.142988373797181e-05
55,1,5,selectivity_difference_investigate_order,8.134828779724966e-05
56,1,5,cant_undulator,8.118075898911425e-05
57,1,5,agc_kinase_family,8.11121719949871e-05
58,1,5,hexagonal_material,8.107420014536474e-05
59,1,5,streptomyces_lividan,8.107047595797259e-05
60,1,6,abc_ring,8.794896079306401e-05
61,1,6,dimensional_hydrogen_bond_sheet,8.529235798766959e-05
62,1,6,plastic_strain,8.425592945092272e-05
63,1,6,image_bragg_reflection,8.423624665531295e-05
64,1,6,charge_cationic_neutral_derivative,8.402959634346837e-05
65,1,6,se_bond,8.373099622629112e-05
66,1,6,dispersion_curve,8.255366969076813e-05
67,1,6,aring_slippage_aring_interaction,8.141982844402753e-05
68,1,6,pyrosilicate_group,8.137176592134347e-05
69,1,6,local_optimization_technique,8.098828676941612e-05
70,1,7,phosphate_iron_vanadate,9.521098117211879e-05
71,1,7,slip_pi_pi_interaction,8.592360672771848e-05
72,1,7,benzoxazole_ring_system,8.402521833318365e-05
73,1,7,polymeric_chain_zn_atom,8.372878674966553e-05
74,1,7,synthesis_intermediate,8.332140093595272e-05
75,1,7,sulfadiazinate_ligand,8.306097473886437e-05
76,1,7,iron_nanoparticle,8.283181800171673e-05
77,1,7,negative_positive_quartet,8.26222377097243e-05
78,1,7,deg_rotation,8.238461946766101e-05
79,1,7,structure_invariant,8.237877901608999e-05
80,1,8,multipole_lattice_sum,8.795306584495615e-05
81,1,8,common_subgroup,8.759585357208923e-05
82,1,8,c_x_c,8.659796553370235e-05
83,1,8,mean_accuracy,8.525749955249442e-05
84,1,8,bulky_phenyl,8.516216426274206e-05
85,1,8,dimensional_layer_structure,8.446986656730692e-05
86,1,8,hydrogen_bond_acceptor,8.360617419229274e-05
87,1,8,algebraic_form,8.316637866182341e-05
88,1,8,homohexameric_structure,8.314532756662837e-05
89,1,8,small_high_order_correction,8.311615985437589e-05
90,1,9,bone_tissue_change_type,8.777433157431942e-05
91,1,9,multiscale_approach,8.670071274209865e-05
92,1,9,small_bite_angle,8.661166045000508e-05
93,1,9,calpha_us,8.43678199031745e-05
94,1,9,water_molecule_organic_molecule,8.420605211137736e-05
95,1,9,mix_ligand_specie_evidence,8.417853048285303e-05
96,1,9,x_tem_ray_datum,8.337971104742518e-05
97,1,9,dihedral_angel,8.290581496353065e-05
98,1,9,x_ray_phase_problem,8.259653872179029e-05
99,1,9,significant_change,8.245109718524774e-05
100,1,10,tautomeric_equilibrium,8.698133281609464e-05
101,1,10,cysteine_conversion,8.676215315667161e-05
102,1,10,algebraic_method,8.578155671293642e-05
103,1,10,bridgehead_bond,8.403348257632253e-05
104,1,10,average_distance,8.387145362076375e-05
105,1,10,ag_atom,8.32871065437267e-05
106,1,10,amx_fmx_beamline,8.241989113951588e-05
107,1,10,cyano_group,8.233185532038338e-05
108,1,10,centrosymmetrically_relate_niii_atom,8.208418599942484e-05
109,1,10,available_hydrogen_bond,8.192548966363384e-05
110,1,11,organic_cation_water_molecule,8.676030581850221e-05
111,1,11,fortran_iv,8.380457377068905e-05
112,1,11,unavoidable_unwelcome_aspect,8.371422662320229e-05
113,1,11,original_composition_small_perturbation,8.366265253827835e-05
114,1,11,diffract_crystal,8.360728622559603e-05
115,1,11,ev_energy,8.355288458271865e-05
116,1,11,pancreatic_elastase,8.315372612394664e-05
117,1,11,terminal_benzene_ring,8.282483172161487e-05
118,1,11,minus_cm,8.257863282261294e-05
119,1,11,gastric_mucosa,8.222590118551962e-05
120,1,12,essentially_planar_aring_deviation,8.651333245748673e-05
121,1,12,bi_atom,8.498114429037993e-05
122,1,12,molecular_mechanism,8.479292115218651e-05
123,1,12,uncoordinated_water_molecule,8.458881654603892e-05
124,1,12,osmium_derivative,8.437860854370705e-05
125,1,12,soak_dak_structure,8.385706328670585e-05
126,1,12,host_n_atom,8.385031848167145e-05
127,1,12,stock_solution_give_set,8.371349339352606e-05
128,1,12,squaraine_in_dye_solvate,8.369094887177183e-05
129,1,12,anchor_hemicellulas,8.352286452903155e-05
130,1,13,centrosymmetric_pair_compose_layer,8.803668862044473e-05
131,1,13,direction_dimensional_chain_dimer,8.756158048302379e-05
132,1,13,pyrophosphate_group,8.53562534263782e-05
133,1,13,neutral_specie_hydrogen_bond,8.311789974331067e-05
134,1,13,fatty_material,8.29619759881517e-05
135,1,13,near_zone,8.288913110221978e-05
136,1,13,crystal_nano_scale_volume,8.267988987060678e-05
137,1,13,methoxymethyl_phenyl,8.250703232793078e-05
138,1,13,t_film_result,8.185161919804627e-05
139,1,13,pd_o_distance,8.154603384992977e-05
140,1,14,diffraction_peak_asymmetric_shape,8.70678640705161e-05
141,1,14,monomer_model,8.497024714350692e-05
142,1,14,aring_wavelength,8.47145788202688e-05
143,1,14,dynamic_behaviour,8.419686116235653e-05
144,1,14,conformation_parameter,8.391242541150632e-05
145,1,14,possible_speculation,8.38701062071354e-05
146,1,14,label_vector,8.341229666852967e-05
147,1,14,k_gt,8.33232701711899e-05
148,1,14,coordinate_atom_coordination,8.26602736284302e-05
149,1,14,solid_state_laser,8.23960479246315e-05
150,1,15,structural_study,8.743878992425917e-05
151,1,15,regulatory_factor_interaction,8.53434786029011e-05
152,1,15,anomalous_diffraction_method,8.298568048426436e-05
153,1,15,certain_limitation,8.283137848516531e-05
154,1,15,sample_small_quantity_information,8.263730259820152e-05
155,1,15,correspond_free_base,8.246846222063007e-05
156,1,15,recombinant_triosephosphate_isomerase,8.245532190185044e-05
157,1,15,ncs_average,8.219299230986965e-05
158,1,15,thiocyanate_solution,8.171452914220264e-05
159,1,15,planar_fuse_ring_system,8.163559861397536e-05
160,1,16,angle_distortion,8.572716322549772e-05
161,1,16,proton_transfer_hydrate,8.535256383570319e-05
162,1,16,protonat_pyridine_group,8.519983055721898e-05
163,1,16,o_molecule_link,8.494055729809853e-05
164,1,16,characteristic_feature,8.426087898941559e-05
165,1,16,experimental_station,8.393012168320174e-05
166,1,16,proinflammatory_cytokine_activation,8.32637043217854e-05
167,1,16,relative_intensity,8.253406399635121e-05
168,1,16,blende_type,8.204858758232131e-05
169,1,16,n_kappa_prime_prime,8.201909681756636e-05
170,1,17,asymetric_unit,8.566705044854612e-05
171,1,17,thgr_goniometer,8.502793520184696e-05
172,1,17,hypothetical_texturized_polycrystal,8.485291523012822e-05
173,1,17,plusmn_antimalarial_drug_structure,8.393549217337951e-05
174,1,17,similar_calculation,8.369775615681362e-05
175,1,17,ligand_dppm_contain_complex,8.323937908547699e-05
176,1,17,pyrrolidine_piperidine_ring,8.245207196799083e-05
177,1,17,water_ligand,8.218456885643822e-05
178,1,17,user_intervention_absolute_minimum,8.200759402946643e-05
179,1,17,h_g_function,8.193952806217213e-05
180,1,18,coordination_numb,8.908737209366904e-05
181,1,18,feii_ion,8.801629461981656e-05
182,1,18,product_bind_substrate,8.652789386263702e-05
183,1,18,minus_torsion_angle_palladacycle,8.545064947901227e-05
184,1,18,n_propylquinolinium_cation,8.529289008727028e-05
185,1,18,graph_hydrogen_bond,8.314793834585005e-05
186,1,18,transfer_hydrogenation,8.245470439435923e-05
187,1,18,acetone_amine_combination,8.214028993057045e-05
188,1,18,cdii_complex,8.178568640104138e-05
189,1,18,enzyme_cleave,8.178226021316427e-05
190,1,19,ptp_prime_prime_prime,8.691381390644308e-05
191,1,19,x_ray_quality_crystal,8.554646017376933e-05
192,1,19,hydrogen_bond_pi,8.462805865666484e-05
193,1,19,salicylic_phenyl_ring,8.363060064045848e-05
194,1,19,delta_omega,8.348951107117877e-05
195,1,19,benzene_solvent_molecule,8.293747995636077e-05
196,1,19,recruit_clathrin_internalization,8.284364523032882e-05
197,1,19,classify_datum_point,8.265357745893058e-05
198,1,19,optimal_bind_pocket,8.216276611094876e-05
199,1,19,fhv_flock_house_virus,8.194997487660529e-05
200,1,20,exact_mechanism,8.787785347691208e-05
201,1,20,modern_detector,8.513837078283487e-05
202,1,20,new_expression,8.511316693922766e-05
203,1,20,intermolecular_c_h_pair,8.489674085535671e-05
204,1,20,tricyclo_ring_system,8.442064124858473e-05
205,1,20,nucleoid_associate_protein,8.405323771059267e-05
206,1,20,neighbor_molecule,8.370589351842175e-05
207,1,20,neutral_specie_hydrogen,8.333502085165629e-05
208,1,20,planar_unit,8.332358172054356e-05
209,1,20,ethyl_acetate,8.285545449181287e-05
210,1,21,distill_water,8.589113861555864e-05
211,1,21,chloride_molecule_anion,8.575649542463678e-05
212,1,21,bragg_diffraction_general_case,8.531594034165147e-05
213,1,21,mononuclear_molecule,8.442177591600878e-05
214,1,21,bind_orn_analog_structure,8.420345127485205e-05
215,1,21,successive_gauche_torsion_angle,8.415481980782318e-05
216,1,21,dimer_interface,8.311132626211427e-05
217,1,21,nuclear_motion,8.30338473831888e-05
218,1,21,perpendicular_magnetic_anisotropy,8.297577585834769e-05
219,1,21,iodine_molecule_form,8.285979362377501e-05
220,1,22,halophilic_marine_microorganism,8.682320386407642e-05
221,1,22,binase_molecule,8.346068600183158e-05
222,1,22,nbsp_time_dope_sample,8.31012239197742e-05
223,1,22,incommensurate_modulation,8.306689377752002e-05
224,1,22,crystallite_orientation_distribution_function,8.285624978264126e-05
225,1,22,minor_twin_component,8.202861337380797e-05
226,1,22,hexagonal_material,8.177738898371664e-05
227,1,22,negative_strand_rna_synthesis,8.170348879683923e-05
228,1,22,cell_edge_label_vector,8.15621605165902e-05
229,1,22,molecule_presence,8.149315223718491e-05
230,1,23,difference_map,8.486344576016255e-05
231,1,23,cation_coordination_geometry,8.39522494159502e-05
232,1,23,length_mm,8.378587268679349e-05
233,1,23,oxide_o_atom,8.275214000097664e-05
234,1,23,adjacent_urea_group,8.229165903650785e-05
235,1,23,planar_deviation_molecule,8.189806389149219e-05
236,1,23,new_representative,8.176755281909429e-05
237,1,23,linear_size_parameter,8.145380641928623e-05
238,1,23,vertex_n,8.096848661616648e-05
239,1,23,cdo_crystal,8.055927833522868e-05
240,1,24,mesenchymal_stem_cell_differentiation,9.12388134307715e-05
241,1,24,nitrogen_carbon,8.60765369595723e-05
242,1,24,hartree_fock_approximation,8.460191911517802e-05
243,1,24,film_growth,8.458396708196231e-05
244,1,24,tetraphenylphosphonium_cation,8.4531854475088e-05
245,1,24,salt_crystal_structure,8.394872097825583e-05
246,1,24,dianionic_ligand,8.33222596824154e-05
247,1,24,axial_projection_plot,8.20839570863267e-05
248,1,24,refinement_phase,8.143882284940575e-05
249,1,24,weissenberg_photograph,8.118379096569957e-05
250,1,25,useful_anomalous_correlation,9.073266188480818e-05
251,1,25,acceptor_donor,8.945944114669072e-05
252,1,25,average_shell_thickness,8.812507485290149e-05
253,1,25,symmetry_center,8.694334057375549e-05
254,1,25,siderophore_bind_protein,8.458119239956162e-05
255,1,25,cyclic_ester,8.4256458113795e-05
256,1,25,certain_structural_model,8.339839801713388e-05
257,1,25,s_bond,8.302037695136766e-05
258,1,25,atomic_position,8.283447450855437e-05
259,1,25,native_counterpart,8.254679516081513e-05
260,1,26,phonon_spectrum,8.900064963373404e-05
261,1,26,ionic_enol_form,8.735798698728918e-05
262,1,26,pipe_transport,8.567450952474182e-05
263,1,26,celd_cellulase_dockerin_module,8.503366419353913e-05
264,1,26,comparable_arrangement,8.454054546903154e-05
265,1,26,ambient_temperature_liquid_suspension,8.419517047690128e-05
266,1,26,mix_ligand_specie_evidence,8.347253384431914e-05
267,1,26,configure_hexyloxy_chain,8.336140392229527e-05
268,1,26,model_interpretation_build,8.322045404400722e-05
269,1,26,dislocation_image,8.28255837384167e-05
270,1,27,zr_k_edge,8.619376329282251e-05
271,1,27,scatter_vector_large_range,8.478203965804031e-05
272,1,27,t_k_gt,8.357279118720246e-05
273,1,27,kinase_domain,8.339981790138927e-05
274,1,27,hydrogen_bond_mean,8.325554890237619e-05
275,1,27,random_network,8.324888556854513e-05
276,1,27,transmembrane_domain,8.312491205486795e-05
277,1,27,merohedry_type,8.285570879463725e-05
278,1,27,ideal_perovskite_position,8.242795081269074e-05
279,1,27,acetone_amine_combination,8.215899779108548e-05
280,1,28,direct_hydrogen_bond_chain,8.62287900283671e-05
281,1,28,tetartohedrally_twin_crystal,8.581006305512958e-05
282,1,28,ionic_exchange,8.417833842967913e-05
283,1,28,k_metallic_zinc,8.407101186805037e-05
284,1,28,di_n_butylamine,8.28013970685927e-05
285,1,28,solvent_water,8.270798582503771e-05
286,1,28,time_time_crystal,8.259708761095539e-05
287,1,28,in_asymmetric_unit_molecule,8.191842636943818e-05
288,1,28,structure_factor_dw_factor,8.186537285537192e-05
289,1,28,crystal_symmetry_element,8.177142676658214e-05
290,1,29,bor_c_structure,8.832881097480872e-05
291,1,29,generate_pulse_rate,8.713995144703674e-05
292,1,29,active_pharmaceutical_ingredient,8.571631133778722e-05
293,1,29,sample_changer,8.350305154560936e-05
294,1,29,phase_tool,8.335393678359167e-05
295,1,29,n_terminus,8.276519230430364e-05
296,1,29,recombinant_tetranectin,8.266152686309699e-05
297,1,29,protein_crystal_amorphous_protein,8.259912656479306e-05
298,1,29,goniometer_design,8.244458801570766e-05
299,1,29,intermediate_high_incident_energy,8.229176424275398e-05
300,1,30,useful_positive_relation_numb,8.693364160410896e-05
301,1,30,molecular_detail,8.620323070607284e-05
302,1,30,central_growth,8.227547185740259e-05
303,1,30,metal_center,8.223264672625704e-05
304,1,30,aring_interaction,8.214275390135001e-05
305,1,30,tube_axis_structure,8.209052213910784e-05
306,1,30,seiv_ion,8.17086805437216e-05
307,1,30,n_hydrogen_bond,8.15793677330516e-05
308,1,30,s_c_torsion_angle,8.146740156406286e-05
309,1,30,enzyme_phosphoethanolamine_transferase,8.143560146563783e-05
310,1,31,substitute_phenyl_ring,8.528970482347918e-05
311,1,31,space_cost,8.40826245246087e-05
312,1,31,minus_structure,8.339754493517278e-05
313,1,31,optical_rotation,8.214512236281006e-05
314,1,31,functional_form_magnitude,8.185672849393934e-05
315,1,31,supramolecular_dimer,8.184724324685417e-05
316,1,31,coordination_layer,8.179953694038074e-05
317,1,31,hydrogen_bond_infinite_sheet,8.162911172460095e-05
318,1,31,single_room_temperature,8.146666093634023e-05
319,1,31,coii_atom_coordinate,8.142853709326383e-05
320,1,32,o_chain,8.810999581656971e-05
321,1,32,intramolecular_n,8.665979214100417e-05
322,1,32,secondary_structure,8.537380326948738e-05
323,1,32,topological_family,8.428827769561492e-05
324,1,32,middot_monohydrate_systematic,8.323717984913377e-05
325,1,32,high_order_correction,8.307618850242563e-05
326,1,32,sulfur_sad_phase,8.295971604408598e-05
327,1,32,distort_octahedron,8.25485035651383e-05
328,1,32,roughly_planar_salicylamide_fragment,8.252119307785721e-05
329,1,32,biological_conclusion,8.251198433049747e-05
330,1,33,core_shell,8.610903274898332e-05
331,1,33,fringe_contrast_intensity,8.579221712330726e-05
332,1,33,dinuclear_cation,8.577777200962168e-05
333,1,33,terminal_phenyl_ring_plane,8.518506276040492e-05
334,1,33,cuboctahedrally_symmetric_protein_particle,8.468720580819737e-05
335,1,33,flash_cool_protein_crystal,8.442744155632451e-05
336,1,33,pathological_process_multitude,8.398945271098316e-05
337,1,33,sugar_contain_structure,8.339276091207687e-05
338,1,33,real_datum,8.3360137648144e-05
339,1,33,system_order_twin_boundary,8.324644480750567e-05
340,1,34,pyrimidine_deamination_deaminase_domain,8.999150993192656e-05
341,1,34,n_terminal_affinity_tag,8.863425266589077e-05
342,1,34,fluconazole_ligand,8.668369939964751e-05
343,1,34,enantiomorph_tetragonal_space_group,8.47278715907327e-05
344,1,34,electron_rich_iron_carbonyl,8.431795184157013e-05
345,1,34,food_allergy_people,8.336583632838396e-05
346,1,34,high_level,8.293624653384899e-05
347,1,34,o_deg,8.29075099984479e-05
348,1,34,fe_form_similar_geometry,8.278108395291911e-05
349,1,34,image_hrtem_edp,8.172319209900632e-05
350,1,35,incomplete_factorial_approach,9.16051474535195e-05
351,1,35,label_vector,8.962691815063046e-05
352,1,35,substrate_peptide,8.916023273969318e-05
353,1,35,attach_dimethoxyphenyl_residue,8.715220032572624e-05
354,1,35,local_symmetry,8.438650113553925e-05
355,1,35,g_mu_microgravity_solution,8.292986721754302e-05
356,1,35,kappa_p,8.265473094956605e-05
357,1,35,protein_homology_high_level,8.232454219969162e-05
358,1,35,further_structure_refinement,8.228479470472575e-05
359,1,35,d_mannose_presence,8.21050853005591e-05
360,1,36,di_n_butylamine,8.557010766574421e-05
361,1,36,lactone_matricarin,8.46729534734832e-05
362,1,36,b_type_site,8.43056880413117e-05
363,1,36,kinase_family,8.36819893964649e-05
364,1,36,k_range,8.320817709570948e-05
365,1,36,corundum_standard,8.315452510622453e-05
366,1,36,electron_density_difference_map,8.297246997448205e-05
367,1,36,mineralogical_analysis,8.281582129200546e-05
368,1,36,aspergillus_aculeatus,8.222970621494803e-05
369,1,36,molecular_replacement_solution,8.211789443771693e-05
370,1,37,photographic_method,8.987702575584747e-05
371,1,37,bridge_ligand,8.537521317320096e-05
372,1,37,dbia_acid,8.369575602737214e-05
373,1,37,b_spline_function_knot,8.26450227790715e-05
374,1,37,triazole_ring_ethoxybenzene_group,8.246845077015643e-05
375,1,37,acoustic_droplet_ejection,8.229585112698806e-05
376,1,37,complex_molecular_structure,8.211319164458207e-05
377,1,37,finite_range,8.198775640838585e-05
378,1,37,ring_motif,8.198741907281527e-05
379,1,37,transition_temperature,8.197243013895705e-05
380,1,38,important_receptor,9.15277751109296e-05
381,1,38,coordination_polymer_form_network,8.968494619624197e-05
382,1,38,fac_adpm_complex,8.650282077951978e-05
383,1,38,molecular_replacement_study,8.53938397835448e-05
384,1,38,c_pi,8.5096793501673e-05
385,1,38,methoxybenzene_ring_tolyl_plane,8.425133698443184e-05
386,1,38,rotary_mode_condensation_result,8.415903711574062e-05
387,1,38,volume_fractality,8.340467724725324e-05
388,1,38,immediate_surround,8.27668216091452e-05
389,1,38,rotation_bring_sample_displacement,8.21252809903943e-05
390,1,39,b_a,8.783977903655161e-05
391,1,39,adjacent_molecule_cl_atom,8.609890611252391e-05
392,1,39,carboxyl_group_plane,8.525723159402763e-05
393,1,39,low_symmetry,8.493104891303632e-05
394,1,39,thermogravimetric_analysis,8.467386856590322e-05
395,1,39,electron_beam_evaporation,8.441924849599163e-05
396,1,39,current_limitation_use,8.438110349644373e-05
397,1,39,centrosymmetric_ring_type,8.40195482788834e-05
398,1,39,solvent_influence,8.247509415498646e-05
399,1,39,s_prime,8.242306416411828e-05
400,1,40,aglaia_seed,8.727179396432122e-05
401,1,40,o_dimer_hydrogen_bond,8.658720760612156e-05
402,1,40,pyrrolidine_bind_phenyl_h,8.60310832404166e-05
403,1,40,cysteine_oxidation,8.482260216684531e-05
404,1,40,time_resolution,8.465280315773262e-05
405,1,40,pendant_benzene_ring,8.410241875417022e-05
406,1,40,incoherent_scatter_cross_section,8.353309188391613e-05
407,1,40,c_c,8.320943472620635e-05
408,1,40,molecular_weight_symmetry_dependency,8.318612082885486e-05
409,1,40,instrument_part,8.286499664222811e-05
410,1,41,possible_substitution_network_flexibility,8.780515579893475e-05
411,1,41,quinoline_ring_system_naphthalene,8.42097769859063e-05
412,1,41,decision_declaration,8.37924623738754e-05
413,1,41,sluggish_transformation,8.291214881762522e-05
414,1,41,antiphase_domain_boundary,8.281293710922746e-05
415,1,41,stereochemical_restraint,8.232808326117632e-05
416,1,41,tin_halide_bond_respect,8.211263462295442e-05
417,1,41,electronic_physical_property,8.204219268397667e-05
418,1,41,minus_molecule,8.156131510357172e-05
419,1,41,anthracene_moiety_plane,8.154778622185624e-05
420,1,42,ring_plane_orientation,8.407144497310577e-05
421,1,42,isotropic_saturation_value,8.374636542063758e-05
422,1,42,preliminary_diffraction_analysis_crystallization,8.353046438767675e-05
423,1,42,sulfonated_derivative,8.347887487310227e-05
424,1,42,kegg_database_streptococcus_mutan,8.335666743971079e-05
425,1,42,solid_liquid_phase_diagram,8.295463634287445e-05
426,1,42,model_molecular_replacement,8.276983350123504e-05
427,1,42,useful_information,8.243137864293154e-05
428,1,42,convergent_beam_electron_diffraction,8.237016122321174e-05
429,1,42,carboxylic_acid_anion,8.215957118220169e-05
430,1,43,respectively_iii_dimer,8.754327495053836e-05
431,1,43,influenza_virus_heterotrimeric_polymerase,8.518802897019832e-05
432,1,43,delicate_equilibrium,8.453904505747827e-05
433,1,43,residual_electron_density_peak,8.420219967124448e-05
434,1,43,piezoelectric_property,8.352191483427508e-05
435,1,43,iii_middot,8.283972722158506e-05
436,1,43,beta_reaction,8.2785452232867e-05
437,1,43,au_pi_contact,8.23122690522589e-05
438,1,43,general_formula,8.220013198414096e-05
439,1,43,situ_collagen,8.21046320628276e-05
440,1,44,direction_dimensional_chain,8.565466272306313e-05
441,1,44,previously_know_structure,8.547718221951279e-05
442,1,44,acetate_ligand_o_atom,8.468541285771253e-05
443,1,44,tds_interference_function,8.456796620493846e-05
444,1,44,delta_omega_monochromator,8.435092946931265e-05
445,1,44,p_tolyl_ring_deg,8.319447046351795e-05
446,1,44,static_structural_characterisation,8.315752425575584e-05
447,1,44,nonionic_detergent,8.299374903710217e-05
448,1,44,cobalt_phosphate,8.282467701197241e-05
449,1,44,eulerian_cradle_center,8.282325531456992e-05
450,1,45,mpd_use,8.791697751892814e-05
451,1,45,internal_structure,8.601753582125324e-05
452,1,45,polarization_factor,8.3787052390997e-05
453,1,45,prime_middot_hydrate_systematic,8.369733498310145e-05
454,1,45,zeta_dimer_interface_bind,8.328596241240438e-05
455,1,45,large_molecule_crystallography,8.296100785321171e-05
456,1,45,significant_difference,8.197218037888337e-05
457,1,45,order_nlo_saturable_absorption,8.171384529631634e-05
458,1,45,middot_minus_middot_salt,8.167018585461037e-05
459,1,45,form_chain,8.161714540278359e-05
460,1,46,t_deg,8.784634604823869e-05
461,1,46,deg_average_error,8.501368042212017e-05
462,1,46,pole_distribution_function,8.480281876935904e-05
463,1,46,deg_molecule_deg,8.394389334335676e-05
464,1,46,phen_tcnoet,8.347419672467467e-05
465,1,46,lattice_cell,8.333073814778407e-05
466,1,46,incident_x_ray,8.317292442003872e-05
467,1,46,cl_contact,8.29509411390917e-05
468,1,46,synchrotron_radiation_pioneering_experiment,8.269320657723327e-05
469,1,46,process_collection,8.20746659641242e-05
470,1,47,lot_method_successful_application,8.726353412428561e-05
471,1,47,p_hydrogen_bond_o,8.483597352976235e-05
472,1,47,distort_octahedral_geometry_coordinate,8.361518293061936e-05
473,1,47,short_intermolecular_c_column,8.288635800369657e-05
474,1,47,random_network_structure_model,8.286946088252596e-05
475,1,47,metal_bind_site_bind,8.281683115471266e-05
476,1,47,tridentate_schiff_base_ligand,8.247374779322337e-05
477,1,47,bragg_law_expression,8.230951406888937e-05
478,1,47,sulfonyl_substituent_phenyl_ring,8.222627514472994e-05
479,1,47,short_separation,8.179585269876473e-05
480,1,48,melt_solid,9.013160302729427e-05
481,1,48,solid_helium_anneal_effect,8.97703158377173e-05
482,1,48,zeta_significant_association,8.651620195112338e-05
483,1,48,serine_phosphorylation,8.520072436098124e-05
484,1,48,ctb_cholera_toxin,8.505870505016941e-05
485,1,48,estimate_phasis,8.373134228899709e-05
486,1,48,kegg_database,8.331053554750975e-05
487,1,48,model_parameter,8.25646889073151e-05
488,1,48,functional_structure,8.252999067245607e-05
489,1,48,bromide_anion,8.252706348335681e-05
490,1,49,hydrodynamic_focus_device,8.598898791077527e-05
491,1,49,r_increase,8.566775825912069e-05
492,1,49,correspond_hydroperoxide,8.485206719713287e-05
493,1,49,hydrogen_bond_infinite_chain,8.460165588587285e-05
494,1,49,salt_bridge_formation_disruption,8.427844986970904e-05
495,1,49,clathrin_bind,8.420890030581338e-05
496,1,49,inhibitor_transferase,8.376622924346503e-05
497,1,49,anion_o_atom,8.367220804223107e-05
498,1,49,dioxane_o_atom,8.350133647673143e-05
499,1,49,previously_propose_method,8.344493705581322e-05
0,2,0,x_tem_ray,8.25021346138315e-05
1,2,0,octahedral_site,8.075902168179474e-05
2,2,0,molecular_crystal,8.0219536534994e-05
3,2,0,inversion_symmetry,7.987324586803592e-05
4,2,0,dimer_dimer,7.978033386504656e-05
5,2,0,b_a_molecule,7.959023087071671e-05
6,2,0,deg_mutually_tran,7.958173680576702e-05
7,2,0,covalent_complex,7.951838056282761e-05
8,2,0,neutron_beam,7.909499996697492e-05
9,2,0,independent_niii_complex_molecule,7.893874457953382e-05
10,2,1,ligm_crystal,8.335914841382791e-05
11,2,1,terminal_domain,8.124109649137708e-05
12,2,1,phenolic_proton,8.065227479183119e-05
13,2,1,x_background,8.065149631001549e-05
14,2,1,disulfide_cross_link_strategy,8.026155850659595e-05
15,2,1,ab_plane_layer,8.002687554513011e-05
16,2,1,optimize_experimental_approach,7.993660197140553e-05
17,2,1,hydrophilic_protein,7.970748025801282e-05
18,2,1,hydrogen_bond_system,7.96111084616885e-05
19,2,1,early_know_azaaromatic_chloride,7.954780269360725e-05
20,2,2,proinflammatory_cytokine,8.623821245929072e-05
21,2,2,calculate_powder_diffraction_datum,8.329336093670896e-05
22,2,2,test_case,8.203809727455265e-05
23,2,2,n_c_bond_delocalization,8.080359306854091e-05
24,2,2,unit_cell_parameter_determination,8.06632934692409e-05
25,2,2,o_volume_distance,8.053582146540134e-05
26,2,2,vary_pressure,8.04017656548361e-05
27,2,2,reductase_variety,8.008105954930195e-05
28,2,2,asynchronous_crystallization_robot,7.978747768203144e-05
29,2,2,different_oxo_complex,7.962510412830207e-05
30,2,3,centrosymmetric_mononuclear_zriv,8.186803702903835e-05
31,2,3,benzothiazole_molecule,8.080313536466581e-05
32,2,3,concept_proof,8.076219742247635e-05
33,2,3,linear_relationship,8.059295766834045e-05
34,2,3,h_position_definition,8.001184056389571e-05
35,2,3,n_acetylglucosamine,7.973005510345877e-05
36,2,3,centrosymmetric_polyvanadate_cluster,7.955276522725468e-05
37,2,3,plate_change,7.944498988823793e-05
38,2,3,metal_coordinate_water,7.923081656265649e-05
39,2,3,h_atom_location,7.884391341076036e-05
40,2,4,simple_trigonometric_form,8.323774203183995e-05
41,2,4,ligand_s_atom,8.229687158470178e-05
42,2,4,head_group,8.21846942809235e-05
43,2,4,pack_molecule,8.104618619383323e-05
44,2,4,undulator_radiation,8.054291382669918e-05
45,2,4,search_method,8.02690985923585e-05
46,2,4,zigzag_chain,7.960893296966946e-05
47,2,4,thiohydantoin_ring,7.93978812029808e-05
48,2,4,c_nrfa_nitrite_reductase,7.912294199245865e-05
49,2,4,correct_solution,7.901648461051292e-05
50,2,5,aichi_virus,8.171312862541907e-05
51,2,5,cation_link,8.16183121919962e-05
52,2,5,linear_structure,8.072519831785359e-05
53,2,5,tpsi_concise_formula,8.046486395780888e-05
54,2,5,optimize_approach,8.045874908975249e-05
55,2,5,relaxation_static_calculation,7.988582531766626e-05
56,2,5,indirect_transformation_method,7.982051098123521e-05
57,2,5,predict_inner_membrane_metalloenzyme,7.96174029330299e-05
58,2,5,amorphous_binary_system,7.959529390043413e-05
59,2,5,small_molecule_case,7.94023160558956e-05
