,run,topic,terms,p
rase,8.473832484553404e-05
1,1,0,md_simulation_datum,8.459111570045325e-05
2,1,0,slight_modification,8.444774416637162e-05
3,1,0,electron_transfer,8.312798343541687e-05
4,1,0,broad_energy_range,8.293159754733846e-05
5,1,0,tpsi_sign_numerical_analysis,8.211224427402392e-05
6,1,0,atomic_vibration_tensor_component,8.202371288806065e-05
7,1,0,diheral_angle,8.144977735070544e-05
8,1,0,sphere_coordination,8.113713896067479e-05
9,1,0,emerge_new_structure,8.085324658107527e-05
10,1,1,conformational_change,8.985166590952112e-05
11,1,1,amide_group,8.66852324878156e-05
12,1,1,n_apical_position_dimethylformamide,8.566165828424312e-05
13,1,1,raman_spectrometer_waxd_detector,8.408486831386955e-05
14,1,1,bridge_methylene_c_atom,8.374784697746807e-05
15,1,1,dien_ligand_act,8.276656385269469e-05
16,1,1,nbsp_nbsp,8.242538889837144e-05
17,1,1,phenylformiminopyrrole_derivative,8.161970471229368e-05
18,1,1,beam_diffraction,8.081153409051424e-05
19,1,1,synthesis_intermediate,8.080015231232661e-05
20,1,2,uncolored_symmetrical_tile,8.512628410059325e-05
21,1,2,transmit_reflect_intensity,8.456111227976446e-05
22,1,2,structure_essential_feature,8.326980690766428e-05
23,1,2,cationic_organic_layer,8.304972366518e-05
24,1,2,benzoxazole_ring_system,8.24440387164507e-05
25,1,2,linear_size_parameter,8.235006338022199e-05
26,1,2,coefficient_r_minus,8.131992163896421e-05
27,1,2,net_quotient_graph,8.088961766455091e-05
28,1,2,bipy_chain,8.069189328344841e-05
29,1,2,phosphonium_substitute_hydrazone,8.069002261103863e-05
30,1,3,depth_profile,8.700707971257037e-05
31,1,3,reflection_kind,8.425311881346592e-05
32,1,3,well_phasis,8.362153376104555e-05
33,1,3,pendant_arm_form,8.336759028173357e-05
34,1,3,niiii_atom,8.298840543125572e-05
35,1,3,functional_form_magnitude_consequence,8.235184962645366e-05
36,1,3,protein_crystallization,8.21001090913412e-05
37,1,3,important_factor,8.177007118386178e-05
38,1,3,c_c_c,8.176923209708212e-05
39,1,3,structure_herringbone_like_pack,8.124154838434994e-05
40,1,4,middot_br_minus,8.238658883901873e-05
41,1,4,methyl_group_h_atom,8.192038904063795e-05
42,1,4,structural_magnetic_transition,8.069196417273555e-05
43,1,4,real_space_descriptor,8.036895323958533e-05
44,1,4,elaboration_process_geometry,8.022834416221604e-05
45,1,4,cell_surface,7.984600403129897e-05
46,1,4,crystallographically_independent_anion,7.972926105262632e-05
47,1,4,methoxybenzene_group,7.956167065001425e-05
48,1,4,loop_arrangement,7.945135214708922e-05
49,1,4,aromatic_pi,7.933252993807102e-05
50,1,5,azide_group,8.151714881183225e-05
51,1,5,well_crystal_orientation,8.148987668072218e-05
52,1,5,exact_mechanism_competition,8.128601441411199e-05
53,1,5,fmn_cyclization,8.118140720052987e-05
54,1,5,mjtim_unligand_structure_novelty,8.112684268612262e-05
55,1,5,unligand_structure,8.10325339469456e-05
56,1,5,seven_coordinate_k_atom,8.095569207616469e-05
57,1,5,seed_achieve_method,8.086569326902226e-05
58,1,5,tautomeric_form,8.070107578685367e-05
59,1,5,maximum_resolution,8.011610434621479e-05
60,1,6,certain_elemental_type,8.942098294701116e-05
61,1,6,pcxxc_signature,8.539814275333794e-05
62,1,6,solvothermal_condition,8.45925448790442e-05
63,1,6,s_angle,8.441409801673088e-05
64,1,6,proliferate_cell,8.405173691181693e-05
65,1,6,technology_advance,8.285161459924053e-05
66,1,6,cp_carbamoyl_phosphate_reaction,8.148670081377343e-05
67,1,6,hybrid_pixel,8.134126832966129e-05
68,1,6,minor_major_component,8.128695482146181e-05
69,1,6,methyltransferase_gene,8.121814775374966e-05
70,1,7,unconventional_approach,8.622989890203865e-05
71,1,7,minor_redox_flavocoenzyme,8.508830850908717e-05
72,1,7,bipyramidal_coordination,8.433052807661141e-05
73,1,7,food_allergy_people_subpopulation,8.164275654953399e-05
74,1,7,ring_strain,8.136318833075483e-05
75,1,7,acetone_pentane,8.135323360210046e-05
76,1,7,high_salt,8.12796892410257e-05
77,1,7,photographic_intensity_measurement,8.10419111519543e-05
78,1,7,middot_minus_structure,8.069321237074677e-05
79,1,7,acta_cryst_precede_paper,8.067866219852066e-05
80,1,8,diffraction_intensity_distribution,8.423079206941459e-05
81,1,8,beta_aring_b_c,8.359476068766072e-05
82,1,8,dsb_family,8.222087616123248e-05
83,1,8,bulky_chiral_group,8.094695561061619e-05
84,1,8,model_structure_comparison,8.082832182211967e-05
85,1,8,respectively_aring_aring_distance,8.030013495514535e-05
86,1,8,polymer_battery_concept,8.028455207910652e-05
87,1,8,sulfonate_group_hydrogen_bond,8.01833489157849e-05
88,1,8,boundary_plane,7.994714327977636e-05
89,1,8,methoxy_group,7.993589464445386e-05
90,1,9,nuclear_contribution,8.725090241547441e-05
91,1,9,middot_minus_middot_crystal,8.424005871036932e-05
92,1,9,random_real_space_structure,8.305394360182883e-05
93,1,9,decomposition_oxidation,8.300207406989708e-05
94,1,9,average_radius,8.281140818449507e-05
95,1,9,backscatter_position,8.216207281229554e-05
96,1,9,n_double_bond,8.192336421730135e-05
97,1,9,crystallization_condition_relative_stability,8.192310856487133e-05
98,1,9,k_beta_radiation,8.181006159695528e-05
99,1,9,opposite_side,8.155226945167822e-05
0,2,0,disorder_model,7.351165802337473e-05
1,2,0,experimental_measurement,7.33400269224971e-05
2,2,0,expect_proton_transfer,7.317783850465514e-05
3,2,0,many_brazilian_laboratory,7.283340074316054e-05
4,2,0,o_length_hydrogen_bond,7.271585967650325e-05
5,2,0,waxs_datum_structural_fluctuation,7.262093732903757e-05
6,2,0,beam_gixd,7.2576973520382e-05
7,2,0,protein_sdba,7.244568708097443e-05
8,2,0,protein_synthesis_initiation,7.222784070620952e-05
9,2,0,multi_step,7.216023336750794e-05
