,run,topic,terms,p
22962826802156e-05
1,1,0,neighbour_picrate_ion,8.582959822704494e-05
2,1,0,relative_wilson_plot,8.364387351749937e-05
3,1,0,video_camera,8.337657132683303e-05
4,1,0,mill_time_increase,8.294883460625251e-05
5,1,0,key_property,8.282297717002186e-05
6,1,0,person_spine,8.267780196990617e-05
7,1,0,ring_attach_hydroxy_group,8.1857185037946e-05
8,1,0,terminal_phenyl,8.180824113625621e-05
9,1,0,o_c_hydrogen_bond,8.15650471879866e-05
10,1,1,unusual_strategy,9.047942376824535e-05
11,1,1,linearly_extend_conformation_moiety,8.820256640560371e-05
12,1,1,diffract_crystal,8.68982769995412e-05
13,1,1,translation_mechanism,8.59380735624132e-05
14,1,1,protein_model,8.431150324493052e-05
15,1,1,bond_distance_deviation,8.366937070838044e-05
16,1,1,holmium_derivative_liii_edge,8.336810074522464e-05
17,1,1,present_study,8.303785382893823e-05
18,1,1,thiocarbamate_ligand,8.298562124463244e-05
19,1,1,single_shoot_methodology,8.230302516762844e-05
20,1,2,alternate_independent_molecule,8.627428383763984e-05
21,1,2,further_work,8.54477192536023e-05
22,1,2,powder_pattern,8.444750190106128e-05
23,1,2,ethanol_solution,8.339050288636234e-05
24,1,2,crystal_datum,8.337998548404505e-05
25,1,2,critical_step,8.182726070430636e-05
26,1,2,plane_carboxylate,8.17887318086424e-05
27,1,2,crystal_thicken,8.17521161297436e-05
28,1,2,acid_acid,8.16782059470464e-05
29,1,2,n_carbonyl_methylamino,8.158415474704395e-05
30,1,3,qualitative_analysis,8.712970755569303e-05
31,1,3,mix_ligand_complex_cation,8.459629372875912e-05
32,1,3,cu_n_distance,8.365014927905595e-05
33,1,3,coincidence_concept_generalization,8.311228400113778e-05
34,1,3,extensive_hydrogen_bond,8.285770630454597e-05
35,1,3,such_distortion,8.216874972498553e-05
36,1,3,speciman_edge_parallel,8.191593070134176e-05
37,1,3,domain_dependent_oligomerization,8.176744578430784e-05
38,1,3,miss_salt_bridge,8.131802240058015e-05
39,1,3,intramolecular_dimension_improve_precision,8.109424341647272e-05
40,1,4,analyze_crystallographic_sort,8.730583291658391e-05
41,1,4,osulfonyl_hydrogen_bond,8.488820735405585e-05
42,1,4,chemical_vapour_deposition,8.43756224774542e-05
43,1,4,lattice_pair_well_fit,8.38179855127554e-05
44,1,4,viz_configuration,8.361954563231857e-05
45,1,4,dynamic_beam_size,8.335161164965807e-05
46,1,4,h_o_interaction,8.243016097796221e-05
47,1,4,membrane_associate_protein,8.234868030321478e-05
48,1,4,thiophene_quinoline_ring,8.19137373800359e-05
49,1,4,dsc_curve_hemidrate,8.190589987391831e-05
50,1,5,amide_group,8.681700812103586e-05
51,1,5,ethoxycarbonyl_methyl,8.455224625347327e-05
52,1,5,ionothermal_condition,8.413675719327456e-05
53,1,5,microscopic_model,8.344356706350052e-05
54,1,5,practical_effect,8.328036448754369e-05
55,1,5,extend_dead_time_model,8.2152170368835e-05
56,1,5,benzene_furan,8.203962493512914e-05
57,1,5,bridge_bond,8.152007715742444e-05
58,1,5,nbsp_b_nbsp_nbsp,8.137766353995421e-05
59,1,5,complex_family,8.1054545904564e-05
60,1,6,mu_atom,8.784540833932187e-05
61,1,6,x_ray_interferometer,8.4901421379863e-05
62,1,6,dislocation_model,8.450175702155111e-05
63,1,6,coli_expression_contaminant,8.34099509334833e-05
64,1,6,monoclinic_system,8.232529926290681e-05
65,1,6,cu_crystallite_consist,8.221165623105782e-05
66,1,6,nanolitre_size_droplet,8.214996382008624e-05
67,1,6,small_angle_neutron_scatter,8.21263472205207e-05
68,1,6,motility_flagellar_assembly_promote,8.147467052889212e-05
69,1,6,canonical_view,8.144020432905593e-05
70,1,7,metal_metal_bond,8.510545483356502e-05
71,1,7,delta_minus,8.396104248018416e-05
72,1,7,methine_c_atom,8.325460781711709e-05
73,1,7,growth_promote_signal_pathway,8.324224370069565e-05
74,1,7,thf_hexane,8.279841059023368e-05
75,1,7,slip_pi_pi,8.237058520890075e-05
76,1,7,electron_single_bunch,8.193804909935655e-05
77,1,7,single_chain,8.183691048994277e-05
78,1,7,bc_plane_supramolecular_layer,8.139264449704689e-05
79,1,7,o_aring_interaction,8.103993564833645e-05
80,1,8,dose_calculation_phenomenon,8.678594199311058e-05
81,1,8,cuprous_chloride,8.593250247849598e-05
82,1,8,thiocyanate_anion,8.473904840708845e-05
83,1,8,catalytic_reaction_mechanism,8.441694087745941e-05
84,1,8,attach_pyridyl_ring,8.358576269265017e-05
85,1,8,n_methylethanolamine,8.32669466446897e-05
86,1,8,acid_molecule,8.308555487432209e-05
87,1,8,equidistant_split,8.266694113769153e-05
88,1,8,low_symmetry_grind_state,8.261953723349474e-05
89,1,8,minimum_gap,8.245230683257058e-05
90,1,9,metal_pincer_complex,8.72974065435461e-05
91,1,9,crystallographic_technique,8.51288415938654e-05
92,1,9,x_x_minus,8.497640461353817e-05
93,1,9,potential_recognition_site,8.47830099210073e-05
94,1,9,conceptually_simple_device,8.419323001486352e-05
95,1,9,dispersion_surface_coordinate,8.304957787419321e-05
96,1,9,symmetry_tetranuclear_complex,8.279272045970794e-05
97,1,9,glutamate_aspartate,8.194908252005107e-05
98,1,9,birk_type_inhibitor,8.184749211122372e-05
99,1,9,soak_dak_structure,8.173503668855001e-05
100,1,10,methanol_recrystallization,8.318024751928498e-05
101,1,10,weak_c_h,8.299282666996594e-05
102,1,10,phthalimide_ring_system,8.293593375156644e-05
103,1,10,area_detector,8.258535942006955e-05
104,1,10,microscopy_image,8.256339610825685e-05
105,1,10,sulfonylation_reaction,8.24950927527577e-05
106,1,10,h_bond,8.236566082348845e-05
107,1,10,pyridine_fragment,8.227262499318922e-05
108,1,10,algebraic_form,8.221773550674126e-05
109,1,10,configuration_inversion,8.194334143734847e-05
110,1,11,smiii_atom_coordinate,8.657745098575295e-05
111,1,11,electron_density_complete_absence,8.575749369463242e-05
112,1,11,refine_unit_cell_dimension,8.321620313035502e-05
113,1,11,outermost_pyrazole_benzene,8.310617802610512e-05
114,1,11,crystallization_phase_diagram,8.203214052787772e-05
115,1,11,human_mitochondrion_deinococcus_radioduran,8.189456285263337e-05
116,1,11,si_frame,8.175923713563916e-05
117,1,11,c_h_plane,8.144363596826625e-05
118,1,11,organic_inorganic_nanocomposite,8.10778735762642e-05
119,1,11,half_reaction,8.096365358316986e-05
120,1,12,effective_electronegativity,8.645542948921642e-05
121,1,12,sheet_s_hydrogen_bond,8.522116024477845e-05
122,1,12,si_o_bond,8.436102855390002e-05
123,1,12,centrosymmetric_ring,8.394623592955923e-05
124,1,12,distance_stack_interplanar,8.2476043333425e-05
125,1,12,strong_twin,8.234780850360969e-05
126,1,12,mean_value,8.167676690488206e-05
127,1,12,plusmn_bth_result,8.152145615516253e-05
128,1,12,state_eoss_equation,8.118815144125057e-05
129,1,12,o_n_h_h,8.104160863760395e-05
130,1,13,acetylsalicylic_acid,8.849154008915985e-05
131,1,13,n_methylpropionamide,8.6504487032926e-05
132,1,13,ferroelectric_phase_distinct_symmetry,8.507480026265275e-05
133,1,13,cell_constant_space_group,8.418054535212439e-05
134,1,13,dak_dha_kinase,8.348151495703777e-05
135,1,13,correspond_derivative,8.326729091443215e-05
136,1,13,high_al_content,8.304475518699216e-05
137,1,13,gecko_bone,8.292280434747589e-05
138,1,13,simple_texture_model,8.156778614282202e-05
139,1,13,thin_metal_foil,8.13982931977426e-05
140,1,14,br_form_membered_ring,8.516973829838247e-05
141,1,14,iriii_atom,8.477886970266795e-05
142,1,14,cylindrical_shape,8.471007330886418e-05
143,1,14,extend_conformer,8.241621733390962e-05
144,1,14,high_solubility,8.225090349093079e-05
145,1,14,single_native_crystal,8.199680053020258e-05
146,1,14,trigonal_antiprism_unit,8.158972884760855e-05
147,1,14,projection_cut,8.150218266273729e-05
148,1,14,f_electron_withdraw_group,8.137796884700275e-05
149,1,14,sulfur_atom,8.1336417001705e-05
150,1,15,dna_bind_domain_complex,8.694811780349941e-05
151,1,15,unfold_procedure_profile_fit,8.337571867264567e-05
152,1,15,adjacent_molecule,8.30809412616191e-05
153,1,15,schiff_base_dianion,8.289229107967124e-05
154,1,15,benzene_ring,8.175117423969695e-05
155,1,15,h_o_n,8.157522890121624e-05
156,1,15,bacterial_cytochrome_crystal_structure,8.134425114236863e-05
157,1,15,cp_ring,8.120094114132042e-05
158,1,15,spine_sample,8.11556939167323e-05
159,1,15,n_torsion,8.082074561275883e-05
160,1,16,complex_part,8.607910497454341e-05
161,1,16,flash_cool_protein_crystal,8.479717619587082e-05
162,1,16,t_n_nc_net,8.463672768978506e-05
163,1,16,large_block_copolymer_micelle,8.428330555898273e-05
164,1,16,d_aring_lambda_line,8.41477313096264e-05
165,1,16,s_incident_beam_antiparallel,8.3979673490509e-05
166,1,16,stable_structure,8.385884817255024e-05
167,1,16,dcds_double_crystal_diffractometer,8.304667355150368e-05
168,1,16,trigonal_region,8.244415401199122e-05
169,1,16,average_double_bond,8.235865601143226e-05
170,1,17,basic_feature,8.791987137478435e-05
171,1,17,sulfonyl_benzene,8.474705777840372e-05
172,1,17,dna_hydroxymethylation,8.417213184695336e-05
173,1,17,axial_position,8.39712036644136e-05
174,1,17,aring_sn_c,8.365757375289967e-05
175,1,17,behaviour_shape,8.310062336037745e-05
176,1,17,flatten_cone_conformation,8.248290478921413e-05
177,1,17,anthracene_benzene,8.241958531580305e-05
178,1,17,scatter_pattern,8.241536352191739e-05
179,1,17,ligand_hydrogen,8.213922843602999e-05
180,1,18,carbonyl_hydroxy_group,8.529594552989547e-05
181,1,18,structural_relationship,8.4093314879028e-05
182,1,18,fluorite_superstructure,8.333252440989482e-05
183,1,18,pd_p,8.266577345990793e-05
184,1,18,magnetic_structural_property,8.262666730082479e-05
185,1,18,chemistry_geometry_role,8.241137690275226e-05
186,1,18,simple_mixture,8.232468893721836e-05
187,1,18,present_aurescen,8.13267621483106e-05
188,1,18,o_h_pair,8.130177195561975e-05
189,1,18,experimental_hutch,8.098177461510612e-05
190,1,19,glucose_isomerase_structure,9.265374773704341e-05
191,1,19,orientation_cloud_mean_orientation,8.718092247086745e-05
192,1,19,solution_lipid_interface_conformation,8.55588331737243e-05
193,1,19,assay_vivo_activity,8.527678459094256e-05
194,1,19,crystal_stabilization,8.526646022797505e-05
195,1,19,bragg_case_beam_diffraction,8.47811615000696e-05
196,1,19,apical_water_molecule,8.443507974635633e-05
197,1,19,alpha_alpha_alpha_alpha,8.290163757304977e-05
198,1,19,ac_plane_parallel,8.265647716183461e-05
199,1,19,know_require_transferase,8.245445647656277e-05
0,2,0,atomic_vibration,8.224588632326993e-05
1,2,0,new_domain_interface_structure,8.116336091550118e-05
2,2,0,adpm_azadipyrromethene_fac_arrangement,8.113482424272679e-05
3,2,0,n_heterocyclic_carbene_ligand,8.10819276849079e-05
4,2,0,positron_converter_moderator_assembly,8.096478808263976e-05
5,2,0,japan_tokai_research_reactor,8.049059411163436e-05
6,2,0,n_h_group_form,8.020691429664576e-05
7,2,0,component_analysis,8.017878451942412e-05
8,2,0,straight_line,7.960632749089722e-05
9,2,0,different_level,7.945999057552701e-05
10,2,1,x_ray_crystallography_experiment,8.265761269310332e-05
11,2,1,three_v,8.251183739401726e-05
12,2,1,l_minus,8.150761992323006e-05
13,2,1,phenyl_ring_plane,8.012818500741256e-05
14,2,1,tricyclic_tertiary_alcohol,7.999323568309909e-05
15,2,1,slightly_deviate,7.992054056687618e-05
16,2,1,ligand_carboxylate_amino_group,7.991171583550403e-05
17,2,1,range_distance,7.975515649561662e-05
18,2,1,x_as_p,7.924074813685514e-05
19,2,1,correspond_scheme,7.923497701320303e-05
20,2,2,subtle_question,8.34798530406237e-05
21,2,2,dimeric_tim_tetramerization_hindrance,8.176824244924697e-05
22,2,2,er_atom,8.014518521358813e-05
23,2,2,benefit_practice,8.006813874294856e-05
24,2,2,such_distortion,7.98589107394799e-05
25,2,2,material_catalysis,7.982496670265452e-05
26,2,2,physically_reasonable_shift,7.960975040496906e-05
27,2,2,large_anisotropic_displacement_perpendicular,7.933651608734018e-05
28,2,2,age_relate_bone_growth,7.924925406469592e-05
29,2,2,date_know_conversion,7.894910217373088e-05
30,2,3,etoh_result,8.639969533000454e-05
31,2,3,approximately_aring_contact_pi,8.555987099803731e-05
32,2,3,pyrene_plane,8.420853020574325e-05
33,2,3,coordinate_n_atom,8.337237475222455e-05
34,2,3,dimensional_anionic_framework,8.245941361876594e-05
35,2,3,strong_intermolecular_o_h,8.157687603785e-05
36,2,3,adjacent_carbonyl,8.145922284581058e-05
37,2,3,automatic_diffractometer,8.131779413018936e-05
38,2,3,disorder_loop,8.053959136691892e-05
39,2,3,c_axis_hydrogen_bond,8.014797682215115e-05
40,2,4,ti_k_a_edge,8.194505298800511e-05
41,2,4,crystallographic_datum_transformation,8.163781448778207e-05
42,2,4,tungsten_atom_octahedral_arrangement,8.112314746973991e-05
43,2,4,future_implementation,8.101748996655886e-05
44,2,4,niobium_chromium_pentasulfide,8.010704025872589e-05
45,2,4,simple_sign_relationship_study,8.004422325837694e-05
46,2,4,bind_pocket,8.0016320076659e-05
47,2,4,hello_re,7.9721861343761e-05
48,2,4,post_refinement_know_procedure,7.970310373621574e-05
49,2,4,deg_p_pd_cl,7.935413126600269e-05
50,2,5,middot_minus_middot_minus,8.242400763378925e-05
51,2,5,pumilus_acetylxylan,8.12885322002182e-05
52,2,5,moon_amp,7.953712883513869e-05
53,2,5,dimensional_supramolecular_net,7.942522143403377e-05
54,2,5,scatter_spectroscopy,7.915703440672374e-05
55,2,5,hdak_card,7.897552165045628e-05
56,2,5,diffraction_geometry_fringe_eacute,7.877544128479252e-05
57,2,5,array_detector,7.875089321244078e-05
58,2,5,flavivirus_protein,7.869623803485087e-05
59,2,5,vapor_phase,7.847293088822653e-05
