,run,topic,terms,p
8.666987241663358e-05
1,1,0,complex_sheet,8.656354566181035e-05
2,1,0,chiral_chain,8.565164929144793e-05
3,1,0,saicar_synthase_complex,8.383530631046141e-05
4,1,0,start_material_chirality,8.307016440793653e-05
5,1,0,b_a_molecule,8.304899357257097e-05
6,1,0,inversion_centre_correlate_layer,8.278315108201396e-05
7,1,0,diffraction_intensity_distribution,8.253451731518938e-05
8,1,0,composition_cell,8.24446768084104e-05
9,1,0,central_benzene_ring_deg,8.220001747158415e-05
10,1,1,minus_adci_anion,8.580330413847029e-05
11,1,1,crystal_collection,8.54622832207983e-05
12,1,1,negative_work_function,8.472939131474263e-05
13,1,1,protein_molecule_cavity,8.395520697228274e-05
14,1,1,carboxylate_amino,8.364107797994117e-05
15,1,1,zn_o_bond_distance,8.259661959236166e-05
16,1,1,pyrrole_nh_group,8.23796891823169e-05
17,1,1,adjacent_site,8.185764031378325e-05
18,1,1,x_ray_emission_spectroscopy,8.18007034858953e-05
19,1,1,local_disorder,8.17470850493093e-05
20,1,2,bind_transition_state_analogue,8.872960060287109e-05
21,1,2,thermal_acoustic_contribution,8.702752464079983e-05
22,1,2,significant_difference_bi,8.543404525847387e-05
23,1,2,isoxazole_ring,8.457840784998312e-05
24,1,2,laser_host,8.419766140024239e-05
25,1,2,o_h_parallel,8.401189503954948e-05
26,1,2,platinum_analogue,8.356688600669422e-05
27,1,2,scatter_enhance_image_diffraction,8.344555963418178e-05
28,1,2,domain_pair,8.342715537555251e-05
29,1,2,moir_eacute_pattern,8.276680299012743e-05
30,1,3,octahedral_configuration,8.877638778289639e-05
31,1,3,carboxylate_anion,8.528698783649949e-05
32,1,3,di_n_butylamine_equivalent,8.519313029122473e-05
33,1,3,hpmt_middot_middot,8.442425466173578e-05
34,1,3,spiro_pyran_ring,8.306327460483693e-05
35,1,3,alkaliphilic_bacillus_sp_mannanase,8.243696875255702e-05
36,1,3,fac_adpm_complex,8.228501037139981e-05
37,1,3,low_symmetry,8.19203359079456e-05
38,1,3,diffraction_condition,8.176274957488478e-05
39,1,3,waals_one,8.15641761343462e-05
40,1,4,current_protocol,8.522088180261029e-05
41,1,4,membered_heterocycle,8.423374445487439e-05
42,1,4,high_temperature_beta,8.379198684091255e-05
43,1,4,osx_regulation_network,8.357140417881466e-05
44,1,4,range_reflection,8.298861657307776e-05
45,1,4,relatively_strong_o_h,8.257280838236114e-05
46,1,4,theoretical_calculation,8.255896679002814e-05
47,1,4,boron_heterocycle,8.25353605954546e-05
48,1,4,ring_form,8.234666666341071e-05
49,1,4,macrocyclic_cation,8.214971775890124e-05
50,1,5,x_ray_spectrometer,8.749641616531894e-05
51,1,5,highly_focus_neutron_beam,8.636750328533045e-05
52,1,5,sample_standard_bragg_angle,8.544486081986739e-05
53,1,5,newly_create_stereogenic_centre,8.528795277096619e-05
54,1,5,type_iii_polyketide_synthase,8.478509023040916e-05
55,1,5,load_path,8.454676962039211e-05
56,1,5,pyridyl_ring,8.373891803739008e-05
57,1,5,c_c_bond_length,8.355144288308611e-05
58,1,5,acetate_ligand,8.351290176515088e-05
59,1,5,mo_alloy_particle,8.244141670366404e-05
60,1,6,molecule_triclinic_unit_cell,8.390095537031305e-05
61,1,6,domain_potential_application,8.38970796948432e-05
62,1,6,ligand_unsubstituted_pyrazole_ring,8.35961990620464e-05
63,1,6,benzene_pyridine_ring,8.286539460149471e-05
64,1,6,weak_c_h_donor,8.268478767668403e-05
65,1,6,main_group_silyl,8.197185320338445e-05
66,1,6,celd_cellulase_dockerin_module,8.178497771512569e-05
67,1,6,model_uniqueness,8.157381485924882e-05
68,1,6,previous_structure_resolution_increase,8.150724610019528e-05
69,1,6,neighboring_molecule,8.13302420112382e-05
70,1,7,backbone_conformation,8.938821924648034e-05
71,1,7,observe_profile,8.914713941720196e-05
72,1,7,important_n_heterocyclic_ligand,8.480389388128691e-05
73,1,7,carbonyl_o_atom,8.383796247858661e-05
74,1,7,l_domain,8.361814131240335e-05
75,1,7,deglycosylat_glycosylat_protein,8.319501770599103e-05
76,1,7,asymmetric_unit_atomic_composition,8.196807396500862e-05
77,1,7,novo_biosynthesis,8.18494980015453e-05
78,1,7,ceramic_oxide_material,8.18217058993599e-05
79,1,7,finite_order,8.181878832112079e-05
80,1,8,guini_plot,8.404507054177847e-05
81,1,8,bind_protein,8.324945627069577e-05
82,1,8,respiratory_syncytial_virus_nucleocapsid,8.273349679960938e-05
83,1,8,homodimeric_kda_pyruvate_structure,8.261258277923856e-05
84,1,8,br_weak_interaction,8.24941349139807e-05
85,1,8,nano_microcrystal,8.166804700589274e-05
86,1,8,x_ray_diffractometer,8.129906017274154e-05
87,1,8,subsequent_dedicate_source,8.12241725881208e-05
88,1,8,bond_angle_in_p,8.103258019862365e-05
89,1,8,wavefield_excitation_state,8.079393535033181e-05
90,1,9,dabt_ligand,9.16992069606842e-05
91,1,9,macrocyclic_boronic_ester,8.742553877933243e-05
92,1,9,dimensional_network_structure_formation,8.597636760939485e-05
93,1,9,structurally_characterize_archaeal_tim,8.467271311635059e-05
94,1,9,similar_aberration,8.445421757047185e-05
95,1,9,fast_datum_collection,8.41656580541962e-05
96,1,9,ribbon_motif,8.361641929951668e-05
97,1,9,neutron_diffractometer_crystal_analyzer,8.34549383897374e-05
98,1,9,forbid_etc_type_reflection,8.344682456585749e-05
99,1,9,hexafluoridophosphate_anion,8.336594595002458e-05
100,1,10,mu_acid,8.522949947866396e-05
101,1,10,plus_photoelectric_absorption,8.426743630125843e-05
102,1,10,molecule_cis_conformation,8.358036439912165e-05
103,1,10,single_nanotube_electron_diffraction,8.304200940341156e-05
104,1,10,bulk_copper,8.298990384438096e-05
105,1,10,site_occupancy,8.276312992711264e-05
106,1,10,evidence_forensic_analysis,8.223334658664783e-05
107,1,10,dirac_slater,8.214382987474494e-05
108,1,10,extracellular_c_terminus,8.190966464501901e-05
109,1,10,typical_selenomethionine_protein_crystal,8.165716323272041e-05
110,1,11,protein_therapy_attractive_candidate,8.651705061015798e-05
111,1,11,o_h_chain,8.534399484331305e-05
112,1,11,inorganic_phosphate_source,8.359661585876789e-05
113,1,11,dna_hydroxymethylation,8.295324335285343e-05
114,1,11,single_powder_crystal,8.261387356989602e-05
115,1,11,diffraction_quality_crystal_form,8.255172503113003e-05
116,1,11,x_ray_powder,8.254672548164136e-05
117,1,11,pure_silica_analogue,8.246423657975515e-05
118,1,11,phage_numb,8.215963539913878e-05
119,1,11,diimino_group,8.207068300612668e-05
120,1,12,comparable_arrangement,8.666383954480648e-05
121,1,12,impinge_radiation_power_density,8.559763196951284e-05
122,1,12,program_suite_crystfel,8.466359627536858e-05
123,1,12,pdb_archive_remediation,8.42350263744513e-05
124,1,12,cellular_signal,8.397503126409913e-05
125,1,12,stereochemical_restraint,8.376014491553886e-05
126,1,12,herbicide_antimicrobial_drug,8.280578802605368e-05
127,1,12,cuii_square_pyramidal_coordination,8.228847717126247e-05
128,1,12,planarity_slightly_deviate,8.224556311247937e-05
129,1,12,neutral_network,8.206511237855982e-05
130,1,13,chemotherapeutic_design_technique,8.552160960932305e-05
131,1,13,diffraction_analysis,8.42365042511566e-05
132,1,13,intramolecular_intermolecular_o_h,8.297111608401991e-05
133,1,13,sm_content,8.279274510529038e-05
134,1,13,oligomeric_saccharide_structure,8.277724375707047e-05
135,1,13,water_intermolecular_interaction,8.267235826223852e-05
136,1,13,dimethylphenyl_ring_plane,8.259654813061545e-05
137,1,13,cryocooled_macromolecular_crystal,8.197190020820914e-05
138,1,13,polyalanine_model,8.186785297387741e-05
139,1,13,scaffold_contain_deposit_existence,8.17970550838855e-05
140,1,14,h_pi,8.710928490302842e-05
141,1,14,arene_pi,8.344939635901407e-05
142,1,14,triplet_phase,8.315605557536716e-05
143,1,14,phosphane_ligand,8.295419033511086e-05
144,1,14,beam_x_ray_diffraction,8.259488007616788e-05
145,1,14,minus_time,8.257010227658414e-05
146,1,14,molecule_a,8.205107640682289e-05
147,1,14,s_site_determination,8.186353248451812e-05
148,1,14,quinone_pqq_cofactor_ring,8.142992891908696e-05
149,1,14,pap_polymerase,8.139706739063473e-05
150,1,15,different_metal_substitute_form,9.035377257380271e-05
151,1,15,flack_parameter_resonant_scatter,8.713192374370435e-05
152,1,15,model_build_software,8.703047559503723e-05
153,1,15,protocatechuate_form_dehydration,8.625676113196232e-05
154,1,15,au_atom,8.622369036134123e-05
155,1,15,increase_sm_content,8.478142065229717e-05
156,1,15,diffractometer_control,8.474447016061178e-05
157,1,15,oxetane_ring_respect,8.351291001466796e-05
158,1,15,calcium_accumulation_autonomous_zone,8.348060603822078e-05
159,1,15,scroll_nanotube,8.33800009075963e-05
160,1,16,deformation_process,8.758908961041324e-05
161,1,16,controversy_subject,8.617874967653338e-05
162,1,16,two_bridge_acetate_ligand,8.3676588447562e-05
163,1,16,acorn_structure_solution_fragment,8.332827342851739e-05
164,1,16,basic_concept,8.31400073151761e-05
165,1,16,automatic_diffractometer,8.293716998018308e-05
166,1,16,short_separation,8.268308563811056e-05
167,1,16,academic_course,8.261060414507724e-05
168,1,16,disorder_h_atom,8.260494609172624e-05
169,1,16,approximate_requirement,8.258786395147037e-05
170,1,17,h_centroid_distance,8.805165458167635e-05
171,1,17,holmium_ion,8.357495789303353e-05
172,1,17,pack_difference,8.333544106715959e-05
173,1,17,glu_mdap_l_gamma,8.29313916634086e-05
174,1,17,middot_beta_acetate_monohydrate,8.280238564956095e-05
175,1,17,structural_model,8.274656157823748e-05
176,1,17,water_molecule_hydroxy_group,8.237219973496243e-05
177,1,17,complex_scn_unit,8.218036159823562e-05
178,1,17,structural_information,8.181725612153198e-05
179,1,17,dimensional_nanocrystal,8.169869066773229e-05
180,1,18,bpap_construct,9.045409442864986e-05
181,1,18,molecule_presence,8.449456441532926e-05
182,1,18,x_ray_diffraction_analysis,8.434407807977759e-05
183,1,18,tin_indium,8.378276372604014e-05
184,1,18,extend_dimensional_layer,8.369121843173111e-05
185,1,18,derivative_selenomethionyl,8.268391345828038e-05
186,1,18,large_substrate,8.254168175189446e-05
187,1,18,carboxylate_c_atom,8.231140413508798e-05
188,1,18,crystal_chemical_reaction,8.20559853809608e-05
189,1,18,cylindrical_pore,8.188232214572634e-05
190,1,19,protonated_water_molecule,8.814158932850258e-05
191,1,19,vapour_liquid_solid_method,8.355163300917116e-05
192,1,19,monomeric_ngal_crystal,8.243268019033499e-05
193,1,19,carboxylic_acid_dimer,8.240392636327964e-05
194,1,19,group_hydrogen_bond,8.220604079850272e-05
195,1,19,water_acetate,8.215290184218113e-05
196,1,19,heptane_chain_end,8.214747159880505e-05
197,1,19,x_ray_diffraction_fringe,8.208854796420392e-05
198,1,19,bessel_transform,8.196388340571199e-05
199,1,19,od_h,8.186394878564789e-05
200,1,20,complex_binuclear,9.213547429464838e-05
201,1,20,projection_plot,8.809659905304773e-05
202,1,20,crystal_structure_analysis,8.673926042533749e-05
203,1,20,perpendicular_layer,8.487318718020134e-05
204,1,20,binase_molecule,8.440799142102875e-05
205,1,20,herringbone_like_pack,8.344656953606736e-05
206,1,20,if_g,8.342259489994326e-05
207,1,20,difference_fourier_map,8.33338172463491e-05
208,1,20,anionic_ribbon,8.331855100308126e-05
209,1,20,layerparallel_yield_oxalate_ion,8.318153203913355e-05
210,1,21,dimethyl_sulfoxide_dmso_reaction,8.87913592715166e-05
211,1,21,raman_unit,8.630393473937404e-05
212,1,21,short_cd,8.551240658827401e-05
213,1,21,atomic_scatter_calculation,8.545966488743272e-05
214,1,21,aring_molecule,8.482155071052127e-05
215,1,21,molecule_square_plane,8.464838727314376e-05
216,1,21,sulfonyl_benzene_ring,8.464388611373401e-05
217,1,21,model_interpretation_build,8.463608355284579e-05
218,1,21,edge_dislocation,8.367679415041618e-05
219,1,21,fluid_ensemble,8.320778168564124e-05
220,1,22,structural_change,8.850598449572102e-05
221,1,22,central_zriv_ion,8.637392067243843e-05
222,1,22,method_basic_concept,8.623109006913078e-05
223,1,22,reaction_induce_self_assembly,8.564948640104495e-05
224,1,22,thermal_expansion_experiment,8.507247866017415e-05
225,1,22,prolyl_isomerization,8.499483066866469e-05
226,1,22,air_ray,8.478935046842235e-05
227,1,22,molecular_structure,8.39504979684854e-05
228,1,22,fluorophenyl_ring,8.363491474712057e-05
229,1,22,axial_position_ligand,8.35580264837028e-05
230,1,23,ring_interaction,8.588358036875699e-05
231,1,23,beam_dynamic,8.492230642883972e-05
232,1,23,x_ray_wavelength,8.490659082055042e-05
233,1,23,zn_cl_plane,8.479160439759941e-05
234,1,23,inhibitor_covalent_adduct,8.437684353040932e-05
235,1,23,tautomeric_equilibrium,8.430498857476755e-05
236,1,23,boat_chair,8.334201483780492e-05
237,1,23,keto_group,8.324711864826786e-05
238,1,23,point_symbol_uninodal_net,8.276584740602478e-05
239,1,23,essentially_planar_mean_deviation,8.262460799912258e-05
240,1,24,diffraction_datum_collection,8.582435453227647e-05
241,1,24,minus_study_composition,8.479328453289764e-05
242,1,24,ni_atom,8.453427830941208e-05
243,1,24,molecular_mean_field_model,8.422461329705677e-05
244,1,24,cl_bond,8.3990516088375e-05
245,1,24,open_phenomenon_problem,8.347819259588054e-05
246,1,24,ex_situ_sample,8.340361811828693e-05
247,1,24,solvent_molecule,8.296976196526138e-05
248,1,24,taxoltm_paclitaxel,8.146582212186725e-05
249,1,24,ghisletta_amp,8.112883814715808e-05
250,1,25,x_minus,8.753101521688525e-05
251,1,25,gas_liquid,8.617413272223044e-05
252,1,25,focus_effect,8.33872906830965e-05
253,1,25,mathematical_formulation,8.292093312389529e-05
254,1,25,diprotonat_cation,8.27971884576365e-05
255,1,25,elastic_displacement_mode,8.276417151073958e-05
256,1,25,overlap_arrangement,8.247565404713127e-05
257,1,25,dimesional_supramolecular_architecture,8.190893523068829e-05
258,1,25,method_use,8.189287826609111e-05
259,1,25,separate_step,8.176771049423095e-05
260,1,26,growth_regulation,8.850424596202139e-05
261,1,26,refine_unit_cell_dimension,8.619878891399461e-05
262,1,26,texturized_polycrystal,8.553746755777646e-05
263,1,26,phase_transition_absence,8.544481470778122e-05
264,1,26,valency_requirement,8.538721421898859e-05
265,1,26,beam_orientation,8.49220331144024e-05
266,1,26,free_binase,8.384800823323621e-05
267,1,26,cadmium_ion,8.38392041173969e-05
268,1,26,l_arginine,8.346561232694487e-05
269,1,26,bromide_crystal_structure,8.309310931077705e-05
270,1,27,x_ray_beam_path,8.600187842922928e-05
271,1,27,b_aring_c,8.465900030896451e-05
272,1,27,zn_atom_coordination_geometry,8.408197063134048e-05
273,1,27,c_h_perchlorate_anion,8.389057363476681e-05
274,1,27,middot_middot_minus,8.327147029836473e-05
275,1,27,powder_diffractometer,8.319004209551447e-05
276,1,27,expect_characteristic,8.298599696205393e-05
277,1,27,intramolecular_n,8.268975367311222e-05
278,1,27,speciman_surface_axis,8.2473283345939e-05
279,1,27,cubic_silicon,8.24129842891563e-05
280,1,28,chemical_specie,8.781585520392314e-05
281,1,28,calcite_bassanite_gypsum,8.771500259817466e-05
282,1,28,elongate_octahedral_coordination_environment,8.601458123554482e-05
283,1,28,systematic_formic_acid,8.458437896065192e-05
284,1,28,cl_anion,8.449624640860513e-05
285,1,28,adsc_quantum_ccd_detector,8.377319996593099e-05
286,1,28,absorption_energy_low_energy,8.373250512508524e-05
287,1,28,se_bond,8.297636978282442e-05
288,1,28,aryl_group,8.270236368771546e-05
289,1,28,e_minus,8.237260929876882e-05
290,1,29,single_nanotube,8.9661820891443e-05
291,1,29,diamond_anvil_cell,8.725297735685206e-05
292,1,29,intermolecular_contact,8.597442082942473e-05
293,1,29,distinct_pyridyltetrazolate_anion,8.565863151099912e-05
294,1,29,polymeric_chain_zn_atom,8.432284565734338e-05
295,1,29,molecular_electron_density,8.411569867093596e-05
296,1,29,electrode_material,8.354786880056311e-05
297,1,29,diffractometry_example,8.320723628588435e-05
298,1,29,t_magnetic_field,8.316621314303883e-05
299,1,29,electron_acceptor_cytochrome,8.303958498935117e-05
300,1,30,hmtpo_acidic_h_atom,8.717003629140815e-05
301,1,30,sn_atom_geometry,8.649494460050704e-05
302,1,30,previous_result,8.567801327095596e-05
303,1,30,call_pole_figure,8.398920506111719e-05
304,1,30,nitrogen_oxygen,8.396955748167173e-05
305,1,30,condense_anion,8.340445590791887e-05
306,1,30,rotation_centre,8.329823239127898e-05
307,1,30,mix_metal,8.248709545487642e-05
308,1,30,additional_measurement,8.237879340439751e-05
309,1,30,atp_bind_protein,8.236398439242369e-05
310,1,31,rational_common_zone,8.909915961783476e-05
311,1,31,fluorite_relate_material,8.699613928624103e-05
312,1,31,cubic_langbeinite_type_structure,8.481979081523513e-05
313,1,31,component_adduct,8.399117074689121e-05
314,1,31,pi_intermolecular_hydrogen_bond,8.373395176402827e-05
315,1,31,effective_pipe_transport,8.342122394263661e-05
316,1,31,carbonyl_c_o,8.300282731606168e-05
317,1,31,mhz_resonant_frequency,8.260892907723793e-05
318,1,31,neutron_scatter_instrument,8.234443857647202e-05
319,1,31,lone_pair,8.231969654216426e-05
320,1,32,mdh_methanol_dehydrogenase,8.600068889768653e-05
321,1,32,oxysulfide_oxyhalide,8.402472954216815e-05
322,1,32,bragg_spot_shape,8.387137136403056e-05
323,1,32,fascinate_unique_property,8.314573717171215e-05
324,1,32,non_crystallographic_symmetry_constraint,8.303197368653756e-05
325,1,32,bridge_dication,8.279841010795538e-05
326,1,32,high_symmetry_state_evolve,8.266560630656224e-05
327,1,32,x_ray_datum,8.25747133806539e-05
328,1,32,chlorophenyl_ring_dihedral_angle,8.248557661386295e-05
329,1,32,infinite_chain,8.220596253942843e-05
330,1,33,ring_attach_hydroxy_group,8.447888629100332e-05
331,1,33,n_c_bond_length,8.397459379228011e-05
332,1,33,racemic_cation,8.351880437078852e-05
333,1,33,nominal_value,8.313673460874921e-05
334,1,33,trans_configuration,8.282603424487215e-05
335,1,33,dimethyl_sulfoxide_dmso_reaction,8.25583764645533e-05
336,1,33,methyl_acetate,8.194302676660365e-05
337,1,33,nickel_divalent_iron_distribution,8.184329758366899e-05
338,1,33,asymmetrical_symmetrical_reflection,8.169053657137128e-05
339,1,33,network_structure,8.130548783253231e-05
340,1,34,perchlorate_salt,8.683318474102673e-05
341,1,34,si_phasis,8.672996513812398e-05
342,1,34,anionic_ribbon,8.492663343811777e-05
343,1,34,twin_component,8.472170753947604e-05
344,1,34,peak_asymmetry_function,8.469532170420337e-05
345,1,34,s_prime_minus_structure,8.358841888771283e-05
346,1,34,extensive_weak_pi,8.353583840967053e-05
347,1,34,oxazoline_ring,8.32761649000874e-05
348,1,34,pre_process_method,8.30485849545168e-05
349,1,34,screen_precession_photograph,8.282319975083851e-05
350,1,35,trigonal_antiprism,8.585663351340189e-05
351,1,35,x_ray_reflectivity,8.573789919486009e-05
352,1,35,comprehensive_characterization,8.488541744993535e-05
353,1,35,lang_projection_topograph,8.388708811975754e-05
354,1,35,theoretical_community,8.328860946630478e-05
355,1,35,anthracene_square_plane,8.299859282098636e-05
356,1,35,phase_rotation,8.293602323668693e-05
357,1,35,amine_carboxyl,8.288483913402465e-05
358,1,35,plane_wave_incident_condition,8.246184178833767e-05
359,1,35,tran_angle,8.216909428580523e-05
360,1,36,methanol_water_solvent_molecule,8.617765037932604e-05
361,1,36,perchlorate_salt,8.552417764552327e-05
362,1,36,n_terminal_d,8.5147453758207e-05
363,1,36,nonaaquapraseodymium_adduct,8.430851830720913e-05
364,1,36,standard_deviation_range,8.418174303767581e-05
365,1,36,o_minus_torsion_angle,8.370773411534543e-05
366,1,36,acetolactate_decarboxylase,8.293694182636356e-05
367,1,36,phosphonate_sulfonylhydrazone,8.28324394075957e-05
368,1,36,cs_solution_aring_length,8.262050625117869e-05
369,1,36,nucleotide_contain_protein,8.240914770186107e-05
370,1,37,active_phasis,8.8381710126146e-05
371,1,37,two_family,8.553067267691794e-05
372,1,37,l_edge,8.545144968591637e-05
373,1,37,b_long_axis,8.543737009792353e-05
374,1,37,fock_approximation,8.536042523130085e-05
375,1,37,transmission_electron_microscopy,8.491386148320028e-05
376,1,37,gravitational_influence_independent_indicator,8.487397344796793e-05
377,1,37,isomorphous_replacement_replacement_atom,8.434826404222522e-05
378,1,37,diamond_crystal,8.426827004619175e-05
379,1,37,butyl_chain,8.425758185053239e-05
380,1,38,linear_size_parameter,9.031148810488357e-05
381,1,38,ptp_prime_prime_prime,8.853249136812442e-05
382,1,38,fatty_acid_large_family,8.564277585119861e-05
383,1,38,u_shape,8.553127068632805e-05
384,1,38,d_ring,8.469043191175318e-05
385,1,38,interest_sample_scatter_ray,8.460418877295744e-05
386,1,38,inh_coordinate,8.437589881038855e-05
387,1,38,expect_proton_transfer,8.373853016427583e-05
388,1,38,load_path,8.336377971557289e-05
389,1,38,abundant_case,8.324180254897908e-05
390,1,39,new_instrument,8.389044519251265e-05
391,1,39,poly_coordination_polymer,8.384657304790806e-05
392,1,39,scatter_radiation,8.348471686453705e-05
393,1,39,inversion_center,8.340872920228311e-05
394,1,39,start_picric_acid,8.332512100975252e-05
395,1,39,analysis_accuracy,8.325379552035532e-05
396,1,39,phosphorus_homolog,8.259775592552557e-05
397,1,39,ptprq_catalytic_domain,8.21442842856352e-05
398,1,39,scientific_highlight,8.16670902114932e-05
399,1,39,combination_probability,8.166058309951943e-05
400,1,40,mer_configuration,8.684145400122369e-05
401,1,40,inorganic_perpendicular_layer,8.461246223418209e-05
402,1,40,ligand_bind_region,8.443613935373263e-05
403,1,40,zinc_ion_bridge,8.391117879899439e-05
404,1,40,biological_significance,8.359189485453291e-05
405,1,40,yael_cleavage_efficiency,8.341719465740756e-05
406,1,40,percentage_hexagonality,8.310713052272044e-05
407,1,40,in_asymmetric_unit_molecule,8.305045059244464e-05
408,1,40,vatd_fob_complex_crystal,8.267356004960642e-05
409,1,40,thermophilic_cyanobacterium_thermosynechococcus_elongatus,8.22697486838401e-05
410,1,41,anionic_cationic_layer_alternation,8.777154537588246e-05
411,1,41,chelate_plane,8.556652167185558e-05
412,1,41,vdf_trfe_copolymer,8.470093615192421e-05
413,1,41,thermogravimetric_analysis,8.456811168434877e-05
414,1,41,pulp_mill,8.42526325191139e-05
415,1,41,nbsp_deg,8.40797986633254e-05
416,1,41,model_crystal_structure,8.353097450209844e-05
417,1,41,square_planar_coordination_ion,8.351099919786923e-05
418,1,41,low_temperature_powder_diffraction,8.3034738428515e-05
419,1,41,n_h_atom,8.194401787377467e-05
420,1,42,p_atom_effective_electronegativity,8.471403843775522e-05
421,1,42,nicotine_ligand,8.425504171620343e-05
422,1,42,exist_phase_method,8.405162372601329e-05
423,1,42,different_condition_consist_screen,8.320843461240683e-05
424,1,42,neutron_scatter_curve,8.260354946217275e-05
425,1,42,solvent_polymer,8.249908968470753e-05
426,1,42,lt_divergence_instrument,8.146708681766559e-05
427,1,42,theta_e,8.140518916105363e-05
428,1,42,ethylene_glycolate,8.133355933117337e-05
429,1,42,plant_pathogenic_bacterium,8.123704852152195e-05
430,1,43,apical_site_l_ligand,8.902495809313396e-05
431,1,43,current_program,8.723923919406723e-05
432,1,43,vv_atom,8.312546304052445e-05
433,1,43,tin_indium_cadmium,8.293539176734016e-05
434,1,43,alter_fluctuation,8.256101188339581e-05
435,1,43,structural_distortion,8.24289504541063e-05
436,1,43,tetrazole_ion,8.241118077915958e-05
437,1,43,exist_model_build_software,8.218315684848419e-05
438,1,43,remain_phenolic_o_atom,8.216212783207547e-05
439,1,43,alpha_decomposition_oxidation,8.215671345648685e-05
440,1,44,flat_cell,8.327221914439471e-05
441,1,44,acceptor_property,8.255669318780235e-05
442,1,44,nonclassical_hydrogen_bond,8.230353978685263e-05
443,1,44,protein_domain,8.22175082280742e-05
444,1,44,cylinder_dimension,8.159742569498471e-05
445,1,44,ligand_bind_domain,8.13818819251507e-05
446,1,44,prime_prime_prime,8.11041208183996e-05
447,1,44,phase_procedure,8.09267242150287e-05
448,1,44,anomalous_scatter_term,8.090237581154129e-05
449,1,44,outstanding_feature,8.087373119636879e-05
450,1,45,bipyramidal_environment,9.063235937312322e-05
451,1,45,liquid_nitrogen_temperature,8.789976970820507e-05
452,1,45,triazole_crystal_structure,8.578296985336017e-05
453,1,45,crystallization_phase,8.552860973690906e-05
454,1,45,crystal_reflection,8.362056221340784e-05
455,1,45,close_region,8.341789363203979e-05
456,1,45,single_rock_curve,8.332187474748104e-05
457,1,45,exact_solution,8.315732451098165e-05
458,1,45,k_mm,8.314034023049834e-05
459,1,45,deglycosylated_protein_crystal,8.282546083980427e-05
460,1,46,accuracy_variable_length,8.734236613383254e-05
461,1,46,sub_pixel,8.67125263636032e-05
462,1,46,datum_analysis_graphic,8.6122469547263e-05
463,1,46,crystallize_structure_comparison,8.566472594247364e-05
464,1,46,opt_little_value,8.406992106116437e-05
465,1,46,oxygen_transport_metalloprotein,8.372244181818571e-05
466,1,46,high_valent,8.318681383556833e-05
467,1,46,operate_pattern,8.271091354766659e-05
468,1,46,asymmetric_unit_trimer,8.227636632537018e-05
469,1,46,water_hydroxyl,8.216005180101663e-05
470,1,47,magnetic_measurement,8.770563508355035e-05
471,1,47,lot_method,8.460146227165874e-05
472,1,47,s_atom_o_atom,8.433683638278753e-05
473,1,47,zwitter_ion,8.415988754218165e-05
474,1,47,structure_herringbone_like_pack,8.384518967560966e-05
475,1,47,real_datum_refinement_phase,8.353188955673993e-05
476,1,47,increase_interest,8.275050832579056e-05
477,1,47,cis_bis,8.238339777369297e-05
478,1,47,cis_coordinate_water_molecule,8.208170726400122e-05
479,1,47,coronavirus_genome,8.202710401888178e-05
480,1,48,x_ray_diffraction_experiment,8.683321184607355e-05
481,1,48,mean_plane,8.664936165263746e-05
482,1,48,hydrocarbon_skeleton,8.638923243117578e-05
483,1,48,salicylic_acid,8.400005362457385e-05
484,1,48,cis_conformation,8.343897833982256e-05
485,1,48,ring_system_dihedral_angle,8.330765057187658e-05
486,1,48,dispersion_surface_branch,8.313021414338232e-05
487,1,48,oxalyl_o_c_c,8.288963588397275e-05
488,1,48,generate_pulse,8.231384405894688e-05
489,1,48,metallic_ion,8.223822705651914e-05
490,1,49,crystallization_water,8.659297668568854e-05
491,1,49,statistical_mechanic,8.655172208065114e-05
492,1,49,normal_subgroup,8.543712536976531e-05
493,1,49,large_contribute_factor,8.537219372494155e-05
494,1,49,metabolic_energy,8.433370654171972e-05
495,1,49,crystal_single_enantiomer,8.405902112666548e-05
496,1,49,methanol_solvent_molecule,8.371544179320285e-05
497,1,49,crystal_phase,8.321380350028275e-05
498,1,49,monoclinic_space_group,8.317522048478641e-05
499,1,49,fluorophenyl_ring_deg,8.316118426658009e-05
0,2,0,equatorial_plane_position,7.732803577059309e-05
1,2,0,paroxetine_chloride_hemidrate,7.731861427788231e-05
2,2,0,anisotropic_displacement,7.709357073409573e-05
3,2,0,olf_domain,7.495259037283192e-05
4,2,0,biguanide_n_atom,7.487327006430813e-05
5,2,0,resonant_curve,7.48561346709867e-05
6,2,0,n_torsion_angle,7.471253687195396e-05
7,2,0,new_coordinate_system,7.469494987480556e-05
8,2,0,crystal_system,7.466544061910093e-05
9,2,0,lob_shape_protein,7.451463204823098e-05
10,2,1,saxs_curve,7.709332462238738e-05
11,2,1,quality_control,7.6166145175077e-05
12,2,1,sample_thickness,7.575607269760909e-05
13,2,1,oxide_bismuth_titanate,7.566773536760457e-05
14,2,1,instrumental_effect,7.527962147398971e-05
15,2,1,matthews_probability_distribution_function,7.518888094394343e-05
16,2,1,example_computer_program,7.50927564997238e-05
17,2,1,fuse_ring_system,7.50071546285697e-05
18,2,1,rotation_angle_deg,7.493868354078351e-05
19,2,1,agc_kinase_family,7.467386887296809e-05
