,run,topic,terms,p
e_pyrimidine,8.510018402189619e-05
1,1,0,protein_crystal_amorphous_protein,8.470964533036548e-05
2,1,0,ethylenedioxy_c_atom,8.459896763516991e-05
3,1,0,vertical_position,8.28941299426967e-05
4,1,0,ethylammonium_cation,8.266347430371625e-05
5,1,0,further_structure_refinement,8.260217642921768e-05
6,1,0,o_contain_ring,8.242548629738196e-05
7,1,0,face_transitive,8.241898967703274e-05
8,1,0,i_sigma,8.212007064854332e-05
9,1,0,aring_neighbour_molecule,8.199067783915501e-05
10,1,1,t_n_nc_net,8.901833664854962e-05
11,1,1,o_n_h_h,8.679389825490841e-05
12,1,1,rotation_axis_element_precision,8.524258445777083e-05
13,1,1,h_atom_donor,8.468142295681624e-05
14,1,1,refine_value,8.392564273647607e-05
15,1,1,catalysis_view,8.28824748407589e-05
16,1,1,octahedral_site,8.109987215266868e-05
17,1,1,bragg_law,8.108963409938279e-05
18,1,1,strong_tran_influence,8.10806632793389e-05
19,1,1,d_inhibition,8.07952834009307e-05
20,1,2,percentage_hexagonality,8.655002961970539e-05
21,1,2,tomographic_method,8.519125181299444e-05
22,1,2,protein_diffraction_pattern,8.511133623226126e-05
23,1,2,polar_structure,8.378603199904221e-05
24,1,2,n_terminal_affinity_tag,8.30828610119392e-05
25,1,2,growth_dissolution,8.281685463595004e-05
26,1,2,trigonal_planar_geometry,8.27462032107205e-05
27,1,2,pyrazine_ring,8.269540227996599e-05
28,1,2,approximately_correct_orientation_selectivity,8.229215388971794e-05
29,1,2,close_o_atom,8.218250459255464e-05
30,1,3,know_organic_phase,8.684466940414412e-05
31,1,3,room_temperature_phase,8.601169371415124e-05
32,1,3,proline_state,8.592295371151399e-05
33,1,3,comb_shape_copolymer,8.434836828077122e-05
34,1,3,conserve_fragment,8.432780744327634e-05
35,1,3,molecular_pack,8.343787963100265e-05
36,1,3,in_dinitrate,8.330150722377952e-05
37,1,3,kda_protein,8.327061658844334e-05
38,1,3,density_segmentation,8.292086075032637e-05
39,1,3,stuff_tridymite,8.222756127138928e-05
40,1,4,atom_be_symmetry_site,8.876317080115287e-05
41,1,4,site_symmetry,8.612989392474505e-05
42,1,4,mechanical_behaviour,8.54625284109408e-05
43,1,4,petn_design_basis,8.481106955376708e-05
44,1,4,representative_diffractogram,8.479024736219567e-05
45,1,4,naphthalene_ring_system,8.416180872028488e-05
46,1,4,layer_form_dication,8.404263533951496e-05
47,1,4,structure_analysis,8.370811743278045e-05
48,1,4,o_minus_bond,8.278138824472762e-05
49,1,4,centrosymmetric_dinuclear_cdii_complex,8.269287450780063e-05
50,1,5,perpendicular_polymeric_chain,8.6496758967275e-05
51,1,5,molecular_chain,8.504434928393169e-05
52,1,5,unbind_subtype_b,8.472851305667998e-05
53,1,5,bjerrum_length,8.448693884168033e-05
54,1,5,photon_energy_photoemission_study,8.446525468268474e-05
55,1,5,crystallographically_independent_molecule,8.442036203719696e-05
56,1,5,plane_layer,8.431386653431963e-05
57,1,5,concordance_rate,8.353736014872138e-05
58,1,5,measurement_region,8.311849566942918e-05
59,1,5,relate_observe_dimer,8.309433057759138e-05
60,1,6,structural_investigation,8.695532378910467e-05
61,1,6,homogeneous_sphere_packing,8.649991977995213e-05
62,1,6,normally_photographic_intensity_measurement,8.591221858326321e-05
63,1,6,experimental_theoretical_profile,8.474321688124823e-05
64,1,6,hydogen_bond_interaction,8.450204326901707e-05
65,1,6,glycerol_fermentation_pathway,8.396131533574609e-05
66,1,6,background_noise,8.348288254479382e-05
67,1,6,tetracoordinate_si_atom,8.304284477687246e-05
68,1,6,chemist_structural_biology,8.282021243359935e-05
69,1,6,smiii_atom_coordinate,8.231180143972999e-05
70,1,7,complicate_crystal_equilibrium,8.729566248319115e-05
71,1,7,result_expression,8.611502991249885e-05
72,1,7,beam_easy_removal,8.525393539976267e-05
73,1,7,thiophene_quinoline,8.486461662891345e-05
74,1,7,specific_sequence_variation,8.472347085036938e-05
75,1,7,random_walk,8.470818351437784e-05
76,1,7,mu_atom,8.427056569759161e-05
77,1,7,corrugate_sheet,8.339161171972163e-05
78,1,7,infinite_dimensional_lattice,8.325169013748204e-05
79,1,7,ac_plane,8.315744838933516e-05
80,1,8,takagi_taupin_analytic_solution,8.559582936570962e-05
81,1,8,shorten_c,8.558484027086419e-05
82,1,8,rfbr_grant,8.476133215804507e-05
83,1,8,dichlorobenzene_ring_deg,8.465343533671124e-05
84,1,8,surround_pixel,8.429080849073003e-05
85,1,8,lactone_ring_pucker,8.279573634760097e-05
86,1,8,precise_position,8.269340738979086e-05
87,1,8,ptprq_catalytic_domain,8.234437354497731e-05
88,1,8,bpe_ligand,8.229442701156643e-05
89,1,8,hydroxymethyl_group,8.215676848290286e-05
90,1,9,fortran_compiler,8.791178918734403e-05
91,1,9,dna_emsa,8.639238773386877e-05
92,1,9,unsubstituted_meso_position,8.541940771680116e-05
93,1,9,plusmn_bth,8.523865909804928e-05
94,1,9,o_h_formation,8.493221600681476e-05
95,1,9,main_beam_scatter_radiation,8.488711197889326e-05
96,1,9,open_question,8.485068106722278e-05
97,1,9,triazole_ring_deg,8.439297803023879e-05
98,1,9,scalar_relation,8.36590069237788e-05
99,1,9,foodborne_enteric_pathogen,8.319478752557069e-05
100,1,10,nervous_system,9.066622749343898e-05
101,1,10,value_plusmn,8.899152961626663e-05
102,1,10,b_spline,8.863556867717826e-05
103,1,10,pseudomonas_putida_soil_bacterium,8.450596336823538e-05
104,1,10,enzyme_catalysis_discrimination_importance,8.444397342737913e-05
105,1,10,raman_unit,8.37032386413478e-05
106,1,10,differentiation_structure_hydrogen_atom,8.342579255510201e-05
107,1,10,inverse_gross_physical_property,8.330069110991998e-05
108,1,10,speciman_crystallographic_direction,8.31852919956829e-05
109,1,10,aromatic_ring_system,8.293738497338318e-05
110,1,11,five_methanol_solvent_molecule,8.644187688154781e-05
111,1,11,unambiguous_rapid_way,8.631922175588399e-05
112,1,11,pendant_arm_form,8.5231042423521e-05
113,1,11,bragg_law,8.435342598899253e-05
114,1,11,surface_loop_residue_calcium,8.416419716286952e-05
115,1,11,slow_process,8.335491864383197e-05
116,1,11,enzyme_catalysis_discrimination_importance,8.28350692856543e-05
117,1,11,be_pitch,8.27687658996165e-05
118,1,11,asymmetric_unit_molecule_crystal,8.262073304184998e-05
119,1,11,zwitterionic_state,8.250494854355256e-05
120,1,12,singular_value_decomposition,9.120439348113596e-05
121,1,12,minimal_principle_model,8.556591999041866e-05
122,1,12,domain_structure,8.451183135895957e-05
123,1,12,se_bond,8.443133491465786e-05
124,1,12,b_a_independent_molecule,8.425588999534004e-05
125,1,12,important_step,8.419489071264241e-05
126,1,12,open_read,8.402238380202589e-05
127,1,12,cone_angle,8.359583376510485e-05
128,1,12,pyridine_n_oxide_atom,8.324505582978847e-05
129,1,12,study_significance,8.323362379943262e-05
130,1,13,trial_structure,8.528854623979806e-05
131,1,13,minus_deg,8.443382383503431e-05
132,1,13,helical_supramolecular_chain,8.367507996077729e-05
133,1,13,shikimate_pathway,8.283009511245854e-05
134,1,13,pattern_formation,8.229245730780014e-05
135,1,13,beta_subunit,8.22866076160862e-05
136,1,13,silicon_strip,8.146842012100123e-05
137,1,13,soft_rotary_phonon,8.133223843085252e-05
138,1,13,incline_double_crystal_monochromator,8.124595906093177e-05
139,1,13,n_terminus,8.101374946155945e-05
140,1,14,arrangement_mean,9.168861193974862e-05
141,1,14,beam_pattern,8.551908382716084e-05
142,1,14,factor_temperature,8.325699766926978e-05
143,1,14,macromolecular_crystallization_screen_design,8.245055667975925e-05
144,1,14,approximately_mm,8.238377606833191e-05
145,1,14,guanidinium_unit,8.218845727138063e-05
146,1,14,middot_complex,8.217547946256326e-05
147,1,14,fac_arrangement,8.186392930236238e-05
148,1,14,angle_result_small_deviation,8.165795105180351e-05
149,1,14,main_cluster_type,8.124853079959e-05
150,1,15,usp_ecr_subunit_conformation,8.708659548856586e-05
151,1,15,finite_measurement_range,8.42199466189446e-05
152,1,15,hydrogen_bond_assembly,8.395749897721959e-05
153,1,15,refinement_result_manual_inspection,8.362754117157621e-05
154,1,15,current_description,8.335720949912181e-05
155,1,15,overall_dimesional_supramolecular_architecture,8.331037728338501e-05
156,1,15,carbon_nanotube,8.27117802550917e-05
157,1,15,dichlorobenzene_ring_deg,8.263979312352262e-05
158,1,15,asymmetric_unit_independent_complex,8.226442915467557e-05
159,1,15,nbsp_deg,8.186790515462526e-05
160,1,16,dw_factor,8.586056500232004e-05
161,1,16,horizontal_thgr_attachment,8.569983707180415e-05
162,1,16,intergranular_dislocation_structure,8.541595331124503e-05
163,1,16,carbonylthiourea_group_ring,8.534714574629412e-05
164,1,16,binary_phosphide_pentanickel_tetraphosphide,8.47039339290325e-05
165,1,16,selenomethionine_derivatiz_variant,8.418798057760063e-05
166,1,16,relaxation_process,8.39617514472123e-05
167,1,16,gel_structure,8.313792276860705e-05
168,1,16,exhibit_intramolecular_hydrogen_bond,8.308659215787289e-05
169,1,16,different_c_h,8.282723163307607e-05
170,1,17,middot_isomer,8.653412503884623e-05
171,1,17,threefold_axis,8.553189714356014e-05
172,1,17,coarse_grain_polycrystalline_speciman,8.459745761050528e-05
173,1,17,furan_plane_ester_group,8.394636154696097e-05
174,1,17,animal_growth_regulation,8.381833559090222e-05
175,1,17,gas_clathrate,8.284929751799587e-05
176,1,17,scn_minus_ion_n,8.19549414287608e-05
177,1,17,thin_diamond_crystal_station,8.116723610737127e-05
178,1,17,terminal_card_domain,8.116237188248521e-05
179,1,17,deoxy_bind,8.101700025279666e-05
180,1,18,agi_polytype,8.492938351431065e-05
181,1,18,dimensional_architecture,8.454202744763453e-05
182,1,18,infinite_linear_chain,8.452459200356725e-05
183,1,18,west_nile_fever_dengue,8.409825910634e-05
184,1,18,bond_angle_in_p,8.408475497723893e-05
185,1,18,lambda_mok_alpha_radiation,8.404074392710933e-05
186,1,18,induction_metastable_zone_width,8.375341877587376e-05
187,1,18,complex_phnz_structure,8.321009125200728e-05
188,1,18,metal_ion_interaction,8.282864632581238e-05
189,1,18,facial_position_occupy_group,8.281704652802029e-05
190,1,19,human_fetal_hand,8.839603539549763e-05
191,1,19,high_angular_resolution,8.533959311821852e-05
192,1,19,nucleoside_triphosphate,8.462103260862826e-05
193,1,19,feii_ion,8.457349175766666e-05
194,1,19,external_influence_different_type,8.367543815598127e-05
195,1,19,fuse_ring,8.362561350059092e-05
196,1,19,finite_range,8.27795500394364e-05
197,1,19,nanoparticle_dissipative_fluctuate_dynamic,8.270130888651656e-05
198,1,19,interplanar_angle,8.242613536225363e-05
199,1,19,macromolecular_structure,8.223191273159987e-05
200,1,20,unit_cell_parameter_determination,8.420231503352286e-05
201,1,20,different_condition_consist_screen,8.379541098726799e-05
202,1,20,vice_versa_octahedron,8.316046811987715e-05
203,1,20,aring_te_cl_interaction,8.289269300876499e-05
204,1,20,xu_amp,8.243242952564052e-05
205,1,20,double_shell_spherical_mask,8.241223121512884e-05
206,1,20,dimerization_mode,8.230860761194861e-05
207,1,20,pyridine_group,8.162326357571106e-05
208,1,20,pulldown_assay,8.15500248912115e-05
209,1,20,fungal_protein,8.141054890284095e-05
210,1,21,pair_force_estimate,8.441624339777615e-05
211,1,21,atom_vibration,8.414867567349982e-05
212,1,21,local_domain,8.406807911740414e-05
213,1,21,y_axis_molecule,8.32614290455572e-05
214,1,21,bipyramidal_coordination,8.279172952946692e-05
215,1,21,fundamental_insight,8.258138246441524e-05
216,1,21,symmetrical_theta,8.253249147489143e-05
217,1,21,percentage_hexagonality,8.237995189775192e-05
218,1,21,odd_electron_diffraction_pattern,8.227686186573648e-05
219,1,21,different_state,8.205867254889195e-05
220,1,22,square_planar_geometry_ligand,8.815046772067708e-05
221,1,22,diblock_copolymer_film,8.442588892733257e-05
222,1,22,linear_size_parameter,8.357808064075741e-05
223,1,22,ga_cl_distance,8.352269216091579e-05
224,1,22,optical_rotation,8.312664864361915e-05
225,1,22,tetrafluoridoborate_anion,8.276721562878555e-05
226,1,22,clamp_arrangement,8.275828567282435e-05
227,1,22,linear_size,8.272649617973346e-05
228,1,22,numerous_human_tumor,8.222845206974282e-05
229,1,22,azimuth_value,8.217501501548874e-05
230,1,23,technique_versatility,8.836515730536467e-05
231,1,23,interdigitat_alkyl_chain,8.640682825476162e-05
232,1,23,ac_plane_parallel_layer,8.509735292070052e-05
233,1,23,o_cl_halogen_bond,8.459212312431258e-05
234,1,23,free_energy_analysis,8.407909498762006e-05
235,1,23,thin_diamond_crystal_station,8.363333370164122e-05
236,1,23,x_ray_topo_tomography,8.309823221110399e-05
237,1,23,net_density,8.286517421137644e-05
238,1,23,histidine_tag,8.236488623593571e-05
239,1,23,complex_inhibitor_different_bind,8.220182501779576e-05
240,1,24,hydrogen_bonding,8.51098284762894e-05
241,1,24,smiii_atom_coordinate,8.461189795482361e-05
242,1,24,distortion_kind,8.440828150686031e-05
243,1,24,aminoacetone_bridge,8.431151243249973e-05
244,1,24,anionic_schiff_base_ligand,8.391161271297513e-05
245,1,24,brucella_bacterial_pathogen,8.36220959059187e-05
246,1,24,molecular_understand,8.319745151086809e-05
247,1,24,beam_x_ray_diffraction,8.28413214468627e-05
248,1,24,texturized_polycrystal,8.236749257810716e-05
249,1,24,accessible_range,8.217638259633576e-05
250,1,25,lambda_mo_minus_cm,8.782588117125656e-05
251,1,25,surface_fractality,8.54725416848058e-05
252,1,25,tetrahedral_pyramidal,8.447389815916814e-05
253,1,25,earth_solution,8.365507370036067e-05
254,1,25,yeast_structure,8.247432927734008e-05
255,1,25,intramolecular_dimension_improve_precision,8.190416679418305e-05
256,1,25,cl_bond,8.190352864059688e-05
257,1,25,synchronous_control_sample,8.185378590644037e-05
258,1,25,organic_molecule,8.159809077584814e-05
259,1,25,individual_finger,8.139470515822856e-05
260,1,26,c_axis_hydrogen_bond,8.795785928604642e-05
261,1,26,pressure_hexagonal_structure_refinement,8.714067450289849e-05
262,1,26,flight_sample,8.404864118409392e-05
263,1,26,protein_secondary_structure_model,8.404454697729459e-05
264,1,26,phase_separation,8.334437051670078e-05
265,1,26,optimal_index,8.314597842571163e-05
266,1,26,desy_esrf_synchrotron_radiation,8.270447649885283e-05
267,1,26,diffract_ray,8.264472508049482e-05
268,1,26,diffraction_datum,8.20909765513286e-05
269,1,26,selectivity_difference,8.187056230428023e-05
270,1,27,iodide_methylcocaine,8.624005365484111e-05
271,1,27,fluoride_source,8.617465350487424e-05
272,1,27,sulfonylation_reaction,8.379508463280888e-05
273,1,27,phase_transition_chemical_reaction,8.370619773176057e-05
274,1,27,symmetry_azimuth_value,8.363941232838407e-05
275,1,27,datum_screen_crystal_collection,8.329239111474872e-05
276,1,27,hadox_diffractometer,8.280625543273445e-05
277,1,27,l_alanyl,8.275571423397528e-05
278,1,27,novel_approach,8.261705533795328e-05
279,1,27,inorganic_layer,8.258720489534638e-05
280,1,28,single_board_microcomputer_application,8.486855739503224e-05
281,1,28,signal_sequence,8.435563292940625e-05
282,1,28,supramolecular_network_structure_formation,8.4278422378249e-05
283,1,28,novel_timepix_detector,8.38189132816674e-05
284,1,28,proliferation_cell_survival_regulation,8.376190682944338e-05
285,1,28,b_a_molecule_column,8.309908427557245e-05
286,1,28,grenoble_hfr_diffractometer,8.294707560451767e-05
287,1,28,substrate_acetyltransferase_specificity,8.250980363755332e-05
288,1,28,atom_br_pyrimidinyl_ligand,8.24557460458031e-05
289,1,28,binary_mixture,8.242159283754533e-05
290,1,29,low_soluble_melt_solid,8.548238390668791e-05
291,1,29,central_feii_ion,8.51828459145631e-05
292,1,29,tetrahedron_bridge,8.436607055169525e-05
293,1,29,bidentate_isoquinoline_ligand,8.402802741840869e-05
294,1,29,heat_nbsp,8.374304392241092e-05
295,1,29,z_deg,8.348229264955651e-05
296,1,29,cation_atom,8.334432862033168e-05
297,1,29,middot_l_minus,8.28117658313169e-05
298,1,29,ligand_group,8.279815394564915e-05
299,1,29,flat_cell,8.265635687372399e-05
300,1,30,interdomain_helix,8.89941856258033e-05
301,1,30,coefficient_r,8.63223409167901e-05
302,1,30,diffraction_optic_little_account,8.584508765993579e-05
303,1,30,non_trivial_bound_automorphism,8.542439323630897e-05
304,1,30,naphthalene_contain_polyether,8.38547057608351e-05
305,1,30,inverse_gross_physical_property,8.313607859282741e-05
306,1,30,complex_cation,8.277194891348473e-05
307,1,30,thin_diamond_crystal_station,8.25875608015262e-05
308,1,30,fe_s_fe_plane,8.238083619910419e-05
309,1,30,image_bragg_reflection,8.170935591950086e-05
310,1,31,reactor_core,8.891988639468802e-05
311,1,31,loop_mount,8.374810775807773e-05
312,1,31,volumetric_compressibility,8.361233529143886e-05
313,1,31,metal_metal,8.353020486984191e-05
314,1,31,cyclic_ring,8.32806570030148e-05
315,1,31,crystal_surface_normal_n,8.300659084126041e-05
316,1,31,dimensional_tiling,8.295736940824348e-05
317,1,31,modulate_structure,8.271747723950471e-05
318,1,31,prefer_orientation_correction,8.259183953257327e-05
319,1,31,organic_layer,8.233902560311655e-05
320,1,32,travel_expense,8.965518865786253e-05
321,1,32,quinoline_ring,8.422968221941435e-05
322,1,32,centrosymmetric_dianion,8.410201199816475e-05
323,1,32,binuclear_molecule,8.322290011713356e-05
324,1,32,substituent_slight_modification,8.320435499021638e-05
325,1,32,triangulo_triosmium,8.284833647599162e-05
326,1,32,asymmetric_unit_content,8.220668239203796e-05
327,1,32,growth_band,8.180306768896454e-05
328,1,32,tran_pyrazine,8.178989061296781e-05
329,1,32,west_nile_fever,8.171342995911412e-05
330,1,33,p_aminobenzoylhydrazone,8.818827885685763e-05
331,1,33,interatomic_distance,8.729003712437774e-05
332,1,33,aromatic_h,8.461439627766198e-05
333,1,33,eos_parameter,8.407846287001963e-05
334,1,33,number_standard_cyclophane_deg,8.324695281143775e-05
335,1,33,san_measurement,8.321292778609107e-05
336,1,33,tim_barrel_interaction_analysis,8.311994342640274e-05
337,1,33,chelate_molecule,8.297444129989365e-05
338,1,33,orient_tran,8.262631043568473e-05
339,1,33,pasteurianum_rubredoxin,8.253969791590056e-05
340,1,34,spectroscopic_method,8.784182637380038e-05
341,1,34,topography_image,8.70469454786215e-05
342,1,34,large_order_optical_susceptibility,8.515128336558231e-05
343,1,34,previously_refine_structure,8.415954999166582e-05
344,1,34,z_benzyloxycarbonyl,8.331768146156455e-05
345,1,34,count_loss_count_time,8.278797501589664e-05
346,1,34,scatter_datum,8.273798304837658e-05
347,1,34,rational_common_zone_axis,8.254938655444106e-05
348,1,34,line_width,8.208405755816334e-05
349,1,34,complex_lead,8.192482313327794e-05
350,1,35,optical_activity,8.726997664003198e-05
351,1,35,bind_cap,8.398653203072279e-05
352,1,35,corylus_avellana,8.392529349361826e-05
353,1,35,schiff_base_dianion,8.351553122375157e-05
354,1,35,essentially_planar,8.3358002406826e-05
355,1,35,zachariasen_extinction_correction_application,8.325189381958602e-05
356,1,35,c_segment,8.303313583118703e-05
357,1,35,solvent_hydrophobic_interaction,8.297421039973971e-05
358,1,35,rotation_crystallographic_group,8.283474407312049e-05
359,1,35,mu_agarose_gel,8.27686163010884e-05
360,1,36,p_phosphoru,8.789127510085233e-05
361,1,36,fruit_body,8.774327035742334e-05
362,1,36,cl_hydrogen_bond_interaction,8.758342456890541e-05
363,1,36,pyrrolidine_substituent,8.691419436293058e-05
364,1,36,ninety_active_tube,8.563104190381838e-05
365,1,36,intermolecular_hydrogen_bond_association,8.338743549596796e-05
366,1,36,pi_intermolecular_interaction,8.327014257106771e-05
367,1,36,magnetic_domain_pair_domain,8.31924562701533e-05
368,1,36,theoretical_model,8.319191741178811e-05
369,1,36,calcium_accumulation,8.313874427222698e-05
370,1,37,mode_excitation,8.901154077198946e-05
371,1,37,rotary_phonon,8.51871451691458e-05
372,1,37,b_ring_link,8.508411879016104e-05
373,1,37,space_time_average_structure,8.433459157219283e-05
374,1,37,cl_hydrogen_bond,8.342959727666281e-05
375,1,37,escherichia_coli_expression_system,8.332315024726443e-05
376,1,37,current_description,8.265812265886666e-05
377,1,37,double_kink,8.232900321899544e-05
378,1,37,metal_complex_crystal,8.196086440379626e-05
379,1,37,reformatsky_reaction,8.192247281393e-05
380,1,38,low_index,8.707726552897714e-05
381,1,38,furan_ring,8.659218516186896e-05
382,1,38,boundary_plane,8.479639076665122e-05
383,1,38,mx_beamline,8.434068127009127e-05
384,1,38,planar_phenyl_ring,8.417107789317754e-05
385,1,38,kaib_da_molecular_weight,8.400201831707877e-05
386,1,38,stock_solution_crystallization_cocktail,8.371681776727021e-05
387,1,38,centroid_centroid,8.337056923445356e-05
388,1,38,propose_model,8.314301817900066e-05
389,1,38,collimate_x_ray_beam,8.295421925675756e-05
390,1,39,central_atom,8.833530131289584e-05
391,1,39,complete_model_reconstruction,8.687836376834047e-05
392,1,39,free_base_porphyrin_reaction,8.484480751310184e-05
393,1,39,lix_program_scatter_solution,8.400205589661079e-05
394,1,39,supramolecular_network_structure,8.38947061070197e-05
395,1,39,refmac_follow_warp,8.378196998108149e-05
396,1,39,pyrazole_mean_plane,8.369743213153986e-05
397,1,39,proton_transfer,8.339679169367325e-05
398,1,39,f_split_facet,8.274761212538968e-05
399,1,39,hippuric_acid_anion,8.26548068745882e-05
400,1,40,ortho_naphthoquinone,8.644990343414978e-05
401,1,40,sample_rotation,8.540385369143405e-05
402,1,40,cluster_type,8.506345498816044e-05
403,1,40,overall_modulation,8.419855541948544e-05
404,1,40,reactivity_synthesis_study,8.369588468920073e-05
405,1,40,eulerian_cradle_center,8.363976826085996e-05
406,1,40,residual_electron_density_shape,8.356211850726189e-05
407,1,40,observation_suitable_weight,8.310475187231591e-05
408,1,40,chloride_molecule_anion,8.288177067868578e-05
409,1,40,line_printer,8.284880817865119e-05
410,1,41,datum_acquisition_rate,8.561979274574322e-05
411,1,41,kda_identical_pep_block,8.445613892541388e-05
412,1,41,development_advance_research,8.439389472116528e-05
413,1,41,p_level,8.430875181896173e-05
414,1,41,refinement_model_calculation,8.39348042654299e-05
415,1,41,hydrogen_site_occupancy_location,8.385922067725933e-05
416,1,41,coordinate_ligand_oxidation,8.26751896817164e-05
417,1,41,hardware_component,8.255818970012135e-05
418,1,41,close_region,8.231544497239692e-05
419,1,41,transformation_law,8.222985867266852e-05
420,1,42,great_example,8.569044013930334e-05
421,1,42,lead_intermolecular_c_h,8.54293975822083e-05
422,1,42,predominant_oxidation_product,8.530968456830224e-05
423,1,42,crystallite_orientation,8.468590014018867e-05
424,1,42,anisotropic_displacement,8.429884629969482e-05
425,1,42,synchrotron_source_oscillation_photography,8.429035719401569e-05
426,1,42,inhibitor_complex,8.381656269282826e-05
427,1,42,piperidone_ring,8.337513481915221e-05
428,1,42,chemical_process,8.310095440186924e-05
429,1,42,orthorhombic_packing,8.299932467114074e-05
430,1,43,molecule_crystal_structure,8.617957427327035e-05
431,1,43,expect_site,8.451722382240906e-05
432,1,43,nociceptin_receptor_ligand,8.272365097761222e-05
433,1,43,scaffold_contain_deposit_existence,8.234779438508167e-05
434,1,43,incident_neutron_wavelength_function,8.212227117780739e-05
435,1,43,theoretical_experimental_scatter_indicatrice,8.206942131974482e-05
436,1,43,exact_mechanism,8.184355994984655e-05
437,1,43,entrance_surface_point_source,8.131119210684995e-05
438,1,43,amine_amide,8.114562315018187e-05
439,1,43,chloride_hemidrate,8.106149719459724e-05
440,1,44,strong_x_ray_similarity,8.485615270777748e-05
441,1,44,sensitivity_position,8.449518741914547e-05
442,1,44,site_symmetry_independent_cation,8.418685429036705e-05
443,1,44,infinite_channel,8.376331775740472e-05
444,1,44,disorder_solvent_molecule,8.341899357093029e-05
445,1,44,centrosymmetric_binuclear_molecule,8.328772526958217e-05
446,1,44,sans_saxs_neutron_scatter,8.324695914393995e-05
447,1,44,thiopeptide_family,8.317933886098018e-05
448,1,44,flock_house_virus,8.316795505637421e-05
449,1,44,indole_alkaloid_single_crystal,8.315992327169112e-05
450,1,45,linear_polyethylene,8.443125598638434e-05
451,1,45,group_nitrate_ethylenediamine,8.373415889606104e-05
452,1,45,derivative_form_dihedral_angle,8.370290338641157e-05
453,1,45,carboxylate_group_benzene_ring,8.345575195437102e-05
454,1,45,multiple_datum_set,8.308593077399699e-05
455,1,45,centrosymmetric_beta_octamolybdate_anion,8.305895567232592e-05
456,1,45,alpha_line,8.270970799712554e-05
457,1,45,parallel_dabt_ring,8.264658637065633e-05
458,1,45,xfel_pulse,8.263341277063886e-05
459,1,45,scatter_pattern,8.238666145733139e-05
460,1,46,pair_functional_ensemble,8.662203666279476e-05
461,1,46,conformational_polymorphism,8.483807988882432e-05
462,1,46,symmetry_center,8.415169946686643e-05
463,1,46,crystallography_independent_molecule,8.35604910439218e-05
464,1,46,twin_significantly_reduce_tendency,8.282430052664256e-05
465,1,46,middot_l_minus_dichloride,8.204040738023005e-05
466,1,46,cl_atom,8.194774833936233e-05
467,1,46,mr_triclinic_structure,8.193249448476844e-05
468,1,46,principal_symmetry_group,8.184109634912576e-05
469,1,46,iii_middot_ii_i,8.157272515073514e-05
470,1,47,water_solution,8.716477870193954e-05
471,1,47,low_decomposition_temperature,8.63887105578686e-05
472,1,47,true_scatter_curve,8.574469460941076e-05
473,1,47,covalent_complex,8.461670089196876e-05
474,1,47,power_density,8.457950530740631e-05
475,1,47,observe_low_transition_temperature,8.438376889551586e-05
476,1,47,hydrogen_bond_pseudo,8.412821087044268e-05
477,1,47,disorder_ethanol_solvent_molecule,8.387974886866946e-05
478,1,47,physiological_electron_acceptor_cytochrome,8.303557516769164e-05
479,1,47,pdf_investigate_real_space,8.264326388291186e-05
480,1,48,estimate_convergence,8.664276306446502e-05
481,1,48,cluster_type,8.368301946547738e-05
482,1,48,general_formula,8.25709149522634e-05
483,1,48,human_dicupric_monooxalate_lactoferrin,8.251376565700068e-05
484,1,48,native_counterpart_isomorphous_crystal,8.178030649496911e-05
485,1,48,solid_state_high_resolution,8.151057150383305e-05
486,1,48,bridgehead_bond,8.114426362094839e-05
487,1,48,adduct_find_distance,8.088590985644334e-05
488,1,48,anion_sniv_atom,8.079792085286471e-05
489,1,48,hydrobromide_ion,8.039427800018871e-05
490,1,49,substitute_cyclopentadienyl_ring,8.799847808989427e-05
491,1,49,equibiaxial_load_path,8.600312748463942e-05
492,1,49,osteoblast_specific_gene,8.435987011836261e-05
493,1,49,ligand_free_form,8.392699600062538e-05
494,1,49,exhibit_envelope_conformation,8.378124824947839e-05
495,1,49,phalacrocorax_carbo_haemoglobin,8.30691995305715e-05
496,1,49,asymmetric_geometry,8.251505931173637e-05
497,1,49,approximate_structure_factor,8.245288473686976e-05
498,1,49,regional_summit_meet,8.243433197361539e-05
499,1,49,axial_ga_cl_distance,8.233177301452275e-05
0,2,0,spiro_pyran_ring,7.504472455791369e-05
1,2,0,dpno_mnp_benzene_ring,7.470435917269511e-05
2,2,0,dimesional_supramolecular_architecture,7.393118492842366e-05
3,2,0,phalacrocorax_carbo,7.255662722026084e-05
4,2,0,postrefinement_technique,7.228138551717672e-05
5,2,0,transform_infrared_spectroscopy,7.204919517730928e-05
6,2,0,purification_procedure,7.18809663406897e-05
7,2,0,intramolecular_intermolecular_o_h,7.184587461613492e-05
8,2,0,clear_fractional_order_spot,7.183986386638411e-05
9,2,0,eta_chlorido,7.159452880451953e-05
