,run,topic,terms,p
rocess_program,8.539049442472061e-05
1,1,0,cryocooled_macromolecular_crystal,8.498818805127887e-05
2,1,0,bone_formation,8.481268078177477e-05
3,1,0,material_porosity_know_value,8.421199650761861e-05
4,1,0,small_protein_structure,8.411256880347811e-05
5,1,0,rei_centre_geometry_difference,8.359171829805215e-05
6,1,0,point_indole_ring_plane,8.32047132948851e-05
7,1,0,two_thiocyanate,8.284866121229716e-05
8,1,0,transmit_intensity,8.18365259766981e-05
9,1,0,energy_save_procedure,8.169593615536389e-05
10,1,1,bragg_peak_intensity,8.870703778999867e-05
11,1,1,lob_shape_protein,8.568820545407136e-05
12,1,1,near_edge_structure,8.538592036119876e-05
13,1,1,osx_conserve_fragment,8.468843625214036e-05
14,1,1,hydrogen_bond_sheet,8.366916799573275e-05
15,1,1,h_nmr_spectrum,8.364834927105776e-05
16,1,1,aring_zn_separation,8.340601331008442e-05
17,1,1,film_order_strong_increase,8.266458959257477e-05
18,1,1,bridge_cl_minus_anion,8.26249577057025e-05
19,1,1,diguanidinium_hexafuorosilicate_crystal_structure,8.211120106134134e-05
20,1,2,minimal_principle,8.58054287215554e-05
21,1,2,seven_alpha,8.579742811925387e-05
22,1,2,vlasse_rosenstein_jeffrey_amp,8.333967916640353e-05
23,1,2,viral_protein,8.323442758992715e-05
24,1,2,minus_ligand_cu_atom,8.24563613064623e-05
25,1,2,zii_zi_type,8.17188680736902e-05
26,1,2,entire_n_terminus_removal,8.141459223376376e-05
27,1,2,chemical_energy,8.136617081267351e-05
28,1,2,alternative_complement_pathway_activation,8.125017576717396e-05
29,1,2,fe_ion,8.118887717395514e-05
30,1,3,plane_lie_methyl_group,8.885290568984773e-05
31,1,3,central_fragment_plane,8.783758463008407e-05
32,1,3,unsubstituted_phenyl_ring_orientation,8.48028817257958e-05
33,1,3,ergotamine_epimerization_reaction,8.417809161258223e-05
34,1,3,x_ray_source,8.405871268152118e-05
35,1,3,pyramid_apex,8.404220456267042e-05
36,1,3,x_ray_absorption_edge,8.351846374407569e-05
37,1,3,observe_effect,8.339462879513215e-05
38,1,3,osteoblast_differentiation,8.286242288536375e-05
39,1,3,thermal_stability,8.277653029000006e-05
40,1,4,neutral_specie_hydrogen,8.799024152249874e-05
41,1,4,estimate_standard_deviation,8.576545469937581e-05
42,1,4,monochromator_crystal,8.552303304592968e-05
43,1,4,central_piperidone_plane,8.425198641485918e-05
44,1,4,phalacrocorax_carbo_haemoglobin,8.35769854700992e-05
45,1,4,seven_endogenous_cysteine,8.342139949615794e-05
46,1,4,thespesia_populnea,8.341314117284809e-05
47,1,4,enzyme_catalysis_discrimination_importance,8.330181656323209e-05
48,1,4,x_ray_camera,8.327414567590136e-05
49,1,4,week_human_fetus,8.297178038664036e-05
50,1,5,strategy_optimization,8.64335220928922e-05
51,1,5,undulator_period_numb,8.6218211763823e-05
52,1,5,prime_ligand_n_atom,8.6055752944909e-05
53,1,5,l_gamma_glu_dipeptide,8.507756053309212e-05
54,1,5,plane_dihedral_angle_deg,8.494764633470972e-05
55,1,5,square_pyramidal_arrangement,8.458651582470837e-05
56,1,5,bicyclic_ring_system,8.372182051363235e-05
57,1,5,extensive_o_h,8.301911232862284e-05
58,1,5,bovine_pap_nbsp_complex,8.293537354791839e-05
59,1,5,commercial_silicon_wafer,8.255731694135035e-05
60,1,6,k_mm,8.895999377234875e-05
61,1,6,gev_electron_storage_ring,8.688836685272287e-05
62,1,6,magnetic_property,8.630320099754758e-05
63,1,6,crystal_orientation,8.589818921112502e-05
64,1,6,spine_sample_holder,8.456548711763478e-05
65,1,6,hdak_card,8.441323344030729e-05
66,1,6,unresolved_concern,8.300943683892322e-05
67,1,6,c_axis_molecule_pair,8.295364879149003e-05
68,1,6,ethyl_oxamate_group,8.295149860721984e-05
69,1,6,middot_monohydrate,8.260565135174581e-05
70,1,7,shape_determine_peptidoglycan_hydrolase,9.726219048590916e-05
71,1,7,functional_tetramer_form,8.724133560295095e-05
72,1,7,monolithic_double_crystal_measurement,8.622828822211904e-05
73,1,7,article_microfibrillar_structure,8.586898723042054e-05
74,1,7,cl_halogen_bond,8.485734201564504e-05
75,1,7,anhydrous_bromide_crystal_structure,8.479631118114972e-05
76,1,7,biological_implication,8.43259429515595e-05
77,1,7,mode_mu_metal_atom,8.386213049009622e-05
78,1,7,cuii_centre_coordination_polyhedron,8.369848875074507e-05
79,1,7,k_mm,8.337032512554816e-05
80,1,8,perpendicular_magnetic_anisotropy,8.765808444631388e-05
81,1,8,azomethine_n,8.444010203873563e-05
82,1,8,symmetry_center_twofold_axis,8.422938603364339e-05
83,1,8,require_inversion_symmetry,8.289445708867347e-05
84,1,8,dimensional_net_topological_density,8.260394532225913e-05
85,1,8,c_h_perchlorate_anion,8.211931073276983e-05
86,1,8,axis_stack,8.163338205351795e-05
87,1,8,be_symmetry,8.155579097257726e-05
88,1,8,inositol_hydrolysis,8.143508657836909e-05
89,1,8,axis_stack_cl_interaction,8.142551566800554e-05
90,1,9,valuable_information,8.45573054352834e-05
91,1,9,crystal_average_structure,8.44227897038244e-05
92,1,9,molecule_isopropyl_group,8.431495124457498e-05
93,1,9,different_approach,8.41931472932489e-05
94,1,9,principle_calculation,8.274505438646385e-05
95,1,9,c_f_h,8.24491604311716e-05
96,1,9,metal_center_seven_coordinate,8.181284607296694e-05
97,1,9,polar_interaction,8.179495569306898e-05
98,1,9,such_automorphism,8.150870711447726e-05
99,1,9,solid_helium,8.09947780542035e-05
100,1,10,different_level,8.571429961525281e-05
101,1,10,host_rest,8.449900544483887e-05
102,1,10,membered_ring,8.434189484030407e-05
103,1,10,molar_ratio,8.258451023437714e-05
104,1,10,x_background,8.247146112181234e-05
105,1,10,anion_feiii_atom,8.207869957378774e-05
106,1,10,polymeric_chain,8.205296965957027e-05
107,1,10,l_carboxypeptidase_domain,8.1953616467314e-05
108,1,10,osx_interaction,8.193974707656342e-05
109,1,10,dimensional_fold,8.190498812230352e-05
110,1,11,mer_octahedral_configuration,8.704145745178721e-05
111,1,11,p_phosphoru,8.498498110229999e-05
112,1,11,additional_pi_pi_contact,8.49098538678038e-05
113,1,11,c_c_bond_length,8.421662238954491e-05
114,1,11,strong_intercluster,8.381297928940581e-05
115,1,11,residue_dimensional_structure,8.351237031385954e-05
116,1,11,symmetry_state,8.343901634389438e-05
117,1,11,fundamental_energy,8.266054198390666e-05
118,1,11,aring_resolution_diffractometry,8.261239196326525e-05
119,1,11,cu_atom_axial_position,8.259038594050478e-05
120,1,12,iii_middot_ii_i,8.657736432754987e-05
121,1,12,beam_sensitive_organic,8.53650323758611e-05
122,1,12,helical_region,8.438915081663593e-05
123,1,12,continuous_solid_solution,8.332230878518255e-05
124,1,12,phenolic_proton,8.315185342093253e-05
125,1,12,membrane_deletion,8.228185233516454e-05
126,1,12,equatorial_position,8.218720896902025e-05
127,1,12,iii_molecule,8.189707108821513e-05
128,1,12,anion_excess_fluorite,8.165397680589652e-05
129,1,12,detectable_change,8.147243872164932e-05
130,1,13,middot_methanoic_acid_disolvate,8.733215923002311e-05
131,1,13,evaporation_method,8.508200882757234e-05
132,1,13,seven_o_atom,8.474130210957619e-05
133,1,13,essentially_planar_pyrimidine_ring,8.42639305868205e-05
134,1,13,h_atom,8.421598331761461e-05
135,1,13,coefficient_r_march_function,8.387686915960016e-05
136,1,13,exact_solution,8.387290146020101e-05
137,1,13,cuboctahedrally_symmetric_protein_particle,8.33541426398914e-05
138,1,13,scientific_study,8.276867792015075e-05
139,1,13,noticeable_distortion,8.269163400350368e-05
140,1,14,diffraction_line,8.510605178666814e-05
141,1,14,spherical_micelle_cylindrical_transition,8.500311763662734e-05
142,1,14,membered_ring_junction,8.424698156353365e-05
143,1,14,pentamer_formation,8.355385342471366e-05
144,1,14,chelate_sulfate_ligand,8.343175764124654e-05
145,1,14,photon_energy_photoemission,8.290604752468985e-05
146,1,14,polar_head_group,8.271725013059496e-05
147,1,14,metal_atom_distort_octahedron,8.2543772441154e-05
148,1,14,eos_parameter_fit,8.221631349161086e-05
149,1,14,pd_aring_o_distance,8.210630240874863e-05
150,1,15,fringe_visibility,8.414678224997537e-05
151,1,15,set_datum,8.374220554645614e-05
152,1,15,indirect_direct_negative_effect,8.368157802778394e-05
153,1,15,conventional_excitation_laser,8.356355152634052e-05
154,1,15,c_p,8.321627270023323e-05
155,1,15,conserve_p_loop_motif,8.268315296702953e-05
156,1,15,noise_level,8.239105993789416e-05
157,1,15,dermatophagoide_farinae,8.23779801584925e-05
158,1,15,conical_scroll_structure_identification,8.215134789834343e-05
159,1,15,hydrocarbon_exterior,8.200811159000552e-05
160,1,16,widespread_perception,8.806603546036829e-05
161,1,16,flatten_boat_conformation,8.34609195474642e-05
162,1,16,dimethylacetamide_water_l_carbamide,8.316899947957213e-05
163,1,16,sixfold_integration,8.28035575689775e-05
164,1,16,symmetry_center_cyclic_dimer,8.232256705715525e-05
165,1,16,dimethylammonium_cation,8.226621261211527e-05
166,1,16,mathematical_algorithm,8.224886906284517e-05
167,1,16,polarization_state,8.213551313678287e-05
168,1,16,meaningful_shannon_channel,8.211454567997886e-05
169,1,16,spine_standard_sample_holder,8.176836909293806e-05
170,1,17,aring_range,8.990718703676833e-05
171,1,17,alpha_polymorph,8.490340250293225e-05
172,1,17,i_sigma,8.430397241769272e-05
173,1,17,silicon_nitride_nanocrystalline_powder,8.396025681423625e-05
174,1,17,two_pentyl_group,8.310527174394821e-05
175,1,17,pizza_box_stack,8.297953090060613e-05
176,1,17,different_crystal_structure,8.272703152088913e-05
177,1,17,ammonium_h_atom,8.219219890584679e-05
178,1,17,protein_expression_difficulty,8.189730737846271e-05
179,1,17,kappa_p,8.178126207562717e-05
180,1,18,error_measure_propagation,8.534459322196747e-05
181,1,18,putative_bacterial_quinol_oxidase,8.522223673470343e-05
182,1,18,cu_k_reflection,8.442810355322846e-05
183,1,18,ribosomal_kinase,8.330050770656697e-05
184,1,18,present_single_shoot_approach,8.301739571471727e-05
185,1,18,loop_interaction,8.260858514820485e-05
186,1,18,aring_te_cl_interaction,8.22501117854066e-05
187,1,18,preferential_specific_damage_investigation,8.209134290457848e-05
188,1,18,p_prime,8.193391581512483e-05
189,1,18,important_influence,8.165456836972111e-05
190,1,19,beta_beta_delta,8.58404401056521e-05
191,1,19,aring_resolution_ray,8.516424644540022e-05
192,1,19,imperfection_arcsec,8.408158051372732e-05
193,1,19,ammonium_nitride_high_temperature,8.3535533956835e-05
194,1,19,antibiotic_thiopeptide_family,8.348313674714119e-05
195,1,19,statistical_fluctuation,8.313812597392688e-05
196,1,19,decavanadate_anion,8.283653856551675e-05
197,1,19,phosphorus_distance,8.283357174704813e-05
198,1,19,binuclear_unit,8.265267926898865e-05
199,1,19,twist_molecule,8.253927523038177e-05
200,1,20,bind_interaction,8.583138090837327e-05
201,1,20,fuse_cycloheptane_ring,8.547151232230807e-05
202,1,20,polymeric_znii_atom,8.435919613277603e-05
203,1,20,imino_group,8.318002887195254e-05
204,1,20,strong_intramolecular_o_h,8.31389095490378e-05
205,1,20,strong_p,8.249852595091285e-05
206,1,20,van_loock_geise_amp,8.24300627167913e-05
207,1,20,vertex_collision,8.23742832975199e-05
208,1,20,datum_angular_increment,8.215622145646968e-05
209,1,20,tridentate_n_atom,8.176630902869851e-05
210,1,21,structure_rest_holmium,8.812523252115682e-05
211,1,21,clathrin_mediate_endocytosis,8.609097592215438e-05
212,1,21,relate_nonchelating_diimine,8.473139919063801e-05
213,1,21,membrane_surface,8.443151823536762e-05
214,1,21,didysprosium_aluminium_digermanide,8.288116877793443e-05
215,1,21,symmetry_state,8.286556679879343e-05
216,1,21,n_interaction_chain,8.265533219108127e-05
217,1,21,high_fraction,8.23925730424093e-05
218,1,21,engineer_student_innovative_scientist,8.233721631479624e-05
219,1,21,non_h_atom,8.230137320811433e-05
220,1,22,position_sensitive_detector,8.886453911285343e-05
221,1,22,flat_cell,8.638214232954103e-05
222,1,22,network_form_axis_direction,8.441286146469518e-05
223,1,22,future_implementation,8.385145032658144e-05
224,1,22,electronic_energy,8.382377779793557e-05
225,1,22,van_der_sluis_amp,8.272989323373887e-05
226,1,22,correspond_element,8.265313504152394e-05
227,1,22,diffraction_phase_determination,8.241697923170331e-05
228,1,22,fourteen_sulfur_atom,8.199383271072833e-05
229,1,22,high_quality_crystal,8.184062292466616e-05
230,1,23,dha_kinase,8.712783052680382e-05
231,1,23,scatter_length_profile,8.525736339911104e-05
232,1,23,important_receptor_conformational_flexibility,8.281763798110417e-05
233,1,23,infinite_strand,8.269667898887971e-05
234,1,23,lattice_molecule_pack,8.180804064094486e-05
235,1,23,digital_image_correlation_technique,8.173039735262298e-05
236,1,23,protein_intramolecular_motion,8.146398281393992e-05
237,1,23,ng_amp,8.141551912956971e-05
238,1,23,alpha_n_terminal_tail,8.140569280239314e-05
239,1,23,multi_tube_detector,8.127307677740248e-05
240,1,24,ether_o_atom,8.554130624849816e-05
241,1,24,histidinium_cation,8.366153080383034e-05
242,1,24,crystal_growth,8.361571628583776e-05
243,1,24,relate_kinase,8.341943082918768e-05
244,1,24,distort_octahedral_geometry_coordinate,8.25076839065409e-05
245,1,24,adpm_azadipyrromethene_fac_arrangement,8.224990375063149e-05
246,1,24,protein_rna_complex,8.219742767203288e-05
247,1,24,short_c_h,8.165353579201207e-05
248,1,24,kev_inverse_beam_protocol,8.132334001737937e-05
249,1,24,rh_n_bond_length,8.127891980930278e-05
250,1,25,specific_hear_measurement,8.996014215695305e-05
251,1,25,minus_s,8.650762450921575e-05
252,1,25,two_new_dialkylammonium_thiosulfate,8.598024797529865e-05
253,1,25,benzofuran_ring_system,8.470303042980683e-05
254,1,25,si_hg,8.44761513558586e-05
255,1,25,screw_axis,8.425532805882205e-05
256,1,25,c_o_ion_pair,8.421196089623084e-05
257,1,25,subsequent_preparation,8.358955638552698e-05
258,1,25,carbazole_ring,8.312735299065798e-05
259,1,25,n_h_form_plane,8.31207018642888e-05
260,1,26,osx_conserve_fragment,8.674831539252751e-05
261,1,26,genre_icetexane,8.444868946644966e-05
262,1,26,ii_primary_ammonium_salt,8.436046315395713e-05
263,1,26,peer_review_process,8.41014743955675e-05
264,1,26,non_merohedral_component_twin,8.381429484666285e-05
265,1,26,sub_set,8.367483780464649e-05
266,1,26,deprotonat_catechol,8.36394508847893e-05
267,1,26,methylene_lactam,8.333429243488379e-05
268,1,26,hexagonal_structure,8.308154685346025e-05
269,1,26,dimethylphenyl_ring_plane,8.225762884290312e-05
270,1,27,marine_bacterium,8.74741034555128e-05
271,1,27,dithiocarbamate_ligand,8.609698448316094e-05
272,1,27,present_report,8.599777446096774e-05
273,1,27,macromolecular_crystallography_cryocrystallographic_technique,8.422969799399933e-05
274,1,27,transport_vesicle,8.24375844712414e-05
275,1,27,axial_ga_cl_distance,8.201716430840373e-05
276,1,27,photochromism_reason,8.189180261818293e-05
277,1,27,anisotropic_motion,8.125156603862369e-05
278,1,27,extensive_array,8.09975471353869e-05
279,1,27,polymeric_chain,8.075472909848339e-05
280,1,28,chiral_angle_special_value,8.722515948933215e-05
281,1,28,axial_polar_general_tensor,8.579916194751517e-05
282,1,28,phosphorus_distance,8.56478456491922e-05
283,1,28,positive_relation,8.55426109914656e-05
284,1,28,transition_metal_development,8.550951650975722e-05
285,1,28,ytterbium_trifluoride,8.456059706396377e-05
286,1,28,short_n,8.414381888746908e-05
287,1,28,pair_correlation_function,8.328295055485024e-05
288,1,28,occupancy_position,8.288661856700355e-05
289,1,28,x_ray_crystal_structure,8.263403090507298e-05
290,1,29,datum_point,9.2100899097383e-05
291,1,29,control_sample,8.681980603984897e-05
292,1,29,large_unit_cell,8.582594647387512e-05
293,1,29,behaviour_shape,8.425301448357429e-05
294,1,29,putoria_calabrica,8.338214666881149e-05
295,1,29,crystalline_system,8.331953287166443e-05
296,1,29,middot_cl_minus,8.180198618335775e-05
297,1,29,gravitational_influence,8.177297640409727e-05
298,1,29,h_aring_centroid_distance,8.134744167690618e-05
299,1,29,molecular_basis,8.126360717674463e-05
300,1,30,linac_base_positron_beam,8.578986232197385e-05
301,1,30,real_space_refinement,8.476764374186707e-05
302,1,30,beam_dynamic,8.464891552761212e-05
303,1,30,ionic_exchange,8.39907838455431e-05
304,1,30,sigma_direction,8.382250212974875e-05
305,1,30,several_explanation,8.37783383760101e-05
306,1,30,one_f_atom,8.340068316212578e-05
307,1,30,low_resolution,8.296830284579791e-05
308,1,30,residue_specific_role,8.255841798096423e-05
309,1,30,energy_resolution,8.246618841611724e-05
310,1,31,optical_activity,8.532091829144464e-05
311,1,31,microfocused_x_ray_beam,8.524283945100347e-05
312,1,31,extensive_ligand_electronic_delocalization,8.445737343939838e-05
313,1,31,electron_transport_component,8.42417548661755e-05
314,1,31,correction_function,8.386642192206787e-05
315,1,31,equine_pathogen,8.378912130865139e-05
316,1,31,nacnac_ligand,8.331608884876188e-05
317,1,31,c_n_bond_respect,8.261632278575973e-05
318,1,31,prime_oligonucleotide_primer,8.253051752324817e-05
319,1,31,bridgehead_c_atom,8.229839420908752e-05
320,1,32,pyridine_coordinate_cuii_atom,8.711417983399198e-05
321,1,32,pd_cl,8.516867882738144e-05
322,1,32,topo_tomography_method,8.407498465159109e-05
323,1,32,house_dust_mite,8.376073931833444e-05
324,1,32,approximately_week,8.363804364549535e-05
325,1,32,quaternary_dilanthanum_lithium_tetragermanium,8.34275511353253e-05
326,1,32,two_water_molecule,8.308171876913983e-05
327,1,32,heptamer_alpha_crystal,8.297733653182093e-05
328,1,32,ligand_s_atom,8.267763427395018e-05
329,1,32,carboxyl_protonated_amino,8.265196260422588e-05
330,1,33,storage_system_realization,8.681857977697122e-05
331,1,33,counterion_distribution,8.607963775534272e-05
332,1,33,micelle_morphology,8.570923833662356e-05
333,1,33,bridge_bimetallic_complex,8.516933435676559e-05
334,1,33,air_wet_dry_biospecimen,8.455433701578152e-05
335,1,33,agi_centre,8.375042180299051e-05
336,1,33,aring_planarity_mean_deviation,8.34065545661539e-05
337,1,33,edge_share_chain,8.24603090969597e-05
338,1,33,kegg_database_streptococcus_mutan,8.225505380841941e-05
339,1,33,nh_c_torsion_angle,8.204963776019867e-05
340,1,34,hc_anion,8.85279790252768e-05
341,1,34,solution_crystal,8.561309953882256e-05
342,1,34,spine_sample,8.450363864614702e-05
343,1,34,grain_boundary_quasicrystal,8.401167176449504e-05
344,1,34,n_diethylpentanaminium,8.369079443550888e-05
345,1,34,axial_position_methanol_ligand,8.318677407298301e-05
346,1,34,simultaneous_reflection,8.300782364462367e-05
347,1,34,centrosymmetric_space_group,8.269275791817202e-05
348,1,34,engineer_student_innovative_scientist,8.264211947539803e-05
349,1,34,thin_metal_foil,8.24346777754346e-05
350,1,35,user_shift,9.41840011845537e-05
351,1,35,locally_strain_alloy,8.608647779793108e-05
352,1,35,naphthalene_system,8.532069722112105e-05
353,1,35,different_datum_collection_strategy,8.504226068699223e-05
354,1,35,model_build,8.428866885770902e-05
355,1,35,perpendicular_distance,8.383937862453325e-05
356,1,35,spectral_feature,8.376839509790451e-05
357,1,35,niobium_chromium_pentasulfide,8.360029187488797e-05
358,1,35,protonat_amine_n_atom,8.324760045474682e-05
359,1,35,diffraction_dynamical_theory,8.26849112869675e-05
360,1,36,aromatic_h,8.531753116649054e-05
361,1,36,partially_occupy_molecule,8.470799821289873e-05
362,1,36,imidazole_ring_close_interaction,8.405071457536983e-05
363,1,36,high_symmetry_state_evolve,8.33830614876977e-05
364,1,36,acceptor_o_atom,8.258039875175424e-05
365,1,36,tran_effect,8.241247227119326e-05
366,1,36,d_glucuronolactone,8.22954124504548e-05
367,1,36,hydrogen_deuterium_exchange,8.18722346478671e-05
368,1,36,corona_precise_geometrical_model,8.179178623813485e-05
369,1,36,cl_interaction,8.15482943894244e-05
370,1,37,silicon_thin_specimen,8.971757627531189e-05
371,1,37,minus_disulfonylimide_o_atom,8.507713929171049e-05
372,1,37,point_diffraction,8.463124919657666e-05
373,1,37,cellular_process,8.401381741844029e-05
374,1,37,impurity_crystalline_phasis_presence,8.39267248556909e-05
375,1,37,satellite_reflection,8.33248183801976e-05
376,1,37,adjacent_mononuclear_unit,8.324946802382467e-05
377,1,37,flat_plate_geometry,8.313742256946915e-05
378,1,37,plane_parallel_layer,8.259311296604158e-05
379,1,37,coherence_requirement,8.19329995040957e-05
380,1,38,orf_open_read_frame,8.722133232613853e-05
381,1,38,dhod_crystal,8.604323161642824e-05
382,1,38,cpu_time_considerable_improvement,8.523418489114085e-05
383,1,38,tetragonal_lysozyme_crystal,8.31985162555917e-05
384,1,38,deprotonat_ligand,8.278552971529332e-05
385,1,38,important_receptor,8.27054056692855e-05
386,1,38,feature_extraction,8.241742725633245e-05
387,1,38,protein_intramolecular_motion,8.176343945094426e-05
388,1,38,be_carbon_atom,8.173227715350243e-05
389,1,38,phenyl_ring_angle,8.152679631016736e-05
390,1,39,computer_program,8.56069818688499e-05
391,1,39,crystal_molecule,8.493470938572275e-05
392,1,39,root_mean_square_deviation,8.480072828667816e-05
393,1,39,straight_line,8.297027353792209e-05
394,1,39,ammonium_ion_complex_cation,8.25267315148044e-05
395,1,39,silicon_crystal,8.217110243313983e-05
396,1,39,approximately_aring_be,8.182496680716287e-05
397,1,39,minus_disulfonylimide_o_atom,8.179258375300975e-05
398,1,39,classical_static_structural_characterisation,8.149937885307151e-05
399,1,39,sample_flow,8.139967793091664e-05
400,1,40,c_h_result,8.685036495979278e-05
401,1,40,elemental_manganese,8.639251431452566e-05
402,1,40,x_stuff_ray,8.579737513934298e-05
403,1,40,physiological_dimer_interface,8.577015905199385e-05
404,1,40,shape_particle,8.480507130009258e-05
405,1,40,clathrin_adaptor_complex,8.46454638484904e-05
406,1,40,crystallographic_twofold_axis,8.461513420453682e-05
407,1,40,extensive_weak_pi,8.368150030359383e-05
408,1,40,trypsin_digestion,8.36778046251125e-05
409,1,40,chair_conformation_cyclohexane_ring,8.312268514330446e-05
410,1,41,short_hydrogen,8.774280520393752e-05
411,1,41,octahedral_mn_atom,8.601558691103654e-05
412,1,41,triplet_probability_distribution_monitor,8.433977123599937e-05
413,1,41,datum_quality_poor_indicator,8.3867440615787e-05
414,1,41,ow_h,8.360148521656211e-05
415,1,41,dap_bii_pseudoxanthomonas_mexicana,8.351800454771825e-05
416,1,41,post_translational_modification,8.316381738247953e-05
417,1,41,feature_local_behaviour,8.316298028942446e-05
418,1,41,present_experiment,8.297211315021517e-05
419,1,41,torsion_bend,8.25502835361667e-05
420,1,42,mx_beamline_pair,8.66738427235868e-05
421,1,42,frame_buff,8.633456516187467e-05
422,1,42,ethanol_solvate,8.559792475261764e-05
423,1,42,trigonal_bipyramidal_coordinate_geometry,8.509445459607753e-05
424,1,42,sheet_like_entity,8.422783210097911e-05
425,1,42,acetonitrile_ligand,8.352527812165747e-05
426,1,42,time_minus,8.20557534996146e-05
427,1,42,detergent_corona,8.191500388982972e-05
428,1,42,plane_wave,8.190850553886593e-05
429,1,42,intensity_measurement,8.183034183651521e-05
430,1,43,isomorphous_crystal,9.123330411339516e-05
431,1,43,high_heat_load,9.058940071336104e-05
432,1,43,size_existence,8.70209842787226e-05
433,1,43,dimensional_nanopillar,8.61131486684969e-05
434,1,43,hepatitis_virus,8.359690118274344e-05
435,1,43,spectral_information,8.274487260287549e-05
436,1,43,c_h_br_distance,8.235265530955144e-05
437,1,43,gamma_form,8.233550957174804e-05
438,1,43,prime_prime_prime_systematic,8.229922457184947e-05
439,1,43,constituent_atom_mean_plane,8.19031067098056e-05
440,1,44,different_approach,9.23458261443925e-05
441,1,44,sulfonyl_urea_derivative,8.760759337850545e-05
442,1,44,hydrogenation_property,8.723143184777905e-05
443,1,44,pyridoxal_phosphate,8.521642481765799e-05
444,1,44,t_magnetic_field,8.43660610455927e-05
445,1,44,smiii_atom,8.421313450585719e-05
446,1,44,mu_mu_new,8.407043411929487e-05
447,1,44,deviation_group_phenyl_ring,8.405054384639249e-05
448,1,44,covalent_complex,8.37921384946001e-05
449,1,44,bias_gaussian_probability_distribution,8.334536664202469e-05
450,1,45,perfect_germanium_crystal,8.970900082788749e-05
451,1,45,thin_specimen,8.952786435988708e-05
452,1,45,general_agreement,8.593962132546051e-05
453,1,45,polycrystalline_specimen,8.546254375314931e-05
454,1,45,final_r,8.527140435907758e-05
455,1,45,indole_alkaloid_single_crystal,8.524530426408364e-05
456,1,45,fluorophenyl_ring_methoxyphenyl,8.484343986127415e-05
457,1,45,diyttrium_heptaoxodisilicate,8.396634712512972e-05
458,1,45,similar_function,8.39112642320658e-05
459,1,45,snapshot_set,8.323276792447013e-05
460,1,46,research_proposal_approval,8.71453201318429e-05
461,1,46,seven_endogenous_cysteine,8.47589763055863e-05
462,1,46,magnetic_field_perpendicular_plane,8.459385420626691e-05
463,1,46,quality_crystal,8.420684636057775e-05
464,1,46,ring_attach_hydroxy_group,8.265949629216011e-05
465,1,46,mechanical_viscoelastic_property,8.263450082816249e-05
466,1,46,o_bond_distance_ag,8.240657139353033e-05
467,1,46,functional_material_type,8.202142630281552e-05
468,1,46,modify_enzyme,8.165495899593934e-05
469,1,46,substitute_meso_position_phenyl,8.160073867135179e-05
470,1,47,saxs_measurement,8.455992941061852e-05
471,1,47,tetrahedral_framework_cavity,8.373064924546708e-05
472,1,47,twist_boat,8.369775816755728e-05
473,1,47,ligand_dppm_contain_complex,8.363936081156142e-05
474,1,47,time_scale,8.33522507874363e-05
475,1,47,mechanistic_aspect,8.327435163113281e-05
476,1,47,line_width,8.324704565117502e-05
477,1,47,datum_angular_increment,8.306584499752569e-05
478,1,47,coordination_number,8.305732952702427e-05
479,1,47,dioxane_bridge,8.283897772673449e-05
480,1,48,large_small_deg,8.456262038347088e-05
481,1,48,bridge_ligand_act_ligand,8.391153542095299e-05
482,1,48,pr_structure,8.370394460081382e-05
483,1,48,diferric_lactoferrin,8.344431578939514e-05
484,1,48,scn_anionic_charge,8.330255699028271e-05
485,1,48,extremely_asymmetrical_diffraction_geometry,8.292501009035243e-05
486,1,48,benzene_furan_ring,8.275450389821856e-05
487,1,48,minus_intermediate_alloy,8.192854240373104e-05
488,1,48,flat_molecule_structure,8.165502782449487e-05
489,1,48,m_edge_study,8.162342319407222e-05
490,1,49,framework_structure,8.644530950793843e-05
491,1,49,electron_crystallography,8.614304148683692e-05
492,1,49,complete_kinetic_arrest,8.357189118981673e-05
493,1,49,molecular_chaperone,8.33196527572892e-05
494,1,49,carboxyl_protonated_amino,8.324106884634227e-05
495,1,49,molecule_disorder,8.317571223377652e-05
496,1,49,cytidine_analogue_crystal_structure,8.273518848010744e-05
497,1,49,sandwich_structure,8.255553437713091e-05
498,1,49,mix_anion,8.171796621214786e-05
499,1,49,important_enzyme,8.152798080916867e-05
0,2,0,decarboxylation_disulphide_bond,8.08106920204556e-05
1,2,0,nucleophilic_serine,8.021388352997114e-05
2,2,0,femtosecond_scale,7.981035343384476e-05
3,2,0,agc_kinase_family_member,7.938038872830519e-05
4,2,0,trigonal_bipyramidal_geometry,7.918698602248408e-05
5,2,0,stable_polymorphic_form,7.873977315113348e-05
6,2,0,tridentate_ligand_atom,7.860628078394008e-05
7,2,0,repair_dna,7.821936490586807e-05
8,2,0,ncs_relate_part,7.819962232608325e-05
9,2,0,sperm_whale_myoglobin_structure,7.804239606872855e-05
10,2,1,model_system,8.184703241776203e-05
11,2,1,low_temperature_form,7.949262841097539e-05
12,2,1,fast_datum_collection,7.851667319190872e-05
13,2,1,potassium_complex,7.830880589965584e-05
14,2,1,aring_donor_acceptor_distance,7.816160691447474e-05
15,2,1,high_e_value,7.808662270436691e-05
16,2,1,phase_numerical_example,7.794794132285311e-05
17,2,1,supramolecular_network,7.74522629131014e-05
18,2,1,charge_oxidation_state,7.713496477081671e-05
19,2,1,x_ray_crystallographic_result,7.692750377200629e-05
20,2,2,weak_intermolecular_pyrimidine_carboxyl,8.077491998866294e-05
21,2,2,pseudouridine_rrna_uridine_isomerization,8.061341581308043e-05
22,2,2,automatic_sample_exchange,8.009137803843556e-05
23,2,2,interionic_c,7.998653392932406e-05
24,2,2,additional_local_disorder,7.844583514797168e-05
25,2,2,detail_structural_analysis,7.799766775479478e-05
26,2,2,mirror_symmetry,7.77129345257802e-05
27,2,2,deg_s_angle_pd,7.76658630802368e-05
28,2,2,tangent_formula,7.752501255281762e-05
29,2,2,derivative_benzophenone_methyl,7.715227118777652e-05
