,run,topic,terms,p
n,8.376596178223779e-05
1,1,0,iii_dimeric_complex,8.373370323044946e-05
2,1,0,cs_counterion_distribution,8.362105775694525e-05
3,1,0,l_absorption_edge,8.337145954853825e-05
4,1,0,hybrid_pixel_detector,8.322382744258742e-05
5,1,0,minus_salt_solvate,8.295638695654074e-05
6,1,0,rna_bind_domain,8.112098104881832e-05
7,1,0,order_phase_transition,8.068435682846114e-05
8,1,0,tetrahedral_geometry,8.058345467873176e-05
9,1,0,x_ray_topo_tomography,8.044417142630659e-05
10,1,1,nc_net,8.494627233569627e-05
11,1,1,crystal_likely_laue_group,8.33007675058095e-05
12,1,1,vertical_rowland_cycle,8.298528842594607e-05
13,1,1,planar_benzene_ring,8.130080976787648e-05
14,1,1,catalytic_cofactor,8.129808303917204e-05
15,1,1,cyclohexyl_ring,8.117163336320627e-05
16,1,1,similar_peak_width,8.102592813843761e-05
17,1,1,publish_asymmetric_unit,8.098693851846839e-05
18,1,1,start_model,8.062229669809968e-05
19,1,1,fashion_direction_stack,8.047019002368778e-05
20,1,2,cytotoxicity_enhancement_complex_lead,8.515996186302983e-05
21,1,2,investigate_system,8.489483313068196e-05
22,1,2,pentafluorophenyl_ring,8.329329796916241e-05
23,1,2,resolution_function,8.306686683125926e-05
24,1,2,small_crystal,8.204882280720011e-05
25,1,2,thioredoxin_tag,8.18530549241457e-05
26,1,2,refraction_index,8.063132951521621e-05
27,1,2,anomalous_scatterer_placement,8.047030556404997e-05
28,1,2,van_addition,8.03432347939776e-05
29,1,2,npos_uos_thos_type,8.013117442222111e-05
30,1,3,da_method_high_resolution,8.555410062575712e-05
31,1,3,single_board_microcomputer_application,8.378580660817976e-05
32,1,3,peak_diffract_wave,8.20257627641663e-05
33,1,3,o_h_intramolecular_deg,8.189765313602289e-05
34,1,3,h_g_function,8.120652355783616e-05
35,1,3,unit_cell_size_increase,8.094194588822697e-05
36,1,3,iodide_silver_synthetic_crystal,8.088011498043977e-05
37,1,3,n_h_s,8.03470014351677e-05
38,1,3,rock_salt_structure,8.033914779682646e-05
39,1,3,sofa_conformation,8.02086697169191e-05
40,1,4,unique_weak_c_h,8.512802811575118e-05
41,1,4,nucleotide_n,8.464989628922429e-05
42,1,4,dpno_moiety,8.261647209039921e-05
43,1,4,endothermic_desolvation,8.259002548581616e-05
44,1,4,asymmetric_unit_decameric_ring,8.251482917664515e-05
45,1,4,tetragonal_lysozyme_crystal,8.204203040829059e-05
46,1,4,agi_polytype,8.161468793933964e-05
47,1,4,mycobacterium_structure,8.142148929747049e-05
48,1,4,magnetic_field_transport_positron,8.138190601681791e-05
49,1,4,small_angle_direction,8.110461581391371e-05
50,1,5,isomorphism_class,8.453494135577481e-05
51,1,5,dihedral_angle_form_molecule,8.285087637764504e-05
52,1,5,robotic_sample,8.178786711754668e-05
53,1,5,oxygen_transport_metalloprotein,8.111154576856309e-05
54,1,5,di_n_butylammonium,8.089539673618091e-05
55,1,5,net_quotient_graph,8.084733434331904e-05
56,1,5,nonspecific_manner,8.043634104390845e-05
57,1,5,linearly_extend_conformation_moiety,8.037890089397286e-05
58,1,5,arbitrary_crystal_system,8.027175620472463e-05
59,1,5,isoquinoline_ring_system,8.012556826190053e-05
60,1,6,sr_corner_share_octahedron,8.872602777327124e-05
61,1,6,adjacent_molecule_cl_atom,8.44580596135014e-05
62,1,6,x_ray_wideband,8.128246606750102e-05
63,1,6,zero_position_value,8.090839619705153e-05
64,1,6,classical_chair_conformation,8.013183934524112e-05
65,1,6,flexible_nature,7.997151187523451e-05
66,1,6,egr_monoclinic_z,7.991802886722529e-05
67,1,6,catecholic_dioxygenas,7.991259725866474e-05
68,1,6,equilibrium_position,7.978462111678522e-05
69,1,6,cluster_particle,7.965487271034425e-05
70,1,7,exact_density,8.262403549855176e-05
71,1,7,ii_i_semicarbazone,8.252226702257196e-05
72,1,7,averbach_procedure,8.206843113547582e-05
73,1,7,excitation_laser,8.201717129846109e-05
74,1,7,triazolium_ring,8.06546261936314e-05
75,1,7,dimensional_hydrogen_bond_sheet,8.061901069111367e-05
76,1,7,atomic_modulation,8.028804454027799e-05
77,1,7,downward_displacement,7.994396040089933e-05
78,1,7,phenolic_proton,7.990372167195727e-05
79,1,7,chemical_probe_application,7.971126280904098e-05
80,1,8,n_substituent,8.533335389778783e-05
81,1,8,br_atom,8.243151448511194e-05
82,1,8,future_prospect,8.2270158726508e-05
83,1,8,f_interaction,8.195718936731884e-05
84,1,8,bromophenyl_phenyl_ring,8.154675416254194e-05
85,1,8,food_source,8.150913542087439e-05
86,1,8,transmembrane_domain,8.13581691048505e-05
87,1,8,promise_result,8.086936002085188e-05
88,1,8,osmium_cluster,8.0628638036864e-05
89,1,8,magnetic_domain_pair_domain,8.038680407388645e-05
90,1,9,initial_model,8.364578211072275e-05
91,1,9,single_native_crystal,8.274907005943077e-05
92,1,9,mnii_cation,8.269147051465907e-05
93,1,9,refine_composition,8.26763836089823e-05
94,1,9,configure_hexyloxy_chain,8.210405871201494e-05
95,1,9,low_medium_resolution,8.13865323626402e-05
96,1,9,fragment_crystal,8.116070747280434e-05
97,1,9,human_mitochondrion_deinococcus_radioduran,8.106319549474415e-05
98,1,9,mutually_tran_configuration_atom,8.067166155551313e-05
99,1,9,phase_experiment,8.066121428669477e-05
0,2,0,tolman_angle,8.503156155648354e-05
1,2,0,energy_carbon_source,8.325124965173171e-05
2,2,0,network_form_hydrogen_bond,8.285574856325932e-05
3,2,0,coordination_polyhedron,8.231896073351508e-05
4,2,0,p_hydrogen_bond_o,8.099786157610394e-05
5,2,0,anomalous_scatter,8.070762398726608e-05
6,2,0,lead_intermolecular_c_h,8.008133140363566e-05
7,2,0,anthracene_moiety,7.975529634156421e-05
8,2,0,unesco_iucr_flagship,7.974984386855733e-05
9,2,0,eno_molecule,7.940066029515711e-05
10,2,1,delta_square_plane,8.289716154630944e-05
11,2,1,crystalline_thiosalicylic_acid,8.25377224606705e-05
12,2,1,accurate_crystallographic_structure_amplitude,8.190450733395666e-05
13,2,1,source_problem,8.186176512498294e-05
14,2,1,o_distance,8.172883497559236e-05
15,2,1,flavin_mononucleotide_dependent_manner,8.166672322219916e-05
16,2,1,focus_spot,8.161440040190646e-05
17,2,1,range_distance,8.141301074440103e-05
18,2,1,mesoporous_silica_matrix,8.126196921511044e-05
19,2,1,mutagenesis_structural_study,8.098424130239808e-05
20,2,2,moderate_c_h,8.987281858060068e-05
21,2,2,aring_vm,8.494937174204206e-05
22,2,2,glycosyl_torsion,8.41945382415885e-05
23,2,2,true_scatter_curve,8.356155464952068e-05
24,2,2,input_datum_minimum_numb,8.3412350682567e-05
25,2,2,evaporation_method,8.247222641871146e-05
26,2,2,molecule_fragment,8.207027761821996e-05
27,2,2,uncolored_symmetrical_tile_g,8.152148720002062e-05
28,2,2,candidate_vaccine,8.099200707408967e-05
29,2,2,shannon_channel,8.089026224786513e-05
30,2,3,experimentally_observe_structure,8.289433560233722e-05
31,2,3,total_angular_range,8.223322547575751e-05
32,2,3,periodic_organization,8.214805476129214e-05
33,2,3,sigma_e_signal_pathway,8.194811667031738e-05
34,2,3,vme_board_gatenet_module,8.159625910555026e-05
35,2,3,fringe_visibility,8.146371396037032e-05
36,2,3,figure_aspartate,8.135151992675437e-05
37,2,3,order_zone,8.099931544241296e-05
38,2,3,rubbery_material_property,8.080690587092264e-05
39,2,3,endo_angle_typical_deformation,8.050163309625812e-05
40,2,4,drug_target,8.307226034168652e-05
41,2,4,hydrogen_bond_linear_chain,8.267636422710241e-05
42,2,4,domain_contribution,8.262020783737618e-05
43,2,4,interest_sample,8.196676589749874e-05
44,2,4,previous_structure_resolution,8.168754697664981e-05
45,2,4,triplet_phase,8.024479803209754e-05
46,2,4,exact_fiber_identity_period,8.02414393689327e-05
47,2,4,nanoparticle_isolate_molecule,8.005216719327897e-05
48,2,4,cdii_ion,7.995740997608704e-05
49,2,4,wild_type,7.9939318828798e-05
50,2,5,characteristic_torsion_angle,8.420983494047154e-05
51,2,5,interest_link,8.309495904141227e-05
52,2,5,camera_application,8.196162139921313e-05
53,2,5,avalanche_photodiode,8.195332752591281e-05
54,2,5,neighbor_molecule,8.192095138100183e-05
55,2,5,internal_loop_exception,8.189445312959418e-05
56,2,5,characterize_modification,8.118268322054336e-05
57,2,5,point_mention_question,8.116147156802758e-05
58,2,5,proteasome_concentrate_isolate_co,8.073331215699829e-05
59,2,5,b_spline_function_knot,8.06475800398969e-05
60,2,6,coincidence_site_lattice,8.60639236057932e-05
61,2,6,be_symmetry,8.241080301525228e-05
62,2,6,nitrophenoxy_group,8.232437838912576e-05
63,2,6,possible_use,8.213105414414483e-05
64,2,6,monodentate_carboxylate_bridge,8.207121062851877e-05
65,2,6,exhibit_envelope_conformation,8.165092017778523e-05
66,2,6,weak_hydrogen_bond,8.15351076343334e-05
67,2,6,overall_numb,8.107031479812728e-05
68,2,6,ion_form_network,8.101966617292237e-05
69,2,6,low_temperature_structure,8.092710708878252e-05
70,2,7,homodimeric_kda_pyruvate,8.662431855364244e-05
71,2,7,health_importance,8.623056053216942e-05
72,2,7,reciprocal_space_scatter_diffuse,8.347969650933758e-05
73,2,7,ideal_orientation,8.228865125523736e-05
74,2,7,bipyridine_ligand,8.166585506419294e-05
75,2,7,t_film_result,8.162682286001244e-05
76,2,7,isochroman_isocoumarin,8.086860093930187e-05
77,2,7,fourier_transform,8.071709290694755e-05
78,2,7,density_modulation,8.06864303129684e-05
79,2,7,grain_size,8.059427116742472e-05
0,3,0,static_light_scatter,7.373048115657993e-05
1,3,0,brown_dihydrate,7.280842375445221e-05
2,3,0,monoclinic_form,7.27614742963546e-05
3,3,0,synchrotron_radiation_datum,7.246971855461133e-05
4,3,0,spatial_confinement,7.214801734709222e-05
5,3,0,assembly_pattern,7.206107152234545e-05
6,3,0,experimental_biophysical_method,7.194852688245787e-05
7,3,0,spallation_neutron,7.188729690939693e-05
8,3,0,membrane_stimulate_conformational_change,7.179532708637398e-05
9,3,0,aring_resolution_x_ray,7.172614343862136e-05
