,run,topic,terms,p
_present_triglyceride,8.683240417043188e-05
1,1,0,eno_salt_cocrystal,8.43522818458578e-05
2,1,0,phase_extension,8.395392889579396e-05
3,1,0,twist_grain_boundary_phasis,8.361759787739814e-05
4,1,0,amino_h_atom,8.359743568298088e-05
5,1,0,solar_cell_component,8.318759529161758e-05
6,1,0,cuii_atom,8.301198398154115e-05
7,1,0,unknown_structure,8.291645284270954e-05
8,1,0,sulfonamide_group,8.27389196762436e-05
9,1,0,main_chain,8.236917297030369e-05
10,1,1,x_ray_diffractometer,8.639039160376118e-05
11,1,1,add_atom,8.584018565441822e-05
12,1,1,computational_result,8.550862029615772e-05
13,1,1,acceptor_distance,8.346780872430701e-05
14,1,1,z_dna_oligomer,8.313470116011481e-05
15,1,1,partial_structure,8.293713064851896e-05
16,1,1,approximately_planar,8.245819121201793e-05
17,1,1,tran_octahedral_coordination,8.191899518654588e-05
18,1,1,potential_site,8.147617965777367e-05
19,1,1,synchrotron_beam,8.142301138254315e-05
20,1,2,advective_motion,8.435263097039108e-05
21,1,2,integration_project,8.354442273380538e-05
22,1,2,benzene_triazole,8.313806589858572e-05
23,1,2,refine_fatty_material,8.258167234157701e-05
24,1,2,membrane_protein_crystal,8.248725547649014e-05
25,1,2,solid_helium_factor_temperature,8.215804070241141e-05
26,1,2,x_ray_emission_spectrometer,8.208985972355387e-05
27,1,2,result_species,8.147813354782205e-05
28,1,2,asymmetric_unit_unique_molecule,8.135412846122575e-05
29,1,2,metal_inorganic,8.079043904859849e-05
30,1,3,matthew_coefficient_analysis,8.507366415658664e-05
31,1,3,well_diffract_crystal,8.430459247542468e-05
32,1,3,macroscopic_deformation,8.313733138816038e-05
33,1,3,srs_scientific_highlight_selection,8.286437133197831e-05
34,1,3,protein_crystallization_growth,8.274989365213397e-05
35,1,3,phenyl_ring_dihedral_angle,8.274372331769477e-05
36,1,3,volatile_organic,8.218374837823499e-05
37,1,3,unsolved_sad_datum_set,8.187336437992367e-05
38,1,3,pi_stack_interaction,8.185838121877806e-05
39,1,3,long_range_crystal_order,8.119644778047851e-05
40,1,4,er_stress_transducer,8.82300144604911e-05
41,1,4,concentration_coexist,8.696315148402335e-05
42,1,4,complete_satisfactory_explanation,8.370755618419189e-05
43,1,4,porphyrin_coordinate_complex,8.314211444122275e-05
44,1,4,probability_distribution,8.302695469109757e-05
45,1,4,organic_molecule_zwitterion,8.282498573092357e-05
46,1,4,symmetric_moiety,8.183728812306087e-05
47,1,4,unique_pathway,8.135737506549239e-05
48,1,4,reflect_crystal,8.070814921214916e-05
49,1,4,keto_group_o_atom,8.024748692526399e-05
50,1,5,distinct_possibility,9.478406836385042e-05
51,1,5,uncolored_symmetrical_tile_g,8.598020741058038e-05
52,1,5,site_symmetry_feii_ion,8.531109321733615e-05
53,1,5,phenol_oh_group,8.50570720771562e-05
54,1,5,specific_site,8.48492623758657e-05
55,1,5,cell_component,8.471859123897797e-05
56,1,5,minus_be,8.363103804838241e-05
57,1,5,in_cation,8.360308762126726e-05
58,1,5,incident_neutron,8.295628059514157e-05
59,1,5,recipe_screen_formulation,8.251929397109084e-05
60,1,6,biomedical_structure_determination,8.49979923204365e-05
61,1,6,chain_cdii_cation,8.438138151947414e-05
62,1,6,anionic_architecture,8.373806836769905e-05
63,1,6,molecule_a,8.313164554009234e-05
64,1,6,egg_white_lysozyme,8.302884721274379e-05
65,1,6,new_intermetallic,8.27460290232344e-05
66,1,6,ctb_cholera_toxin,8.235984032296912e-05
67,1,6,non_negligible_amorphous_phase,8.136232759587175e-05
68,1,6,symmetry_polyanion,8.123501145002324e-05
69,1,6,melt_linear_polyethylene_crystallization,8.114437666491343e-05
70,1,7,streptomyces_lividan,8.600145926891393e-05
71,1,7,kappa_kappa,8.47267763567271e-05
72,1,7,oxime_group,8.403342075588838e-05
73,1,7,anion_cl_atom,8.381666623105684e-05
74,1,7,large_database,8.37387693444497e-05
75,1,7,isonicotinamide_ligand,8.362032763855325e-05
76,1,7,atomic_vibration_component_covariance,8.319445079741393e-05
77,1,7,irregular_coordination,8.284536746438818e-05
78,1,7,trial_structure,8.283728188089194e-05
79,1,7,malimide_grignard_reaction,8.282389022840221e-05
80,1,8,small_structure_factor_difference,8.868302615321736e-05
81,1,8,great_tran_influence,8.367059949924905e-05
82,1,8,cbed_pattern_phasis_inspection,8.211397827349276e-05
83,1,8,centrosymmetric_ring_type,8.200632716165737e-05
84,1,8,acid_aib_gly_glycine,8.1918917087969e-05
85,1,8,parent_structure,8.163069449407483e-05
86,1,8,locomotion_support_load,8.114153285218828e-05
87,1,8,external_stress,8.11060762682873e-05
88,1,8,two_l_ligand,8.065349287807744e-05
89,1,8,molecule_overall_geometry,8.032698898843183e-05
90,1,9,dinuclear_complex_molecule,8.599407526251136e-05
91,1,9,o_pi_hydrogen_bond,8.584080681908044e-05
92,1,9,nuclear_antigen,8.497140653393593e-05
93,1,9,small_molecule_structure,8.407691066153216e-05
94,1,9,micro_be_pitch_strip,8.371276753480684e-05
95,1,9,c_h_plane,8.35166250668389e-05
96,1,9,crystal_average_structure,8.347867848125385e-05
97,1,9,dihydroorotate_dehydrogenase,8.272015027821212e-05
98,1,9,molecular_conformation_type,8.204429845752942e-05
99,1,9,secondary_metabolism,8.17638658885203e-05
100,1,10,crystal_pack,8.670955166398806e-05
101,1,10,oxygen_molecule,8.415886814920106e-05
102,1,10,gnomonic_stereographic_projection_production,8.381153471633545e-05
103,1,10,half_protonated_acridine_cation,8.370876227911271e-05
104,1,10,point_mutant,8.365242602063632e-05
105,1,10,si_ge_atom,8.287800403334498e-05
106,1,10,hetero_antiparallel,8.232868104080374e-05
107,1,10,small_dimension,8.227296169164612e-05
108,1,10,centrosymmetric_tetramer,8.185570420001516e-05
109,1,10,layer_motif,8.184611019602716e-05
110,1,11,ligand_presence,8.536843761710053e-05
111,1,11,test_measurement,8.382701186507436e-05
112,1,11,electronic_delocalization,8.362966226046737e-05
113,1,11,dioxane_bridge,8.318285584346583e-05
114,1,11,promise_condition_optimization,8.307608705993733e-05
115,1,11,square_grid_motif,8.285118778155941e-05
116,1,11,research_reactor,8.241218415943957e-05
117,1,11,molecule_pair,8.191656156132757e-05
118,1,11,refraction_effect,8.154238919027147e-05
119,1,11,molecule_interaction,8.151101602952692e-05
120,1,12,carbon_skeletal_plane,8.436081128974598e-05
121,1,12,acid_h,8.375108568292268e-05
122,1,12,dislocation_model,8.347250155322747e-05
123,1,12,quinazolinone_ring_system,8.236393006302923e-05
124,1,12,anomalous_ratio,8.224557150170075e-05
125,1,12,coordination_polyhedron,8.211119317126624e-05
126,1,12,coherent_wave,8.185956819508123e-05
127,1,12,stoichiometric_composition,8.163609346812865e-05
128,1,12,additional_membered_ring,8.153852232880697e-05
129,1,12,lead_intermolecular_c_h,8.145563915398667e-05
130,1,13,dynamic_nature_molecular_pack,8.749904501663159e-05
131,1,13,automorphism_group,8.589649864812152e-05
132,1,13,large_database_use,8.483300530419376e-05
133,1,13,scientific_study,8.442449515684256e-05
134,1,13,dudp_inhibitor_dump_product,8.315451005165205e-05
135,1,13,nuclear_motion,8.20507507907269e-05
136,1,13,transmembrane_protein,8.198585782728704e-05
137,1,13,non_classical_c_h,8.189889335153207e-05
138,1,13,tran_tran,8.180141869953756e-05
139,1,13,important_structural_information,8.163106406932503e-05
140,1,14,distortion_magnitude_sigmoidal_dependence,9.050203498279862e-05
141,1,14,personal_computer_type,8.56281890224962e-05
142,1,14,highly_conserve_family,8.307344782456977e-05
143,1,14,periodic_table_inert_element,8.281931384260703e-05
144,1,14,tin_halide_bond_shaft,8.263938466649217e-05
145,1,14,be_carbon,8.227992222764495e-05
146,1,14,know_structure,8.194076741322101e-05
147,1,14,germanium_atomic_scatter_factor,8.188460109213247e-05
148,1,14,geometric_parameter_unusual_value,8.173463515599719e-05
149,1,14,dsb_family,8.10285974736471e-05
150,1,15,envelope_conformation,8.536561944515995e-05
151,1,15,high_x_ray_absorption,8.328034034630065e-05
152,1,15,cyclopentadienyl_ring,8.248810116401933e-05
153,1,15,fourier_transformation_sample_theorem,8.229536860189876e-05
154,1,15,explicit_enumeration,8.221486636669988e-05
155,1,15,water_molecule_ligand,8.185628075472169e-05
156,1,15,low_barrier,8.167185492889097e-05
157,1,15,crystal_pack_turn,8.146699564259839e-05
158,1,15,bulky_prime,8.130663034916376e-05
159,1,15,arctangent_function,8.089030013436142e-05
160,1,16,situ_sample,8.679437719182763e-05
161,1,16,occupancy_ratio_orientation,8.512420384420027e-05
162,1,16,unesco_iucr_flagship_initiative,8.47577323360449e-05
163,1,16,hydrogen_bond_topology,8.40773721893796e-05
164,1,16,inelastic_elastic_scatter,8.31176812355862e-05
165,1,16,mutans_analysis,8.300802589807835e-05
166,1,16,almost_atom,8.188502606770993e-05
167,1,16,angle_analysis,8.158304109498554e-05
168,1,16,low_index_structure,8.147496893084876e-05
169,1,16,crystal_time_nucleus,8.109585098628064e-05
170,1,17,detailed_analysis,8.803409281815506e-05
171,1,17,underlie_parent_structure,8.502596858981195e-05
172,1,17,zn_cl_plane,8.477366354569931e-05
173,1,17,complex_deep_cleave,8.404565033136616e-05
174,1,17,niobium_film,8.365365137753392e-05
175,1,17,one_cu_atom,8.336164180153527e-05
176,1,17,drug_like_small_molecule,8.187565158753418e-05
177,1,17,well_phasis,8.170860395050388e-05
178,1,17,xnfs_technique_certain_limitation,8.163938598078807e-05
179,1,17,water_molecule_participation,8.114637825184742e-05
180,1,18,hydrophobic_area,8.546140782098144e-05
181,1,18,atomic_modulation_function,8.51652053566763e-05
182,1,18,internal_standard,8.450567676294907e-05
183,1,18,central_bind_pocket,8.414728331157597e-05
184,1,18,film_order_strong_increase,8.398300806272377e-05
185,1,18,scatter_angle,8.374320961097041e-05
186,1,18,area_detector_obtain_datum,8.329207911700336e-05
187,1,18,selection_rule,8.289025341547475e-05
188,1,18,calcium_accumulation_autonomous_zone,8.282385466221946e-05
189,1,18,amino_acid_residue_orientation,8.18708484100095e-05
190,1,19,main_cluster_type,8.82637339333111e-05
191,1,19,membered_ring_lie,8.793410051150156e-05
192,1,19,fourier_component,8.584942155663652e-05
193,1,19,organism_attack_viral_infection,8.48787799353008e-05
194,1,19,strong_n_h_pair,8.36410826528471e-05
195,1,19,deg_mean_accuracy,8.254609810758544e-05
196,1,19,syncytial_virus_nucleocapsid,8.249587569682025e-05
197,1,19,direction_parallel_run_chain,8.087137601296578e-05
198,1,19,solvent_flatten,8.081801918972171e-05
199,1,19,general_agreement,8.0628706409398e-05
0,2,0,uncrosslinked_tripeptide,8.447062537005333e-05
1,2,0,x_ray_source,8.299427062990919e-05
2,2,0,stability_because_understand_order,8.249778239363028e-05
3,2,0,tetrahedral_coordination_environment,8.166525243592275e-05
4,2,0,main_contributor,8.155606728328443e-05
5,2,0,difference_molecular_similarity,8.01550599651163e-05
6,2,0,forensic_analysis,7.994395986703955e-05
7,2,0,graph_set,7.953516912525834e-05
8,2,0,centrosymmetric_n,7.901904578084801e-05
9,2,0,anion_minus_pentaborate,7.889444276499697e-05
10,2,1,time_superstructure,8.163532699543438e-05
11,2,1,scatter_angle,7.986772794684816e-05
12,2,1,ethanol_solvate,7.967557198525992e-05
13,2,1,small_quantity,7.923069752971766e-05
14,2,1,new_material_find_goal,7.908405662388302e-05
15,2,1,sufficient_information,7.893815021576417e-05
16,2,1,sofa_conformation,7.85086552298151e-05
17,2,1,minus_theta,7.833047160838871e-05
18,2,1,iron_nanoparticle,7.790882045304693e-05
19,2,1,surface_electrostatic_charge_distribution,7.777662467452545e-05
20,2,2,integral_membrane_protein_sample,8.232433662729164e-05
21,2,2,carbonyl_o_atom,8.058386282734796e-05
22,2,2,rsa_reverse_saturable_absorption,8.047759908463415e-05
23,2,2,sls_datum,8.021922314257615e-05
24,2,2,amore_program,7.99561091696768e-05
25,2,2,benzene_ring_pi_contact,7.99138868253874e-05
26,2,2,combinatorial_type,7.973148894894341e-05
27,2,2,symmetry_relate_thiocyanate_ligand,7.96994607597816e-05
28,2,2,unknown_functional_significance,7.941874099932215e-05
29,2,2,analogous_sm_crystal,7.933912764499486e-05
30,2,3,gravitational_influence_independent_indicator,8.336897649078005e-05
31,2,3,symmetry_centre_application,8.264583590839333e-05
32,2,3,signal_peptide,8.144987717811339e-05
33,2,3,crystal_datum_collection,8.084282756109776e-05
34,2,3,material_structure,8.079745510284143e-05
35,2,3,electron_diffraction_pattern,8.074660392984896e-05
36,2,3,s_angle,8.032100417653098e-05
37,2,3,considerable_attention,7.974862967081542e-05
38,2,3,line_model,7.938380055485653e-05
39,2,3,metal_cation_respect,7.932799221432724e-05
40,2,4,acridine_moiety,8.476081489825152e-05
41,2,4,thermal_analysis,8.252096765966267e-05
42,2,4,nonaaquapraseodymium_adduct,8.105251642999506e-05
43,2,4,new_type,8.076844637474276e-05
44,2,4,sensitive_storage_phosphor_detector,8.040606717064352e-05
45,2,4,minimum_maximum_value,8.008377597288619e-05
46,2,4,o_intermolecular_interaction,7.904503275880175e-05
47,2,4,aring_molecule,7.856598511276842e-05
48,2,4,monosolvate_pentahydrate_dimethylformamide,7.850456163234478e-05
49,2,4,twin_structure,7.837571241086132e-05
0,3,0,centrosymmetric_dianion,7.810772399357451e-05
1,3,0,extra_peak,7.785263697537446e-05
2,3,0,unesco_iucr_flagship_initiative,7.760435584499396e-05
3,3,0,corner_share,7.699598128804152e-05
4,3,0,flight_sample,7.692122981363838e-05
5,3,0,forward_diffract_intensity,7.577356618403059e-05
6,3,0,coordination_polymer_form_network,7.549835622423243e-05
7,3,0,chloride_ion,7.509958281994706e-05
8,3,0,know_structure_membrane_protein,7.501994277336116e-05
9,3,0,catalyst_preparation,7.500743825215512e-05
10,3,1,independent_moleule,7.709900431897153e-05
11,3,1,aromatic_biosynthesis_shikimate_pathway,7.692077693479223e-05
12,3,1,rhombohedral_space_group,7.650890812371394e-05
13,3,1,sulfite_reductase,7.57132076677411e-05
14,3,1,multiple_residue,7.537259722488837e-05
15,3,1,alpha_helix,7.530582000476411e-05
16,3,1,molecular_fragment_dynamic,7.508528640983673e-05
17,3,1,novel_therapeutic_approach,7.472206192054247e-05
18,3,1,dimerization_mode,7.461659629936094e-05
19,3,1,phase_doublet,7.458565969213462e-05
