,run,topic,terms,p
019920353147e-05
1,1,0,pentagonal_symmetry,8.536271248121636e-05
2,1,0,point_mutant_selenomethionine_label,8.49037937004155e-05
3,1,0,rotate_anode_generator,8.452929703403064e-05
4,1,0,diffraction_signal,8.331473543395574e-05
5,1,0,pyrosilicate_group,8.271380135535233e-05
6,1,0,yttrium_lanthanide,8.249947088488525e-05
7,1,0,slightly_distort_octahedral_geometry,8.230039162533723e-05
8,1,0,chlorobenzene_unit,8.221963469680753e-05
9,1,0,dimensional_nanocrystal,8.213241716034836e-05
10,1,1,multipole_sum,8.698671034447974e-05
11,1,1,nuclear_antigen,8.666253532117787e-05
12,1,1,spm_polycrystalline,8.536188340753132e-05
13,1,1,fundamental_equation,8.376982287516474e-05
14,1,1,powder_diffractometer,8.340745409451687e-05
15,1,1,orthorhombic_rubrene,8.327197338697073e-05
16,1,1,beamline_achieve_performance,8.291201994462604e-05
17,1,1,electron_density_average,8.209590944859229e-05
18,1,1,complete_molecule_exhibit_symmetry,8.207029597315646e-05
19,1,1,h_aring_centroid_distance,8.195769567665742e-05
20,1,2,alkaline_cellulase,9.007822930581898e-05
21,1,2,real_time_five_example,8.63851948897923e-05
22,1,2,selectivity_difference,8.520586559331223e-05
23,1,2,se_peak,8.43384166017968e-05
24,1,2,br_pair,8.288107248636554e-05
25,1,2,x_ray_area_detector,8.238631618496986e-05
26,1,2,heterocyclic_ring_component_atom,8.180119311804929e-05
27,1,2,fe_linkage,8.169906335247915e-05
28,1,2,repair_dna,8.161630191882543e-05
29,1,2,bay_area,8.1139040587769e-05
30,1,3,insect_cell,8.769257143400866e-05
31,1,3,tridentate_n_atom,8.69018613651174e-05
32,1,3,random_coil_molecule,8.423014516907966e-05
33,1,3,potentially_conformational_polymorphism_incline,8.408734235127588e-05
34,1,3,hydration_dehydration_behavior,8.399815603579635e-05
35,1,3,experimental_datum_range,8.372645754497084e-05
36,1,3,chelate_sulfate_ligand,8.27073608053534e-05
37,1,3,energy_save_procedure,8.220808674346356e-05
38,1,3,dy_eu_analogue,8.201967521167599e-05
39,1,3,anomalous_diffraction_method,8.189612611022021e-05
40,1,4,methanol_vapor_exposure,8.806713294227926e-05
41,1,4,graphical_program,8.57000500383158e-05
42,1,4,carboxyl_oxamide,8.567568589849888e-05
43,1,4,o_h_formation,8.537901420271592e-05
44,1,4,measure_triplet_phasis,8.507820939231658e-05
45,1,4,material_edp_great_similarity,8.463949473775275e-05
46,1,4,metal_coordinate_water,8.434774618457464e-05
47,1,4,bc_aring_plusmn_bth,8.388392651305601e-05
48,1,4,phenolate_c,8.375972105086079e-05
49,1,4,methyl_substituent,8.349184781116755e-05
50,1,5,prime_prime_n_prime,8.479132796681075e-05
51,1,5,order_disorder_transformation,8.46303078641079e-05
52,1,5,additional_spot,8.357228913257898e-05
53,1,5,molecular_motion,8.328802968217395e-05
54,1,5,half_molecule,8.28311085528016e-05
55,1,5,czochralski_technique,8.268362312524545e-05
56,1,5,reveal_microstructure_significant_change,8.173038810946865e-05
57,1,5,crystal_structure_determination,8.103517674990666e-05
58,1,5,deg_f_angle,8.10206523930658e-05
59,1,5,recombinant_protein,8.087163914957378e-05
60,1,6,refine_carbohydrate_structure,9.127339615970456e-05
61,1,6,base_local_shape,8.775438807365355e-05
62,1,6,further_amine_carboxyl,8.703090584469083e-05
63,1,6,metal_ion_interaction_sequence,8.512633925449355e-05
64,1,6,general_position_occupy,8.425154735526372e-05
65,1,6,x_ray_meridional_reflection,8.365104441729256e-05
66,1,6,thick_crystal_bragg_reflection,8.307581926444895e-05
67,1,6,vertebrate_red_blood_cell,8.268186059389605e-05
68,1,6,several_explanation,8.257429817398755e-05
69,1,6,ab_plane_parallel,8.254804363839708e-05
70,1,7,aring_zn_distance,8.820449046276789e-05
71,1,7,viz_analogue,8.42486453927692e-05
72,1,7,grow_crystal,8.361935186033896e-05
73,1,7,deg_angle_strain_angle,8.350051145664331e-05
74,1,7,postrefinement_technique,8.251369716420106e-05
75,1,7,v_overlap_volume,8.239450045044044e-05
76,1,7,pcna_human_complex_crystallization,8.239377911723105e-05
77,1,7,coii_atom,8.222308411921302e-05
78,1,7,zigzag_chain_propagate,8.174700937524635e-05
79,1,7,envelope_sofa_conformation,8.142836728262067e-05
80,1,8,anisotropic_displacement_parameter_inclusion,9.062928433363983e-05
81,1,8,naphthalene_ring_centroid,8.688879910757299e-05
82,1,8,cupric_bromide_reaction_prepare,8.331594880594894e-05
83,1,8,biosynthesis_purine_de_novo,8.317252336950067e-05
84,1,8,weak_cation,8.316937907125078e-05
85,1,8,dna_repair,8.305667608639389e-05
86,1,8,c_torsion,8.275379145345941e-05
87,1,8,aerobic_condition,8.270897413714577e-05
88,1,8,inner_membrane_metalloenzyme,8.226535493538264e-05
89,1,8,high_resolution_ribosome_structure,8.225450142486843e-05
90,1,9,essentially_planar,8.767955456514048e-05
91,1,9,matthew_coefficient_analysis,8.716303498345483e-05
92,1,9,yiii_atom,8.505453139326712e-05
93,1,9,pulse_source,8.433247784119397e-05
94,1,9,nearly_linear_coordination,8.431259198005413e-05
95,1,9,o_segment,8.413588628257663e-05
96,1,9,superlattice_reflection,8.402591080365743e-05
97,1,9,external_action_subject_crystal,8.388232876118087e-05
98,1,9,ribbon_structure,8.363946025153325e-05
99,1,9,activation_loop,8.28575031900698e-05
100,1,10,debye_waller_factor_effect,8.669228478841578e-05
101,1,10,n_angle,8.642251188711755e-05
102,1,10,pyramidal_coordination_geometry,8.397618977001148e-05
103,1,10,slow_process,8.332015777320377e-05
104,1,10,isomorphous_replacement_replacement_atom,8.295450832316853e-05
105,1,10,different_combination_probability,8.294379346640839e-05
106,1,10,mechanistic_aspect,8.28946837116822e-05
107,1,10,incident_x_ray,8.21211958104903e-05
108,1,10,minus_w_mm,8.204769870856321e-05
109,1,10,significant_o_h,8.193402178370452e-05
110,1,11,small_terminase,9.70798708116049e-05
111,1,11,o_h_intramolecular_molecule,9.400482855338934e-05
112,1,11,sensitive_detection_system,8.74482184189823e-05
113,1,11,sample_changer,8.661593959451773e-05
114,1,11,pedt_ttf_molecule,8.609434056773147e-05
115,1,11,electronic_structure_thorough_study,8.470568601431267e-05
116,1,11,inversion_relate_dimer,8.426711674012757e-05
117,1,11,bidentate_nitrate,8.387478104573375e-05
118,1,11,ligand_substitution,8.327609049904337e-05
119,1,11,x_ray_laue_diffraction,8.314384599120271e-05
120,1,12,molecule_isopropyl_group,8.508336850219733e-05
121,1,12,estimate_phasis,8.320202624944753e-05
122,1,12,spiral_growth_step,8.314656612493895e-05
123,1,12,difluorobenzyloxy_ring_pyrimidine,8.292579376095979e-05
124,1,12,long_component,8.251111052207535e-05
125,1,12,correspond_scheme,8.230525066252724e-05
126,1,12,lead_intramolecular_c_h,8.220962008593468e-05
127,1,12,isomorphous_case,8.206139080091474e-05
128,1,12,model_code_future_implementation,8.17331924682047e-05
129,1,12,undulator_radiation_harmonic_intensity,8.145144568604631e-05
130,1,13,dislocation_structure,8.546755079741503e-05
131,1,13,layer_present_pi_interaction,8.541480244731151e-05
132,1,13,size_solution_specie_distribution,8.527897728903445e-05
133,1,13,dedicate_source,8.434906473196546e-05
134,1,13,energy_scale,8.403980138282296e-05
135,1,13,dak_structure,8.400428163834836e-05
136,1,13,very_good_agreement,8.376691251459489e-05
137,1,13,crystal_temperature,8.344904031428939e-05
138,1,13,zinc_ion,8.32916265296984e-05
139,1,13,drug_chlorpropamide,8.297526032798075e-05
140,1,14,penicillium_specie,8.833259130620312e-05
141,1,14,n_attractive_interaction,8.500335770475634e-05
142,1,14,co_p,8.415000130523023e-05
143,1,14,acetolactate_enantiomer,8.381150541676683e-05
144,1,14,energy_filter_device,8.365062885856837e-05
145,1,14,cap_prime_oligonucleotide_primer,8.301325344730729e-05
146,1,14,present_system,8.252535749119363e-05
147,1,14,carbon_carbon_bond,8.250708624412218e-05
148,1,14,unique_br_atom,8.238869812805225e-05
149,1,14,present_aurescen,8.224506160640395e-05
150,1,15,n_distance_pd,8.805471737478475e-05
151,1,15,incident_wave_effective_width,8.404988922606023e-05
152,1,15,prime_prime_ligand,8.312662183350154e-05
153,1,15,low_temperature_structure,8.278645442388367e-05
154,1,15,novel_beta_domain,8.277752299556481e-05
155,1,15,pseudo_theta_arm,8.248998028197127e-05
156,1,15,near_zone_axis_orientation,8.236167039279467e-05
157,1,15,dimensional_edge_share_chain,8.174846034797621e-05
158,1,15,distort_octahedral_arrangement,8.172041704077543e-05
159,1,15,relatively_large_deviation,8.166526662799972e-05
160,1,16,case_twin_operation,8.82278852833371e-05
161,1,16,efficient_way,8.700663308726703e-05
162,1,16,n_decyldiethylphosphine,8.686397727516517e-05
163,1,16,fluorite_relate_material,8.47386848122532e-05
164,1,16,simple_mechanical_structure,8.427499965673543e-05
165,1,16,k_domain,8.415924514917673e-05
166,1,16,short_intermolecular_interaction,8.35799924091484e-05
167,1,16,different_coordination_environment,8.326493678710268e-05
168,1,16,fip_large_value,8.317128462591301e-05
169,1,16,anthracene_plane,8.229376060038628e-05
170,1,17,u_mo_alloy_particle,8.637815174716815e-05
171,1,17,combinatorial_mechanism,8.62024553788663e-05
172,1,17,symmetry_change,8.467643609750086e-05
173,1,17,arctangent_function,8.381215174928583e-05
174,1,17,potentially_quantitative_correction,8.29351623532262e-05
175,1,17,mononuclear_structure,8.269596807392801e-05
176,1,17,neutron_beam,8.24992098177237e-05
177,1,17,bowman_birk_type_inhibitor,8.205003371219254e-05
178,1,17,modulation_direction,8.149233391330735e-05
179,1,17,o_phenol_phenol,8.131087033268607e-05
180,1,18,cytoplasmic_protein,8.603841107542197e-05
181,1,18,vivo_activity,8.594507501124261e-05
182,1,18,chemo_resistance_disease_recurrence,8.550449581823184e-05
183,1,18,alkoxide_complex,8.466456194456468e-05
184,1,18,silicon_nanowire,8.342657703897258e-05
185,1,18,significant_fluorescence_chance,8.338388509919052e-05
186,1,18,build_fragment,8.337911213529916e-05
187,1,18,relate_crystal,8.329321220051487e-05
188,1,18,onset_temperature,8.305082158860074e-05
189,1,18,energy_loss,8.251153913641246e-05
190,1,19,imine_tautomer,8.60914214121535e-05
191,1,19,observe_resolution,8.391750632962355e-05
192,1,19,molecular_similarity,8.244350826582733e-05
193,1,19,k_mutant,8.188558804525268e-05
194,1,19,oligonucleotide_primer,8.179064704893386e-05
195,1,19,flat_cell_geometry,8.169102173866608e-05
196,1,19,transcriptional_factor,8.166138250636652e-05
197,1,19,molecule_anion,8.162937668105637e-05
198,1,19,isochroman_isocoumarin_derivative,8.160618127425227e-05
199,1,19,diffraction_condition_degradation,8.147918019634772e-05
200,1,20,benefit_practice,8.673514715594477e-05
201,1,20,tolman_angle,8.66032844929934e-05
202,1,20,s_dibenzyl,8.452554839999983e-05
203,1,20,centroid_centroid_separation,8.441350567892807e-05
204,1,20,different_condition,8.410956578398327e-05
205,1,20,infinitely_extend_organic_ligand,8.381973328282645e-05
206,1,20,usual_chair_conformation,8.323246743407931e-05
207,1,20,post_refinement_know_procedure,8.314063614245529e-05
208,1,20,relatively_short_exposure_time,8.30669844371457e-05
209,1,20,solution_solid_state,8.302770786655689e-05
210,1,21,phenylphosphonate_group,8.609378951362301e-05
211,1,21,sparteine_ligand,8.492634825680484e-05
212,1,21,order_matrix,8.319689459753958e-05
213,1,21,scatter_factor,8.298495641377996e-05
214,1,21,low_resolution,8.269542786488673e-05
215,1,21,type_order_variant,8.251404919920708e-05
216,1,21,alpha_low_temperature_form,8.243690511829593e-05
217,1,21,mechanical_structure,8.223178244915978e-05
218,1,21,oligomerization_state,8.205052117677465e-05
219,1,21,low_pressure,8.203986338766588e-05
220,1,22,zeta_expression,8.86003216177258e-05
221,1,22,middot_minus_middot_salt,8.666646859300472e-05
222,1,22,impurity_phasis,8.603631427131153e-05
223,1,22,micrometer_resolution_xnfs_detector,8.554954602321674e-05
224,1,22,powder_neutron_diffraction_experiment,8.542842713544519e-05
225,1,22,partial_order,8.506667248036832e-05
226,1,22,weak_intensity,8.422522025902491e-05
227,1,22,fine_structure,8.276594694491914e-05
228,1,22,carbon_black,8.254753414060416e-05
229,1,22,situ_biaxial_tensile_test,8.248050531000567e-05
230,1,23,spatial_confinement,8.825520215742302e-05
231,1,23,two_complex_structure,8.712732780979729e-05
232,1,23,coronaviridae_family,8.596475069158583e-05
233,1,23,highly_perfect_silicon_crystal,8.569750362351423e-05
234,1,23,ab_plane_layer,8.537719181586631e-05
235,1,23,distort_tetrahedral_geometry,8.371455123599864e-05
236,1,23,hydrogen_deuterium,8.34994525677948e-05
237,1,23,whole_powder,8.283689465007335e-05
238,1,23,axis_chain_hydrogen_bond,8.27863121627879e-05
239,1,23,long_range_strain,8.265284232498855e-05
240,1,24,result_calculation,8.676172493618647e-05
241,1,24,dimensional_hydrogen_bond_sheet,8.591768743708955e-05
242,1,24,lattice_hydrate,8.354178943090116e-05
243,1,24,inhibitor_covalent_adduct,8.282872561747058e-05
244,1,24,phosphate_ester,8.212320220179024e-05
245,1,24,electron_microscopy_image,8.212201211139633e-05
246,1,24,examine_structure_dianion,8.203364437137641e-05
247,1,24,film_structure_significant_change,8.200906183049875e-05
248,1,24,nucleocapsid_core,8.199432655546473e-05
249,1,24,analogous_mutation,8.192018664577767e-05
250,1,25,tin_halide_bond_respect,8.658373785299808e-05
251,1,25,crystal_structure_determination,8.55915305930746e-05
252,1,25,attractive_candidate,8.376437070826968e-05
253,1,25,traditional_peer_review_process,8.354605116711756e-05
254,1,25,partial_structure_function,8.349084449941731e-05
255,1,25,distinct_small_difference,8.347597305358065e-05
256,1,25,pincer_ligand,8.264115893851756e-05
257,1,25,only_thrombin_molecule,8.254183903726788e-05
258,1,25,transcription_replication,8.198484366713613e-05
259,1,25,centrosymmetric_ring_type,8.16901857163771e-05
260,1,26,host_o_atom,8.582140903418847e-05
261,1,26,guanidinium_sulfosalicylate_middot_minus,8.485225758335262e-05
262,1,26,plane_n_atom_displacement,8.461435079830849e-05
263,1,26,environmental_material_sample,8.344921602180027e-05
264,1,26,reciprocal_lattice_rod,8.320792907315919e-05
265,1,26,quartet_relation_sign,8.308661653814002e-05
266,1,26,oxygen_core,8.255544474080469e-05
267,1,26,capillary_concentrator,8.251492407585626e-05
268,1,26,dimensional_structural_polymer,8.240708964199855e-05
269,1,26,hydration_dehydration_behavior,8.24043061911279e-05
270,1,27,crystallization_experiment_ultimate_test,8.330082464163948e-05
271,1,27,co_p,8.329340858074152e-05
272,1,27,slight_disorder,8.323386810918043e-05
273,1,27,sulfinyl_group,8.25514156054931e-05
274,1,27,relate_nonchelating_diimine,8.246480386366158e-05
275,1,27,heterocyclic_thiazine_ring,8.187738965242837e-05
276,1,27,centroid_separation,8.165392735243302e-05
277,1,27,intact_crystal_habit,8.127705648471223e-05
278,1,27,mir_phase_technique,8.112444656986924e-05
279,1,27,i_form,8.10906573173747e-05
280,1,28,cell_wind_primary_function,8.662285827445163e-05
281,1,28,atom_mean_plane,8.64213794470286e-05
282,1,28,impinge_radiation_power_density,8.399980308512953e-05
283,1,28,bioresorbable_biodegradable_material,8.314041043808564e-05
284,1,28,therapy_design,8.22055768722381e-05
285,1,28,methanol_methylene_chloride_crystallization,8.21045115161123e-05
286,1,28,cotton_effect,8.170841905861756e-05
287,1,28,measure_reflectivity,8.161635102363277e-05
288,1,28,sodium_cobalt_phosphate,8.160075225644377e-05
289,1,28,different_approach,8.157735869638899e-05
290,1,29,free_diffraction_datum_error,9.107768972552526e-05
291,1,29,alpha_alpha_delta,8.569460104788679e-05
292,1,29,gyration_r,8.520122538553304e-05
293,1,29,egg_white_lysozyme,8.512260392499166e-05
294,1,29,axial_position_methanol_ligand,8.49108452997985e-05
295,1,29,cormorant_phalacrocorax_carbo_haemoglobin,8.465478339573876e-05
296,1,29,c_distance,8.375820880329977e-05
297,1,29,common_pathway,8.372989138635745e-05
298,1,29,short_cd,8.334827217213028e-05
299,1,29,intersect_channel,8.330306162479031e-05
300,1,30,end_station,8.678849003241732e-05
301,1,30,langmuir_blodgett_film,8.409259957527717e-05
302,1,30,crystallographic_registry,8.390897535097648e-05
303,1,30,o_h_variety,8.371793302973741e-05
304,1,30,solid_pyrrole_crystal_structure,8.342142022122267e-05
305,1,30,ribosome_microcrystal,8.317788260480284e-05
306,1,30,c_c,8.289732447746191e-05
307,1,30,different_hkl_reflection,8.286160804773605e-05
308,1,30,special_value,8.275049373884944e-05
309,1,30,o_atom_n_atom,8.274201200975165e-05
310,1,31,prime_molecule,8.725606349792683e-05
311,1,31,riboflavin_biosynthesis,8.59235703805383e-05
312,1,31,previously_propose_method,8.573423550697142e-05
313,1,31,tin_indium_cadmium,8.546563463899854e-05
314,1,31,mesoionic_bromination,8.431024877608609e-05
315,1,31,ceptc_eptc_catalytic_domain,8.398638963659678e-05
316,1,31,c_torsion,8.383355275336705e-05
317,1,31,o_h_intramolecular_formation,8.313838430563452e-05
318,1,31,intelligent_multipurpose,8.279410288368769e-05
319,1,31,spm_polycrystalline,8.273955388093512e-05
320,1,32,nitro_amino_group,8.537558084340106e-05
321,1,32,euclidean_space_imposition,8.448982658815332e-05
322,1,32,mono_ester_calixarene,8.394608058027124e-05
323,1,32,decarboxylation_product_single_enantiomer,8.381018981901989e-05
324,1,32,identical_condition,8.378021616825848e-05
325,1,32,quinoline_ring_mean_plane,8.347502413649719e-05
326,1,32,carboxylic_acid_group,8.336062592617688e-05
327,1,32,supersaturation_lower_feedback_mechanism,8.314541442269168e-05
328,1,32,nitro_amino,8.277040682058916e-05
329,1,32,phosphate_ribosyl,8.258064232460659e-05
330,1,33,membered_metal_cycle,8.83074933505169e-05
331,1,33,gldn_olf_domain,8.515473761025249e-05
332,1,33,r_nbsp,8.478537416227786e-05
333,1,33,screen_formulation,8.466252262551721e-05
334,1,33,structure_variant,8.455433269478389e-05
335,1,33,arm_form,8.453185810202225e-05
336,1,33,gst_fusion,8.386171807772227e-05
337,1,33,have_shell,8.346947599312843e-05
338,1,33,numerical_calculation,8.305230566077754e-05
339,1,33,trimer_adjacent_subunit,8.282338534356624e-05
340,1,34,clathrin_mediate_endocytosis,8.593412449588934e-05
341,1,34,alpha_component,8.522313518470422e-05
342,1,34,usans_option,8.41653589042562e-05
343,1,34,perfection_defect,8.33806135083537e-05
344,1,34,sodium_acetate,8.285691446988372e-05
345,1,34,lattice_crystal,8.282547769165233e-05
346,1,34,approximately_planar_maximum_deviation,8.270106024776127e-05
347,1,34,schiff_base_complex,8.26745698326944e-05
348,1,34,viz_independent_dimensional_chain,8.247094947368906e-05
349,1,34,dimensional_simulation,8.243277058365879e-05
350,1,35,vm_value,8.53057694178703e-05
351,1,35,base_pair,8.49903569925889e-05
352,1,35,twofold_screw_axis,8.491623436663717e-05
353,1,35,frequent_because,8.478973818642893e-05
354,1,35,aiip_peak_intensity_use,8.400974495306189e-05
355,1,35,middot_middot_minus_middot,8.359414997266477e-05
356,1,35,site_symmetry_be,8.300531868645171e-05
357,1,35,major_house_dust_mite,8.295391876506819e-05
358,1,35,potential_biological_activity,8.286603263782944e-05
359,1,35,cu_tridentate_ligand,8.267556302084581e-05
360,1,36,morphological_information,8.770943244228152e-05
361,1,36,new_tetranuclear,8.733805203539903e-05
362,1,36,extreme_non_ergodic_behaviour,8.368152724478966e-05
363,1,36,cecill_licence,8.347072752941728e-05
364,1,36,wr_agreement_index,8.329504452950687e-05
365,1,36,acridine_chromophore,8.314285761986503e-05
366,1,36,thione_form,8.288065979084023e-05
367,1,36,anion_terminal_sulfur_atom,8.287794141905584e-05
368,1,36,membrane_phospholipid,8.273416433396335e-05
369,1,36,set_datum,8.213960151310329e-05
370,1,37,acta_cryst_alstrup_amp,8.524597682547447e-05
371,1,37,template_nmr_structure_use,8.483445827897364e-05
372,1,37,cl_contact,8.482888172934083e-05
373,1,37,urea_plane,8.431926078206205e-05
374,1,37,new_evidence,8.418672568597049e-05
375,1,37,gas_load,8.3974768649467e-05
376,1,37,concordance_rate_human_expert,8.381746312822888e-05
377,1,37,pure_potassium_dihydrogen_crystal,8.347146265599994e-05
378,1,37,erk_protein,8.346803038110888e-05
379,1,37,animal_kingdom,8.329212271020775e-05
380,1,38,short_large_length_scale,8.708950785948479e-05
381,1,38,hydrogen_bond_group,8.606712097422749e-05
382,1,38,experiment_model_fit,8.495341758448644e-05
383,1,38,form_dimer_hydrogen_bond,8.451604220589511e-05
384,1,38,l_carboxypeptidase_activity,8.413724679469037e-05
385,1,38,bond_angle_in_p,8.403212772808978e-05
386,1,38,ph_s,8.320212781204249e-05
387,1,38,fielek_model,8.31558677121454e-05
388,1,38,desire_tosylat,8.305739387384642e-05
389,1,38,soft_material,8.25827507900769e-05
390,1,39,c_pi,8.707806336523565e-05
391,1,39,dabt_ring,8.631343623940675e-05
392,1,39,internal_micelle_structure_resolution,8.541470562036585e-05
393,1,39,planar_molecule,8.513203959876002e-05
394,1,39,energy_save,8.484779443668761e-05
395,1,39,dihedral_angle_borazine_ring,8.333595562801403e-05
396,1,39,fan_amp,8.306563700087816e-05
397,1,39,mirror_symmetric_array,8.234528798466788e-05
398,1,39,nbsp_gt_purity,8.216848395563794e-05
399,1,39,molybdate_phosphate,8.179592167486367e-05
400,1,40,x_ray_beam_path,9.182004963015206e-05
401,1,40,pyridyl_n_atom,8.971080271784367e-05
402,1,40,secondary_ammonium_salt,8.641997667863729e-05
403,1,40,etc_type,8.564577356940605e-05
404,1,40,peak_width,8.5394066213164e-05
405,1,40,structure_symmetry_examine_purpose,8.477457059266911e-05
406,1,40,orient_tran,8.440525028607762e-05
407,1,40,spectral_feature,8.353355000581119e-05
408,1,40,minus_cdii_cation,8.313519855580293e-05
409,1,40,aluminium_si_atom,8.295846434101346e-05
410,1,41,tran_hydrocarbon_skeleton_respect,9.007378735852991e-05
411,1,41,moderate_complexity_structure_numb,8.817541288840443e-05
412,1,41,anthracene_ring_system,8.41893114917088e-05
413,1,41,isomorphism_class,8.284657022537148e-05
414,1,41,lactone_ring,8.215543916527861e-05
415,1,41,middot_dpno_middot,8.212660435175409e-05
416,1,41,sample_support,8.198435985493693e-05
417,1,41,sugar_detect_software,8.123558835740807e-05
418,1,41,solvent_influence,8.109635086122542e-05
419,1,41,dimensional_network_structure_formation,8.106164983307093e-05
420,1,42,bridge_acetate,8.83019812341337e-05
421,1,42,possible_use,8.717197213998327e-05
422,1,42,paired_l_ligand,8.535793426513629e-05
423,1,42,phenolate_o_atom,8.533435608772728e-05
424,1,42,dianionic_o_atom,8.482239617429523e-05
425,1,42,likelihood_function,8.395593436791438e-05
426,1,42,substructural_unit,8.365200302852415e-05
427,1,42,acridine_chromophore,8.35048639387415e-05
428,1,42,transmission_electron_microscope,8.315845293885875e-05
429,1,42,mhz_resonant_frequency_stack,8.251330978876491e-05
430,1,43,catalytic_domain,8.525121107831946e-05
431,1,43,primary_imine,8.460401373563117e-05
432,1,43,anion_excess_fluorite,8.460317126911334e-05
433,1,43,coherent_wave,8.372546776899479e-05
434,1,43,central_bind_pocket,8.301480823033002e-05
435,1,43,severe_mill,8.300605201872914e-05
436,1,43,crystallization_water_molecule,8.298036402847095e-05
437,1,43,aromatic_framework_helical_distortion,8.260903854408143e-05
438,1,43,recent_research,8.24517214439458e-05
439,1,43,fragment_bond,8.210792000644393e-05
440,1,44,chiral_organic_molecule,9.209559599139669e-05
441,1,44,c_alpha,8.958794695067602e-05
442,1,44,pi_multiple_hydrogen_bond,8.768318413868391e-05
443,1,44,molecule_benzene_ring,8.509380239961395e-05
444,1,44,cis_conformation,8.441207900338489e-05
445,1,44,give_set,8.355214232156309e-05
446,1,44,entrance_surface,8.348811421945648e-05
447,1,44,genome_replication,8.32078793993111e-05
448,1,44,organic_molecule_zwitterion,8.296390521341238e-05
449,1,44,c_axis,8.276351117930664e-05
450,1,45,strong_tran_influence,8.674258732821207e-05
451,1,45,sulfide_molecule,8.341592574964159e-05
452,1,45,ligand_presence,8.317355604950514e-05
453,1,45,incident_x_ray,8.306253384670012e-05
454,1,45,native_sulfur_sad,8.280537814643508e-05
455,1,45,metallic_cluster,8.220384851929641e-05
456,1,45,preliminary_diffraction,8.196640047466293e-05
457,1,45,haloacid_dehalogenase_domain,8.195707895641686e-05
458,1,45,endoribonuclease_call_nonstructural_protein,8.162534313039971e-05
459,1,45,n_c_bond_delocalization,8.1593522545867e-05
460,1,46,type_ii,9.079330679703153e-05
461,1,46,isochroman_isocoumarin,8.613977675343143e-05
462,1,46,atom_plane,8.519996481260234e-05
463,1,46,half_uncoordinated_water_molecule,8.448193748952269e-05
464,1,46,n_decyldiethylphosphine_oxide,8.439136523312322e-05
465,1,46,merit_figure,8.342261630596313e-05
466,1,46,important_transformation_catalyze,8.316497022179222e-05
467,1,46,binary_mixture,8.299314734763226e-05
468,1,46,satisfactory_result,8.289046062604474e-05
469,1,46,dsb_protein,8.287550353389581e-05
470,1,47,distort_pyramidal_geometry_coordinate,8.510504468813426e-05
471,1,47,science_student,8.483161929661594e-05
472,1,47,atomic_focuser,8.419250599400268e-05
473,1,47,bpe_bridge_ligand,8.404622221050789e-05
474,1,47,brightness_enhancement,8.382126678069727e-05
475,1,47,terminal_sulfur_atom,8.284225340932727e-05
476,1,47,triclinic_unit,8.282441755172096e-05
477,1,47,error_measure_propagation,8.230135300068658e-05
478,1,47,pulse_electron_beam,8.211265868482762e-05
479,1,47,sars_cov_genome_approach,8.190481413292088e-05
480,1,48,nucleotide_find_sugar_kind,8.729161104675859e-05
481,1,48,friedel_pair_reflection,8.46743361324576e-05
482,1,48,element_speciation,8.439373157287879e-05
483,1,48,intramolecular_motion_change,8.420678121584932e-05
484,1,48,absolute_minimum,8.380355042765618e-05
485,1,48,naturally_occur_polymorphism,8.347027826694779e-05
486,1,48,pincer_ligand,8.25926219744107e-05
487,1,48,dimethyl_sulfide_molecule,8.242043033352394e-05
488,1,48,pyridine_ring_mean_plane,8.225336090402935e-05
489,1,48,vanadium_pentoxide_powder,8.211358178765422e-05
490,1,49,uncertainty_estimate_associate_intensity,8.567445456191576e-05
491,1,49,chloranilic_acid,8.550831477754485e-05
492,1,49,bacillus_subtili_crystal_structure,8.495893171166608e-05
493,1,49,surface_roughness,8.480551427761093e-05
494,1,49,methyl_substituent,8.454271774733919e-05
495,1,49,continuous_base_position_pair,8.44454213073396e-05
496,1,49,activity_spectrum,8.421013416531413e-05
497,1,49,biphenyl_unit,8.29912894489888e-05
498,1,49,crystal_lattice_disorder,8.283359314299927e-05
499,1,49,material_mixture,8.238197578583273e-05
0,2,0,x_ray_exposure,8.718043662733515e-05
1,2,0,neisen_parameter,8.304773513808865e-05
2,2,0,pt_n_bond_length,8.25124978088964e-05
3,2,0,identical_type_metal_atom,8.249410416617554e-05
4,2,0,aring_outlier,8.175175043455923e-05
5,2,0,droplet_image,8.15960963733395e-05
6,2,0,electron_distribution_variation,8.145248348448586e-05
7,2,0,o_n_kappa,8.108518213046722e-05
8,2,0,m_tris_hcl,8.104639722918621e-05
9,2,0,han_amp,8.083052302827791e-05
10,2,1,br_pi,8.738624244912854e-05
11,2,1,n_cinnamoyl_derivative,8.273889199192326e-05
12,2,1,centrosymmetrically_relate_molecule,8.227505881174534e-05
13,2,1,dengue_infection_chemotherapy_protease,8.208645930293278e-05
14,2,1,entrance_surface,8.184584782597018e-05
15,2,1,reliable_method,8.131877833420252e-05
16,2,1,space_group_k,8.113630898251365e-05
17,2,1,plausible_crystal_form,8.090765699408844e-05
18,2,1,state_eoss_equation,8.064031390986222e-05
19,2,1,biological_speciman,8.044480171196184e-05
20,2,2,pipe_transport,8.50031908239669e-05
21,2,2,new_beta_synthesis,8.426566841548952e-05
22,2,2,seven_crystal_structure,8.310238281138359e-05
23,2,2,downstream_signal_protein,8.298540204645947e-05
24,2,2,pressure_temperature_condition,8.178114232600555e-05
25,2,2,point_dipole_polarizability_theory,8.126916976271514e-05
26,2,2,obtain_information,8.119086425871264e-05
27,2,2,enzyme_ligand_hydrogen_bond,7.98912527567357e-05
28,2,2,intermolecular_sulfonyl_bridge,7.94683175862752e-05
29,2,2,similar_negative_charge_target,7.933968223437078e-05
30,2,3,profile_analysis,8.489527539999169e-05
31,2,3,angle_set,8.372551112165841e-05
32,2,3,o_gamma,8.342788435773392e-05
33,2,3,h_b_molecule_interaction,8.319563788944749e-05
34,2,3,perpendicular_distance,8.278582037249917e-05
35,2,3,error_estimate_convergence,8.27785956069549e-05
36,2,3,water_acetate,8.189321967921163e-05
37,2,3,sample_relate_sample,8.127535326812298e-05
38,2,3,chlorophenyl_ring_deg,8.112270388907585e-05
39,2,3,ring_atom,8.089402787006234e-05
40,2,4,b_cell_parameter_change,8.557369532270519e-05
41,2,4,bioinorganic_inorganic_molecule,8.280848621741812e-05
42,2,4,cation_layer,8.26155942133874e-05
43,2,4,c_cell_length,8.198905437535103e-05
44,2,4,n_diethylpentanaminium,8.138849875077752e-05
45,2,4,differential_thermal_analysis,8.13340442453185e-05
46,2,4,pack_interaction_hydrogen_bond,8.115311432863312e-05
47,2,4,uncoordinated_chloride_ion,8.07497662590535e-05
48,2,4,aromatic_pi,8.073944985353412e-05
49,2,4,benzene_phenyl_ring_respect,8.072195848002533e-05
50,2,5,noncongruently_grow_crystal_melt,8.351833952064213e-05
51,2,5,cation_distribution,8.328961765614863e-05
52,2,5,metal_cation_respect,8.281115311143873e-05
53,2,5,chain_conformation,8.276464436056668e-05
54,2,5,three_v,8.255289830903547e-05
55,2,5,transverse_direction,8.24940963996298e-05
56,2,5,triazene_ligand_synthesize_attempt,8.231622423525546e-05
57,2,5,terminal_chloride_ligand,8.222051395528879e-05
58,2,5,respiratory_disorder,8.204085205023971e-05
59,2,5,order_optical_susceptibility,8.048410476017982e-05
60,2,6,spine_sample,8.335328670233701e-05
61,2,6,chloride_rhodium_complex,8.327988020278204e-05
62,2,6,carbon_phosphorus,8.312056304038218e-05
63,2,6,expect_map_quality,8.23669307871121e-05
64,2,6,symmetry_relate_thiocyanate_ligand,8.140308418009319e-05
65,2,6,n_bond_distance,8.078492460726443e-05
66,2,6,bipyridine_homologue,8.06552908690088e-05
67,2,6,wurtzite_type,8.047899066424238e-05
68,2,6,single_phasis,8.031366431392906e-05
69,2,6,silicon_strip,8.01381627791724e-05
70,2,7,quality_crystal,8.401964408209641e-05
71,2,7,strain_lattice,8.305019757111675e-05
72,2,7,transmembrane_envelope_protein,8.219511714454584e-05
73,2,7,amorphous_protein,8.201560796566294e-05
74,2,7,be_carbon_atom,8.174519242414457e-05
75,2,7,x_ray_diffraction_intensity,8.12621328166638e-05
76,2,7,benzofuran_plane_ring,8.116333704115361e-05
77,2,7,invert_matrix,8.09631256329308e-05
78,2,7,analogous_mutation,8.093166300373838e-05
79,2,7,human_recombinant_tetranectin,8.085782613574838e-05
80,2,8,substrate_recruit_adaptor_protein,8.526918883023269e-05
81,2,8,bite_angle,8.44345480633421e-05
82,2,8,neighbor_acridinium_cation,8.37562517902611e-05
83,2,8,electron_microscopy_image,8.323462290797621e-05
84,2,8,water_molecule_adp_atom,8.2549626092955e-05
85,2,8,ccooh_c_c,8.199594102369301e-05
86,2,8,main_cluster_type,8.186768953139773e-05
87,2,8,phosphate_dihydrate,8.152479158977722e-05
88,2,8,large_substrate_accommodation,8.120704487697168e-05
89,2,8,isatin_n_atom,8.100794522612895e-05
90,2,9,central_membered_ring,8.728262264871649e-05
91,2,9,near_infrared_excitation,8.365978089615357e-05
92,2,9,unsubstituted_c_atom,8.331825159103345e-05
93,2,9,middot_anion,8.246382814852801e-05
94,2,9,electron_density_peak,8.174798335393688e-05
95,2,9,conventional_x_ray_diffractometer,8.164715680235162e-05
96,2,9,metal_bond_behaviour,8.152888597652439e-05
97,2,9,geometric_solution,8.116165795540098e-05
98,2,9,shull_moon_amp,8.112665488352333e-05
99,2,9,phase_separation,8.105057622768924e-05
0,3,0,beam_orientation,7.311721999991641e-05
1,3,0,dynamic_beam,7.288618947450349e-05
2,3,0,membered_ring_delocalize_bond,7.2812697686335e-05
3,3,0,c_s_bond_length,7.279628968215744e-05
4,3,0,mean_square_translational_displacement,7.268896459155366e-05
5,3,0,sample_environment,7.230407798904726e-05
6,3,0,pyrimidine_ring_centre,7.220053107120713e-05
7,3,0,bind_cargo,7.215453619348996e-05
8,3,0,sequence_assignment_approach_use,7.199038893229407e-05
9,3,0,substitute_cyclopentadienyl_ring_plane,7.194582803995761e-05
