,run,topic,terms,p
956199176082492e-05
1,1,0,water_molecule_chloride_anion,8.513594110769795e-05
2,1,0,anion_minus_pentaborate,8.504139985045761e-05
3,1,0,model_completeness,8.502347814778569e-05
4,1,0,elemental_composition,8.444456779573775e-05
5,1,0,square_pyramidal_coordination_environment,8.368729455668328e-05
6,1,0,detector_saturation,8.352322679221147e-05
7,1,0,nh_group,8.298741020149184e-05
8,1,0,mars_surface,8.297497134257157e-05
9,1,0,human_fetal_hand,8.25591123402207e-05
10,1,1,dicarbonyl_molecule,8.448110654759837e-05
11,1,1,formic_hydrazide,8.400043352601677e-05
12,1,1,n_prime_dianionic_ligand,8.395105572361769e-05
13,1,1,kramers_kronig_relation,8.394316983010616e-05
14,1,1,wild_type_structure,8.382143874019136e-05
15,1,1,bulk_solvent_correction,8.3430145785813e-05
16,1,1,hypothetical_acetyltransferase_pfgnat,8.332503558912893e-05
17,1,1,nanoparticle_advective_motion_direction,8.32790781744805e-05
18,1,1,host_rest_geometry,8.293700905334535e-05
19,1,1,high_al_content_plane,8.257269954351053e-05
20,1,2,tetramer_form_hydrogen_bond,8.403825926536651e-05
21,1,2,inositol_hydrolysis_catalyze_enzyme,8.333012488422952e-05
22,1,2,individual_profile_fit_technique,8.31829200401468e-05
23,1,2,md_molecular_dynamic,8.312028803422581e-05
24,1,2,o_bond,8.306958636041985e-05
25,1,2,iodine_molecule_form,8.262109633167542e-05
26,1,2,twin_structure,8.241011243963726e-05
27,1,2,high_luminescence,8.157245220763669e-05
28,1,2,mjtim_unligand_structure_novelty,8.15456889998659e-05
29,1,2,secondary_extinction,8.048291978960454e-05
30,1,3,catalytic_core,8.463215513061885e-05
31,1,3,batch_condition,8.433758241563014e-05
32,1,3,saxs_camera,8.425044623365738e-05
33,1,3,fhv_flock_house_virus,8.419376849491493e-05
34,1,3,structure_ring,8.232933485855815e-05
35,1,3,kappa_p_chloride,8.228809033125385e-05
36,1,3,ring_plane_orientation,8.168560694353417e-05
37,1,3,phenyl_dimethoxyphenyl,8.166247738429578e-05
38,1,3,cell_surface_modification,8.165688321410827e-05
39,1,3,hydrogen_bond_topology,8.134328620007254e-05
40,1,4,pyridyl_ring_cl_atom,8.764886695860304e-05
41,1,4,lithium_oxide,8.598856359337054e-05
42,1,4,conjugation_system,8.516442934524471e-05
43,1,4,biological_system_thiocyanate,8.488227199296013e-05
44,1,4,deprotonated_schiff_base_ligand,8.437957349479534e-05
45,1,4,facial_position_occupy_group,8.398066652984322e-05
46,1,4,imidazole_n_atom,8.263997477972328e-05
47,1,4,corundum_standard,8.259338191210787e-05
48,1,4,phase_problem,8.242254814315976e-05
49,1,4,graph_set_notation,8.241513288761449e-05
50,1,5,mathematical_condition,8.714218871508352e-05
51,1,5,pipe_bind_region,8.65564929104341e-05
52,1,5,topological_density_calculation,8.551019353310855e-05
53,1,5,pure_silica_analogue,8.345505014856813e-05
54,1,5,thiocyanate_counterion,8.343960973726838e-05
55,1,5,good_quality,8.298078918937418e-05
56,1,5,naphthalene_contain_polyether,8.29430574784386e-05
57,1,5,signal_protein,8.284277592968737e-05
58,1,5,dta_differential_thermal_analysis,8.251628855538456e-05
59,1,5,two_l,8.250505002725726e-05
60,1,6,main_backbone,8.798738034171972e-05
61,1,6,bright_blue_crystal,8.72449209089021e-05
62,1,6,high_completeness,8.670061189755124e-05
63,1,6,phasis_domain,8.621419619502884e-05
64,1,6,scatter_term,8.321351142537678e-05
65,1,6,experimental_programme,8.300216558238449e-05
66,1,6,typical_envelope_conformation,8.268284072422004e-05
67,1,6,antimicrobial_peptide_resistance,8.262929097803051e-05
68,1,6,twist_chair,8.262356319752483e-05
69,1,6,ground_beam_line,8.25724462428896e-05
70,1,7,zii_type,8.610958546239766e-05
71,1,7,inversion_centre_locate_dimer,8.508918848318866e-05
72,1,7,resolution_datum,8.483341062754734e-05
73,1,7,epoxy_group,8.369935417798578e-05
74,1,7,projection_cut,8.304847577009027e-05
75,1,7,mnii_atom,8.296003985334482e-05
76,1,7,physical_form,8.227054114304389e-05
77,1,7,large_spectral_range,8.210065778036572e-05
78,1,7,local_twofold_symmetry,8.181528858177358e-05
79,1,7,n_h,8.094329799702623e-05
80,1,8,alpha_kinase_activation,8.874024954436306e-05
81,1,8,thermal_neutron_laue_diffractometer,8.726842461356561e-05
82,1,8,owater_bond,8.528721862734421e-05
83,1,8,delta_c_h,8.391042845896292e-05
84,1,8,band_gap,8.379916200150153e-05
85,1,8,mm_nbsp_time,8.285699943845805e-05
86,1,8,pipe_bind_region,8.271403478269395e-05
87,1,8,atomic_scatter,8.260748454730905e-05
88,1,8,isoxazolidine_ring,8.247901285338597e-05
89,1,8,instead_powder_catalytic_reactor,8.118064978969298e-05
90,1,9,protonated_water_molecule,8.753720972602753e-05
91,1,9,coordinate_methanolate_methanol_ligand,8.395771467610082e-05
92,1,9,relatively_short_exposure_time,8.33568436385521e-05
93,1,9,picric_acid,8.315179363542e-05
94,1,9,constant_thickness_lamella_scatter,8.288264557610727e-05
95,1,9,pure_potassium_dihydrogen_crystal,8.188126928251352e-05
96,1,9,ligand_tetrahydrofuran_methyl,8.18313742886998e-05
97,1,9,mechanistic_aspect,8.18104483099524e-05
98,1,9,s_hydrogen_bond_network,8.148923324657047e-05
99,1,9,o_generate_hydrogen_bond,8.113555150787377e-05
100,1,10,salt_bridge_formation_disruption,8.824802009609379e-05
101,1,10,pheb_substrate_specificity_mechanism,8.605823566330449e-05
102,1,10,outer_benzene_ring_plane,8.309536427379924e-05
103,1,10,key_cellular_protein,8.264752280144959e-05
104,1,10,large_substrate,8.259997549129058e-05
105,1,10,silicon_single_crystal_wafer,8.244282449916651e-05
106,1,10,different_monochromator_crystal,8.195382938753912e-05
107,1,10,co_atom,8.194644029783601e-05
108,1,10,ni_presence,8.156351032282819e-05
109,1,10,n_salicylideneaniline,8.143464176899155e-05
110,1,11,sequence_assignment,8.750761490542091e-05
111,1,11,silicon_nitride,8.65201137194732e-05
112,1,11,nearby_have_shell,8.40806747247705e-05
113,1,11,disconnect_chain_fragment_assembly,8.335095339437867e-05
114,1,11,coordinate_molecule,8.332946761173353e-05
115,1,11,partially_occupy_molecule_deg,8.332396171861845e-05
116,1,11,micelle_structure,8.319871428643437e-05
117,1,11,pectolytic_protein_crystal,8.206849420198294e-05
118,1,11,n_h_form_plane,8.178427792547471e-05
119,1,11,all_result,8.140717513715818e-05
120,1,12,n_atom,8.798347851402584e-05
121,1,12,direct_tool,8.70132131541914e-05
122,1,12,key_implication_carbohydrate,8.366662139623657e-05
123,1,12,picrate_anion,8.301231338970607e-05
124,1,12,bridge_ligand,8.266839228266284e-05
125,1,12,inhibitor_structure,8.266228306399243e-05
126,1,12,diyttrium_heptaoxodisilicate_new_form,8.257155662471504e-05
127,1,12,active_site_aromatic_residue,8.224671189776071e-05
128,1,12,average_inelastic_elastic_scatter,8.167322303216376e-05
129,1,12,prepare_n_methylimidazole_solution,8.161936915819742e-05
130,1,13,mpr_membrane_proximal_region,8.300946705833182e-05
131,1,13,carboxyl_group,8.283048851529697e-05
132,1,13,rise_popularity,8.224918676474097e-05
133,1,13,middot_complex_salt_hydrate,8.142808024677732e-05
134,1,13,pi_pi_interaction_form,8.1392037876722e-05
135,1,13,positive_sense,8.137972747805443e-05
136,1,13,chloride_bridge,8.127599727924463e-05
137,1,13,precursor_peptide,8.121787058151991e-05
138,1,13,spherical_plane_wave_condition,8.107194565514848e-05
139,1,13,tautomeric_equilibrium,8.106653901724235e-05
140,1,14,fluorite_relate_material,0.00010126939504458389
141,1,14,multi_tube_detector,8.46223048231638e-05
142,1,14,commercial_host,8.442666321128046e-05
143,1,14,butyl_chain,8.432036658787618e-05
144,1,14,wurtzite_type,8.34280325470814e-05
145,1,14,forward_diffract_perfect_crystal,8.252831544211589e-05
146,1,14,equal_atom_case,8.224706343329228e-05
147,1,14,discrete_complex_molecule,8.190586687127157e-05
148,1,14,tile_set,8.141827507023818e-05
149,1,14,preliminary_result,8.131022859311014e-05
150,1,15,distortion_character,8.380451774991287e-05
151,1,15,oxygen_phosphoru_carbon_replacement,8.302913108996436e-05
152,1,15,desulfovibrio_africanu,8.241577870958934e-05
153,1,15,xylan_xylose_backbone,8.190585819969781e-05
154,1,15,han_amp,8.155303627279588e-05
155,1,15,organic_cation_water_molecule,8.096700993235097e-05
156,1,15,different_contrast,8.092155175586456e-05
157,1,15,achiral_peptide,8.089347626587106e-05
158,1,15,axis_position,8.089210375925779e-05
159,1,15,square_pyramidal_coordination,8.087191937301869e-05
160,1,16,completely_abrogate_transport,8.739846964806835e-05
161,1,16,bidentate_chelate,8.663042537584052e-05
162,1,16,experimental_alpha_lmn,8.38903361240943e-05
163,1,16,molecule_deg,8.371101864523772e-05
164,1,16,cationic_chain,8.31433094383987e-05
165,1,16,new_phase_method,8.289779267761935e-05
166,1,16,sample_grain_orientation,8.156001841562123e-05
167,1,16,triazolyl_system,8.137914264608293e-05
168,1,16,aring_co_o,8.13608713379348e-05
169,1,16,general_dna_hydroxymethylation_comprehension,8.112099476965835e-05
170,1,17,ac_plane,8.583668988988938e-05
171,1,17,bond_distance_cu,8.380197157927114e-05
172,1,17,trimeric_protein,8.326401541384305e-05
173,1,17,small_heater,8.285031697812362e-05
174,1,17,imidazole_ring_conjugation_system,8.219319053621748e-05
175,1,17,real_life_single_particle,8.212340531180876e-05
176,1,17,x_ray_emission,8.18386371148688e-05
177,1,17,error_estimate_convergence,8.181950186401822e-05
178,1,17,weak_phase_power,8.162327054492316e-05
179,1,17,signal_protein,8.151357296852712e-05
180,1,18,bind_transition_state_analogue,8.599116228582753e-05
181,1,18,crystal_structure_stabilization,8.479245806842032e-05
182,1,18,catalytic_triad_serine_hydroxyl,8.383245354268337e-05
183,1,18,great_tran,8.353468342275177e-05
184,1,18,edge_share,8.257810420711856e-05
185,1,18,obtain_approach,8.248071400559649e-05
186,1,18,remarkable_feature_negative_charge,8.197662259351176e-05
187,1,18,layer_pack,8.153787790959202e-05
188,1,18,normal_single_bond,8.117902306943571e-05
189,1,18,beta_alpha_ring,8.116387256030889e-05
190,1,19,multilamellar_membrane_dna_intercalation,9.222572281571264e-05
191,1,19,nucleus_form_microscope,8.555102764097776e-05
192,1,19,chemical_structure,8.463297026015488e-05
193,1,19,perovskite_base_structure_oxide,8.385824736531299e-05
194,1,19,pyrene_plane_interaction,8.370481354182605e-05
195,1,19,peo_block,8.230988113050328e-05
196,1,19,symmetrical_polymorph,8.222079873868504e-05
197,1,19,tran_pd_complex,8.21014282791952e-05
198,1,19,complex_crystal,8.156011325075277e-05
199,1,19,estimate_weight_accuracy,8.14901331370955e-05
0,2,0,drug_resistance_flap_dynamic,7.801928125054882e-05
1,2,0,loop_generate_hydrogen_bond,7.754560216246535e-05
2,2,0,unligand_aotc,7.727115808544346e-05
3,2,0,cl_interaction,7.724568877363499e-05
4,2,0,fortran_iv,7.703547518583715e-05
5,2,0,mer_arrangement,7.635239563266011e-05
6,2,0,condition_record_experimental_datum,7.611704950090166e-05
7,2,0,stack_interaction,7.596239077617044e-05
8,2,0,dimensional_lattice,7.573146084141639e-05
9,2,0,periplasmic_protein,7.560527675288952e-05
10,2,1,measurement_range,7.714627880680057e-05
11,2,1,tran_effect,7.703675057569163e-05
12,2,1,diffraction_theory,7.589193495165177e-05
13,2,1,host_rest,7.545001354351951e-05
14,2,1,short_s,7.528989070168445e-05
15,2,1,agc_kinase_family_member,7.518420339808839e-05
16,2,1,average_crystallite_size,7.511795926417316e-05
17,2,1,ether_cavity,7.509775050533201e-05
18,2,1,acetyl_substituent_syn_configuration,7.501509912499746e-05
19,2,1,group_correspond_scheme_group,7.414283793167145e-05
