,run,topic,terms,p
mponent_occupancy,8.680002516505675e-05
1,1,0,potential_problem,8.499061038947826e-05
2,1,0,single_datum,8.333405261947918e-05
3,1,0,topographic_image,8.331054021083024e-05
4,1,0,antiulcer_agent_sofalcone,8.323316217714169e-05
5,1,0,transparent_yellow_plate,8.286402277453719e-05
6,1,0,pack_molecule_mannitol,8.245635648282285e-05
7,1,0,native_counterpart_isomorphous_crystal,8.210140496461137e-05
8,1,0,ctd_phosphatase,8.153749932790895e-05
9,1,0,datum_trend,8.148281744301988e-05
10,1,1,phenyl_isoxazoline,8.190588461790601e-05
11,1,1,active_site_biomimic,8.176258217264006e-05
12,1,1,halogen_bond,8.162341444819546e-05
13,1,1,acoustic_droplet_ejection,8.156214565704818e-05
14,1,1,quantum_crystal,8.073472679355037e-05
15,1,1,kinetic_analysis,8.053830770663245e-05
16,1,1,piperidone_ring,8.049388077737164e-05
17,1,1,membrane_protein_sample,8.046011166292658e-05
18,1,1,cl_bond,8.029850322490296e-05
19,1,1,ir_ir_distance,8.021382312310612e-05
20,1,2,intermolecular_c_h_pair,8.481699077078415e-05
21,1,2,collagen_fibril,8.464679643829696e-05
22,1,2,classical_hydrogen,8.46086406822197e-05
23,1,2,toru_parameter_wide_range,8.407443495834546e-05
24,1,2,nucleotide_overhang_duplex_dna,8.361800514822257e-05
25,1,2,significant_improvement,8.232627661457399e-05
26,1,2,molecular_geometry_library,8.196669580341446e-05
27,1,2,thermotropic_liquid_crystal,8.182206452360453e-05
28,1,2,bidentate_ligand,8.161206752030332e-05
29,1,2,lattice_complex,8.116844178768045e-05
30,1,3,web_application,8.84446768146486e-05
31,1,3,torsion_bend,8.558173892220872e-05
32,1,3,aromatic_ring_dihedral_angle,8.525727633544801e-05
33,1,3,unit_cell_b_axis,8.263174966678426e-05
34,1,3,sample_holder,8.226366687343559e-05
35,1,3,domain_potential_application,8.181595896944268e-05
36,1,3,primary_beam_intensity_distribution,8.171453201831632e-05
37,1,3,dna_bind,8.124856501533749e-05
38,1,3,atomic_displacement,8.078244750462495e-05
39,1,3,metal_complex,8.064010445711542e-05
40,1,4,benzotriazole_ring_ring,8.535363334335841e-05
41,1,4,vm_micro_be,8.388762452074963e-05
42,1,4,carboxy_terminal_subdomain,8.307958177855703e-05
43,1,4,extradiol_cleave_catecholic_dioxygenas,8.288762212226509e-05
44,1,4,disorder_aromatic_ring,8.288212911335958e-05
45,1,4,isomorphism_class,8.286144810147244e-05
46,1,4,hydration_dehydration,8.280348970672274e-05
47,1,4,polymeric_anion,8.195159234807555e-05
48,1,4,xu_amp,8.179884030530948e-05
49,1,4,ag_tube,8.179189970263838e-05
50,1,5,surface_loop,8.376737815283976e-05
51,1,5,acceptor_hydrogen_bond_donor,8.339559622467205e-05
52,1,5,ps_exposure_time_pattern,8.339089432382142e-05
53,1,5,mu_mu_dihydrate,8.265325555217217e-05
54,1,5,bulk_sample,8.204233280794345e-05
55,1,5,peer_review_article,8.203840420087892e-05
56,1,5,volume_fractality_absence,8.200557634217941e-05
57,1,5,cuii_ion,8.152957131774871e-05
58,1,5,alkaliphilic_bacillus_sp,8.149232553879109e-05
59,1,5,common_graphical_user_interface,8.128396767463193e-05
60,1,6,distort_octahedral_manner,8.337802435125817e-05
61,1,6,crystallographic_inversion_center,8.268163214890376e-05
62,1,6,aring_resolution,8.265762325019708e-05
63,1,6,importantly_pathogenic_bacterium,8.175549526417694e-05
64,1,6,s_contact,8.156591210697375e-05
65,1,6,methoxycarbonyl_group_mean_plane,8.146526910868196e-05
66,1,6,linear_dislocation,8.126502685031368e-05
67,1,6,c_bond_length,8.080558196892949e-05
68,1,6,amine_group,8.066977740526574e-05
69,1,6,o_amine_perchlorate,8.018023270579273e-05
70,1,7,real_structure,8.393413788375781e-05
71,1,7,neighbour_picrate_ion,8.312272201789055e-05
72,1,7,o_crystal_contact,8.225850188646884e-05
73,1,7,stack_molecule,8.225120855181707e-05
74,1,7,pi_sample_efficiency_flexibility,8.153768451934456e-05
75,1,7,precession_photograph,8.138205172165898e-05
76,1,7,o_s,8.110552537179064e-05
77,1,7,structural_instability,8.087569720771223e-05
78,1,7,fe_distance_fe,8.08730069651795e-05
79,1,7,mpr_ctb_polyalanine_linker,8.07427189944881e-05
80,1,8,nonmagnetic_region,8.657890283245734e-05
81,1,8,yellow_plate,8.626260376322874e-05
82,1,8,c_h_plane,8.227237306240891e-05
83,1,8,resolution_crystal_structure,8.22594572108559e-05
84,1,8,organic_solvent,8.170718033141478e-05
85,1,8,glutarimide_piperazinyl,8.104141395063005e-05
86,1,8,synchrotron_datum_collection,8.088451750299718e-05
87,1,8,investigate_system,8.074933732007493e-05
88,1,8,scn_minus_ion,8.057029305043924e-05
89,1,8,radial_distribution_function,8.055938130875903e-05
90,1,9,potent_proteasome_inhibitor_bortezomib,8.699596443239206e-05
91,1,9,solubiliz_detergent,8.697582387777439e-05
92,1,9,size_solution_specie_distribution,8.504193572749575e-05
93,1,9,form_inversion_dimer,8.433095205101901e-05
94,1,9,statistical_model,8.359560440990688e-05
95,1,9,antiferroelectric_phasis,8.134847331693455e-05
96,1,9,hypothetical_protein,8.069821946094123e-05
97,1,9,mm_period,8.046351724287808e-05
98,1,9,crystallographic_literature_biostructural_information,8.03112345589456e-05
99,1,9,tls_parameter,8.010096538714801e-05
0,2,0,surface_electrostatic_charge_distribution,7.399827034424302e-05
1,2,0,clostridium_thermocellum,7.266317517705237e-05
2,2,0,influenza_virus_heterotrimeric_polymerase,7.225913259610205e-05
3,2,0,fix_type,7.171031140209262e-05
4,2,0,asymmetric_unit_atomic_composition,7.165006765456375e-05
5,2,0,neutron_diffraction_study,7.153038455785663e-05
6,2,0,octupole_sum,7.13269613794499e-05
7,2,0,ii_dichloride,7.131668613168389e-05
8,2,0,intramolecular_motion,7.106302796744854e-05
9,2,0,structural_lattice,7.10126607945862e-05
