,run,topic,terms,p
_step,8.877617370063072e-05
1,1,0,strong_p_oh,8.44851674179567e-05
2,1,0,x_ray_microscope,8.145675775108199e-05
3,1,0,cell_parameter,8.126114155296007e-05
4,1,0,intermolecular_n_h_pair,8.070779594084675e-05
5,1,0,thiocyanate_counterion,8.055438311169282e-05
6,1,0,result_phasis,8.049090037861004e-05
7,1,0,minus_disulfonylimide,8.042883337818876e-05
8,1,0,profile_fit,8.039284202151852e-05
9,1,0,scatter_indicatrice,7.999108291322598e-05
10,1,1,methanol_methylene_chloride,8.375175848671879e-05
11,1,1,monochromatic_powder_diffractometer,8.277585995043465e-05
12,1,1,decaiodide_novel,8.248837827720612e-05
13,1,1,fluoride_source,8.232136639732834e-05
14,1,1,polymeric_chain_zn_atom,8.155730029849253e-05
15,1,1,single_crystal_dispersion,8.15197427852173e-05
16,1,1,pseudo_theta_arm,8.093206287501031e-05
17,1,1,calixarene_unit,8.092744008601424e-05
18,1,1,catalyst_initiator,8.092238427243582e-05
19,1,1,absorb_dose,8.090146349837384e-05
20,1,2,local_center_displacement,8.972776082161406e-05
21,1,2,future_complicate_metal_complex,8.541593654758263e-05
22,1,2,di_n_butylamine_equivalent,8.371477341243298e-05
23,1,2,crystalline_state_reaction,8.31523146127194e-05
24,1,2,le_le_charge_compensation,8.254846168424647e-05
25,1,2,material_power_specific_energy,8.241993554312687e-05
26,1,2,n_gnat_acetyltransferase,8.23499474666289e-05
27,1,2,h_atom_precise_position,8.16852511207303e-05
28,1,2,calculate_powder_diffraction_datum,8.164143672877757e-05
29,1,2,lattice_molecule_pack,8.094443377954351e-05
30,1,3,oxide_bismuth_titanate,8.58397047099807e-05
31,1,3,molecular_basis,8.470396863081112e-05
32,1,3,mu_acid,8.444889504839442e-05
33,1,3,free_parameter,8.157629760708246e-05
34,1,3,hydogen_bond_interaction,8.137898434735283e-05
35,1,3,c_chain,8.076961598996196e-05
36,1,3,bond_angle_distortion,8.076244476688674e-05
37,1,3,whole_powder_pattern,8.060504112054512e-05
38,1,3,v_v_v_bond,8.053683802168937e-05
39,1,3,interionic_c_h,8.051917479627331e-05
40,1,4,waals_force,8.380597619061066e-05
41,1,4,dimensional_search_small_set,8.374139856877457e-05
42,1,4,phosphoryl_ethanol,8.34816058578391e-05
43,1,4,deg_c_hold_alloy,8.209209603307585e-05
44,1,4,mirror_relate_layer,8.190238416368558e-05
45,1,4,maleonitriledithiolate_ligand,8.147588248611932e-05
46,1,4,rna_recognition,8.146271717036716e-05
47,1,4,functional_structure,8.087347001418776e-05
48,1,4,anneal_schedule,8.068791371152087e-05
49,1,4,type_transition,8.065591538422535e-05
50,1,5,imidazole_ligand,8.504948645801365e-05
51,1,5,beta_delta,8.502787790450808e-05
52,1,5,m_tris_hcl,8.367504815937406e-05
53,1,5,high_relative_energy,8.306421992721494e-05
54,1,5,hydroxide_ion,8.291004500586689e-05
55,1,5,c_gamma_atom,8.279645861365919e-05
56,1,5,pyrazolidinone_ring_plane,8.260832354985304e-05
57,1,5,single_wavelength,8.256046926767249e-05
58,1,5,spot_shape,8.25131892440314e-05
59,1,5,previous_experimental_measurement,8.176469984853624e-05
60,1,6,ring_adopt_chair_conformation,9.128975143388686e-05
61,1,6,x_ray_exposure,8.801672340467516e-05
62,1,6,high_order_spop_oligomer,8.343719621718553e-05
63,1,6,active_carbohydrate,8.290962022031382e-05
64,1,6,analysis_datum_collection,8.247750096338004e-05
65,1,6,scaffold_contain_deposit,8.171716025069427e-05
66,1,6,respective_van,8.160909188576752e-05
67,1,6,benzene_ring_pi_contact,8.158201180055114e-05
68,1,6,hydroxyl_o,8.157020111884157e-05
69,1,6,aring_mn_distance,8.146876751131979e-05
70,1,7,aring_maximum_resolution,8.416511177115932e-05
71,1,7,br_weak_interaction,8.410802174641133e-05
72,1,7,vanadium_pentoxide_powder,8.248072397505175e-05
73,1,7,principal_symmetry_group,8.236216246915129e-05
74,1,7,single_room_temperature,8.220785693538052e-05
75,1,7,temperature_range_cover_furnace,8.110429141308038e-05
76,1,7,vehicle_alternative_fuel_source,8.104694913858943e-05
77,1,7,aring_contact,8.032225567412447e-05
78,1,7,synthetic_crystal,7.999845472544179e-05
79,1,7,te_atom,7.995648983530252e-05
80,1,8,guest_specie_structural_organisation,8.454107410416472e-05
81,1,8,o_contact,8.366028217885036e-05
82,1,8,dissimilatory_sulfite_reductase,8.199282130409622e-05
83,1,8,heat_load,8.117582975146674e-05
84,1,8,length_hydrogen_bond,8.11707665057936e-05
85,1,8,acid_pyda_minus,8.111587045683382e-05
86,1,8,nonclassical_intermolecular_c_h,8.09173253631122e-05
87,1,8,sodium_atom,8.077139579558598e-05
88,1,8,gst_fusion,8.050669141342919e-05
89,1,8,sad_experiment_anomalous_signal,8.023046733506642e-05
90,1,9,highly_focus_neutron_beam,8.27162039475983e-05
91,1,9,anisotropic_displacement_parameter,8.220642367953494e-05
92,1,9,sample_geometry,8.138851583934825e-05
93,1,9,power_density,8.10456108798254e-05
94,1,9,anomalous_scatter_correction,8.074637561422934e-05
95,1,9,interior_angle,8.0398026509966e-05
96,1,9,nociceptin_receptor_ligand,8.013612023247306e-05
97,1,9,ideal_geometry,7.994577512405737e-05
98,1,9,threefold_axis,7.990088323047902e-05
99,1,9,dsd_activity,7.982022065579335e-05
0,2,0,tert_butyl_ester,8.585466339343462e-05
1,2,0,isolate_tetrahedral_molecule,8.538891546578775e-05
2,2,0,prime_molecule,8.477343153822404e-05
3,2,0,model_uniqueness,8.417986927588627e-05
4,2,0,refinement_result_manual_inspection,8.368801794970755e-05
5,2,0,adjacent_molecule_cavity,8.357797298628741e-05
6,2,0,numerous_weak_interaction,8.356026897769478e-05
7,2,0,pdii_atom,8.354941219922034e-05
8,2,0,equal_atom_case,8.336910780548879e-05
9,2,0,tetrachloridoferrate_anion,8.325846327500841e-05
10,2,1,grow_system,8.887268511159353e-05
11,2,1,diffraction_spot,8.410904426567177e-05
12,2,1,distort_tran_geometry,8.377116820413391e-05
13,2,1,tetrahedral_sn_p_center,8.35897777293741e-05
14,2,1,stack_molecule_exhibit,8.252549001332317e-05
15,2,1,vitro_selection,8.216183739239006e-05
16,2,1,crystal_molecular_conformation,8.210952479655697e-05
17,2,1,gpa_volumetric_compressibility_basis,8.209549020816001e-05
18,2,1,hydrogen_bond_association,8.192017938035001e-05
19,2,1,datum_collection_aspect,8.172102196111966e-05
20,2,2,deg_cl_cu_cl,9.014307315453036e-05
21,2,2,twofold_symmetry,8.508305131831856e-05
22,2,2,vice_versa_octahedron,8.483005881441776e-05
23,2,2,ion_form_network,8.466479148179532e-05
24,2,2,planar_macrocycle,8.462211913338003e-05
25,2,2,great_quantity,8.428833688661296e-05
26,2,2,similar_process,8.41390673600671e-05
27,2,2,high_quality,8.410555027136822e-05
28,2,2,hopa_minus,8.370722993274062e-05
29,2,2,mmm_symmetry_site,8.324759620628455e-05
30,2,3,keto_group,8.346633706016482e-05
31,2,3,tpsi_concise_formula,8.34654493741368e-05
32,2,3,hydrate_prime_prime,8.33645400660613e-05
33,2,3,pinonic_acid_acid,8.244606802553153e-05
34,2,3,sign_change,8.238231568873105e-05
35,2,3,complex_magnetic_property,8.234270693969865e-05
36,2,3,quantitative_analysis,8.200372777117477e-05
37,2,3,natural_olivine,8.184770808375762e-05
38,2,3,polymeric_anion,8.182705754986972e-05
39,2,3,molecular_dipole_moment,8.154910443725309e-05
40,2,4,strain_presence,8.943636336631244e-05
41,2,4,attractive_candidate,8.488003156374684e-05
42,2,4,quinoline_ring_mean_plane,8.457053644580442e-05
43,2,4,molecular_oxygen,8.3862461235056e-05
44,2,4,open_read_frame,8.338919517437621e-05
45,2,4,molecular_interaction_term,8.316350932804486e-05
46,2,4,unligand_aotc,8.306140537484663e-05
47,2,4,br_pyrimidinyl_ligand,8.29506170059116e-05
48,2,4,middot_middot_structure,8.287760449026768e-05
49,2,4,isovanillin_group,8.263082517599336e-05
50,2,5,information_knowledge,8.788422340925687e-05
51,2,5,likelihood_function,8.475109916290658e-05
52,2,5,theoretical_value_good_agreement,8.361630065001207e-05
53,2,5,examination_temperature,8.348635226344082e-05
54,2,5,tet_protein,8.31152044484331e-05
55,2,5,weak_c_h_addition,8.310426482118573e-05
56,2,5,good_quality,8.286852402248814e-05
57,2,5,automatic_detection,8.263047478630393e-05
58,2,5,additional_c_h,8.235753340968462e-05
59,2,5,er_stress,8.209655357572208e-05
60,2,6,n_s,8.662854404893711e-05
61,2,6,sb_ras_integration_project,8.597238653290357e-05
62,2,6,angle_fold,8.506604084648485e-05
63,2,6,main_cluster_type,8.47185127393087e-05
64,2,6,acetone_pentane_mixture_solution,8.432894654116124e-05
65,2,6,solubiliz_detergent,8.353420012785106e-05
66,2,6,dislocation_ring_lang,8.335423324608522e-05
67,2,6,amide_h_atom,8.317050453822327e-05
68,2,6,neutral_complex_molecule,8.311966115299481e-05
69,2,6,layer_like_structure,8.30832703598968e-05
70,2,7,asymmetric_unit_half_molecule,8.651680100376437e-05
71,2,7,low_barrier_hydrogen_bond,8.602521048829524e-05
72,2,7,non_merohedral_component_twin,8.597750129928212e-05
73,2,7,methanol_one_molecule,8.556646924057894e-05
74,2,7,membrane_proximal,8.460144987567892e-05
75,2,7,l_idopyranosiduronic,8.350117779883245e-05
76,2,7,electron_crystallography,8.322748594435123e-05
77,2,7,dimensional_network_polymer,8.319180168599763e-05
78,2,7,acta_cryst_alstrup_amp,8.294526174969734e-05
79,2,7,diimine_core,8.267135063216506e-05
80,2,8,non_ionic_keto_form,8.888968516593699e-05
81,2,8,nodaviridae_family_member,8.56231400013718e-05
82,2,8,stable_polymorphic_form,8.472670792088909e-05
83,2,8,previous_work,8.355482883378541e-05
84,2,8,layer_sequence,8.307381416685532e-05
85,2,8,lattice_crystal,8.244390882493779e-05
86,2,8,covariance_weight_matrix,8.232339042295179e-05
87,2,8,theoretical_value,8.165819708119405e-05
88,2,8,monoprotonated_ethanediamine_molecule,8.164253517311533e-05
89,2,8,isomorphous_crystal,8.159210297095595e-05
90,2,9,symmetry_group,9.006288430350303e-05
91,2,9,substrate_bind_product,8.484483814300602e-05
92,2,9,intermolecular_o_h,8.445600219123114e-05
93,2,9,monoclinic_delta_polymorph,8.43813545386217e-05
94,2,9,beta_chair_alpha,8.402724279590518e-05
95,2,9,zn_o_bond_distance,8.397407266929477e-05
96,2,9,detail_investigation,8.377122814499586e-05
97,2,9,illustrative_sample,8.363217301856154e-05
98,2,9,subsequent_escape,8.281082906442063e-05
99,2,9,vector_representative_new_method,8.188968330415481e-05
100,2,10,test_measurement_result,8.809753750261899e-05
101,2,10,parallel_dimensional_supramolecular_structure,8.51181580241718e-05
102,2,10,wide_class,8.460959073886602e-05
103,2,10,sodium_acetate,8.428387751523994e-05
104,2,10,x_p,8.30963797220322e-05
105,2,10,white_synchrotron,8.2874924194063e-05
106,2,10,simultaneous_reflection,8.157316438054818e-05
107,2,10,recipe_screen_formulation,8.150341003331424e-05
108,2,10,rare_pattern,8.140508026691037e-05
109,2,10,vapor_diffusion_trial,8.124694564160334e-05
110,2,11,extensive_dimensional_network,8.724807301204074e-05
111,2,11,protox_inhibitor,8.624825867388687e-05
112,2,11,beam_dynamic,8.330999839531783e-05
113,2,11,line_weissenberg_camera,8.321986121597044e-05
114,2,11,angle_result,8.32086178652711e-05
115,2,11,ferric_salt_know_occurrence,8.314586360712767e-05
116,2,11,carbazole_position,8.310313793515511e-05
117,2,11,boron_heterocycle,8.288654343353314e-05
118,2,11,aring_x_ray,8.244395098817879e-05
119,2,11,complex_sheet,8.187445529016701e-05
120,2,12,way_touch,8.759879341443949e-05
121,2,12,interest_motif,8.526750070234693e-05
122,2,12,water_hydroxyl,8.512569047509084e-05
123,2,12,phenol_imine_tautomeric_form,8.199858320524615e-05
124,2,12,x_background,8.119201769131303e-05
125,2,12,acridinium_n_h_group,8.110891337900096e-05
126,2,12,dna_bind_domain,8.089678188714127e-05
127,2,12,human_mitochondrion,8.076722964644048e-05
128,2,12,evaluation_procedure,8.060961789925082e-05
129,2,12,c_n_double_bond,8.05958804814023e-05
130,2,13,da_method_high_resolution,8.96293609939853e-05
131,2,13,short_range_order_parameter,8.731854930319097e-05
132,2,13,ovis_ecdysone_receptor,8.676625053658998e-05
133,2,13,coordinate_aqua_ligand,8.566399708496126e-05
134,2,13,standard_set,8.444465688484285e-05
135,2,13,cylinder_lateral_face,8.421486083892807e-05
136,2,13,recent_decade_lib_material,8.37671156976588e-05
137,2,13,situ_cryocrystallization_technique,8.329440660374406e-05
138,2,13,basic_concept,8.276945233563961e-05
139,2,13,initial_screen,8.165417361889182e-05
140,2,14,dichlorodimethylsilane_i,9.143351797522378e-05
141,2,14,beta_oxidative_addition,8.749235452374898e-05
142,2,14,batch_crystallization,8.584385206692617e-05
143,2,14,property_structure,8.53800108933203e-05
144,2,14,methyltransferase_gene,8.531128170545785e-05
145,2,14,irregular_coordinate_environment,8.464555926994553e-05
146,2,14,carboxylic_acid_carboxyl,8.383177858911106e-05
147,2,14,form_chain_hydrogen_bond,8.284083754304186e-05
148,2,14,multicatalytic_protein_complex,8.277247143763216e-05
149,2,14,meyer_et_al_work,8.273510547415839e-05
150,2,15,goniometer_design_geometry,8.761624167076388e-05
151,2,15,image_plate_detector,8.45987902486158e-05
152,2,15,base_complex,8.368802372285415e-05
153,2,15,isomorphic_phase_transition,8.333276787675351e-05
154,2,15,prime_n_o_n,8.315834912523151e-05
155,2,15,chlorine_bridge_chain,8.284933741035274e-05
156,2,15,thiosalicylic_acid,8.222385659598554e-05
157,2,15,material_performance,8.220297907285547e-05
158,2,15,human_mitochondrion,8.201444168190156e-05
159,2,15,synthesize_sample,8.171895333371727e-05
160,2,16,n_atom_o_atom,8.650502348028846e-05
161,2,16,beamline_experience_train_personnel,8.339051152900248e-05
162,2,16,key_challenge,8.286187908509002e-05
163,2,16,small_high_order_correction,8.27892294671909e-05
164,2,16,orthorhombic_packing,8.266119427524868e-05
165,2,16,time_period,8.264288149553035e-05
166,2,16,incident_radiation,8.236363866717618e-05
167,2,16,mix_anion_system,8.228161936567762e-05
168,2,16,week_human_fetus,8.186827367995725e-05
169,2,16,signal_pathway,8.130797499140914e-05
170,2,17,cation_coordination_geometry,8.668946934678695e-05
171,2,17,neutron_powder_datum,8.509222488359213e-05
172,2,17,benefit_practice,8.462891589628956e-05
173,2,17,dead_time_model,8.442150242492688e-05
174,2,17,close_br_impose_contact,8.439991049151771e-05
175,2,17,molecular_weight_symmetry,8.430862723066067e-05
176,2,17,unesco_iucr,8.361700916829153e-05
177,2,17,image_plate,8.293380645998092e-05
178,2,17,trinuclear_zinc,8.285620953446792e-05
179,2,17,tran_effect,8.202587308261924e-05
180,2,18,speciman_crystal_structure,8.73766578612004e-05
181,2,18,common_sigma,8.482479976319758e-05
182,2,18,rei_centre_geometry,8.478799537738953e-05
183,2,18,software_method,8.441725426131983e-05
184,2,18,crystal_diffraction_image,8.356152365803308e-05
185,2,18,anion_minus_prime_prime,8.34700778199531e-05
186,2,18,crystal_surface,8.330622191998154e-05
187,2,18,equibiaxial_load_path,8.300874520866646e-05
188,2,18,solvent_exchange,8.294244592093121e-05
189,2,18,esrf_undulator,8.269566622837654e-05
190,2,19,joint_probability_density_function,8.608246006008236e-05
191,2,19,beta_delta,8.604122177979123e-05
192,2,19,future_test_possible_material,8.540991442138556e-05
193,2,19,n_o,8.514887837891616e-05
194,2,19,isoxazole_ring,8.356826840874214e-05
195,2,19,fully_automate_datum_collection,8.307919001311141e-05
196,2,19,ternary_binary_alloy,8.307052393661629e-05
197,2,19,n_acetyltransferase_domain,8.239477083816259e-05
198,2,19,little_homology,8.232719204177704e-05
199,2,19,omega_theta,8.133630366584077e-05
200,2,20,aring_bond_distance,8.49085357292375e-05
201,2,20,mononuclear_agi_complex_cation,8.406765167238544e-05
202,2,20,boronic_ester,8.38788314989851e-05
203,2,20,lattice_molecule_pack,8.293383671341447e-05
204,2,20,anionic_framework,8.265786922917977e-05
205,2,20,diffractometer_control,8.191181477372887e-05
206,2,20,silicon_nitride_nanocrystalline_powder,8.142865941833734e-05
207,2,20,usp_conformation,8.131752312392473e-05
208,2,20,fashion_direction_stack,8.1072427134698e-05
209,2,20,fully_extend_tran_conformation,8.099527753387566e-05
210,2,21,triazene_ligand,8.939422188438212e-05
211,2,21,infinite_dimensional_lattice,8.932098377743195e-05
212,2,21,minus_adci_anion,8.632775413316458e-05
213,2,21,monochromatic_neutron_instrument,8.399681576927013e-05
214,2,21,fuse_cycloheptane_ring,8.379142004455999e-05
215,2,21,recent_year,8.331380570023172e-05
216,2,21,raman_scatter_datum,8.327792365065087e-05
217,2,21,ring_plane,8.238893985340373e-05
218,2,21,brucella_bacterial_pathogen,8.227812398592838e-05
219,2,21,vertical_rowland_cycle,8.1860597132383e-05
220,2,22,complex_main_dimension,8.731316779751526e-05
221,2,22,sufficient_sensitivity,8.593251295895365e-05
222,2,22,ryanodine_receptor,8.538710669560274e-05
223,2,22,new_instrument,8.466443201209526e-05
224,2,22,solid_state_tautomeric_equilibrium,8.424986930731037e-05
225,2,22,symmetry_relate_pair,8.408429270587079e-05
226,2,22,parallel_row,8.37733595312825e-05
227,2,22,general_purpose,8.335039420431807e-05
228,2,22,human_body,8.231331408510918e-05
229,2,22,electronic_density_fourier_transform,8.211653574649529e-05
230,2,23,refine_value,8.648261690807225e-05
231,2,23,minimization_problem,8.627350298003178e-05
232,2,23,coumarin_moiety,8.375180880805594e-05
233,2,23,protein_fold_enzyme,8.223918009494281e-05
234,2,23,kinetically_favour_product,8.222184934148886e-05
235,2,23,different_type,8.209627851820621e-05
236,2,23,centrosymmetric_dioxane,8.176690250039399e-05
237,2,23,e_configuration,8.168035620641933e-05
238,2,23,carbazole_position,8.129534273771495e-05
239,2,23,benzothiazole_molecule,8.11736979964231e-05
240,2,24,general_position,8.724847872638057e-05
241,2,24,scientific_community_consensus,8.632409314178582e-05
242,2,24,mir_datum,8.566308686897853e-05
243,2,24,parallel_chain,8.549886247310952e-05
244,2,24,water_molecule_independent_anion,8.459675250543291e-05
245,2,24,c_contact,8.442094809795672e-05
246,2,24,tail_bacteriophage,8.434678997756917e-05
247,2,24,formulation_chemical,8.337684897089419e-05
248,2,24,main_facility,8.266571684312434e-05
249,2,24,salicylamide_fragment,8.23252550896534e-05
250,2,25,high_order_structure,8.665285914024905e-05
251,2,25,deg_effective_cone_angle,8.602831458591276e-05
252,2,25,propeller_like_shape,8.52943238996701e-05
253,2,25,growth_rate_movement,8.482467350497023e-05
254,2,25,surface_average_ring_size,8.417679229567495e-05
255,2,25,correction_function,8.409822901421377e-05
256,2,25,topographic_method_optical_property,8.190620960907451e-05
257,2,25,adpm_ligand,8.133265328653637e-05
258,2,25,oxalate_ion_o_atom,8.129899028212889e-05
259,2,25,o_length_hydrogen_bond,8.124182454503353e-05
260,2,26,low_temperature_spectrum,8.875471736821221e-05
261,2,26,diffraction_line,8.697468965806877e-05
262,2,26,b_cell_parameter_change,8.627901763499698e-05
263,2,26,observe_functional_disparity,8.590057412678804e-05
264,2,26,thiocyanate_ion,8.506856915010463e-05
265,2,26,electron_beam_evaporation,8.410271338763383e-05
266,2,26,serine_hydroxyl,8.333406305286824e-05
267,2,26,electron_density_model,8.298074058731553e-05
268,2,26,axis_stack,8.292411920759663e-05
269,2,26,russia_slovenia_collaboration,8.264306050027482e-05
270,2,27,zwitterionic_dicarboxylate_ligand,8.741356227601088e-05
271,2,27,dedicate_secondary_goniometer,8.596382258499139e-05
272,2,27,purine_structure,8.329045847129914e-05
273,2,27,square_pyramidal_coordination_geometry,8.225003204292859e-05
274,2,27,syn_relationship,8.16566933095287e-05
275,2,27,methanol_disolvate,8.135248888937042e-05
276,2,27,bridge_dication,8.090345542435691e-05
277,2,27,catalytic_centre,8.089389452161726e-05
278,2,27,fix_type,8.08559350494591e-05
279,2,27,aerobic_condition,8.0579347277734e-05
280,2,28,inhibitor_structure,8.769710308265428e-05
281,2,28,weakly_deform_bicrystal,8.709397226708214e-05
282,2,28,substantial_difference,8.655982548653714e-05
283,2,28,glycerol_fermentation_pathway,8.633881805183325e-05
284,2,28,primary_hydrogen_bond,8.358826895706409e-05
285,2,28,dihedral_angle_ring,8.292196402301264e-05
286,2,28,water_molecule_hydroxy_group,8.27339733999435e-05
287,2,28,powder_diffraction_pattern,8.248807846000854e-05
288,2,28,active_tube,8.241195692031275e-05
289,2,28,se_peak,8.205847668220749e-05
290,2,29,analytical_expression,8.795642663280812e-05
291,2,29,pi_contact_form,8.713256197939492e-05
292,2,29,positive_strand_rna_virus,8.628173265048237e-05
293,2,29,overall_modulation,8.533754486269775e-05
294,2,29,linear_hydrogen_bond,8.465124347269693e-05
295,2,29,tbba_sample,8.331697008675299e-05
296,2,29,beamline_monochromator_design,8.294668176055232e-05
297,2,29,n_cinnamoyl_derivative,8.25006444767446e-05
298,2,29,detuning_technique,8.234860423085072e-05
299,2,29,methylene_c_atom,8.228668127321622e-05
300,2,30,heat_shock,8.612970428753719e-05
301,2,30,cassette_system,8.576488421346369e-05
302,2,30,barycentric_representation,8.556270614174958e-05
303,2,30,rubbery_material_production,8.37942318417484e-05
304,2,30,zwitterionic_molecule,8.365888239012217e-05
305,2,30,crystallographic_twofold_axis,8.358146829520398e-05
306,2,30,terpyridine_transition_metal_complex,8.295923773429731e-05
307,2,30,solar_cell_component,8.228951633455371e-05
308,2,30,cis_geometry,8.188045144505439e-05
309,2,30,beta_oxidative_addition,8.185007405176343e-05
310,2,31,c_atom,8.53449715734648e-05
311,2,31,oscillation_photography,8.452490920653084e-05
312,2,31,phosphorus_distance,8.318578345232962e-05
313,2,31,remarkable_result,8.317524872015072e-05
314,2,31,protein_diffraction,8.295273682823325e-05
315,2,31,central_c_c,8.271079436970188e-05
316,2,31,infinite_molecular_unit,8.215014574719374e-05
317,2,31,fumarate_dianion,8.214136453853151e-05
318,2,31,aui_atom,8.176439863678012e-05
319,2,31,stress_relaxation_process_sample,8.156330409425266e-05
320,2,32,dimensional_zigzag_chain,8.294925142794874e-05
321,2,32,streptomyces_lividan,8.277544156643544e-05
322,2,32,dimethylformamide_indole_reaction,8.271262757905024e-05
323,2,32,approximately_planar_maximum_deviation,8.239972035559379e-05
324,2,32,nbsp_thermophilus_hypothetical_protein,8.220761654972627e-05
325,2,32,ps_time,8.168807790090382e-05
326,2,32,polymer_concentration_statistical_fluctuation,8.151790994779929e-05
327,2,32,iii_v_semiconductor,8.118833792182789e-05
328,2,32,considerable_disorder,8.089559555696811e-05
329,2,32,dirubidium_dicalcium_single_crystal,8.08716400453545e-05
330,2,33,ni_coordinate,8.927226770779629e-05
331,2,33,sample_volume,8.779167605663647e-05
332,2,33,uncoordinated_terminal_n_atom,8.266034775373843e-05
333,2,33,b_spline_function_knot,8.234208003089647e-05
334,2,33,pendant_benzene_ring_deg,8.224345206061972e-05
335,2,33,new_domain_interface_structure,8.201323093890076e-05
336,2,33,o_aring_distance,8.163883435708876e-05
337,2,33,performance_test,8.151836318098216e-05
338,2,33,free_diffraction,8.12685772295815e-05
339,2,33,biological_implication,8.090696987952753e-05
340,2,34,cation_coordination_geometry,8.523869772898941e-05
341,2,34,instrumental_broaden_magnitude,8.467721812477776e-05
342,2,34,crystallization_plate,8.38043658939042e-05
343,2,34,x_ray_nanotomography,8.346353988095041e-05
344,2,34,normal_operation,8.310163143610017e-05
345,2,34,c_d_ring,8.301749629472343e-05
346,2,34,pancreatic_polypeptide,8.287266094559794e-05
347,2,34,e_value,8.251957175907169e-05
348,2,34,membered_chelate,8.23136622349237e-05
349,2,34,binary_system,8.225006672069424e-05
350,2,35,reciprocal_space_treatment,8.759096910297562e-05
351,2,35,bragg_reflexion_tds_correction,8.642110291923621e-05
352,2,35,o_bond_length,8.458673897703993e-05
353,2,35,main_backbone,8.444524525809242e-05
354,2,35,centrosymmetric_dioxane_molecule,8.405365372581512e-05
355,2,35,report_dioxide_structural_characteristic,8.282597117464856e-05
356,2,35,topological_relation,8.282347099308033e-05
357,2,35,computer_architecture,8.235149071177797e-05
358,2,35,derive_diffractometer_coordinate,8.229534252335537e-05
359,2,35,prime_iii_dimethylsilicon,8.189714267760297e-05
360,2,36,glycyl_l_threonine_dihydrate,8.814742921090123e-05
361,2,36,bulk_solvent_model_parameter,8.539299402740599e-05
362,2,36,sultone_ring,8.526432190720308e-05
363,2,36,stress_relaxation_process,8.456517085409895e-05
364,2,36,cctbx_bulk_solvent_correction,8.45121966059197e-05
365,2,36,trigonal_bipyramidal_coordinate_geometry,8.427257044839179e-05
366,2,36,ctb_mpr_several_variant,8.357688051605199e-05
367,2,36,cis_bis,8.289016343734051e-05
368,2,36,usp_conformation,8.248255632971647e-05
369,2,36,sesquiterpene_lactone_matricarin_structure,8.214087244948067e-05
370,2,37,mono_ester_calixarene,8.723846354002783e-05
371,2,37,yellow_crystal,8.653917058905467e-05
372,2,37,chloride_reaction,8.583899399978625e-05
373,2,37,inversion_crystallographic_centre,8.575534933116081e-05
374,2,37,equivalent_position,8.43259314015781e-05
375,2,37,native_sulfur_sad,8.422376596888356e-05
376,2,37,scientific_community_consensus,8.420500858520072e-05
377,2,37,functional_relevance,8.391336185869547e-05
378,2,37,protein_model_portal_model,8.358846701528335e-05
379,2,37,middot_cl_minus,8.328840400519916e-05
380,2,38,phase_estimate,8.606077854656199e-05
381,2,38,coherent_inelastic_neutron,8.518851022528285e-05
382,2,38,de_novo_ncs_average,8.402144410363198e-05
383,2,38,portland_cement,8.304854418788549e-05
384,2,38,symmetry_deg_k,8.302609379340452e-05
385,2,38,package_initiation_propose_site,8.2804631911928e-05
386,2,38,datum_analysis,8.274956753048148e-05
387,2,38,human_stomach_gastric_mucosa,8.21939795466986e-05
388,2,38,likelihood_function_correspond_derivative,8.206602964415083e-05
389,2,38,usual_powder_diffraction_technique,8.18522581902413e-05
390,2,39,minus_salt_solvate,8.452928001310486e-05
391,2,39,pyridyl_s_atom,8.43965055029149e-05
392,2,39,heat_nbsp,8.43578690652874e-05
393,2,39,physico_chemical_property,8.370751610230194e-05
394,2,39,high_structural_homology,8.284209633406482e-05
395,2,39,neighbour_molecule_imine_group,8.27204561164802e-05
396,2,39,large_diameter,8.236289688160675e-05
397,2,39,dihedral_angle_borazine_ring,8.221165891104454e-05
398,2,39,distinguishable_anomalous_signal,8.21918267863841e-05
399,2,39,connect_network,8.156884538067352e-05
400,2,40,experimental_measurement,9.132001430505435e-05
401,2,40,hydrogen_bond_numb,8.600856508565955e-05
402,2,40,mean_size,8.583606796752322e-05
403,2,40,polycrystalline_aluminium,8.339076610185577e-05
404,2,40,brief_overview,8.317460167829992e-05
405,2,40,crystallization_subsequent_preparation,8.289512147206084e-05
406,2,40,fluorescence_radiation,8.276006045422214e-05
407,2,40,structure_rest,8.212698933194312e-05
408,2,40,order_disorder_transformation,8.201927148512543e-05
409,2,40,crystal_conformation_pack_term,8.197806420362295e-05
410,2,41,biaxial_tensile_test,9.248286032870483e-05
411,2,41,terminal_benzene_ring,9.112799444517858e-05
412,2,41,s_p_tolyl,9.082855021408864e-05
413,2,41,equimolar_mixture_k,8.813448531142221e-05
414,2,41,surface_roughness,8.653150559009281e-05
415,2,41,software_technology,8.423029939216522e-05
416,2,41,dhqase_type,8.397623996944641e-05
417,2,41,macr_topography_image,8.373714814571269e-05
418,2,41,serine_protease_enzymatic_activity,8.29044231366036e-05
419,2,41,pale_brown_color_change,8.285001157606812e-05
420,2,42,dimeric_tim,8.802192965878035e-05
421,2,42,complete_ring_motif,8.659615943674096e-05
422,2,42,full_length,8.395281637664299e-05
423,2,42,azide_ion,8.359572039855068e-05
424,2,42,aring_centroid_centroid_distance,8.327685172911736e-05
425,2,42,native_hrsvn_stabilization,8.257077799949991e-05
426,2,42,amide_group_interplanar_angle,8.250351252597452e-05
427,2,42,key_enzyme,8.235667318077737e-05
428,2,42,micellar_core_electron_density,8.226887303352609e-05
429,2,42,stack_pi_pi,8.223849490500029e-05
0,3,0,symmetry_relate_ligand,8.297790658762327e-05
1,3,0,peer_review_score,8.04395816244625e-05
2,3,0,acid_pyda_minus,7.990470099070548e-05
3,3,0,parallel_form,7.95695210574314e-05
4,3,0,crystallographica_section_e,7.937854735983177e-05
5,3,0,beta_domain,7.919623514558324e-05
6,3,0,pi_substrate,7.838441853150104e-05
7,3,0,methylene_h_atom,7.836194700100901e-05
8,3,0,different_morphology,7.82854660452204e-05
9,3,0,centrosymmetric_crystal_structure_factor,7.826006881692239e-05
10,3,1,putida_sequence_analysis,8.222081067783588e-05
11,3,1,high_angle_reflection,8.049094671540397e-05
12,3,1,inositol_polyphosphate,8.025582757482812e-05
13,3,1,high_temperature_spatial_fluctuation,7.963201887972675e-05
14,3,1,distort_tricapp_trigonal_prism,7.913624031792913e-05
15,3,1,locally_strain_alloy,7.870585018246608e-05
16,3,1,structural_result,7.837107800313492e-05
17,3,1,imidazole_ring,7.832353593183875e-05
18,3,1,silica_matrix,7.787259926669827e-05
19,3,1,co_mn_analogue_isostructure,7.782238974790925e-05
20,3,2,deglycosylat_glycosylat_protein,7.988803365568449e-05
21,3,2,present_cl_interaction,7.88694217610751e-05
22,3,2,hps_hydrogen_bond,7.886697488787174e-05
23,3,2,aromatic_system,7.884449305833551e-05
24,3,2,diffraction_profile_analysis,7.844229295332401e-05
25,3,2,aichi_virus,7.824671334764916e-05
26,3,2,centrosymmetrically_relate_niii_atom,7.819206767930502e-05
27,3,2,ribosome_structural_study,7.817865085001574e-05
28,3,2,solubility_microscopy_measurement,7.78884118288044e-05
29,3,2,nanoparticle_isolate_molecule,7.788463467719637e-05
30,3,3,sb_o,8.263060458280374e-05
31,3,3,three_v,7.972493386729896e-05
32,3,3,dataflow_software_hardware,7.970319578425635e-05
33,3,3,dirubidium_dicalcium,7.943389973350674e-05
34,3,3,quasi_white_beam,7.942812313798784e-05
35,3,3,powder_speciman,7.929217853297349e-05
36,3,3,c_alpha_tran,7.882568186786743e-05
37,3,3,rna_complex,7.871236094212378e-05
38,3,3,strong_n_h_pair,7.849499881711408e-05
39,3,3,comparable_contribution,7.84670699303871e-05
0,4,0,substitute_unsubstituted_cp_ring,7.586160813656843e-05
1,4,0,borazine_ring,7.401925291101025e-05
2,4,0,twin_boundary_arrangement,7.286903344960036e-05
3,4,0,uncertainty_estimate_associate_intensity,7.272675812132129e-05
4,4,0,weak_intermolecular_pyrimidine_carboxyl,7.269482748503673e-05
5,4,0,parameter_study_microreactor,7.255790657385237e-05
6,4,0,pi_multiple_hydrogen_bond,7.247291280615521e-05
7,4,0,lattice_cell,7.241338960410438e-05
8,4,0,antiparallel_manner_metal_atom,7.222716351702139e-05
9,4,0,laser_granulometry,7.196306407366212e-05
