,run,topic,terms,p
n,8.990501234961023e-05
1,1,0,ambient_atmosphere,8.51330342724404e-05
2,1,0,dioxocyclobutene_o_atom,8.49031259642184e-05
3,1,0,composition_meoh_solvate,8.365986666554688e-05
4,1,0,significant_conformational_change,8.331930672212545e-05
5,1,0,extend_polymeric_chain_form,8.291532624647594e-05
6,1,0,truncate_signal_peptide,8.133764603189796e-05
7,1,0,crystalline_standard,8.130462323816007e-05
8,1,0,small_diameter,8.121929476787841e-05
9,1,0,molecular_similarity,8.107118236216019e-05
10,1,1,acid_pyda_minus,8.47676650245382e-05
11,1,1,absolute_size,8.407940472382064e-05
12,1,1,c_h_neighbour_anion,8.386374357595105e-05
13,1,1,random_real_space_structure,8.310897008718465e-05
14,1,1,native_protein,8.30613476038043e-05
15,1,1,point_diffraction_interferometer,8.270605069625857e-05
16,1,1,lamellar_phase_system,8.206635754959145e-05
17,1,1,separate_ring,8.185545349109072e-05
18,1,1,macrocyclic_atom,8.172880293654921e-05
19,1,1,electrostatic_voltage,8.156870237852118e-05
20,1,2,phenol_ring,8.594768025881419e-05
21,1,2,protein_fact,8.581416390606913e-05
22,1,2,pi_pi_interaction_form,8.366233278478919e-05
23,1,2,physically_reasonable_shift,8.320899839965277e-05
24,1,2,methanol_methylene_chloride_crystallization,8.30315518943478e-05
25,1,2,flexibility_parameter,8.175330784541466e-05
26,1,2,complex_cation_amine_group,8.146002269420899e-05
27,1,2,interplanar_distance,8.083659554062865e-05
28,1,2,srm_silicon_standard_term,8.002293567246622e-05
29,1,2,present_model,8.001513321760998e-05
30,1,3,viz_configuration,8.403210206973877e-05
31,1,3,dcdp_dadp,8.295279244043302e-05
32,1,3,xray_crystallography,8.237092097348627e-05
33,1,3,project_information,8.216977672079076e-05
34,1,3,opposite_direction,8.146556898110571e-05
35,1,3,texture_example,8.056403677580848e-05
36,1,3,microscope_vacuum,8.051346132880878e-05
37,1,3,low_nucleotide_sequence_specificity,8.035336281286803e-05
38,1,3,chi_axis,8.030801404542183e-05
39,1,3,dianion_o_atom,8.00832614199729e-05
40,1,4,aring_distance,8.275276114596002e-05
41,1,4,crystallographic_twofold_rotation_axis,8.25404132222436e-05
42,1,4,lithium_iron_vanadate,8.253651218983483e-05
43,1,4,user_shift,8.227813571680454e-05
44,1,4,x_ray_powder_diffraction,8.20602725603896e-05
45,1,4,incident_beam_divergence,8.177171702017534e-05
46,1,4,opposite_direction,8.141364964553314e-05
47,1,4,tetragonal_prism,8.126664427152699e-05
48,1,4,arm_form,8.086107563755247e-05
49,1,4,plus_anion,8.080530569295405e-05
50,1,5,brief_description,8.812203955874228e-05
51,1,5,dynamic_nature,8.412989375118644e-05
52,1,5,monodentate_dithiocarbamate_ligand,8.366414542371539e-05
53,1,5,two_bridge_acetate_ligand,8.364672925713839e-05
54,1,5,racemic_twin_crystal,8.320990451921834e-05
55,1,5,sample_volume,8.309121296567426e-05
56,1,5,high_resolution_transmission_electron,8.28430163894249e-05
57,1,5,solid_state_laser,8.223184616304244e-05
58,1,5,pd_intermetallic,8.186570312606752e-05
59,1,5,preliminary_result,8.111165615085213e-05
60,1,6,thiosulfate_middot_minus,8.368972212531551e-05
61,1,6,present_investigation,8.313688770456688e-05
62,1,6,estimate_weight,8.303092725845274e-05
63,1,6,bismuth_titanate,8.272121277891387e-05
64,1,6,relative_energy,8.256284362661879e-05
65,1,6,strong_n_h,8.212563434809946e-05
66,1,6,plane_opposite_side,8.136735161201698e-05
67,1,6,boundary_condition,8.070085113198214e-05
68,1,6,principle_proof,7.957987511844137e-05
69,1,6,significant_expansion,7.946608890030511e-05
70,1,7,elongt_square_pyramidal_coordination,8.43836132371116e-05
71,1,7,map_interpretation,8.285289806282399e-05
72,1,7,rational_function_arctangent_function,8.284423499643265e-05
73,1,7,beam_diffraction,8.209521885910813e-05
74,1,7,single_electron_sensitivity,8.080137814829707e-05
75,1,7,flat_molecule,8.075481955624518e-05
76,1,7,acetone_pentane,8.056535031724032e-05
77,1,7,n_triphenylmethylamine,8.01900582332359e-05
78,1,7,respectively_deg_n_angle,8.017685857034805e-05
79,1,7,highly_orient_lamellar_microdomain,7.980480569547514e-05
80,1,8,serine_hydroxyl,8.786320517393396e-05
81,1,8,post_growth,8.323916076329967e-05
82,1,8,n_terminus_tag,8.216459307776845e-05
83,1,8,block_copolymer_micelle,8.181149034059229e-05
84,1,8,iron_carbonyl,8.155327995761045e-05
85,1,8,benedetti_fagherazzi_enzo_paper,8.1524268889124e-05
86,1,8,microbial_gaba_transaminase,8.120724890492352e-05
87,1,8,ps_time_scale,8.08825964802239e-05
88,1,8,regulation_transcription_initiation,8.0788305540202e-05
89,1,8,phage_numb,8.060734040992923e-05
90,1,9,ferrocenyl_group,8.554309041403171e-05
91,1,9,centrosymmetric_entity,8.523532749482448e-05
92,1,9,relate_element_element_series,8.221955972796612e-05
93,1,9,high_temperature_phase_transition,8.177709083634027e-05
94,1,9,terpyridine_transition_metal_complex,8.173689279032795e-05
95,1,9,rational_common_zone,8.149086705491252e-05
96,1,9,peptidyl_trna_hydrolase,8.14034073303253e-05
97,1,9,middot_oh_minus_middot,8.137937803878541e-05
98,1,9,one_region,8.118337973211755e-05
99,1,9,adsc_quantum_ccd_detector,8.117093754666012e-05
0,2,0,c_axis_translation,8.221880429022733e-05
1,2,0,hydroxy_group,8.169984703069467e-05
2,2,0,isobutyl_substituent,8.164054420112132e-05
3,2,0,o_n_hydrogen_bond,8.144428640598102e-05
4,2,0,diethyl_intramolecular_cyclization,8.111134103800598e-05
5,2,0,cation_distribution,8.036662702213918e-05
6,2,0,rectangular_shape,8.03118923996551e-05
7,2,0,methionine_point_mutation,7.9287560433767e-05
8,2,0,layer_ternary,7.925170872297543e-05
9,2,0,kraft_pulp_mill,7.923059221766229e-05
10,2,1,drop_vapor_diffusion_method,8.189088953106627e-05
11,2,1,exhibit_envelope_conformation,8.143576907640687e-05
12,2,1,nbsp_case,8.023204043364789e-05
13,2,1,amide_unit,7.927506696483479e-05
14,2,1,elaboration_process_geometry_difference,7.927413223165664e-05
15,2,1,typically_aring_diffract_crystal,7.864251804609593e-05
16,2,1,near_spherical_mask,7.832714014036795e-05
17,2,1,relative_orientation,7.832002614396824e-05
18,2,1,n_mean_plane_deg,7.779139703195292e-05
19,2,1,biological_reaction,7.779033965384877e-05
20,2,2,amide_bond,8.195633392336582e-05
21,2,2,scatter_experiment,8.155460355159729e-05
22,2,2,uncertainty_estimate,7.986337741741005e-05
23,2,2,triplet_reliability,7.969822789347134e-05
24,2,2,ternary_protein_complex,7.96187314463826e-05
25,2,2,n_methylpropionamide_group,7.961681546782864e-05
26,2,2,relative_intensity,7.95514989264882e-05
27,2,2,crystal_diffraction_experiment,7.886165519872362e-05
28,2,2,current_limitation,7.874582086057944e-05
29,2,2,anion_f_atom,7.871341551295558e-05
30,2,3,phen_tcnoet,8.141027290481491e-05
31,2,3,synchrotron_datum,8.03153693243309e-05
32,2,3,c_f_h,7.969309493084896e-05
33,2,3,ethoxy_formamide,7.914441560635101e-05
34,2,3,pterodon_polygalaeflorus,7.909951350907818e-05
35,2,3,structure_formation_process,7.875666691216284e-05
36,2,3,central_atom,7.863461940470093e-05
37,2,3,iron_contain_protein_crystal,7.85846860903724e-05
38,2,3,plusmn_bc_aring_plusmn,7.835853771466004e-05
39,2,3,cui_atom,7.82374567110436e-05
