,run,topic,terms,p
ophore,8.520576064040191e-05
1,1,0,phase_extension_level,8.37382046375261e-05
2,1,0,h_atom_conformation,8.358830594214957e-05
3,1,0,signal_width,8.23377698909601e-05
4,1,0,point_mutant,8.164666349992419e-05
5,1,0,real_time_observation,8.09737245865059e-05
6,1,0,cation_coordination_geometry,8.069523017053289e-05
7,1,0,positron_electron,8.06650054610274e-05
8,1,0,au_atom_close_proximity,8.066120991723686e-05
9,1,0,pdb_code,8.0484419865354e-05
10,1,1,q_gamma,8.491775745130463e-05
11,1,1,ether_ring_crown,8.483052082299468e-05
12,1,1,pyrazole_n_atom,8.394564849204516e-05
13,1,1,hdak_card,8.296561212529976e-05
14,1,1,oa_angle,8.258979365976516e-05
15,1,1,medicinal_agent,8.248966606139712e-05
16,1,1,important_physical_property,8.21533298947039e-05
17,1,1,disorder_fluorine_atom,8.180975701865142e-05
18,1,1,transportation_promise_alternative_fuel,8.173278372182361e-05
19,1,1,distinct_possibility,8.134284415946749e-05
20,1,2,acetate_monohydrate,8.379767670239991e-05
21,1,2,know_photodimer,8.374939786151338e-05
22,1,2,weak_c_h_addition,8.35232640733392e-05
23,1,2,s_angle,8.224762938139665e-05
24,1,2,coherence_degree,8.20166644463639e-05
25,1,2,protein_crystal_property,8.085745937091213e-05
26,1,2,helical_supramolecular_chain,8.068411926629451e-05
27,1,2,o_keto_tautomer,8.066899157244791e-05
28,1,2,molecular_electron_density,8.050929683486794e-05
29,1,2,cell_wall_degrade_complex,8.005634354054492e-05
30,1,3,central_imine_group,8.904563438488811e-05
31,1,3,dimensional_parallel_layer,8.1336758951101e-05
32,1,3,o_h_variety,8.10124552917574e-05
33,1,3,way_touch,8.069557605374759e-05
34,1,3,membrane_protein,8.06898504986941e-05
35,1,3,butyl_c_atom,8.054415334916004e-05
36,1,3,condense_dna,8.049846472182079e-05
37,1,3,silicon_strip,8.026984677130043e-05
38,1,3,pyrrole_ring,7.979195323467245e-05
39,1,3,plausible_crystal_form,7.978797238582864e-05
40,1,4,derivative_characteristic_feature,8.732277629512728e-05
41,1,4,tensor_sum,8.378449310898551e-05
42,1,4,hydrophobic_column,8.251537389554429e-05
43,1,4,pure_ag_k_alpha,8.202845227170221e-05
44,1,4,micellar_surface_unit_charge,8.173412125407137e-05
45,1,4,thiocyanate_unit_relative_position,8.169058555061883e-05
46,1,4,polychromatic_source,8.165818230946976e-05
47,1,4,middot_cl_minus,8.126807219688471e-05
48,1,4,glycouril_framework_respect,8.100149977048776e-05
49,1,4,scientific_area,8.098404961225816e-05
50,1,5,zone_width,8.350640114941521e-05
51,1,5,dimensional_array,8.308075361942321e-05
52,1,5,integer_programme_problem,8.292745844486572e-05
53,1,5,local_optimization_technique,8.210927899814918e-05
54,1,5,advanced_beamlines_suite,8.208698771154729e-05
55,1,5,diffract_intensity_beat,8.203313250303099e-05
56,1,5,automate_pipeline_useful_information,8.169236341381022e-05
57,1,5,crystallize_protein,8.154581506889232e-05
58,1,5,cyclic_carbohydrate_model,8.127879475039809e-05
59,1,5,sphere_interpenetrate_layer,8.076272299287329e-05
60,1,6,middot_dpno_middot,8.86116851326541e-05
61,1,6,correspond_solution_nbsp_concentration,8.612011726769352e-05
62,1,6,computer_simulation,8.573505775182602e-05
63,1,6,non_classical_c_h,8.320803692342266e-05
64,1,6,complete_model,8.26474127369494e-05
65,1,6,tetrahedral_coordination_geometry,8.24764288110496e-05
66,1,6,exhibit_half_occupancy,8.218839292444913e-05
67,1,6,nitrate_counter_anion,8.214704540706232e-05
68,1,6,observation_simple_beam_calculation,8.1825586404715e-05
69,1,6,curve_different_type_distortion,8.182417631282565e-05
70,1,7,obtain_crystal,8.49591021259767e-05
71,1,7,similar_numb,8.379722517640816e-05
72,1,7,prime_donor_set,8.379132931466263e-05
73,1,7,cis_junction,8.304472275287575e-05
74,1,7,falcon_benefit,8.268271404500091e-05
75,1,7,heavy_metal_variety,8.189507996777057e-05
76,1,7,essential_virulence_factor,8.136620759094559e-05
77,1,7,vapor_diffusion,8.133495255105364e-05
78,1,7,widely_application,8.094816481690147e-05
79,1,7,equatorial_plane_position,8.072232492334995e-05
80,1,8,native_datum,8.547322963930621e-05
81,1,8,zone_reflexion_refine_need,8.466344879023138e-05
82,1,8,base_molecule,8.444247082135269e-05
83,1,8,thermal_effect,8.389960385762713e-05
84,1,8,single_nanotube,8.268395729866781e-05
85,1,8,excite_iron_atom,8.251225078913891e-05
86,1,8,trityl_propeller,8.236896851979894e-05
87,1,8,unsubstituted_n_atom,8.21265506709609e-05
88,1,8,optimal_index,8.142284437851892e-05
89,1,8,charge_interpolation_method,8.137716039701356e-05
90,1,9,s_layer,8.428544526280697e-05
91,1,9,twist_chair_conformation,8.386976029310398e-05
92,1,9,ether_ring_crown,8.219688447099832e-05
93,1,9,fast_response,8.218781378170079e-05
94,1,9,atom_method_force_field,8.20552648271298e-05
95,1,9,probability_theory,8.152369897200846e-05
96,1,9,crystallographically_independent_molecule,8.142939273100124e-05
97,1,9,standard_bragg_angle,8.142831570401979e-05
98,1,9,c_owater,8.127964501883793e-05
99,1,9,strong_constraint,8.103517542996798e-05
0,2,0,loop_mount,8.38021828348956e-05
1,2,0,report_fac_adpm_complex,8.016376204004439e-05
2,2,0,cl_ligand,8.002026296086132e-05
3,2,0,n_thiourea_h_atom,7.892198958380024e-05
4,2,0,x_ray_spectroscopy,7.854023144017787e-05
5,2,0,specific_cross_link_efficiency,7.72898916567398e-05
6,2,0,facial_position,7.719263664649346e-05
7,2,0,ligand_act,7.715562999767984e-05
8,2,0,exocyclic_c_n_bond,7.713923119425036e-05
9,2,0,pep_block,7.708539965002549e-05
10,2,1,new_material_find_goal,8.50039894118596e-05
11,2,1,fill_rubber,8.066772553113213e-05
12,2,1,middot_cl_minus,8.025653521679307e-05
13,2,1,parallel_chain,7.958255458072542e-05
14,2,1,mr_triclinic_structure,7.899669436480978e-05
15,2,1,c_c_n,7.886887838632936e-05
16,2,1,acetate_group,7.880485733756144e-05
17,2,1,hyperbolic_surface,7.853095527277898e-05
18,2,1,pailred_automatic_diffractometer,7.838255860359747e-05
19,2,1,pdb_secondary_structural_feature,7.78095977585162e-05
20,2,2,magnesium_acetate,8.00447482649479e-05
21,2,2,hydroxymethyl_amide,7.872843654377684e-05
22,2,2,ag_interaction,7.829996350724078e-05
23,2,2,ii_primary_ammonium_salt,7.818469131825294e-05
24,2,2,equidistant_split,7.776403568473565e-05
25,2,2,beamline_scatter,7.774728672214314e-05
26,2,2,low_heterogeneity,7.729534910536987e-05
27,2,2,gamma_two_complex_structure,7.727044708801132e-05
28,2,2,molecular_geometry,7.707830619846519e-05
29,2,2,aring_o_bond,7.702697212203968e-05
0,3,0,metal_cation,7.594769500853618e-05
1,3,0,pnpoxs_oxidase,7.438195640120157e-05
2,3,0,cuau_alloy,7.305344922115468e-05
3,3,0,lot_method_rietveld_refinement,7.248323573424541e-05
4,3,0,aring_neighbour_molecule,7.245628226974368e-05
5,3,0,q_gamma_wavevector,7.235408197988609e-05
6,3,0,space_group_monoclinic_structure,7.220736484184667e-05
7,3,0,hydrogen_bond_property,7.165629097243006e-05
8,3,0,de_excitation,7.159702036846792e-05
9,3,0,imperfect_crystal,7.154593904638401e-05
