,run,topic,terms,p
on,8.133758784324092e-05
1,1,0,homologous_protein,8.034465152367915e-05
2,1,0,pi_interchain_hydrogen_bond,8.027613566550662e-05
3,1,0,phosphide_pentanickel,8.010297508491698e-05
4,1,0,physic_experiment,7.985643206400568e-05
5,1,0,celd_cellulase_dockerin_module,7.96222949354914e-05
6,1,0,crystallographically_unique_atom,7.959031965015945e-05
7,1,0,unit_weight_matrix,7.948007778801166e-05
8,1,0,coordination_polymer_structure,7.896742825413036e-05
9,1,0,new_intermetallic,7.894248255913362e-05
10,1,1,observe_polyhedron,8.502046399221296e-05
11,1,1,sapphire_substrate,8.229064112438873e-05
12,1,1,minor_conformational_change,8.136302830910426e-05
13,1,1,forward_diffract,8.08404926456757e-05
14,1,1,perpendicular_benzothiazole_molecule,7.948918175955086e-05
15,1,1,free_parameter,7.925025661189241e-05
16,1,1,n_distance,7.924346912480434e-05
17,1,1,nmr_ir_elemental_analysis,7.906984860836767e-05
18,1,1,deprotonat_ppt,7.897567874318752e-05
19,1,1,prime_ligand_n_atom,7.88808525487792e-05
20,1,2,anti_fashion,8.399474850972333e-05
21,1,2,ni_atom_geometry,8.373759635898413e-05
22,1,2,butanaminium_bromide_propanol,8.12893056177172e-05
23,1,2,x_ray_diffraction,8.029440145204969e-05
24,1,2,nodaviridae_family_member,8.020664686798169e-05
25,1,2,cm_minus_dx_deg,7.997382642579682e-05
26,1,2,detector_geometry,7.943697509849718e-05
27,1,2,position_extra_peak_intensity,7.914381178050605e-05
28,1,2,k_shell,7.909710650670773e-05
29,1,2,tran_pyrazine_ring,7.899879669337034e-05
30,1,3,pack_channel,8.099513741295125e-05
31,1,3,test_calculation_numb,7.955114606711486e-05
32,1,3,tetrachloridoferrate_anion,7.944285310893154e-05
33,1,3,ligand_bind_region,7.896942145601056e-05
34,1,3,static_structural_characterisation,7.884079768394252e-05
35,1,3,twist_minus_ring,7.869547722060779e-05
36,1,3,friedel_pair,7.85324186253078e-05
37,1,3,n_acetyltransferase,7.837781887806807e-05
38,1,3,fourfold_split,7.817909558375033e-05
39,1,3,synchrotron_topography,7.812604084160716e-05
40,1,4,water_o_k,8.203922988172763e-05
41,1,4,atomic_model_refinement,8.190778334995641e-05
42,1,4,benzopyranone_ring,8.107627146446741e-05
43,1,4,protein_secondary_structure_model,8.023830301287839e-05
44,1,4,flavone_skeleton,7.998505576863788e-05
45,1,4,hopa_minus,7.99374890214035e-05
46,1,4,micellar_surface_unit_charge,7.986995065617924e-05
47,1,4,lactone_ring,7.969802359899622e-05
48,1,4,material_alignment,7.904606988810565e-05
49,1,4,axis_run_chain,7.899276595967402e-05
0,2,0,distinct_interaction,7.886320085750909e-05
1,2,0,significant_bond_fixation,7.808343696924526e-05
2,2,0,donor_set,7.615556917706471e-05
3,2,0,set_datum,7.603210703340859e-05
4,2,0,fluoride_phosphate_anion,7.574798590280675e-05
5,2,0,multipole_refinement,7.550081543459437e-05
6,2,0,bridge_mode,7.520661400474036e-05
7,2,0,quantum_mechanical_calculation,7.517307121167754e-05
8,2,0,particular_future_application,7.514511279754524e-05
9,2,0,dna_bind_domain_beta,7.51040079866172e-05
10,2,1,overlap_complementary_capability,8.277124887274496e-05
11,2,1,grow_crystal,7.770437865378324e-05
12,2,1,component_atom,7.7531534111952e-05
13,2,1,spiro_link,7.632303558061945e-05
14,2,1,square_planar_geometry_ligand,7.586115364319403e-05
15,2,1,twist_boat_conformation,7.562496847024007e-05
16,2,1,benzene_substituent_result,7.554802754603937e-05
17,2,1,c_h_br_distance,7.543097468620249e-05
18,2,1,plane_opposite_side,7.509775384844836e-05
19,2,1,pseudo_mm_symmetry_element,7.477526285514438e-05
