,run,topic,terms,p
um_cation,8.497650646378262e-05
1,1,0,pairwise_comparison,8.362915949539494e-05
2,1,0,experimental_datum_range,8.266783145221409e-05
3,1,0,zero_angle,8.212040780614966e-05
4,1,0,scoliosis_individual_spine,8.211279549010055e-05
5,1,0,huge_advance,8.202437343969681e-05
6,1,0,different_molecular_fragment,8.199747030884856e-05
7,1,0,previous_algorithm,8.174166337519439e-05
8,1,0,fac_site,8.172753791371822e-05
9,1,0,slit_size,8.152489830664783e-05
10,1,1,molecular_sheet,8.656877890987548e-05
11,1,1,base_position_pair,8.531486269126125e-05
12,1,1,singular_value,8.499455585776263e-05
13,1,1,calculate_intensity,8.428928587181285e-05
14,1,1,acetate_group,8.387122551940611e-05
15,1,1,mpr_membrane_proximal_region,8.371112239276991e-05
16,1,1,extensive_intermolecular_hydrogen_bond,8.367751988157131e-05
17,1,1,reductase_variety,8.362281237621391e-05
18,1,1,pyrene_anthracene_durene_benzene,8.274118743562033e-05
19,1,1,acta_cryst_precede_paper,8.20396113024412e-05
20,1,2,crystal_average_structure,8.77223867664426e-05
21,1,2,five_example,8.57490151415855e-05
22,1,2,deg_rotation,8.552040767425009e-05
23,1,2,acetone_pentane,8.409861494446161e-05
24,1,2,copper_center,8.403657911067099e-05
25,1,2,planar_deviation_formation,8.387342994458624e-05
26,1,2,tetrahedral_configuration,8.380603888845108e-05
27,1,2,hendricks_ornl_saxs_camera,8.286501212506537e-05
28,1,2,possible_tautomer,8.201966720722621e-05
29,1,2,o_deg_angle,8.186318387846402e-05
30,1,3,dockerin_cohesin,9.07807158823005e-05
31,1,3,aring_vm,8.429847001720765e-05
32,1,3,diffraction_signal,8.37482068986179e-05
33,1,3,nbsp_noncrystallographic_symmetry,8.322800077245757e-05
34,1,3,electron_distribution_variation,8.306137311061322e-05
35,1,3,significant_effect,8.30060161568429e-05
36,1,3,group_separation,8.29968271756097e-05
37,1,3,sigma_e_signal,8.262143996325702e-05
38,1,3,polygalacturonase_a,8.255259796239357e-05
39,1,3,modern_datum_process_program,8.25116711496235e-05
40,1,4,functional_diversity,8.428505299386485e-05
41,1,4,phenyl_isoxazoline_membered_ring,8.425753781171188e-05
42,1,4,reaction_obtain_organometallic_complex,8.417596188099474e-05
43,1,4,k_mm_chip_size,8.406106480244522e-05
44,1,4,single_datum,8.401431435660932e-05
45,1,4,different_crystal_structure,8.365848053966575e-05
46,1,4,rgfp_hydrophilic_protein,8.342432048264042e-05
47,1,4,net_quotient_graph_cycle,8.276480752086347e-05
48,1,4,respectively_activity_like,8.231768410441994e-05
49,1,4,squaric_acid_h_atom,8.223679439061693e-05
50,1,5,amine_oxide_detergent,8.426671353294514e-05
51,1,5,hrsvn_previous_structure_contrast,8.35191052611266e-05
52,1,5,absolute_scale,8.327309346883808e-05
53,1,5,monoclinic_modification,8.305912419834175e-05
54,1,5,theory_method,8.296104493182204e-05
55,1,5,crystallographic_twofold_rotation_axis,8.284862171991689e-05
56,1,5,external_influence,8.23629274707376e-05
57,1,5,crystal_absorption,8.20801873387967e-05
58,1,5,spot_shape,8.204319000059086e-05
59,1,5,neighbour_molecule,8.199393179123824e-05
60,1,6,oligomerization_state,8.998011578943051e-05
61,1,6,fuse_benzene_ring_substituent,8.613578046163781e-05
62,1,6,znii_cation,8.289580759506069e-05
63,1,6,sas_study,8.28837857573277e-05
64,1,6,primary_septicaemia,8.222963454144858e-05
65,1,6,shell_thickness,8.200560543517153e-05
66,1,6,diffraction_intensity_distribution,8.200004398938848e-05
67,1,6,bridge_ligand,8.195115712331406e-05
68,1,6,real_life,8.168097443304523e-05
69,1,6,formation_disruption,8.157651360126611e-05
70,1,7,native_d,8.622849476641873e-05
71,1,7,relatively_rapid_system,8.470895303624109e-05
72,1,7,new_phase_method,8.359728288398983e-05
73,1,7,direct_neutron_stream,8.351530259212352e-05
74,1,7,inp_dope_er_atom,8.314672413637515e-05
75,1,7,archaeal_tim,8.313026174448568e-05
76,1,7,carboxy_terminal_subdomain,8.286223297089684e-05
77,1,7,datum_set_systematic_difference,8.250504851785592e-05
78,1,7,x_ray_diffract_crystal,8.155627661553686e-05
79,1,7,absolute_scale,8.150813108778938e-05
80,1,8,salt_bridge,8.609214988547225e-05
81,1,8,a_factor_regulatory_cascade,8.339872971748344e-05
82,1,8,large_distance,8.231374274001142e-05
83,1,8,initial_map,8.22892003652122e-05
84,1,8,yeast_structure,8.175115351238252e-05
85,1,8,magnetic_field_response,8.150998760981912e-05
86,1,8,secondary_protein_structure,8.127023703046791e-05
87,1,8,xray_crystallography,8.080106720340929e-05
88,1,8,kappa_s_ligand,8.044327180380851e-05
89,1,8,molecular_structure_similar,8.020390320994383e-05
90,1,9,coordination_crystal_structure,8.487058745801314e-05
91,1,9,barycentric_representation_vertex_collision,8.369310634191922e-05
92,1,9,examination_temperature,8.287486467565698e-05
93,1,9,ligm_crystal,8.273968760646315e-05
94,1,9,normalize_lattice_parameter,8.235046333484134e-05
95,1,9,large_scale,8.233171858137593e-05
96,1,9,dimensional_network_hydrogen_bond,8.216562804351938e-05
97,1,9,non_ergodic_behaviour,8.14326659955407e-05
98,1,9,benzimidazole_cation,8.127144679942591e-05
99,1,9,strong_linear_hydrogen_bond,8.115898086887549e-05
100,1,10,pyrazine_ring_tetrazole,9.000390315877062e-05
101,1,10,b_extension,8.619462634054148e-05
102,1,10,covariance_analysis_mean,8.564110825339858e-05
103,1,10,e_conformation,8.472435717028544e-05
104,1,10,proton_donor,8.359821128617074e-05
105,1,10,in_cuii_ion,8.311145204077285e-05
106,1,10,dimeric_tim_insertion,8.256048899549073e-05
107,1,10,beta_group,8.238276095393873e-05
108,1,10,vapour_diffusion_method,8.23607658977217e-05
109,1,10,molecular_structure_similar,8.221522563488972e-05
110,1,11,h_atom_donor,8.601344858778762e-05
111,1,11,positive_construction,8.332579441378182e-05
112,1,11,fragment_naphthylethanone_bulky_phenyl,8.314864679420886e-05
113,1,11,cornell_electron,8.272165291779795e-05
114,1,11,oxidative_addition,8.235411753956321e-05
115,1,11,cytoplasmic_protein,8.23460791653597e-05
116,1,11,complex_sample,8.171610185944537e-05
117,1,11,principal_symmetry,8.155373352591466e-05
118,1,11,year_activity,8.142919658659963e-05
119,1,11,minus_disulfonylimide,8.126041856289423e-05
120,1,12,different_conformation_independent_molecule,8.945299739845798e-05
121,1,12,investigate_phalanx_individual_finger,8.456495742038272e-05
122,1,12,individual_spine,8.317252919682359e-05
123,1,12,well_phasis,8.284258513136986e-05
124,1,12,silicon_nitride_nanocrystalline_powder,8.230171445844311e-05
125,1,12,hyperbolic_surface,8.187822667978795e-05
126,1,12,band_structure,8.177526755623708e-05
127,1,12,detailed_analysis,8.16700700715658e-05
128,1,12,cation_membered_ring_centroid,8.164278444293829e-05
129,1,12,extreme_environmental_condition,8.160719665115374e-05
130,1,13,different_crystal_structure_observation,8.82430809390944e-05
131,1,13,pentagonal_symmetry_form,8.615149614124093e-05
132,1,13,benzene_phenyl_ring_respect,8.464589299595687e-05
133,1,13,central_piperidone_plane_reference,8.165169254522292e-05
134,1,13,cormorant_phalacrocorax_carbo_haemoglobin,8.145436065422787e-05
135,1,13,constant_include_angle,8.081543309532992e-05
136,1,13,propagate_generate_chain,8.076222855272515e-05
137,1,13,account_order_term_formula,8.062575866862098e-05
138,1,13,large_range_orientation_distribution,8.055539346085465e-05
139,1,13,low_temperature_spectrum,8.054060460611391e-05
140,1,14,find_distance,8.883644799237791e-05
141,1,14,different_structural_parameter,8.665560834430877e-05
142,1,14,grow_system,8.585636268405554e-05
143,1,14,amidrazonate_n_atom,8.221440128492414e-05
144,1,14,o_h_variety,8.204460052749797e-05
145,1,14,asymmetric_unit_solvent_molecule,8.170266822178431e-05
146,1,14,thc_case,8.169596576186598e-05
147,1,14,micellar_surface,8.164229858364349e-05
148,1,14,ionotropic_glutamate_receptor,8.14606840029029e-05
149,1,14,mo_alloy_particle,8.11783538239848e-05
150,1,15,binuclear_molecule_ag_interaction,8.608742705236272e-05
151,1,15,escape_result,8.524083550383742e-05
152,1,15,signal_protein,8.490648002933097e-05
153,1,15,genre_icetexane,8.456529068898945e-05
154,1,15,membered_metal_cycle,8.432781446564149e-05
155,1,15,refine_occupancy_ratio_orientation,8.368463505341318e-05
156,1,15,workshop_paper,8.361959433589704e-05
157,1,15,prismatic_crystal,8.325879726720223e-05
158,1,15,model_calculation,8.32195605529101e-05
159,1,15,crystal_grain_size,8.318168093323184e-05
160,1,16,monosolvate_pentahydrate_dimethylformamide,8.418638443996509e-05
161,1,16,complete_kinetic_arrest,8.358161657606336e-05
162,1,16,symmetry_center_lie,8.23674037492385e-05
163,1,16,solvent_flatten,8.216956931067418e-05
164,1,16,planar_ring,8.167434971312108e-05
165,1,16,ethanol_group_o_atom,8.160047820689782e-05
166,1,16,hydrocarbon_exterior,8.159001514788792e-05
167,1,16,functional_structure,8.155359016329059e-05
168,1,16,external_action_subject_crystal,8.150755932862098e-05
169,1,16,similar_negative_charge_target,8.148652510086962e-05
170,1,17,cu_tridentate_ligand,9.059525427316571e-05
171,1,17,o_generate_hydrogen_bond,8.860811875255015e-05
172,1,17,thiophene_quinoline,8.50448558622776e-05
173,1,17,neutron_path_length,8.43787165931455e-05
174,1,17,stable_structure,8.394190693331465e-05
175,1,17,order_phase_transition_undergo,8.392347572743146e-05
176,1,17,static_structural_characterisation,8.35266710217327e-05
177,1,17,diimine_core,8.29662579693017e-05
178,1,17,c_h_combination,8.288095100864734e-05
179,1,17,molecule_long_axis,8.248775931877162e-05
180,1,18,n_c_bond_delocalization,8.974637712605885e-05
181,1,18,strong_intermolecular_o_h,8.417451666328159e-05
182,1,18,viral_infection,8.405795566844892e-05
183,1,18,use_extend_record,8.400266637146533e-05
184,1,18,complicate_hierarchical_structure,8.390809096891015e-05
185,1,18,cuii_atom,8.318461959595279e-05
186,1,18,membrane_envelope_fraction,8.315621140551133e-05
187,1,18,transportation_promise_alternative_fuel,8.308519101960815e-05
188,1,18,iccd_camera,8.307423132089141e-05
189,1,18,cytoplasmic_kinase,8.297808119649169e-05
190,1,19,water_molecule,8.840193614804841e-05
191,1,19,biomedical_structure_determination,8.729883447075804e-05
192,1,19,only_minor_conformational_change,8.508470416769799e-05
193,1,19,respectively_aring_deviation,8.465055211571497e-05
194,1,19,ribosome_structure,8.42116737983916e-05
195,1,19,benzene_ring_c_atom,8.369321238392444e-05
196,1,19,h_aring_centroid_distance,8.325091722685476e-05
197,1,19,dien_diethylenetriamine,8.297518417795727e-05
198,1,19,face_share_polyhedron,8.26182573294729e-05
199,1,19,strike_feature,8.193011967677077e-05
0,2,0,hetero_dinuclear,8.582090541989352e-05
1,2,0,neutron_event_datum,8.279676469991216e-05
2,2,0,type_iii_secretion_system,8.24172674254744e-05
3,2,0,acetonitrile_ligand,8.210081429872014e-05
4,2,0,apo_form,8.14199512119037e-05
5,2,0,dimensional_extend_network,8.132971730035138e-05
6,2,0,crystal_structure_agreement,8.013295517543682e-05
7,2,0,new_coordinate_system,7.98590333377373e-05
8,2,0,ccooh_c_c,7.975265118732114e-05
9,2,0,tpsi_magnitude,7.945659756119902e-05
10,2,1,comparable_contribution,8.29964062394564e-05
11,2,1,inert_gas_condensation_technique,8.186587945333972e-05
12,2,1,quantum_tunnel_term,8.180776536056479e-05
13,2,1,establish_combinatorial_optimization_technique,8.163992985885609e-05
14,2,1,counterion_distribution,8.155832769869435e-05
15,2,1,strong_constraint,8.089292729377025e-05
16,2,1,tetrahydrofuran_methyl,8.085600571787183e-05
17,2,1,non_covalent,8.049648382125294e-05
18,2,1,trigonal_bipyramidal_configuration,8.047894161424821e-05
19,2,1,methyl_group_pair_conformation,7.986929133921364e-05
20,2,2,nitrogen_atom,8.520594607851431e-05
21,2,2,chain_main_chain,8.343450984792037e-05
22,2,2,a_factor,8.308296806200626e-05
23,2,2,prismatic_coordination,8.275611270161926e-05
24,2,2,nitrate_dissimilation,8.248921152227377e-05
25,2,2,rational_design,8.239104308287e-05
26,2,2,pd_aring_o_distance,8.212851665218686e-05
27,2,2,anisotropic_scale_matrix,8.149159350781639e-05
28,2,2,ring_junction_h_atom,8.064980059939833e-05
29,2,2,cl_ligand,8.019512996049519e-05
30,2,3,complex_integration,8.443116553425784e-05
31,2,3,antiparallel_parallel,8.219216696042113e-05
32,2,3,noncrystallographic_symmetry_molecular_replacement,8.184715551593752e-05
33,2,3,type_sphere_contact,8.164624084538306e-05
34,2,3,thin_aluminium_sheet_anodization,8.10500386634082e-05
35,2,3,o_c_angle,8.043482355182282e-05
36,2,3,morphological_information,7.986823117433352e-05
37,2,3,tran_cis_geometry,7.982982880877486e-05
38,2,3,colloidal_sample_polystyrene,7.982093647209245e-05
39,2,3,calculate_curve,7.935655894343378e-05
40,2,4,md_simulation,8.065739482021394e-05
41,2,4,particular_emphasis_study,8.041327253955527e-05
42,2,4,pi_intermolecular_hydrogen_bond,7.992722986209309e-05
43,2,4,x_ray_powder_diffraction,7.945787791014293e-05
44,2,4,bifurcate_hydrogen_bond_linear,7.889052569276147e-05
45,2,4,co_linear,7.888244136566473e-05
46,2,4,bifurcate_o_hydrogen_bond,7.887895391578169e-05
47,2,4,resonant_scatter,7.883646875681531e-05
48,2,4,aring_radius,7.882393679310152e-05
49,2,4,carboxylate_anion,7.867341010835546e-05
50,2,5,chemo_resistance_disease_recurrence,8.449106882550636e-05
51,2,5,correction_function,8.362348249501509e-05
52,2,5,useful_information,8.229020843002353e-05
53,2,5,aring_sn_separation,8.202550273615026e-05
54,2,5,minus_complex_anion,8.189215818571046e-05
55,2,5,extreme_non_ergodic_behaviour,8.183400953439598e-05
56,2,5,metric_parameter,8.183322835856433e-05
57,2,5,aring_outlier,8.175107177512905e-05
58,2,5,homologous_linear_structure_series,8.116209548999205e-05
59,2,5,sub_mev_mev_bandwidth,7.994946235464447e-05
60,2,6,example_scan,8.91189791759415e-05
61,2,6,rapid_detector,8.498334543012679e-05
62,2,6,coordinate_pd_atom,8.259956008408588e-05
63,2,6,tetrahedral_coordination_environment,8.176390024949772e-05
64,2,6,algebraic_formula,8.130027430300468e-05
65,2,6,analysis_stage_individual_crystallographer,8.088214651272325e-05
66,2,6,correct_description,8.053701782238063e-05
67,2,6,high_sequence,8.05020403247243e-05
68,2,6,test_calculation,8.018184790843667e-05
69,2,6,l_alanyl_cyclohexanedicarboxylic_acid,8.005218346554625e-05
0,3,0,protein_structure,8.263378772916498e-05
1,3,0,bin_empirical_fit_function,8.036310320310869e-05
2,3,0,orn_analog,7.975249045749713e-05
3,3,0,nrfha_complex,7.937321949108408e-05
4,3,0,crystal_conformation,7.824876923262797e-05
5,3,0,active_area,7.797390486328713e-05
6,3,0,novel_derivative,7.792692166478762e-05
7,3,0,p_o,7.783558904566813e-05
8,3,0,absolute_optical_chirality,7.766476533618908e-05
9,3,0,thiocyanate_ion,7.760946529594291e-05
10,3,1,schenk_empirical_theoretical_formula,7.948940273692291e-05
11,3,1,possible_substitution_network_flexibility,7.82973481387325e-05
12,3,1,measurement_type,7.774834853420958e-05
13,3,1,employ_resolution_shell,7.765175395874508e-05
14,3,1,multi_beam,7.713736071385271e-05
15,3,1,atom_vicinity,7.708040948463225e-05
16,3,1,relatively_small_perturbation,7.689923080586704e-05
17,3,1,sufficient_magnitude,7.68880455271366e-05
18,3,1,nbsp_concentration,7.668409296145411e-05
19,3,1,complex_structure_moiety,7.644724783879095e-05
20,3,2,m_phase,8.121528930993961e-05
21,3,2,thc_case,7.828046002501472e-05
22,3,2,fully_automatic_screen,7.784139180314212e-05
23,3,2,hexagonal_trigonal_space_group,7.747548565317219e-05
24,3,2,distort_octahedral_environment,7.741114245297934e-05
25,3,2,structurally_characterize_archaeal_tim,7.740842882893597e-05
26,3,2,polar_structure,7.671915831156829e-05
27,3,2,flap_methine_c_atom,7.64101391749111e-05
28,3,2,distort_octahedral_site,7.630782982652671e-05
29,3,2,protein_structural_characterization,7.615488043635806e-05
0,4,0,catalyst_define_initiator,7.555099518808677e-05
1,4,0,different_asymmetric_unit_content,7.449887847700345e-05
2,4,0,angle_bond_length,7.351700481068541e-05
3,4,0,au_p,7.335970365292087e-05
4,4,0,recent_work,7.330423296699243e-05
5,4,0,axial_projection_plot,7.300750011727168e-05
6,4,0,bayesian_method,7.242966876224844e-05
7,4,0,inorganic_phosphate,7.212689736060192e-05
8,4,0,principle_calculation,7.198679715443049e-05
9,4,0,periodic_organization,7.19050352015056e-05
