,run,topic,terms,p
timate,8.689618555022153e-05
1,1,0,isomorphous_crystal,8.646279727626083e-05
2,1,0,anion_feiii_atom,8.595449402530284e-05
3,1,0,incident_x_ray_wave,8.537664999445566e-05
4,1,0,beam_dynamic_deep_study,8.459337304848577e-05
5,1,0,coordinate_oxychloride,8.438895621412357e-05
6,1,0,bone_tissue_change,8.365701118900268e-05
7,1,0,dimeric_unit,8.325879280091181e-05
8,1,0,chiral_organic_molecule,8.287322490793599e-05
9,1,0,homo_parallel,8.236712441154786e-05
10,1,1,useful_negative_relation,9.319581348413058e-05
11,1,1,terminal_n_atom,9.030318475418879e-05
12,1,1,considerable_improvement,8.791662080674179e-05
13,1,1,unfold_protein,8.656287014091e-05
14,1,1,additional_water_molecule,8.583842822662954e-05
15,1,1,bacterial_pathogen,8.579021865676395e-05
16,1,1,mass_attenuation,8.479124775986897e-05
17,1,1,chelate_acetato_ligand,8.47012860732418e-05
18,1,1,usual_crystallization_process,8.422025937490478e-05
19,1,1,molecule_stack,8.414457037524824e-05
20,1,2,solution_specie_distribution,8.396807272596801e-05
21,1,2,diffuse_reflection,8.290919455397883e-05
22,1,2,new_dialkylammonium_thiosulfate,8.265449246183193e-05
23,1,2,respiratory_illness,8.260688697601006e-05
24,1,2,p_tolyl_ring_deg,8.254699960205553e-05
25,1,2,gev_electron_storage_ring,8.227038844165904e-05
26,1,2,le_le_charge_compensation,8.218836553616074e-05
27,1,2,high_resolution,8.190368507821777e-05
28,1,2,broad_range,8.190220748368582e-05
29,1,2,soluble_protein_crystallization,8.173435311537754e-05
30,1,3,transition_metal_inorganic,9.060874584010114e-05
31,1,3,axis_run_helical_chain,8.848599149606056e-05
32,1,3,iron_ion_oxidation_state,8.626742055365401e-05
33,1,3,metal_foil,8.44610539701332e-05
34,1,3,zeolite_like_borosilicate,8.370801724064429e-05
35,1,3,anhydrous_chloride,8.3612734570274e-05
36,1,3,experimental_test,8.331540967575308e-05
37,1,3,neutron_path_length,8.330584386926464e-05
38,1,3,fully_extend_tran_conformation,8.294344183727996e-05
39,1,3,crystal_orientation,8.28432705526883e-05
40,1,4,weakly_deform_bicrystal,8.621868377375305e-05
41,1,4,methanolate_methanol_ligand,8.59849216592972e-05
42,1,4,benzene_ring_naphthalene_system,8.472081114664156e-05
43,1,4,phase_calculation,8.322553938965179e-05
44,1,4,run_polymeric_chain,8.273704876930074e-05
45,1,4,grow_numb,8.255588405881549e-05
46,1,4,primary_amino_group,8.246548746802226e-05
47,1,4,molecule_isopropyl_group,8.229785870557797e-05
48,1,4,symmetry_relate_anion,8.209925401707035e-05
49,1,4,macrocyclic_cation,8.205607839639016e-05
50,1,5,amine_hydroxymethyl,9.441832954387777e-05
51,1,5,membered_ring_corrugate_layer,8.477265313413203e-05
52,1,5,zeta_dimer_interface_bind,8.353201496079108e-05
53,1,5,graph_set,8.327100545382817e-05
54,1,5,parallel_row,8.27230554845345e-05
55,1,5,qualitative_behaviour,8.262581597649503e-05
56,1,5,water_molecule_anion_minus,8.227683087861175e-05
57,1,5,inorganic_phosphate,8.222819134233184e-05
58,1,5,mycobacterium_specie,8.205530311798732e-05
59,1,5,silica_framework,8.18796351862699e-05
60,1,6,site_symmetry_feii_ion,8.844305424271447e-05
61,1,6,microfluidic_x_ray_microdiffraction,8.601157001359827e-05
62,1,6,plate_change,8.442245014086817e-05
63,1,6,atom_different_type,8.412965671955339e-05
64,1,6,crystal_chemical_reaction_process,8.405810779036672e-05
65,1,6,polyhistidine_tag,8.359914186495836e-05
66,1,6,ring_thiazole,8.342366509211462e-05
67,1,6,titanium_peak,8.297449402977886e-05
68,1,6,fob_bind,8.279268731160263e-05
69,1,6,intermolecular_pi,8.275820257960349e-05
70,1,7,potential_site,8.702718315412775e-05
71,1,7,modest_c_h,8.650010199692049e-05
72,1,7,complex_structure_moiety,8.504597423952081e-05
73,1,7,stable_polymorphic_form_monocrystal,8.476225386324633e-05
74,1,7,fractional_order_spot,8.352216547252894e-05
75,1,7,naphthylene_ring_system,8.325251653535658e-05
76,1,7,human_fetal_hand_sample,8.30428235939705e-05
77,1,7,aromatic_ring_dihydroxyboryl_group,8.274473052824616e-05
78,1,7,electron_beam,8.240289864205597e-05
79,1,7,linear_electron_accelerator,8.207491394006793e-05
80,1,8,post_column,8.585563232545164e-05
81,1,8,biaxial_test_machine,8.429726878664627e-05
82,1,8,other_factor,8.340569069763005e-05
83,1,8,receptor_ligand,8.23699591161274e-05
84,1,8,allergen_group,8.229699053349629e-05
85,1,8,rgfp_hydrophilic_protein_contamination,8.218915297159151e-05
86,1,8,scatter_angle,8.190658142838309e-05
87,1,8,genome_differ,8.19055772478372e-05
88,1,8,host_framework,8.146315812653162e-05
89,1,8,exist_model_build_software,8.134456892527381e-05
90,1,9,minus_theta,9.071891996115506e-05
91,1,9,well_case,8.421681328858815e-05
92,1,9,rigid_body_vibration,8.404950200973113e-05
93,1,9,simple_model,8.36306770637213e-05
94,1,9,high_flux,8.311555125819882e-05
95,1,9,know_flexibility,8.306244404150578e-05
96,1,9,figure_aspartate,8.300614581745902e-05
97,1,9,significant_plastic_strain,8.258231459777466e-05
98,1,9,as_bond_distance_ag,8.255491726727323e-05
99,1,9,ferroelectric_ferroelastic_property,8.249196213914351e-05
100,1,10,main_chain_torsion,8.993819994701529e-05
101,1,10,paper_address_problem,8.916498170462463e-05
102,1,10,diprotonat_cation,8.633872177688583e-05
103,1,10,pectolytic_protein_crystal,8.494747412527199e-05
104,1,10,carboxylate_o_atom,8.438226743868024e-05
105,1,10,high_order_reflection,8.434308628305819e-05
106,1,10,benzyl_ring,8.397289842086723e-05
107,1,10,cls_canadian_light_source,8.330259871041265e-05
108,1,10,transverse_direction,8.279749842545048e-05
109,1,10,measure_theoretical_performance,8.275696184233192e-05
110,1,11,mars_surface,8.892379666311547e-05
111,1,11,heavy_element,8.70767717751126e-05
112,1,11,fluorescence_analysis_impurity_concentration,8.485021847428393e-05
113,1,11,tensor_scheme,8.387795081818651e-05
114,1,11,recombinant_enzyme,8.287862979003111e-05
115,1,11,alpha_alpha,8.260644250148263e-05
116,1,11,group_presence,8.236721438675041e-05
117,1,11,c_cl_h,8.210444254874884e-05
118,1,11,pure_oxide,8.145221712724284e-05
119,1,11,fig_boronic_ester,8.13250436276063e-05
120,1,12,phase_difference,8.696954493552617e-05
121,1,12,protonated_benzimidazole_cation,8.676665529209317e-05
122,1,12,nd_atom,8.53505899293533e-05
123,1,12,final_size,8.409559605864023e-05
124,1,12,ureido_ring,8.354701365954072e-05
125,1,12,small_increase,8.339825075620041e-05
126,1,12,new_layer_ternary,8.309844767024526e-05
127,1,12,graphical_evaluation,8.29926026974436e-05
128,1,12,extensive_numerical_examination,8.261158402686865e-05
129,1,12,glucose_isomerase,8.213607667743158e-05
130,1,13,large_angle,9.0453597059643e-05
131,1,13,accordingly_significant_difference_bi,8.541341757409245e-05
132,1,13,small_structure_factor_difference,8.432103154317475e-05
133,1,13,special_advantage,8.409576568118859e-05
134,1,13,bi_atom,8.375777905989307e-05
135,1,13,phase_problem,8.357302398866974e-05
136,1,13,high_heat,8.351885493082868e-05
137,1,13,wrong_absolute_configuration,8.31868312094297e-05
138,1,13,emit_positron,8.312606942045214e-05
139,1,13,dimensional_supramolecular_framework,8.290081510151166e-05
140,1,14,crystal_grain_size,8.711262719211431e-05
141,1,14,cyclohexene_dihedral_angle,8.604789304180434e-05
142,1,14,quinol_oxidase,8.52096673796511e-05
143,1,14,borane_h,8.460094193141886e-05
144,1,14,pd_p_p,8.459143344333785e-05
145,1,14,membrane_protein,8.446920443638983e-05
146,1,14,centrosymmetric_space_group_crystallize,8.40414785382176e-05
147,1,14,axially_elongate_phen_tcnoet,8.403510010898488e-05
148,1,14,s_prime,8.323540795960688e-05
149,1,14,analytic_solution,8.292312925299374e-05
150,1,15,solvent_content_da_minus,8.429764686417164e-05
151,1,15,pseudouridine_rrna_uridine,8.362032246361689e-05
152,1,15,anion_minus_half,8.350923893467274e-05
153,1,15,generalize_molecular_replacement,8.333825503122882e-05
154,1,15,high_datum_compatible_symmetry,8.32342435984108e-05
155,1,15,mail_in_beamtime,8.321162308173664e-05
156,1,15,rigid_body_theory,8.256338183378607e-05
157,1,15,acid_pyda_minus,8.241336570983631e-05
158,1,15,intermedius_ribonuclease,8.216874117955644e-05
159,1,15,displace_pdii_atom_planar,8.207501615721588e-05
160,1,16,internal_micelle_structure,8.764390053404036e-05
161,1,16,structure_strike_feature,8.37658279987766e-05
162,1,16,trigonal_bipyramidal_configuration_polyhedron,8.348633795885603e-05
163,1,16,mononuclear_molecule,8.330772438977094e-05
164,1,16,control_unit,8.318587231857799e-05
165,1,16,cathode_material_generation,8.287261318478148e-05
166,1,16,metal_ion,8.251996745283888e-05
167,1,16,stoe_stadi_p_powder,8.251139283891297e-05
168,1,16,dta_measurement,8.243415671503844e-05
169,1,16,bridgehead_bond,8.236189947402043e-05
170,1,17,cool_sample,8.880909461613739e-05
171,1,17,derivative_triphenylantimony,8.703744830693717e-05
172,1,17,biological_significance,8.613491770163797e-05
173,1,17,high_energy_synchrotron,8.581615103924779e-05
174,1,17,rock_salt_spinel_derivative,8.517751236474949e-05
175,1,17,triangular_face_polyhedron,8.478886427814286e-05
176,1,17,optimize_approach_experimental_datum,8.42678539073546e-05
177,1,17,mirror_plane,8.422367321382729e-05
178,1,17,beam_criterion,8.375684843994786e-05
179,1,17,chlorpropamide_polymorphic_property,8.310471435356164e-05
180,1,18,si_phasis,8.930508106386053e-05
181,1,18,water_molecule_plus_anion,8.414234316238942e-05
182,1,18,osx_regulation_network,8.379575998084543e-05
183,1,18,orientation_information,8.371690442295373e-05
184,1,18,tellurium_lone_pair,8.328958940622517e-05
185,1,18,middot_cl_minus,8.317817502914963e-05
186,1,18,experimental_assessment,8.307648963781655e-05
187,1,18,small_terminase,8.294912126470931e-05
188,1,18,gamma_radiation_count,8.289599057698524e-05
189,1,18,detailed_analysis,8.275522576406742e-05
190,1,19,matthew_coefficient_analysis,9.237559980942853e-05
191,1,19,r_increase,8.540261050859892e-05
192,1,19,efficient_cost,8.501715728378904e-05
193,1,19,deformation_density,8.466754554863392e-05
194,1,19,anti_fashion,8.438237389765235e-05
195,1,19,commercial_silicon_wafer,8.329217725434002e-05
196,1,19,crystallization_temperature,8.319367548404309e-05
197,1,19,refinement_purpose,8.307586860361671e-05
198,1,19,form_sheet,8.292146462498232e-05
199,1,19,owater_bond_zn,8.282574010736914e-05
200,1,20,inter_particle_interaction,8.43301598054148e-05
201,1,20,electron_accelerator,8.311444107312539e-05
202,1,20,thiocyanate_counterion,8.290571788293607e-05
203,1,20,thorough_analysis,8.287881892078142e-05
204,1,20,asymmetric_unit_dimer,8.282902006882188e-05
205,1,20,relate_element,8.216979935703272e-05
206,1,20,mechanical_viscoelastic_property,8.157928328459242e-05
207,1,20,substrate_recognition,8.157307877220223e-05
208,1,20,osmium_cluster,8.153948095237166e-05
209,1,20,dimeric_tim_insertion,8.13662541745205e-05
210,1,21,dimensional_supramolecular_network,8.712269435639132e-05
211,1,21,large_void,8.532503476542954e-05
212,1,21,carboxylate_anion_structure,8.414725345825823e-05
213,1,21,heptane_chain_end,8.405146340256727e-05
214,1,21,glycouril_framework_respect_tran,8.381099307136993e-05
215,1,21,perceptible_change,8.351785475808257e-05
216,1,21,hydrogen_bond_property,8.309239316196952e-05
217,1,21,calculation_experiment,8.240831035064307e-05
218,1,21,antiparallel_manner,8.217525482031572e-05
219,1,21,extend_polymeric_chain_form,8.164091393650217e-05
220,1,22,inorganic_perpendicular_layer,8.963835235390483e-05
221,1,22,mev_operate_dedicate_linac,8.540755760483494e-05
222,1,22,nmr_datum,8.469254275625454e-05
223,1,22,co_nanocluster_organization,8.43229112549043e-05
224,1,22,electron_distribution_variation,8.403901576215197e-05
225,1,22,methanol_chloride,8.33741962404946e-05
226,1,22,excellent_model,8.30760473276911e-05
227,1,22,inter_particle,8.292116578692233e-05
228,1,22,kaib_da_molecular_weight,8.263045458911077e-05
229,1,22,sls_contrast,8.25372135114281e-05
230,1,23,i_structure,8.690004623652355e-05
231,1,23,unattainable_holy_grail,8.446747454726935e-05
232,1,23,non_polar_zone,8.436603799258424e-05
233,1,23,znii_atom_bridge_ligand,8.347870327679084e-05
234,1,23,simple_apparatus,8.279640269891691e-05
235,1,23,maximum_deviation_pyrazole_ring,8.26315490407208e-05
236,1,23,magnetic_orientation,8.243186669138833e-05
237,1,23,phenylformiminopyrrole_derivative,8.229606869846699e-05
238,1,23,molecular_skeleton,8.20043155732513e-05
239,1,23,coordinate_molecule,8.163170530468161e-05
240,1,24,isonicotinohydrazide_reaction,8.437979684039582e-05
241,1,24,powder_neutron_diffraction_experiment,8.340878451633682e-05
242,1,24,shorten_c,8.32173894308435e-05
243,1,24,sequence_identity,8.299273524393959e-05
244,1,24,pd_p,8.297203482004799e-05
245,1,24,present_single_shoot_approach,8.264419148154436e-05
246,1,24,solid_pyrrole,8.21872710271605e-05
247,1,24,amino_acid_replacement,8.173886508140122e-05
248,1,24,generalize_molecular_replacement,8.152334777818684e-05
249,1,24,low_order_satellite_reflection,8.096760227008532e-05
250,1,25,two_intermolecular_n_h,8.44829172634295e-05
251,1,25,test_sample,8.34517696326639e-05
252,1,25,know_cluster,8.310235609749915e-05
253,1,25,fluorescence_radiation,8.229754138506807e-05
254,1,25,regulate_component,8.22011257992841e-05
255,1,25,structural_difference,8.213853290999945e-05
256,1,25,alpha_helix,8.198058753639421e-05
257,1,25,particular_orientation,8.192943631124583e-05
258,1,25,aerobic_condition,8.162257680171362e-05
259,1,25,synchrotron_source,8.153938267885755e-05
260,1,26,formic_hydrazide_unit_chlorophenyl,8.642046472159031e-05
261,1,26,x_ray_crystallographic_study,8.640117890251355e-05
262,1,26,terminal_domain,8.315934801831436e-05
263,1,26,centroid_centroid,8.277644050305949e-05
264,1,26,free_energy_analysis,8.263610870050118e-05
265,1,26,complex_scn_unit,8.167578253455085e-05
266,1,26,normal_bond,8.149229710646124e-05
267,1,26,prime_dianionic_ligand,8.148665780258864e-05
268,1,26,spherical_cylindrical_group,8.131675024912328e-05
269,1,26,t_film,8.120086147042837e-05
270,1,27,translation_initiation_factor,9.292590526029833e-05
271,1,27,misorientation_angle,8.712263942613075e-05
272,1,27,art_state_performance,8.47018515379285e-05
273,1,27,uncertainty_reflection_intensity_estimate,8.421189180610612e-05
274,1,27,refine_minor_component,8.418692582465838e-05
275,1,27,repair_dna,8.359444465388058e-05
276,1,27,stem_cell,8.32322081213676e-05
277,1,27,ii_type,8.31781635855003e-05
278,1,27,mer_octahedral_configuration,8.305088934497042e-05
279,1,27,ni_coordination,8.232401737053129e-05
280,1,28,symmetrical_tile,9.138335098513678e-05
281,1,28,ho_gly_oh,8.471267448293647e-05
282,1,28,device_centre_elongational_flow,8.39157664177441e-05
283,1,28,infinite_supramolecular_tape,8.378074959123843e-05
284,1,28,important_insight,8.377336809139645e-05
285,1,28,diimine_core,8.373770373410688e-05
286,1,28,finite_difference_simple_model,8.353619273887557e-05
287,1,28,experiment_model_fit,8.329882443232856e-05
288,1,28,nano_scale,8.325538965821465e-05
289,1,28,columnar_arrangement,8.248152768564347e-05
290,1,29,complex_scn_unit,8.761205836230472e-05
291,1,29,cyclohexenone_ring,8.614371625377553e-05
292,1,29,mu_o,8.537902395443885e-05
293,1,29,prime_nucleotidase,8.469642989735704e-05
294,1,29,similar_manner,8.415796310424391e-05
295,1,29,accumulate_dislocation,8.358527395828117e-05
296,1,29,dimeric_unit,8.357638092352333e-05
297,1,29,spiro_link,8.336776114417777e-05
298,1,29,circle_neutron_diffractometer,8.322430588757958e-05
299,1,29,coronavirus_genome,8.297496394160116e-05
300,1,30,laue_diffraction_experiment,8.669227956004286e-05
301,1,30,f_atom,8.554071109666708e-05
302,1,30,estimate_tpsi_magnitude_error,8.375017590385693e-05
303,1,30,material_choice_technique,8.373941503312459e-05
304,1,30,planar_molecule,8.345252271938695e-05
305,1,30,diameter_mm,8.303668663067965e-05
306,1,30,peak_diffract_wave_amplitude,8.252176541023518e-05
307,1,30,phase_power,8.236555776815445e-05
308,1,30,o_bond_distance,8.217172643175868e-05
309,1,30,potential_medical_application_derivative,8.19834886174227e-05
310,1,31,type_order_variant,8.715290550898039e-05
311,1,31,possible_precursor,8.357999849815309e-05
312,1,31,minus_middot_middot,8.335839718824292e-05
313,1,31,mn_distance,8.301492968462546e-05
314,1,31,molecular_envelope,8.20415965451401e-05
315,1,31,interest_feature,8.133659234123445e-05
316,1,31,extremely_asymmetric_scheme,8.124751897911633e-05
317,1,31,dimethylformamide_indole_reaction,8.122756389396788e-05
318,1,31,n_h_associate,8.097809110959111e-05
319,1,31,elaboration_process,8.085121557006885e-05
320,1,32,oxygen_molecule,8.619860335033564e-05
321,1,32,pr_structure,8.569770435667532e-05
322,1,32,rise_popularity,8.547443983979294e-05
323,1,32,previous_method,8.526981353627642e-05
324,1,32,escherichia_coli_clone_expression,8.409398030992771e-05
325,1,32,methodological_interest,8.378866289573324e-05
326,1,32,dirac_slater_scatter_curve,8.336244127655029e-05
327,1,32,ug_rich_repeat,8.328525208662557e-05
328,1,32,middot_minus_middot_salt,8.243269164480371e-05
329,1,32,shelxl_software_package,8.230410417294077e-05
330,1,33,rational_common_zone_axis,8.831677833146564e-05
331,1,33,sufficient_information,8.642744116893413e-05
332,1,33,extend_dimensional_network,8.541889588247601e-05
333,1,33,free_nitrate,8.493065100247701e-05
334,1,33,calcium_solubility,8.387768032856429e-05
335,1,33,dicupric_monooxalate_lactoferrin,8.358788984448228e-05
336,1,33,o_h_s,8.353638483780711e-05
337,1,33,intermolecular_c_h_pair,8.345964986299001e-05
338,1,33,tetrahedral_site,8.295359773785722e-05
339,1,33,high_pressure,8.277790826193373e-05
340,1,34,share_edge,8.644577139789804e-05
341,1,34,unit_cell_molecule,8.514715098046946e-05
342,1,34,condition_diffusion,8.363669040132179e-05
343,1,34,short_intermolecular_o,8.33182593111145e-05
344,1,34,pyrrolidine_piperidine_ring,8.258718737864399e-05
345,1,34,detector_saturation,8.203497094664621e-05
346,1,34,c_chain,8.187090289563943e-05
347,1,34,count_rate,8.167493047413468e-05
348,1,34,f_minus,8.132898774400278e-05
349,1,34,superconduct_parent_compund,8.131735246746793e-05
350,1,35,chiral_molecule,9.100105764964406e-05
351,1,35,electron_beam_finite_emittance,8.919324088668047e-05
352,1,35,p_s_bond,8.763267931299865e-05
353,1,35,mail_in_beamtime,8.705699935855771e-05
354,1,35,chiral_n_cinnamoyl_derivative,8.484425885019034e-05
355,1,35,gst_fusion,8.478334747018193e-05
356,1,35,compute_phonon_spectrum,8.392438520739572e-05
357,1,35,comparative_analysis,8.368780781317464e-05
358,1,35,pentagonal_symmetry,8.349675233427681e-05
359,1,35,additional_ionic_interaction,8.295803495341977e-05
360,1,36,thallium_iron_carbonyl,8.560580837144498e-05
361,1,36,test_reconstruction,8.55757356785067e-05
362,1,36,han_amp,8.343103626293425e-05
363,1,36,modification_state_regulate_enzyme,8.334922778269472e-05
364,1,36,kramers_kronig_relation,8.322801017256076e-05
365,1,36,p_bear_mineral,8.309938839047789e-05
366,1,36,ribosomal_kinase,8.281365115304902e-05
367,1,36,isomorphous_crystal,8.281056925292143e-05
368,1,36,chloride_ion,8.271375502979175e-05
369,1,36,vapochromism_call_humidity,8.215991544690461e-05
370,1,37,enzyme_dehydroshikimate,8.901797451252376e-05
371,1,37,general_liquid_handle_robot,8.573187521113685e-05
372,1,37,calibration_alignment_measurement,8.52978972893896e-05
373,1,37,high_energy_synchrotron,8.487285723372428e-05
374,1,37,ligand_l_structure_composition,8.483403853158195e-05
375,1,37,approximate_dimension,8.481763219493896e-05
376,1,37,carboxylate_group,8.395150321355567e-05
377,1,37,x_ray_region,8.353638557155727e-05
378,1,37,slip_band_head,8.312906107784325e-05
379,1,37,final_r,8.303863141366318e-05
380,1,38,article_citation,8.551625999742928e-05
381,1,38,mosaic_investigate_crystal,8.47797938097437e-05
382,1,38,single_native_crystal,8.475624257355396e-05
383,1,38,datum_deposition,8.449231167523954e-05
384,1,38,outer_benzene_ring_plane,8.435690939057177e-05
385,1,38,new_diamagnetic_complex,8.355860266456417e-05
386,1,38,independent_reflection,8.327874640746566e-05
387,1,38,chemical_formula,8.327133838029261e-05
388,1,38,datum_acquisition,8.298176554537295e-05
389,1,38,square_determination,8.295651003880711e-05
390,1,39,hydrostatic_pressure_effect,8.898996506832935e-05
391,1,39,intensities_crystal,8.755712952630967e-05
392,1,39,result_calculation,8.550364502727566e-05
393,1,39,high_intensity_synchrotron_source,8.477972528005346e-05
394,1,39,real_datum_refinement_phase,8.462409325438412e-05
395,1,39,half_water_molecule,8.418980656880272e-05
396,1,39,type_ii_cohesin,8.390755001564523e-05
397,1,39,square_planar,8.252976565704736e-05
398,1,39,sample_priori_information,8.242007965525635e-05
399,1,39,alpha_beta,8.204260149756581e-05
400,1,40,ribosomal_kinase,8.666102130517734e-05
401,1,40,chemical_structure_conformation,8.41916515072564e-05
402,1,40,datum_analysis_graphic,8.319225779257517e-05
403,1,40,vertical_parallel_direction,8.282606726283705e-05
404,1,40,c_prime_atom_tran,8.269427824998507e-05
405,1,40,circadian_rhythm,8.248395053655812e-05
406,1,40,photographic_method,8.242892639889472e-05
407,1,40,imidazole_n_atom,8.193365282089703e-05
408,1,40,widely_solvent_content_estimate,8.173732403821459e-05
409,1,40,low_resolution_high_intensity,8.129938073118055e-05
410,1,41,similar_process,8.571196742245412e-05
411,1,41,aromatic_phenyl,8.537685996027972e-05
412,1,41,software_method,8.456718543807641e-05
413,1,41,simple_response,8.354231336706151e-05
414,1,41,pi_interchain_hydrogen_bond,8.354077190984406e-05
415,1,41,deg_molecule_a,8.327866076240769e-05
416,1,41,close_pack_plane,8.31653748851985e-05
417,1,41,i_boat_conformation,8.278900861653408e-05
418,1,41,protein_diffraction_pattern,8.259888827665313e-05
419,1,41,interest_network_flexibility,8.232567055132337e-05
420,1,42,aetiologic_agent,9.12932095807407e-05
421,1,42,primary_amino_group,8.578302695600512e-05
422,1,42,ideal_eclipse_conformation,8.550879718981706e-05
423,1,42,proliferation_cell_survival,8.422316671633394e-05
424,1,42,prime_bpy,8.39295038378795e-05
425,1,42,tran_pd_complex_refinement,8.301951385658985e-05
426,1,42,inter_ring,8.266648341091126e-05
427,1,42,pyrococcus_furiosus,8.258574072629943e-05
428,1,42,binuclear_molecule,8.226128912762202e-05
429,1,42,new_subaru_project,8.219891287313462e-05
430,1,43,square_method,8.328801003888768e-05
431,1,43,biomolecular_structure,8.261974331432278e-05
432,1,43,centric_reflection,8.247251491405884e-05
433,1,43,structure_solution,8.244073429085325e-05
434,1,43,nbsp_aring_nbsp,8.230966532722666e-05
435,1,43,different_polyanion,8.22439939624275e-05
436,1,43,dihredral_angle,8.178623744521093e-05
437,1,43,saxs_intensity_distribution_function,8.176305707833684e-05
438,1,43,maximum_dimension,8.15529351706603e-05
439,1,43,number_standard_cyclophane,8.126997757172795e-05
440,1,44,rigid_body,8.912131817151645e-05
441,1,44,useful_experimental_datum_range,8.613260715080799e-05
442,1,44,tpsi_sign,8.505746291898043e-05
443,1,44,thiopeptide_family,8.493484965606952e-05
444,1,44,highly_disorder_solvent_molecule,8.453815718366423e-05
445,1,44,phenolic_o,8.39566930715266e-05
446,1,44,cationic_chain,8.334508019139604e-05
447,1,44,steric_hindrance,8.28257546232044e-05
448,1,44,detail_structural_analysis,8.271448947842984e-05
449,1,44,crystallographic_resolution,8.268855191905675e-05
450,1,45,metric_parameter_difference,8.989942438972586e-05
451,1,45,high_temperature_beta,8.80008418390144e-05
452,1,45,isolate_octahedron,8.48057726424628e-05
453,1,45,zn_distance,8.405038820293677e-05
454,1,45,water_molecule_acceptor,8.40373545022525e-05
455,1,45,material_layer,8.398845466867535e-05
456,1,45,unit_cell_b_axis,8.340704389526398e-05
457,1,45,approximately_planar_molecule,8.291476948857834e-05
458,1,45,square_determination,8.263011713599256e-05
459,1,45,middot_minus_molecular_structure,8.258037674695302e-05
460,1,46,metal_complex_work,9.182834648670222e-05
461,1,46,standard_deviation,8.736276931474595e-05
462,1,46,active_site_one_region,8.693443043414618e-05
463,1,46,stable_polymorphic_form,8.611012362353434e-05
464,1,46,takagi_taupin_analytic_solution,8.58426562008302e-05
465,1,46,atom_additional_group,8.535112039708335e-05
466,1,46,crystallographic_c_axis,8.472445872895666e-05
467,1,46,acetolactate_enantiomer,8.455101392043518e-05
468,1,46,tran_octahedral_coordination,8.401584174353412e-05
469,1,46,molecular_sheet,8.392016605890992e-05
470,1,47,ni_absorption_edge,8.80527836048422e-05
471,1,47,model_structure,8.597514674903213e-05
472,1,47,key_technology,8.391036448118532e-05
473,1,47,different_carbonyl_link_substituent,8.36014936790559e-05
474,1,47,insufficient_extinction_correction,8.334401409941747e-05
475,1,47,protein_crystallization,8.33272937275289e-05
476,1,47,supramolecular_aggregation,8.304685342277808e-05
477,1,47,nh_h_atom,8.300889769728385e-05
478,1,47,hpmt_middot_middot,8.25777487697616e-05
479,1,47,extensive_array,8.242433591154192e-05
480,1,48,dihydrogenphosphate_anion,8.568244711633613e-05
481,1,48,peo_molecular_weight,8.429783080288551e-05
482,1,48,correspondence_address,8.415140137726849e-05
483,1,48,r_axis_iv_detector,8.263573500375221e-05
484,1,48,previously_report_kappa_polymorph,8.257692976961742e-05
485,1,48,o_unit,8.206274811487638e-05
486,1,48,g_mu_microgravity_solution,8.204639648779444e-05
487,1,48,the_process,8.197488875328208e-05
488,1,48,inelastic_cross,8.179114179196404e-05
489,1,48,enhance_survival,8.175671767204711e-05
490,1,49,n_mean_plane_deg,8.821129925665747e-05
491,1,49,point_group_symmetry,8.748911649238765e-05
492,1,49,structurally_characterize_phosphonate_sulfonylhydrazone,8.645116298090483e-05
493,1,49,centrosymmetric_cluster,8.490641561537248e-05
494,1,49,formic_hydrazide_unit_chlorophenyl,8.39791959279159e-05
495,1,49,enraf_nonius_diffractometer,8.334247324216414e-05
496,1,49,complex_deep_cleave,8.29785957404017e-05
497,1,49,fatty_acid,8.28018190012347e-05
498,1,49,intrigue_form,8.22619810984111e-05
499,1,49,low_upper_bound,8.205053329948152e-05
0,2,0,crystallographic_space_group,8.559319933923267e-05
1,2,0,trifluoromethyl_group,8.447659348801768e-05
2,2,0,beta_alkaline_catalytic_domain,8.390921517692599e-05
3,2,0,rna_complex,8.354426816164915e-05
4,2,0,seed_storage,8.347963844422478e-05
5,2,0,important_question,8.304833477253517e-05
6,2,0,rh_n_bond_length,8.290031036340202e-05
7,2,0,unfold_procedure,8.2831987032161e-05
8,2,0,absolute_optical_chirality,8.249119143746859e-05
9,2,0,load_facility,8.232008558550424e-05
10,2,1,hps_hydrogen_bond,8.49146454069792e-05
11,2,1,erbium_dinickel,8.481769236148441e-05
12,2,1,molecule_major_alteration,8.384060981756645e-05
13,2,1,gldn_olf_domain,8.348379118944267e-05
14,2,1,limit_factor,8.264682483883675e-05
15,2,1,acid_aib_gly_glycine,8.24840930580214e-05
16,2,1,uncrosslinked_tripeptide,8.227672302813549e-05
17,2,1,pyrazine_ligand_atom,8.223325515825845e-05
18,2,1,hydrogen_bond_acceptor_property,8.214188198701277e-05
19,2,1,positive_strand_rna_virus,8.160539247941385e-05
20,2,2,respiratory_syncytial_virus,8.551381353253227e-05
21,2,2,platinum_analogue,8.37188319303863e-05
22,2,2,delta_e_energy_resolution,8.361979354345728e-05
23,2,2,zn_distance,8.211606465277792e-05
24,2,2,obtuse_p,8.207442060758161e-05
25,2,2,bone_formation_critical_step,8.182473831902935e-05
26,2,2,trimeric_protein,8.17341560865965e-05
27,2,2,hydrogen_bond_pseudo_dimeric,8.167386292237622e-05
28,2,2,one_solvent_molecule,8.144047216788857e-05
29,2,2,alpha_chair_conformation_beta,8.123307115021265e-05
30,2,3,average_error,8.659859636789128e-05
31,2,3,real_time,8.608933473805063e-05
32,2,3,molecule_form,8.502584475634115e-05
33,2,3,biosynthesis_purine,8.453124927051511e-05
34,2,3,patterson_map,8.42568078357251e-05
35,2,3,phase_doublet,8.401182926631429e-05
36,2,3,result_procedure_limit,8.373856436624347e-05
37,2,3,especially_africa_development_science,8.239784378779322e-05
38,2,3,molecular_interaction_term,8.236330759831136e-05
39,2,3,molecule_periodic_organization,8.231006753179189e-05
40,2,4,optical_nlo_property,8.880407579494789e-05
41,2,4,thallium_iron_carbonyl,8.493438793146467e-05
42,2,4,nacnac_ligand,8.4887663033126e-05
43,2,4,adjacent_complex,8.45180278397773e-05
44,2,4,c_type,8.393729385726185e-05
45,2,4,adjacent_molecule,8.265357485631934e-05
46,2,4,short_s,8.255277081479267e-05
47,2,4,electron_microscopy,8.22777776300114e-05
48,2,4,twofold_rotational_symmetry,8.208439780185891e-05
49,2,4,near_neighbour_order,8.205907614152826e-05
50,2,5,dedicate_linac,8.785150447999972e-05
51,2,5,highly_homological_seven_alpha,8.584609355284718e-05
52,2,5,l_gamma_glu_dipeptide,8.521641576572474e-05
53,2,5,motility_flagellar_assembly,8.49735646431569e-05
54,2,5,approximate_structure_factor,8.41557483517801e-05
55,2,5,antiparallel_orientation,8.277832025182733e-05
56,2,5,acid_group,8.263904807455662e-05
57,2,5,aromatic_pi_pi,8.240385596214459e-05
58,2,5,case_handle,8.195274383998638e-05
59,2,5,twofold_rotational_symmetry,8.152046941854359e-05
60,2,6,functional_relevance,8.863235842965094e-05
61,2,6,cctbx_bulk_solvent_correction,8.696435883526084e-05
62,2,6,result_phasis,8.534952602879879e-05
63,2,6,saicar_synthase_family,8.350805059101738e-05
64,2,6,x_ray_camera,8.299083823859972e-05
65,2,6,readout_system,8.275671450561661e-05
66,2,6,experiment_good_fit,8.256395465837892e-05
67,2,6,wavelength_anomalous_scatter_term,8.176803912187494e-05
68,2,6,high_energy_resolution,8.152341447284276e-05
69,2,6,refinement_phase,8.131536350755352e-05
70,2,7,cd_centre,8.84525791021208e-05
71,2,7,high_temperature_high_pressure,8.698457211467087e-05
72,2,7,bjerrum_length,8.635882599721299e-05
73,2,7,symmetry_relate_ligand,8.506564464808444e-05
74,2,7,external_aldimine_adduct,8.50238367333353e-05
75,2,7,student_background,8.466105984740558e-05
76,2,7,dispersion_relation,8.338038783480956e-05
77,2,7,intramolecular_motion_change,8.304550064613455e-05
78,2,7,highly_parallel_small_diameter,8.277270684176166e-05
79,2,7,hydrogen_bond_pattern_deg,8.230522613715096e-05
80,2,8,wave_point,8.265238691666718e-05
81,2,8,genomic_program,8.25553396071675e-05
82,2,8,pi_organic_material,8.208776512234695e-05
83,2,8,stack_pi_aromatic_pi,8.189298074333521e-05
84,2,8,nearby_n_terminal_tag,8.144773046461246e-05
85,2,8,antimicrobial_drug,8.143194369840507e-05
86,2,8,rom_de_eacute,8.10730079886437e-05
87,2,8,theoretical_calculation,8.10565617344216e-05
88,2,8,furanyl_fragment,8.09943624267227e-05
89,2,8,polycrystalline_aluminium,8.069591465095259e-05
90,2,9,small_set,8.911097177470551e-05
91,2,9,finally_development,8.861008596556954e-05
92,2,9,ti_k_a_edge,8.578655824852379e-05
93,2,9,prime_middot_hydrate,8.512916031466414e-05
94,2,9,oxygen_molecule_insertion_reaction,8.507644887244804e-05
95,2,9,methylene_analogue,8.375043779441261e-05
96,2,9,btb_domain_mediate_dimerization,8.367482343507719e-05
97,2,9,phase_capability,8.336783959530725e-05
98,2,9,tran_cis_configuration,8.268615404793264e-05
99,2,9,refine_unit_cell,8.185047276719782e-05
100,2,10,high_density_hydrogen_load,8.886533638284039e-05
101,2,10,molecule_cis_conformation,8.580137911078806e-05
102,2,10,orn_bind_motif,8.481426053775624e-05
103,2,10,anionic_cationic_layer_alternation,8.388994359910892e-05
104,2,10,site_symmetry_coii_atom,8.362649538424208e-05
105,2,10,saxs_curve,8.304233529290613e-05
106,2,10,phen_ligand,8.30072855880748e-05
107,2,10,ewald_method_general_principle,8.280272150255675e-05
108,2,10,coronaviridae_family,8.245977514519875e-05
109,2,10,protein_crystallographic_study,8.235793892981966e-05
110,2,11,ehippase_dimensional_fold,8.50454977083245e-05
111,2,11,substitute_unsubstituted_cp_ring,8.411546261922718e-05
112,2,11,carbazole_ring_system,8.305753347601364e-05
113,2,11,brown_dihydrate,8.246993344224926e-05
114,2,11,pseudouridine_rrna,8.22797819303322e-05
115,2,11,buccaneer_software,8.222380280092128e-05
116,2,11,optimization_technique,8.210482208851364e-05
117,2,11,triazolyl_system,8.173168269162435e-05
118,2,11,novel_supramolecular_framework,8.156296079307927e-05
119,2,11,xrd_pattern,8.122615875303878e-05
120,2,12,antifungal_agent,8.626372832642128e-05
121,2,12,neutron_beam,8.623701206745349e-05
122,2,12,high_temperature_beta_structure,8.436866905091907e-05
123,2,12,low_medium_resolution,8.347905437280782e-05
124,2,12,loop_form_cleave_complex,8.334197540722796e-05
125,2,12,time_interval,8.326740001909795e-05
126,2,12,know_structure,8.216559936010894e-05
127,2,12,extra_peak_intensity,8.159738559852038e-05
128,2,12,cr_nb_atom,8.106249863305641e-05
129,2,12,specific_radiation_damage,8.100506780615383e-05
130,2,13,polychromatic_experiment,8.553270698303956e-05
131,2,13,steric_hindrance,8.46604964476428e-05
132,2,13,postrefinement_technique,8.423875637439083e-05
133,2,13,strong_anisotropy,8.351747812991598e-05
134,2,13,slightly_decrease,8.252908062268066e-05
135,2,13,value_approximately_deviate,8.25024576579803e-05
136,2,13,method_test_result,8.176801953950464e-05
137,2,13,classical_ptp,8.157539909972511e-05
138,2,13,synchrotron_radiation_aring_resolution,8.150105374359145e-05
139,2,13,differentiate_outcome,8.147712677599437e-05
140,2,14,ion_insertion,8.553200727392173e-05
141,2,14,pnma_orthorhombic_space_group,8.530665064215449e-05
142,2,14,negative_positive_quartet_triplet,8.510893788349842e-05
143,2,14,dna_emsa,8.44471849728075e-05
144,2,14,cuboctahedral_environment,8.330672178053136e-05
145,2,14,inorganic_hybrid_material,8.27811442307434e-05
146,2,14,planar_conformation_guanidinium_cation,8.262715653830213e-05
147,2,14,n_oxide,8.257031300780849e-05
148,2,14,rise_popularity,8.250346231008382e-05
149,2,14,i_thiosulfate_middot_minus,8.241100623674926e-05
150,2,15,west_nile_fever,8.374799583906973e-05
151,2,15,art_state_performance,8.372583706013005e-05
152,2,15,exist_user_friendly_software,8.351076320771964e-05
153,2,15,prolyl_isomerization_state,8.341527481676232e-05
154,2,15,dimensional_array_produce_interaction,8.287873090451171e-05
155,2,15,melt_temperature,8.277990929914243e-05
156,2,15,n_gnat_acetyltransferase,8.270092861064026e-05
157,2,15,methylene_chloride,8.19103236417774e-05
158,2,15,concomitant_absence,8.19099509968482e-05
159,2,15,reaction_mechanism,8.13854277995001e-05
160,2,16,intermolecular_o,8.463099000023952e-05
161,2,16,bragg_reflexion,8.451471289756731e-05
162,2,16,ideal_perovskite_position,8.365983928532812e-05
163,2,16,bmi_imidazole,8.345210166639096e-05
164,2,16,bind_hole,8.344078633520577e-05
165,2,16,frequent_because,8.278396428370159e-05
166,2,16,pumilus_acetylxylan_esterase,8.270199557419442e-05
167,2,16,main_structural_difference,8.27017568973337e-05
168,2,16,beta_delta,8.248278042862675e-05
169,2,16,macromolecular_case,8.170359120328167e-05
170,2,17,keto_group,8.596765732099547e-05
171,2,17,framework_density,8.342471156764928e-05
172,2,17,percentage_hexagonality,8.338371623724845e-05
173,2,17,membrane_localization,8.214158172105159e-05
174,2,17,domain_ratio_racemic_twin,8.213073684796943e-05
175,2,17,middot_middot_f_minus,8.211196633383447e-05
176,2,17,water_molecule_anion_atom,8.183164682780494e-05
177,2,17,parent_structure,8.181984245181623e-05
178,2,17,human_coronavirus,8.139139926947322e-05
179,2,17,result_phasis,8.107941668231229e-05
180,2,18,ring_thiophene_benzene,8.819745388781521e-05
181,2,18,new_level,8.377653617125943e-05
182,2,18,minus_myo_inositol,8.333816850841197e-05
183,2,18,rotary_mode,8.311540410852084e-05
184,2,18,residual_electron_density,8.260227501038827e-05
185,2,18,finite_emittance,8.231986521100056e-05
186,2,18,fluorescent_escape_result_inclusion,8.229443896872344e-05
187,2,18,paper_error,8.21603866655694e-05
188,2,18,phenyl_ring_respect,8.208294851499337e-05
189,2,18,pattern_nanostructure,8.1658489322322e-05
190,2,19,possible_substitution_network_flexibility,8.454272545379683e-05
191,2,19,growth_sector,8.410369948712613e-05
192,2,19,putative_bacterial_quinol_oxidase,8.403871967889796e-05
193,2,19,methanol_solvent_molecule,8.389377465650892e-05
194,2,19,kinematic_approach,8.329572715576257e-05
195,2,19,protein_crystal,8.32120472505712e-05
196,2,19,dimensional_pucker_network,8.312464069557698e-05
197,2,19,lattice_hydrate_molecule,8.261454282531804e-05
198,2,19,cullin_ligase_complex,8.239434549747038e-05
199,2,19,ptp_ligand_n_atom,8.209974850359351e-05
200,2,20,corrugate_layer,8.60307540188872e-05
201,2,20,macromolecular_crystal_structure_determination,8.50656975233745e-05
202,2,20,correspond_solution_nbsp_concentration,8.484845390911263e-05
203,2,20,include_angle,8.364187184429654e-05
204,2,20,hydrogen_bond_molecule,8.267668060331422e-05
205,2,20,ph_buff,8.233532997760624e-05
206,2,20,mean_square_strain,8.225938474365416e-05
207,2,20,point_mutant,8.180392825028222e-05
208,2,20,d_ring,8.152133359648927e-05
209,2,20,sars_cov_protein,8.14681262977728e-05
210,2,21,deoxynucleoside_pyrimidine,9.141119799990591e-05
211,2,21,apex_edge,8.593992511076063e-05
212,2,21,crystal_space_group,8.583027433215523e-05
213,2,21,carboxy_group,8.423105800097677e-05
214,2,21,fluorophenyl_ring_methoxyphenyl_deg,8.338259567881946e-05
215,2,21,aring_n_s_distance,8.309532660204477e-05
216,2,21,ring_deg,8.214909149590989e-05
217,2,21,protein_crystal_amorphous_protein,8.212939572427557e-05
218,2,21,thin_crystal,8.212797699719287e-05
219,2,21,downstream_signal_protein,8.212639490652995e-05
220,2,22,polarization_state,8.644643781050038e-05
221,2,22,cell_molecule,8.554750082936676e-05
222,2,22,inh_coordinate,8.466951436268271e-05
223,2,22,solvent_flatten,8.413534881054061e-05
224,2,22,situ_cryocrystallization_technique_mean,8.262174323704542e-05
225,2,22,fruit_body_formation,8.247711355884698e-05
226,2,22,gas_liquid,8.219798113757776e-05
227,2,22,complex_bis_mu_acid,8.211544423723608e-05
228,2,22,sniv_atom,8.205752075420533e-05
229,2,22,homogeneous_contrast,8.15250915353973e-05
230,2,23,material_structure,8.829072313210371e-05
231,2,23,medium_strength,8.413119836690396e-05
232,2,23,biological_speciman,8.409371462751923e-05
233,2,23,symmetry_relate_domain,8.344699606380416e-05
234,2,23,dirubidium_dicalcium_single_crystal,8.29509894361509e-05
235,2,23,lone_pair,8.265874134254396e-05
236,2,23,simple_beam_calculation,8.264206415889258e-05
237,2,23,cuboctahedral_environment,8.260043655050704e-05
238,2,23,original_position,8.235065527096048e-05
239,2,23,coincidence_concept,8.22308074418664e-05
0,3,0,centrosymmetric_polyvanadate_cluster,7.665108842171817e-05
1,3,0,strong_c_h,7.644139496161572e-05
2,3,0,bipyridine_ligand,7.593500240328376e-05
3,3,0,close_distance,7.406534448248077e-05
4,3,0,calpha_database_reconstruction_program,7.24236313893578e-05
5,3,0,chelate_molecule_n_atom,7.206999525705298e-05
6,3,0,aromatic_c_c_bond,7.201306586718409e-05
7,3,0,ground_beam_line,7.18279407644965e-05
8,3,0,five_example,7.180452994284994e-05
9,3,0,aromatic_ring_catechol_derivative,7.178269238587857e-05
