,run,topic,terms,p
ate,8.946693269909916e-05
1,1,0,potential_electrode_material,8.447551916123692e-05
2,1,0,sample_rotation,8.34337384528229e-05
3,1,0,anion_minus_pentaborate,8.319028129353155e-05
4,1,0,crystallographic_group,8.283326224212064e-05
5,1,0,n_kappa_prime_prime,8.268396940679905e-05
6,1,0,pyridinium_benzene_ring,8.267488964470009e-05
7,1,0,datum_detwin_sufficient_information,8.267238532852822e-05
8,1,0,crystallographically_independent_chain,8.198745548581855e-05
9,1,0,moderate_complexity_structure,8.174867078407366e-05
10,1,1,hard_x_ray_undulator,8.508900559876703e-05
11,1,1,fragment_dihedral_angle,8.506325892644369e-05
12,1,1,low_temperature_spectrum,8.291192324511388e-05
13,1,1,periodic_hyperbolic_surface,8.253020485143482e-05
14,1,1,distort_octahedral_fashion_ligand,8.2422077904017e-05
15,1,1,anionic_architecture,8.240233428819016e-05
16,1,1,hemi_labile_donor,8.212390145229677e-05
17,1,1,datum_collection,8.146786657708014e-05
18,1,1,protein_limit_trypsin_digestion,8.145088455511628e-05
19,1,1,cq_common_antimalarial_chloroquine,8.123813358083842e-05
20,1,2,initio_method,9.030544609266751e-05
21,1,2,cis_c_d,8.818595004266931e-05
22,1,2,g_similar_density,8.590702619785946e-05
23,1,2,para_substituent_additive_influence,8.516205875039822e-05
24,1,2,loop_form_cleave,8.508344809201462e-05
25,1,2,global_minimum_energy_structure,8.491965157136905e-05
26,1,2,start_model,8.455453515183535e-05
27,1,2,connect_dimer,8.414692507069709e-05
28,1,2,group_h_atom_position,8.303099835523083e-05
29,1,2,krause_thorand_amp,8.298804613179097e-05
30,1,3,such_phenomenon,8.645824746442748e-05
31,1,3,catalytic_behaviour,8.639638972397796e-05
32,1,3,form_inversion,8.551794986512765e-05
33,1,3,sandwich_structure,8.383428809316411e-05
34,1,3,respectively_ii_i,8.329189454714759e-05
35,1,3,peak_intensity,8.320916183277816e-05
36,1,3,clog_pressure_example,8.316809306516248e-05
37,1,3,significant_intermolecular_interaction,8.257263157299083e-05
38,1,3,saxs_method,8.242741236152473e-05
39,1,3,event_mode_datum_acquisition,8.242401619421788e-05
40,1,4,iii_molecule,8.4985476056074e-05
41,1,4,original_composition_small_perturbation,8.466340057173161e-05
42,1,4,ii_i_semicarbazone,8.395733518461739e-05
43,1,4,sn_atom,8.371446196249742e-05
44,1,4,si_framework,8.34617724864659e-05
45,1,4,protein_hydrophobic_region,8.327241090494097e-05
46,1,4,beam_splitter,8.300392539046786e-05
47,1,4,beta_sheet_alpha_helix,8.262043676795552e-05
48,1,4,apo_state,8.237088925336227e-05
49,1,4,hydrogen_bond_group,8.22754270252808e-05
50,1,5,bioinorganic_inorganic_molecule,9.09973509463743e-05
51,1,5,unchanging_s_configuration,8.545252346781058e-05
52,1,5,resolution_crystal_structure,8.483421617068206e-05
53,1,5,ed_spectrum,8.435515029828643e-05
54,1,5,aring_delocalized_bond_system,8.405801258236992e-05
55,1,5,cation_cation,8.38561535065918e-05
56,1,5,weak_reflection_intensity,8.27175944732673e-05
57,1,5,hydrogen_bond_sheet,8.189484747096074e-05
58,1,5,lactone_carbonyl_group,8.186646071480858e-05
59,1,5,rapid_loss,8.173855952064583e-05
60,1,6,monoclinic_space_group_crystallize,8.66072201761461e-05
61,1,6,drug_treatment,8.496598140975595e-05
62,1,6,quinoline_ring,8.485078095039795e-05
63,1,6,increase_mill_time,8.34849593676721e-05
64,1,6,horse_breed_industry,8.321509663256459e-05
65,1,6,direct_comparison,8.207854813068522e-05
66,1,6,thiazole_ring,8.189073080840234e-05
67,1,6,unbind_subtype_b_protease,8.188400942423426e-05
68,1,6,uncolored_symmetrical_tile_g,8.183193623686009e-05
69,1,6,low_ph,8.155389492044142e-05
70,1,7,s_interval,9.108681243425205e-05
71,1,7,anharmonic_effect,8.63323651537349e-05
72,1,7,maximally_diverse_condition,8.312189477646205e-05
73,1,7,aring_centroid_centroid_distance,8.297073743231748e-05
74,1,7,intramolecular_hydrogen_bond_system,8.240788441555129e-05
75,1,7,anneal_schedule,8.23470310349203e-05
76,1,7,camera_application,8.23422333946331e-05
77,1,7,s_group_quinoxaline_dioxide,8.21515008424673e-05
78,1,7,aromatic_phenyl_ring,8.176153762030866e-05
79,1,7,dta_datum,8.14860927474986e-05
80,1,8,oxygen_phosphoru_carbon_replacement,8.944933172099952e-05
81,1,8,williopsis_mrakii_killer_toxin,8.61282169407258e-05
82,1,8,close_vicinity,8.509245249836337e-05
83,1,8,possible_structural_magnetic_transition,8.446139528505025e-05
84,1,8,usp_conformation,8.436834534388732e-05
85,1,8,v_overlap_volume,8.236775303228985e-05
86,1,8,empirical_solvent_content_datum,8.223629009080274e-05
87,1,8,dynamical_theory_fundamental_equation,8.212690936801517e-05
88,1,8,channel_type_crystal_structure,8.209699502642212e-05
89,1,8,host_o_atom,8.179038486772444e-05
90,1,9,piano_stool_geometry,8.296148325271566e-05
91,1,9,main_chain,8.20537475503651e-05
92,1,9,real_space_structure,8.186355637481953e-05
93,1,9,abundant_class,8.17114196344324e-05
94,1,9,acorn_structure_solution,8.166366596720103e-05
95,1,9,x_ray_condenser,8.142547089111191e-05
96,1,9,map_mitogen_activate_protein,8.133111969937573e-05
97,1,9,obtain_pattern,8.132075356603101e-05
98,1,9,wide_tuneability,8.107802548681226e-05
99,1,9,ellipse_axis,8.085402849964558e-05
100,1,10,possible_tautomer,8.770563956181892e-05
101,1,10,important_step,8.615989165077047e-05
102,1,10,n_o,8.509459155449641e-05
103,1,10,datum_acquisition_rate,8.425722854560635e-05
104,1,10,synchrotron_topography,8.425231088753428e-05
105,1,10,antagonist_agonist,8.40367377619449e-05
106,1,10,benzothiophene_ring_system,8.332036312713646e-05
107,1,10,search_space_restriction,8.246609883089873e-05
108,1,10,reason_background,8.223409876056145e-05
109,1,10,vertex_n,8.16176405028506e-05
110,1,11,sub_pixel,8.567796559035484e-05
111,1,11,dabt_ring,8.560152308941463e-05
112,1,11,biomedical_structure_determination,8.349872438347981e-05
113,1,11,structure_refinement_parameter_correlation,8.27276241978399e-05
114,1,11,er_luminal_domain,8.236823622088317e-05
115,1,11,deg_phiv,8.233853362211821e-05
116,1,11,essential_component,8.194931621361044e-05
117,1,11,problem_essential_feature,8.179615450516851e-05
118,1,11,aetiologic_agent,8.149059137692624e-05
119,1,11,van_der_waals_interaction,8.138880693853403e-05
120,1,12,acid_aib_gly_glycine,8.480836427295324e-05
121,1,12,minus_aring_minus_s,8.42022750232995e-05
122,1,12,hmtpo_atom,8.389402998627789e-05
123,1,12,cu_atom_coordination_plane,8.384367330993613e-05
124,1,12,complexity_protein,8.343262002336953e-05
125,1,12,final_value,8.332972133095765e-05
126,1,12,single_diffraction_frame,8.318237678072694e-05
127,1,12,sodium_cobalt_phosphate,8.258425610738459e-05
128,1,12,indole_reaction,8.242752013499976e-05
129,1,12,mislead_biological_conclusion,8.229175224742891e-05
130,1,13,line_shape,8.685577643954546e-05
131,1,13,k_structure,8.679774664623827e-05
132,1,13,inversion_center_site,8.643185959177179e-05
133,1,13,magnetic_storage_device,8.518315895689978e-05
134,1,13,unusual_strategy,8.479201202979897e-05
135,1,13,wide_angle,8.372598761356239e-05
136,1,13,individual_unit,8.332561400442449e-05
137,1,13,economic_loss,8.293581183377404e-05
138,1,13,benzene_dihedral_angle,8.283055224910131e-05
139,1,13,purine_structure,8.268585515575045e-05
140,1,14,bader_mulliken_partition,8.906732240379337e-05
141,1,14,bulky_prime,8.562942539986584e-05
142,1,14,reconstruction_program,8.515509251550148e-05
143,1,14,enzyme_open_conformation,8.387003698500575e-05
144,1,14,complete_model,8.382934160384104e-05
145,1,14,excite_iron_atom,8.323936198421053e-05
146,1,14,host_o_atom,8.319772667231524e-05
147,1,14,methoxymethyl_phenyl_ether,8.210600641263254e-05
148,1,14,one_region,8.18921341145746e-05
149,1,14,structural_feature,8.180036643305867e-05
150,1,15,nanomagnetic_grain,8.908487950336257e-05
151,1,15,structural_analysis,8.511739642064457e-05
152,1,15,train_personnel,8.470239079831774e-05
153,1,15,organic_inorganic_nanocomposite,8.434026614319367e-05
154,1,15,mo_k_alpha,8.348512665981267e-05
155,1,15,desirable_statistical_property,8.324987957429045e-05
156,1,15,trypsin_d,8.286925853304427e-05
157,1,15,pincer_ligand,8.285544257439898e-05
158,1,15,individual_molecule,8.179990694378087e-05
159,1,15,bear_approximation,8.160184917237065e-05
160,1,16,fast_response,8.695944641239237e-05
161,1,16,quantum_chemical_calculation,8.58184005856096e-05
162,1,16,obtain_information_accuracy,8.577713757255875e-05
163,1,16,hydrogen_bond_type,8.483924993067062e-05
164,1,16,solution_lipid_interface_conformation,8.39649042922793e-05
165,1,16,share_vertex,8.395940049525451e-05
166,1,16,o_atom_irregular_coordination,8.358040492903407e-05
167,1,16,single_force,8.250351393806385e-05
168,1,16,aring_centroid_centroid_separation,8.219058602880598e-05
169,1,16,extend_network,8.166517475266039e-05
170,1,17,coo_acetate_group,8.692021247249983e-05
171,1,17,truncate_signal_peptide,8.608445396654353e-05
172,1,17,correct_intensity_statistical_error,8.593730364284364e-05
173,1,17,laue_diffraction_experiment,8.43056609074898e-05
174,1,17,heterodimeric_ligand_bind_region,8.393144624464015e-05
175,1,17,molecular_electronic_structure,8.347389679959936e-05
176,1,17,scatter_beam,8.345000558984615e-05
177,1,17,residual_stress_analysis,8.224212578377088e-05
178,1,17,ionotropic_glutamate_receptor,8.194518201051869e-05
179,1,17,rigid_body_vibration_tensor,8.163685692807693e-05
180,1,18,power_specific_energy,8.931782043436887e-05
181,1,18,crystal_structure_interaction,8.632579851262376e-05
182,1,18,x_ray_crystallographic_study,8.544331350362214e-05
183,1,18,acryloyloxy_acetyl,8.488203574591176e-05
184,1,18,reciprocal_lattice,8.360910636672933e-05
185,1,18,general_interest_question,8.346841993376194e-05
186,1,18,tetragonal_lysozyme_crystal,8.303991018617264e-05
187,1,18,prime_prime_bridge_ligand,8.301072447394171e-05
188,1,18,similar_fashion,8.183120407557764e-05
189,1,18,cu_complex,8.177311597851895e-05
190,1,19,beam_stop,8.58279286183268e-05
191,1,19,angle_result,8.541737219238279e-05
192,1,19,cubic_nbsp_space_group,8.521828915847293e-05
193,1,19,significant_role,8.438120698116242e-05
194,1,19,complex_formation,8.396403651044835e-05
195,1,19,co_nh,8.327020934269309e-05
196,1,19,free_sparteine_base,8.25154770737475e-05
197,1,19,unit_mass,8.239607353580046e-05
198,1,19,symmetry_centre_application,8.173120097500031e-05
199,1,19,mhv_mouse_hepatitis_virus,8.055732402290472e-05
0,2,0,short_intermolecular_c,8.687416652698457e-05
1,2,0,nccn_group,8.242477178577827e-05
2,2,0,guanidinium_cation,8.211249297017694e-05
3,2,0,ring_structure_adaptability,8.13807719707718e-05
4,2,0,inelastic_technique_diffraction_combination,8.128038335406321e-05
5,2,0,interdigitat_phenyl_ring,8.091851580160915e-05
6,2,0,molecule_non_h_atom,8.087977914300903e-05
7,2,0,heat_shock,8.086368732577463e-05
8,2,0,hydrogen_contain,8.067770971861989e-05
9,2,0,group_nitrate,8.055709489235975e-05
10,2,1,skew_trapezoidal,8.813816449539447e-05
11,2,1,crystallographic_symmetry_possess,8.512198247484201e-05
12,2,1,pair_set,8.460024007789891e-05
13,2,1,scatter_background,8.35383226908991e-05
14,2,1,ether_ring_crown,8.156783528599995e-05
15,2,1,molecule_experimental_electrostatic_potential,8.149209160446273e-05
16,2,1,n_nitroaniline,8.136524632421827e-05
17,2,1,neutron_beam,8.066326601238243e-05
18,2,1,pseudomonas_putida_soil_bacterium,8.01943796597937e-05
19,2,1,srs_scientific_highlight_selection,8.016081341956702e-05
20,2,2,flavivirus_protein,8.76061302712837e-05
21,2,2,k_domain_l_domain,8.555551089485206e-05
22,2,2,iron_base_aryloxide_complex,8.433465944807446e-05
23,2,2,protonated_water_molecule_bridge,8.413584588885609e-05
24,2,2,extracellular_signal_regulate_kinase,8.407043598642243e-05
25,2,2,infinite_zigzag,8.36054939431462e-05
26,2,2,hkl_reflection,8.3408082365367e-05
27,2,2,nh_c_torsion_angle,8.340542273697858e-05
28,2,2,neutral_specie_hydrogen,8.318140294115775e-05
29,2,2,two_dimensional_saxs_pattern,8.283512165119423e-05
30,2,3,asymmetric_laue_symmetric_geometry,8.48449058396698e-05
31,2,3,incident_neutron_wavelength,8.483943194452966e-05
32,2,3,sulfonate_group_water_molecule,8.38866521974534e-05
33,2,3,cheap_organometallic_precursor,8.367597741981375e-05
34,2,3,ammonium_sulfate,8.303722235757536e-05
35,2,3,naturally_occur_tectochrysin,8.271208795987607e-05
36,2,3,weak_pi_contact,8.26646270065895e-05
37,2,3,pyridyl_n_atom,8.184375022641038e-05
38,2,3,symmetry_azimuth_value,8.159628714743274e-05
39,2,3,general_interest,8.155366512237156e-05
40,2,4,nmr_structure_use,8.68269814819266e-05
41,2,4,centroid_centroid,8.657669619166643e-05
42,2,4,large_range_orientation_distribution,8.555904295768145e-05
43,2,4,unit_thickness,8.47200658522025e-05
44,2,4,large_substrate_accommodation,8.40841291520112e-05
45,2,4,material_alignment,8.354866198873112e-05
46,2,4,b_value,8.34090698406719e-05
47,2,4,aring_o_contact,8.331269690396004e-05
48,2,4,inh_ligand,8.299562665806654e-05
49,2,4,gas_load,8.281127962902945e-05
50,2,5,metal_oxygen_core,8.520915265992145e-05
51,2,5,vapour_condition_diffusion_drop,8.471962990327601e-05
52,2,5,trigonal_bipyramidal_geometry,8.442968433157014e-05
53,2,5,electron_distribution_variation,8.438202865162492e-05
54,2,5,result_lattice_sum_evaluation,8.420764097517138e-05
55,2,5,catalytic_centre,8.401206133621591e-05
56,2,5,x_ray_condenser,8.311409613295296e-05
57,2,5,pinhole_diffraction,8.284902594474225e-05
58,2,5,event_mode_datum_acquisition,8.257783735368293e-05
59,2,5,previous_report,8.254664649166263e-05
60,2,6,pulldown_assay,8.832726795509367e-05
61,2,6,finger_lobe,8.826524463379625e-05
62,2,6,double_shell_spherical_mask,8.73555559199749e-05
63,2,6,neighbour_molecule_imine_group,8.427996338786023e-05
64,2,6,crystalline_arrangement,8.362515891502927e-05
65,2,6,electrostatic_interaction,8.352351637560992e-05
66,2,6,representative_member,8.347905909104531e-05
67,2,6,fiber_diffraction,8.315860272320512e-05
68,2,6,crystallographic_symmetry_anion,8.315707376258937e-05
69,2,6,pi_crystalline_complex,8.284950879138811e-05
70,2,7,true_scatter_curve,8.875759436927461e-05
71,2,7,temperature_vary_pressure,8.82209046475332e-05
72,2,7,silica_clathrasil,8.79419540465468e-05
73,2,7,chelate_molecule_n_atom,8.513756851827744e-05
74,2,7,anomalous_multiplicity,8.477967312145625e-05
75,2,7,exist_phasis,8.402848286112487e-05
76,2,7,axis_phiv,8.394569723380134e-05
77,2,7,donor_acceptor_distance,8.385885978844112e-05
78,2,7,k_edge,8.311708641060958e-05
79,2,7,sulfatase_like_catalytic_domain,8.263957698197247e-05
80,2,8,crystallographically_independent_water_molecule,8.767592559577471e-05
81,2,8,electron_density_complete_absence,8.69294998013099e-05
82,2,8,nanoparticle_dissipative_fluctuate_dynamic,8.602423158912967e-05
83,2,8,crystallographic_net,8.596586573549074e-05
84,2,8,preferential_specific_damage_investigation,8.395366445117118e-05
85,2,8,solvent_content_datum,8.382996494020699e-05
86,2,8,electron_density_function,8.34906832756704e-05
87,2,8,flap_dynamic,8.344717910934234e-05
88,2,8,micro_rad,8.308207801088718e-05
89,2,8,phase_phase_calculation_extension,8.296780616544764e-05
90,2,9,inelastic_technique,8.520638688325575e-05
91,2,9,monosolvate_pentahydrate,8.435566713279882e-05
92,2,9,crystal_form,8.42738843385046e-05
93,2,9,robotic_sample,8.413693099048148e-05
94,2,9,fruit_body_formation,8.366116933796482e-05
95,2,9,pyrococcus_horikoshii_kh_domain,8.346544150171605e-05
96,2,9,graph_set_centrosymmetric_ring,8.295227251748482e-05
97,2,9,ornl_saxs_camera,8.270254665261946e-05
98,2,9,unstable_net,8.268292521785125e-05
99,2,9,vertical_parallel_direction,8.258433340613985e-05
100,2,10,extra_site,8.548563482455383e-05
101,2,10,iodide_silver_synthetic_crystal,8.318939224920624e-05
102,2,10,planar_coordination_geometry,8.300407305984862e-05
103,2,10,n_n_h,8.289143183591402e-05
104,2,10,tcnoet_ligand,8.254449293637107e-05
105,2,10,stable_polymorphic_form,8.24248193460043e-05
106,2,10,individual_unit,8.200768202121876e-05
107,2,10,enlarge_time,8.18423081235643e-05
108,2,10,real_time,8.176439443829981e-05
109,2,10,phenyl_ring_bond_angle,8.167762298188292e-05
110,2,11,eukaryotic_cell,8.650011473249636e-05
111,2,11,overcorrection_size,8.472396393665665e-05
112,2,11,loop_interaction,8.451372696077826e-05
113,2,11,different_cartesian_coordinate_system,8.305503747789578e-05
114,2,11,crystal_pack,8.303508698471214e-05
115,2,11,acetate_complex,8.285946552420382e-05
116,2,11,piox_single_crystal,8.276371059222748e-05
117,2,11,direct_inspection,8.242530857148379e-05
118,2,11,pdb_secondary_structural_feature,8.215758707871021e-05
119,2,11,model_structure_comparison,8.208486423096421e-05
120,2,12,interest_formula,8.555353812486006e-05
121,2,12,image_feature_extraction,8.525562660341638e-05
122,2,12,sulfonate_group_hydrogen_bond,8.487578740327364e-05
123,2,12,give_configuration,8.44905667825491e-05
124,2,12,group_presence,8.408374739669102e-05
125,2,12,dye_molecule,8.408267744199889e-05
126,2,12,nitrooxy_group,8.38078083201756e-05
127,2,12,solution_specie_distribution,8.35460927544927e-05
128,2,12,model_structure,8.346555825083572e-05
129,2,12,cu_crystallite,8.322311858173051e-05
130,2,13,regulatory_cascade,8.614534229634854e-05
131,2,13,phase_error,8.558808785288542e-05
132,2,13,neutron_diffraction_instrument,8.505106376383839e-05
133,2,13,near_future,8.386337233741708e-05
134,2,13,type_ii,8.344862999041336e-05
135,2,13,clathrin_adaptor_complex,8.287521898810336e-05
136,2,13,base_dianion,8.255926722433379e-05
137,2,13,condense_anion,8.249713408607772e-05
138,2,13,thiocyanate_ligand,8.234326916835703e-05
139,2,13,nc_net_classification,8.199803928049177e-05
140,2,14,anionic_schiff_base,8.544847863532792e-05
141,2,14,low_symmetry_grind_state,8.501527351648341e-05
142,2,14,main_facility,8.435271354058956e-05
143,2,14,orientation_effect,8.353534625142156e-05
144,2,14,pyramidal_coordination_environment,8.321260530325431e-05
145,2,14,coincidence_site,8.30355662874629e-05
146,2,14,high_temperature_polymorph,8.298298041835673e-05
147,2,14,parameter_study_microreactor,8.245902277669796e-05
148,2,14,exact_solution,8.243708739558956e-05
149,2,14,aiip_invariant_point,8.229838534357692e-05
150,2,15,infinite_dimensional_chain,8.786972552000098e-05
151,2,15,multi_tube_detector,8.489554813456488e-05
152,2,15,call_singular_value_decomposition,8.415007635718072e-05
153,2,15,numerical_estimate,8.350710014225614e-05
154,2,15,cost_safety_cyclability,8.323833810129492e-05
155,2,15,post_growth,8.225374204178015e-05
156,2,15,aryl_substitute_assembly_pattern,8.217187687601205e-05
157,2,15,infinite_molecular_unit,8.146068717665902e-05
158,2,15,b_axis_propagate,8.135638614840847e-05
159,2,15,cbed_method,8.129959673655257e-05
160,2,16,herringbone_like_pack,9.101081510041243e-05
161,2,16,electron_density_decay,8.286790699220082e-05
162,2,16,measure_friedel_pair,8.281810061424804e-05
163,2,16,use_extend_record,8.253138319269585e-05
164,2,16,fourier_map,8.241286197673903e-05
165,2,16,neighbor_molecule,8.22799556404267e-05
166,2,16,dihydropyrimidine_ring,8.194124030248324e-05
167,2,16,centrosymmetric_cluster,8.184438254047203e-05
168,2,16,two_cl_atom,8.15745752038282e-05
169,2,16,te_atom,8.14572801175281e-05
170,2,17,homology_model_study,8.960259467723081e-05
171,2,17,point_diffraction_interferometer,8.864391058167984e-05
172,2,17,chelate_ring,8.606631275685358e-05
173,2,17,independent_sum,8.594939912833665e-05
174,2,17,ultra_small_angle_neutron,8.593225246117808e-05
175,2,17,zigzag_chain_propagate,8.560925694990917e-05
176,2,17,oxalate_ligand,8.502747614535601e-05
177,2,17,zone_reflexion,8.451502904846952e-05
178,2,17,williopsis_mrakii_killer_toxin,8.391547179312844e-05
179,2,17,previously_report_complex,8.359877943957261e-05
180,2,18,viral_rna,8.747813430319074e-05
181,2,18,contaminant_protein,8.647253476511238e-05
182,2,18,fundamental_diffraction_equation,8.519122664434354e-05
183,2,18,tetradecaaquatetrasodium_crystal,8.417614856604947e-05
184,2,18,x_p,8.41471749550426e-05
185,2,18,new_member,8.395655101683347e-05
186,2,18,good_quality,8.385577869476427e-05
187,2,18,n_thiourea_h_atom,8.322640194530583e-05
188,2,18,niii_complex_cation,8.262672822193877e-05
189,2,18,h_hydrogen,8.241418391182716e-05
190,2,19,plane_wave_condition,8.456047798803915e-05
191,2,19,baker_yeast,8.417567077119107e-05
192,2,19,crystallographic_twofold_symmetry_application,8.404351717370086e-05
193,2,19,vibrational_datum,8.372017778776771e-05
194,2,19,minus_unit,8.245729226441605e-05
195,2,19,crystal_screen,8.198395437952642e-05
196,2,19,form_n_interaction,8.191885071029928e-05
197,2,19,internal_micelle_structure_resolution,8.177766223672666e-05
198,2,19,sodium_formate,8.173405391187335e-05
199,2,19,mad_multiwavelength_anomalous_dispersion,8.112701384600432e-05
200,2,20,octagonal_arrangement,8.649379401694341e-05
201,2,20,clathrate_form_system,8.535637287765325e-05
202,2,20,final_r_factor,8.528036265250844e-05
203,2,20,eav_equine_arteritis_virus,8.50165289652068e-05
204,2,20,yellow_methanol,8.473363446545534e-05
205,2,20,er_atom_local_structure,8.446075792026798e-05
206,2,20,mpr_ctb_polyalanine_linker,8.398503978605173e-05
207,2,20,minus_disulfonylimide,8.362915713515636e-05
208,2,20,biphenyl_fragment,8.335802663969805e-05
209,2,20,differential_thermal_analysis,8.255286872728381e-05
210,2,21,post_edge,8.572106752347785e-05
211,2,21,main_phasis,8.422596155534914e-05
212,2,21,agi_ion,8.39527890994196e-05
213,2,21,hydroxy_group,8.380220155819577e-05
214,2,21,cytochrome_interaction,8.37861967282583e-05
215,2,21,hydrazine_hydrate_hydrocinnamaldehyde,8.337747280226207e-05
216,2,21,relative_error,8.279370743165944e-05
217,2,21,tpsi_concise_formula,8.250060876001213e-05
218,2,21,catalytic_domain,8.223902516678323e-05
219,2,21,macrocyclic_ligand,8.215919325659073e-05
220,2,22,er_stress_transducer,8.814096997207816e-05
221,2,22,adjacent_chain,8.648795863892138e-05
222,2,22,include_guest_molecule_conformation,8.5237608835697e-05
223,2,22,screen_precession_photograph,8.477685046344686e-05
224,2,22,nonparametric_kernel,8.466541923470701e-05
225,2,22,crystallographic_centre,8.366805863535688e-05
226,2,22,initial_crystallographic_result,8.301814166409629e-05
227,2,22,liii_absorption_edge,8.284814984650466e-05
228,2,22,total_scatter,8.267105113432324e-05
229,2,22,protein_model_portal_model,8.214819561470522e-05
230,2,23,theory_method,8.82013176432111e-05
231,2,23,free_cl_ion,8.586260456231175e-05
232,2,23,benzimidazole_group,8.503961436446215e-05
233,2,23,crystalline_state,8.49261621422603e-05
234,2,23,ethyl_acetate_solvent_molecule,8.488389431964393e-05
235,2,23,power_law,8.476473726536106e-05
236,2,23,contrast_in_ppe_bind,8.305194398863181e-05
237,2,23,san_measurement,8.289081774362627e-05
238,2,23,bone_sample,8.286684179389943e-05
239,2,23,owater_h,8.265830335150901e-05
240,2,24,free_diffraction_datum,8.791295181363189e-05
241,2,24,birdcage_furnace,8.667645997016075e-05
242,2,24,crystal_collection,8.663928249733451e-05
243,2,24,c_torsion_angle,8.570861914626967e-05
244,2,24,cdii_atom,8.496319276745228e-05
245,2,24,oversampl_different_degree,8.496266623508323e-05
246,2,24,diffraction_condition,8.431273754870903e-05
247,2,24,cap_prime_oligonucleotide_primer,8.40696388977939e-05
248,2,24,consequently_order_disorder_transformation,8.363067781252408e-05
249,2,24,structural_change,8.343142994823968e-05
250,2,25,bis_monodentate_bridge_mode,8.427333093090925e-05
251,2,25,powder_diffraction_peak,8.421231289138537e-05
252,2,25,readout_system,8.406382550187475e-05
253,2,25,ring_junction,8.369165832552447e-05
254,2,25,dynamical_focus_effect,8.342426491857871e-05
255,2,25,significant_conformational_change_group,8.329880323936294e-05
256,2,25,high_level,8.21941740195434e-05
257,2,25,finger_lobe,8.211105469663534e-05
258,2,25,unchanging_chiral_centre,8.202512431082706e-05
259,2,25,anion_bind_site,8.16096251261238e-05
260,2,26,rietveld_refinement_program,8.530081547981828e-05
261,2,26,cardo_o_oxygenase_component,8.51635491287872e-05
262,2,26,human_expert,8.426953484926767e-05
263,2,26,significantly_reduce_tendency,8.381983969893898e-05
264,2,26,present_paper,8.337971993764097e-05
265,2,26,generalize_molecular_replacement,8.328642916047924e-05
266,2,26,actual_commercial_screen,8.317743036371315e-05
267,2,26,asynchronous_crystallization_robot_use,8.299149491184765e-05
268,2,26,coronaviridae_family,8.271949681006087e-05
269,2,26,image_analysis,8.271810424747051e-05
270,2,27,ester_moiety_pyridine_ring,8.564416633593446e-05
271,2,27,acid_gene_product,8.490123212651757e-05
272,2,27,concentration_range,8.375949976620355e-05
273,2,27,gallbladder_stone_atheroclerotic_plaque,8.277849410413444e-05
274,2,27,surface_force_distribution,8.247227393328212e-05
275,2,27,single_rock_curve,8.222285697929475e-05
276,2,27,synchrotron_datum,8.163862427509877e-05
277,2,27,organic_cation_water_molecule,8.141939847864194e-05
278,2,27,deep_cleave,8.129397115688352e-05
279,2,27,narrow_range,8.115912461945316e-05
280,2,28,x_ray_diffraction_intensity,9.178663741343335e-05
281,2,28,innovative_instrumentation,8.557444952848006e-05
282,2,28,soft_c_h,8.542332318254323e-05
283,2,28,regular_user_shift,8.539506263393316e-05
284,2,28,crystallographic_axis,8.521768242945165e-05
285,2,28,ferrocenyl_ring,8.353264581441906e-05
286,2,28,h_hydrogen,8.337875282321009e-05
287,2,28,relative_wilson_plot,8.230543925489531e-05
288,2,28,nm_ellipse_axis,8.211533107969229e-05
289,2,28,important_transformation_catalyze,8.205507344187048e-05
290,2,29,axis_parallel_column,9.059624255841827e-05
291,2,29,increase_importance,8.695820270803343e-05
292,2,29,domain_crystal_lattice_orientation,8.486152742680342e-05
293,2,29,lead_intermolecular_c_h,8.473986960810207e-05
294,2,29,main_beam_way_touch,8.444128654733062e-05
295,2,29,dimensional_layer_structure,8.441808047349042e-05
296,2,29,mok_x_ray_wavelength,8.36776863954304e-05
297,2,29,tp_minus_ligand,8.348341613640493e-05
298,2,29,sparteine_base,8.274154795360995e-05
299,2,29,oxazinic_n_atom,8.245745415601438e-05
300,2,30,photochromism_reason,8.682635018549573e-05
301,2,30,low_background_material_thing,8.630529285977545e-05
302,2,30,reinforcement_effect,8.59672939457614e-05
303,2,30,amine_group,8.553561172267342e-05
304,2,30,c_g_s,8.536618250092558e-05
305,2,30,cyclin_dependent_kinase,8.451709442268166e-05
306,2,30,molecular_mean_field_model,8.364071812482311e-05
307,2,30,statistical_error_band,8.324982518907281e-05
308,2,30,vapor_diffusion,8.322767506746622e-05
309,2,30,possible_material,8.300721123200972e-05
310,2,31,steric_factor,9.10682758534464e-05
311,2,31,acid_middot_hydrothermal_reaction,8.439534733743766e-05
312,2,31,single_rock_curve,8.41259703095558e-05
313,2,31,strong_preference,8.380662685823998e-05
314,2,31,methanol_methylene_chloride_crystallization,8.351995903297751e-05
315,2,31,silicon_thin_specimen,8.341543161820658e-05
316,2,31,vanadium_iron,8.290098985800647e-05
317,2,31,wide_temperature,8.278183432007172e-05
318,2,31,characterize_modification,8.26236388322466e-05
319,2,31,molecule_a,8.255791371388059e-05
320,2,32,pseudo_middot_polymorph,9.20370924139089e-05
321,2,32,finite_order,8.824686424947745e-05
322,2,32,preliminary_characterization,8.524800419732963e-05
323,2,32,x_ray_source,8.458758524328986e-05
324,2,32,subunit_report_small_terminase,8.433577190692816e-05
325,2,32,c_centre_monoclinic_modification,8.341336570844054e-05
326,2,32,carboxylato_o_atom,8.324717161610738e-05
327,2,32,trustful_relevant_result,8.317523990547927e-05
328,2,32,systematic_formic_acid,8.313786125095246e-05
329,2,32,decameric_ring,8.302919545325966e-05
330,2,33,graphical_evaluation,8.513236296928787e-05
331,2,33,additional_proton,8.50012873391337e-05
332,2,33,person_spine,8.365189757864475e-05
333,2,33,molecule_corrugate_sheet,8.328501615302819e-05
334,2,33,anomalous_scatter_term,8.295965199469965e-05
335,2,33,peak_asymmetry,8.276798793437137e-05
336,2,33,nitrate_anion_o_atom,8.247281705413644e-05
337,2,33,thermal_anomaly,8.24430860241528e-05
338,2,33,metabolically_active_carbohydrate,8.234301482122019e-05
339,2,33,background_scatter,8.183448804999577e-05
340,2,34,van_hydrogen_bond,8.877841314044126e-05
341,2,34,bis_complex,8.368930022165086e-05
342,2,34,extend_record,8.274488935540844e-05
343,2,34,hexagonal_o_distance_ge,8.265692427337331e-05
344,2,34,asymmetric_unit_independent_complex,8.234832149757707e-05
345,2,34,main_cluster_type,8.222295642872231e-05
346,2,34,detectable_change,8.199975465132633e-05
347,2,34,approximate_formula,8.171674472517609e-05
348,2,34,monochromatization_scheme,8.14457783191775e-05
349,2,34,small_quantity,8.11886031046092e-05
350,2,35,prolyl_selectivity,8.563410779018933e-05
351,2,35,molecule_long_axis,8.550035098840385e-05
352,2,35,vanadium_pentoxide,8.505523400554581e-05
353,2,35,edge_speciman_parallel_axis,8.424779582235571e-05
354,2,35,vapour_condition_diffusion,8.421278612863761e-05
355,2,35,sn_o,8.373628034247448e-05
356,2,35,cylindrically_average_intensity,8.314747021777792e-05
357,2,35,uncertainty_estimate,8.276237430466036e-05
358,2,35,i_form,8.250646862887575e-05
359,2,35,basal_diffraction_spot,8.248580246966477e-05
360,2,36,expect_characteristic,8.869553986406067e-05
361,2,36,deg_angle_strain_angle,8.606806385391738e-05
362,2,36,effective_cone_angle,8.501319293906478e-05
363,2,36,nanopillar_like_structure,8.326155306139707e-05
364,2,36,derive_schiff_base_ligand,8.272332151914649e-05
365,2,36,alpha_thin_film,8.231277523546531e-05
366,2,36,weak_interaction_study,8.225040771005569e-05
367,2,36,bind_orn_analog,8.211728902982624e-05
368,2,36,ligand_act,8.194208711913898e-05
369,2,36,phase_information,8.186097595651307e-05
370,2,37,selectivity_difference,8.76567250313691e-05
371,2,37,central_component,8.693329012484983e-05
372,2,37,hydrogen_bonding,8.380861927980468e-05
373,2,37,crystallization_state,8.372055019679582e-05
374,2,37,amine_hydroxymethyl,8.337696029199086e-05
375,2,37,inositol_polyphosphate,8.297651282036308e-05
376,2,37,dien_diethylenetriamine,8.256586555963963e-05
377,2,37,diffraction_equation,8.235015075530385e-05
378,2,37,central_pyridine_ring_respect,8.235014370544632e-05
379,2,37,crystal_structure_stabilization,8.217142615810648e-05
380,2,38,process_biological_molecule,8.634183381613187e-05
381,2,38,dienone_structure,8.494857795782927e-05
382,2,38,relatively_simple_assumption,8.435329551923137e-05
383,2,38,computer_program,8.382251094750956e-05
384,2,38,special_position,8.362903258615858e-05
385,2,38,curvature_radius,8.340419260892e-05
386,2,38,investigate_phalanx,8.269499138751953e-05
387,2,38,sufficient_magnitude,8.228753857054976e-05
388,2,38,global_minimum_energy_structure,8.217440279889061e-05
389,2,38,recently_publish_structure,8.211714450358609e-05
390,2,39,d_ring,9.052407677712298e-05
391,2,39,cell_constant_space_group,8.433889216207914e-05
392,2,39,approximate_structure_factor,8.252874168483294e-05
393,2,39,grain_boundary_quasicrystal,8.247352651194264e-05
394,2,39,pd_s_distance,8.235530083552409e-05
395,2,39,aring_delocalized_bond_system,8.203640893394159e-05
396,2,39,cd_atom,8.194681638132897e-05
397,2,39,pi_intermolecular_hydrogen_bond,8.19184571296219e-05
398,2,39,high_energy_wafer,8.189284333354226e-05
399,2,39,vanadium_iron,8.186396715869325e-05
400,2,40,iv_iii,9.137345833127081e-05
401,2,40,tunnel_junction,8.771233958151882e-05
402,2,40,suppressor_protein,8.605581401493888e-05
403,2,40,quantum_chemical_calculation,8.591775161580505e-05
404,2,40,b_extension,8.591404699990911e-05
405,2,40,employ_resolution_shell,8.550347000137987e-05
406,2,40,structural_instability,8.496006041524658e-05
407,2,40,ring_respectively_deg,8.493220978375237e-05
408,2,40,ligase_complex,8.482604263693844e-05
409,2,40,neighbour_methoxy_group,8.374405065570385e-05
410,2,41,carbazole_position,8.61473981916502e-05
411,2,41,efficient_use,8.326613991297533e-05
412,2,41,transcription_modulator,8.301968682419639e-05
413,2,41,fractional_order,8.245651816004002e-05
414,2,41,sodium_formate,8.216370608785278e-05
415,2,41,physico_chemical,8.209955263896992e-05
416,2,41,heterodyne_xpcs_experiment_result,8.204550985586772e-05
417,2,41,thallium_iron,8.169452797277464e-05
418,2,41,pitch_angle,8.164992187035271e-05
419,2,41,pairwise_comparison,8.152268012822846e-05
420,2,42,random_network,8.583654345232373e-05
421,2,42,method_description,8.547606324528326e-05
422,2,42,nitrate_counter_ion,8.401641486721663e-05
423,2,42,br_hydrogen_bond,8.306312068832178e-05
424,2,42,salt_nicotinamide_moiety_planarity,8.282333129949038e-05
425,2,42,hoffmann_r,8.276680572506945e-05
426,2,42,water_molecule_monoanion,8.265408104401307e-05
427,2,42,mhz_resonant_frequency,8.244368517088328e-05
428,2,42,unfold_procedure,8.208787826215822e-05
429,2,42,scatter_datum_fit_model,8.197147252697585e-05
430,2,43,important_receptor_conformational_flexibility,8.822038328450923e-05
431,2,43,high_similarity,8.562699807733453e-05
432,2,43,aliphatic_chain,8.379482909440804e-05
433,2,43,early_know_z_prime,8.351114402392662e-05
434,2,43,pd_p_p,8.340508179701017e-05
435,2,43,spop_oligomer,8.334558168478944e-05
436,2,43,structure_variant,8.301448463434612e-05
437,2,43,dimer_formation,8.269129300053251e-05
438,2,43,oversampl_different_degree,8.23627221127487e-05
439,2,43,electron_density_complete_absence,8.18785680404641e-05
440,2,44,recent_research,8.735329200737859e-05
441,2,44,overall_fit,8.479625567574348e-05
442,2,44,accoustical_mode,8.461227738067902e-05
443,2,44,salt_hydrate,8.428427386654359e-05
444,2,44,unit_weight_matrix_use,8.387198460514166e-05
445,2,44,intermolecular_pyrimidine,8.286521299535927e-05
446,2,44,native_form,8.241122987503392e-05
447,2,44,bromide_anion,8.202103630901197e-05
448,2,44,pressure_band_gap_increase,8.16617207632907e-05
449,2,44,anomalous_scatter_correction,8.147572922703317e-05
450,2,45,active_site_pocket,8.715879785729204e-05
451,2,45,vivo_activity,8.62143552496574e-05
452,2,45,develope_crystal_growth,8.573412877431287e-05
453,2,45,feedback_mechanism,8.487855144577435e-05
454,2,45,tls_obtain_component_difference,8.448330360538051e-05
455,2,45,herringbone_like_pack,8.39197011723975e-05
456,2,45,nitrite_ion,8.389629155178143e-05
457,2,45,main_cluster_type,8.367144988663862e-05
458,2,45,detergent_presence,8.35546828019971e-05
459,2,45,molecule_planarity,8.349936462149316e-05
460,2,46,marine_microorganism,8.632653560083098e-05
461,2,46,sulfur_contain_ring,8.518281161598739e-05
462,2,46,fractional_order_spot,8.45922126504174e-05
463,2,46,high_temperature_phase,8.450276012834372e-05
464,2,46,reciprocal_space_additional_spot,8.335095390814951e-05
465,2,46,complete_datum_set,8.315863173821489e-05
466,2,46,conserve_protein,8.27894797925244e-05
467,2,46,minus_fluoride_source_novel,8.26890039927471e-05
468,2,46,syn_anti_fashion_bridge,8.258383327605114e-05
469,2,46,personal_computer_type,8.234949161229932e-05
470,2,47,outer_membrane_protein,8.776675221997923e-05
471,2,47,total_scatter_experiment,8.633367399557223e-05
472,2,47,nanopillar_vertical_correlation,8.562670343189637e-05
473,2,47,refine_minor_component,8.554875119896247e-05
474,2,47,individual_lattice,8.522368014572927e-05
475,2,47,minimum_maximum_value,8.511716720326541e-05
476,2,47,surface_average_ring_size,8.33875227593785e-05
477,2,47,amx_fmx_beamline,8.327733806347806e-05
478,2,47,nonclassical_intermolecular_c_h,8.31949467387585e-05
479,2,47,metal_atom_point,8.262422862209563e-05
480,2,48,phen_ligand,8.377185721948768e-05
481,2,48,acridine_ring,8.363961191266894e-05
482,2,48,different_monochromator_crystal,8.264700450579919e-05
483,2,48,unfavourable_protein_aggregation,8.26349229337746e-05
484,2,48,occupancy_configuration,8.26045762124143e-05
485,2,48,d_phase,8.248235739028611e-05
486,2,48,material_layer_order_region,8.232732738332322e-05
487,2,48,chiral_chain,8.20596581009132e-05
488,2,48,physiological_condition,8.195708550865569e-05
489,2,48,pre_process_method,8.195397372922413e-05
490,2,49,ball_mill,8.956738569974922e-05
491,2,49,thf_hexane,8.72178461226664e-05
492,2,49,b_axis,8.486366577743088e-05
493,2,49,sample_small_quantity_information,8.471547255096497e-05
494,2,49,include_guest,8.467753936249567e-05
495,2,49,cfmn_biological_significance,8.465552408224008e-05
496,2,49,experimental_value,8.357204050861125e-05
497,2,49,ellipsoidal_particle,8.309350532076753e-05
498,2,49,center_displacement,8.274145581391889e-05
499,2,49,crystallization_process,8.229791703478733e-05
500,2,50,elaboration_process_geometry,8.373817984553452e-05
501,2,50,intermolecular_pi_pi_interaction,8.366278549829762e-05
502,2,50,centrosymmetric_space,8.32593504115347e-05
503,2,50,molecular_conformation,8.320265053279626e-05
504,2,50,therapeutic_approach,8.312850494030384e-05
505,2,50,rapid_loss,8.276457958150171e-05
506,2,50,f_rder,8.274726660064628e-05
507,2,50,bromo_etherification_protocol,8.243002766622173e-05
508,2,50,waxs_datum,8.236615080542772e-05
509,2,50,band_structure,8.213762643807823e-05
510,2,51,scatter_factor_product,8.757444683937747e-05
511,2,51,form_motif,8.684802704476816e-05
512,2,51,phosphodiester_bond_cleavage,8.669220270145838e-05
513,2,51,weak_c_h_direction,8.618846985095255e-05
514,2,51,acid_reversible_dehydration,8.609230035256499e-05
515,2,51,biosynthesis_purine_de_novo,8.52871147907413e-05
516,2,51,short_separation,8.500935502748027e-05
517,2,51,tetrahedral_environment_group,8.430392573532325e-05
518,2,51,multi_nucleus,8.310881771493326e-05
519,2,51,monocrystalline_heterostructure,8.309350650183793e-05
520,2,52,factor_solubility,8.631802209373272e-05
521,2,52,profound_influence,8.409600304215659e-05
522,2,52,prefer_antiphase_domain_boundary,8.325233637113519e-05
523,2,52,cu_atom,8.269218206277688e-05
524,2,52,egg_white_lysozyme,8.254632128222338e-05
525,2,52,point_diffraction,8.221751177561272e-05
526,2,52,bovine_pancreatic_phospholipase,8.221281379078293e-05
527,2,52,pyrazolidinone_ring_plane_deg,8.213986830229766e-05
528,2,52,house_develope_experimental_station,8.211594900561012e-05
529,2,52,significant_change,8.204569208162337e-05
530,2,53,precise_determination,8.766155961142445e-05
531,2,53,non_crystallographic_symmetry_constraint,8.557740783300714e-05
532,2,53,chemical_structure_conformation,8.354601219871651e-05
533,2,53,cfmn_cyclization_product,8.353469848201335e-05
534,2,53,label_quotient_graph,8.319824463596636e-05
535,2,53,crystallographically_independent_octahedron,8.317294178767536e-05
536,2,53,high_temperature_beta,8.257687513349694e-05
537,2,53,mu_atom,8.247401613200926e-05
538,2,53,theoretical_calculation,8.233518266858145e-05
539,2,53,individual_lattice_resolution_cutoff,8.202085667863059e-05
540,2,54,inversion_crystallographic_centre,8.462949547575723e-05
541,2,54,measure_dispersion_curve,8.42301538506383e-05
542,2,54,herbicide_antimicrobial_drug,8.307133883959552e-05
543,2,54,coordinate_ligand_oxidation,8.256821842788196e-05
544,2,54,benzyloxy_group_benzene_ring,8.230331689163774e-05
545,2,54,neutral_centrosymmetric_dinuclear_unit,8.204735352255171e-05
546,2,54,sin_theta,8.201210812191142e-05
547,2,54,archaeal_tim,8.189029253970359e-05
548,2,54,pcna_human_complex,8.169601497429308e-05
549,2,54,interchain_hydrogen_bond,8.167510467287546e-05
550,2,55,invariant_direct_observation,9.029062826877993e-05
551,2,55,methanol_chloride,9.025177937311603e-05
552,2,55,fractional_order,8.81058188570359e-05
553,2,55,reaction_chamber,8.626792147339343e-05
554,2,55,dodecyl_chain,8.515753842874481e-05
555,2,55,establish_combinatorial_optimization_technique,8.444071517961452e-05
556,2,55,ag_atom,8.44198625331022e-05
557,2,55,close_position,8.404948335832138e-05
558,2,55,saxs_sans_experiment,8.400723674958665e-05
559,2,55,principle_enantiomorph_apply_method,8.354258120985468e-05
560,2,56,different_anion,8.570686519046826e-05
561,2,56,thf_hexane_solution,8.503891769086423e-05
562,2,56,unique_br_atom,8.495744710322992e-05
563,2,56,numerical_technique,8.458390083074237e-05
564,2,56,profile_fit,8.421258655908853e-05
565,2,56,dithiocarbamate_ligand,8.391803245222432e-05
566,2,56,wohlauer_williams_rerefin,8.380838021420588e-05
567,2,56,n_substituent,8.301594002128422e-05
568,2,56,protein_family,8.266169711702929e-05
569,2,56,cl_ion,8.259046192778715e-05
570,2,57,crystallographic_plane,8.807714551420399e-05
571,2,57,new_material,8.562379370772246e-05
572,2,57,local_cs_symmetry,8.488873700831851e-05
573,2,57,cuii_atom,8.454287110688696e-05
574,2,57,surface_incline_plane,8.372624106034468e-05
575,2,57,membrane_protein_crystal,8.340925442866827e-05
576,2,57,respiratory_disorder_treatment_pharmaceutical,8.258162970810267e-05
577,2,57,increase_sm_content,8.249498127202277e-05
578,2,57,nano_scale_volume,8.242245758959916e-05
579,2,57,sci_usa,8.11008475520565e-05
580,2,58,different_crystallographic_direction,8.846625121560172e-05
581,2,58,scatter_spectroscopy,8.474083461858481e-05
582,2,58,deformable_dna,8.459056039559534e-05
583,2,58,acid_protein,8.404926020691501e-05
584,2,58,liquid_like_structure_appearance,8.380225691921921e-05
585,2,58,particular_interest,8.269340952980796e-05
586,2,58,phenyl_ring_group,8.215765112875799e-05
587,2,58,esi_mass,8.175566079347996e-05
588,2,58,thiocarbamate_ligand,8.15098479981078e-05
589,2,58,cation_atom,8.114333207570903e-05
590,2,59,amide_h_atom,9.109722083872515e-05
591,2,59,research_sample,8.786760168517724e-05
592,2,59,refinement_model_build,8.47128032022566e-05
593,2,59,membrane_protein_sample,8.412058642350809e-05
594,2,59,protein_function,8.359286021963743e-05
595,2,59,amorphize_crystal_break_transition,8.331245370107057e-05
596,2,59,glycosyl_torsion,8.320192129167211e-05
597,2,59,disulfide_catalytic_process,8.303306942932198e-05
598,2,59,orn_bind_domain,8.296970703720378e-05
599,2,59,middot_cl_minus_salt,8.254300092247878e-05
600,2,60,f_split_facet,8.836663561374045e-05
601,2,60,structure_analysis,8.660326411143082e-05
602,2,60,sodium_channel,8.57990723919785e-05
603,2,60,axis_position,8.402354050360644e-05
604,2,60,lennard_jones_model,8.292611334948424e-05
605,2,60,general_formula,8.291935505079666e-05
606,2,60,middot_trifluoromethanesulfonate_dichloromethane,8.286807614374813e-05
607,2,60,haloacid_dehalogenase,8.279238480596094e-05
608,2,60,rich_naphthalene_contain_polyether,8.27618602974516e-05
609,2,60,b_axis_parallel,8.252059253057169e-05
610,2,61,focus_property,8.595363981739337e-05
611,2,61,high_pressure_crystal,8.32471841625887e-05
612,2,61,lamellar_phase_system,8.288140014531756e-05
613,2,61,high_bind_affinity,8.2812425107179e-05
614,2,61,theta_correct_equation,8.264708744980283e-05
615,2,61,pyrazolidinone_ring_thiophene,8.250784328407301e-05
616,2,61,anion_sublattice,8.247452922881615e-05
617,2,61,numerical_analysis,8.236620509979529e-05
618,2,61,protein_copy,8.176837439004493e-05
619,2,61,bicyclic_benzimidazole_core,8.125455150944584e-05
620,2,62,nearly_deg,9.545522588026027e-05
621,2,62,formalism_arise_difficulty,8.548806903814585e-05
622,2,62,measurement_range_absolute_size,8.535154115890564e-05
623,2,62,attach_dimethoxyphenyl_residue,8.435740604307483e-05
624,2,62,triazole_ring_ethoxybenzene_group,8.43529142644032e-05
625,2,62,dimensional_simulation,8.405195747127118e-05
626,2,62,important_receptor,8.285845922226378e-05
627,2,62,autocorrelation_function,8.281814423034588e-05
628,2,62,carbonylthiourea_group,8.229465280553007e-05
629,2,62,van_addition,8.227913673766204e-05
630,2,63,high_impact_journal,9.120003695563658e-05
631,2,63,multiwavelength_anomalous_dispersion,8.504221929051042e-05
632,2,63,domain_boundary_width,8.30102169561759e-05
633,2,63,pyramid_apex,8.282762576901833e-05
634,2,63,iron_k_absorption_edge,8.253160030694262e-05
635,2,63,triazole_ring_plane,8.247773290057247e-05
636,2,63,tran_effect,8.204699733779008e-05
637,2,63,zeta_beta,8.177696587693793e-05
638,2,63,line_shape,8.170285441491524e-05
639,2,63,prefer_orientation_correction,8.154375016150358e-05
0,3,0,cl_association,7.988354274468136e-05
1,3,0,case_weak_c_h,7.93065508142647e-05
2,3,0,mix_ligand_specie_evidence,7.85810999026461e-05
3,3,0,proton_transfer,7.793077135234565e-05
4,3,0,laue_diffraction,7.791877555270076e-05
5,3,0,ester_functionality,7.770957873869188e-05
6,3,0,dimensional_supramolecular_framework,7.691227922025652e-05
7,3,0,distort_octahedral_geometry_coordinate,7.650947739023977e-05
8,3,0,salicylic_acid_derivative,7.625037390695588e-05
9,3,0,ambient_pressure_calibration_standard,7.617676206813139e-05
10,3,1,birk_type_inhibitor,7.951990657894097e-05
11,3,1,surface_fractal_dimension,7.845976405964566e-05
12,3,1,photoluminescence_property,7.808337611551229e-05
13,3,1,atom_paucity,7.803320130323335e-05
14,3,1,hetero_dinuclear,7.798309454249983e-05
15,3,1,diffraction_profile_fourier_coefficient,7.779756510862118e-05
16,3,1,pyridine_molecule,7.759617937677299e-05
17,3,1,inelastic_scatter,7.756704081804577e-05
18,3,1,isonicotinamide_ligand_carbonyl_group,7.75184192239784e-05
19,3,1,test_reconstruction,7.751334098280265e-05
20,3,2,prime_n_diethyl_n,8.062014842806067e-05
21,3,2,ortho_methyl_group,8.047391326189554e-05
22,3,2,incident_beam_antiparallel,7.960620268396885e-05
23,3,2,hazelnut_allergen,7.901100082929869e-05
24,3,2,aring_vm,7.803653349304618e-05
25,3,2,electronically_similar_element,7.794485186471246e-05
26,3,2,formic_hydrazide,7.770162556401508e-05
27,3,2,low_temperature_study,7.758404242982655e-05
28,3,2,miss_salt_bridge,7.75093408774824e-05
29,3,2,benzene_ring_c_atom,7.705958968664154e-05
