,run,topic,terms,p
_space_group_determination,8.713417372434492e-05
1,1,0,critical_step,8.684767815123249e-05
2,1,0,development_advance_research,8.59375229373971e-05
3,1,0,n_acetyltransferase,8.575039933116434e-05
4,1,0,ctd_regulation_error,8.513276793132488e-05
5,1,0,n_terminus,8.306464340977452e-05
6,1,0,approximately_planar_deviation,8.196225609028994e-05
7,1,0,postrefinement_technique,8.165087184462973e-05
8,1,0,substituent_interaction,8.153066857419222e-05
9,1,0,apical_coordination,8.13187189643688e-05
10,1,1,different_conformation,8.994358478379782e-05
11,1,1,novel_therapeutic_approach,8.463541830483117e-05
12,1,1,b_dna,8.356579286237007e-05
13,1,1,methoxybenzene_group,8.250605838165646e-05
14,1,1,food_source,8.225319145595278e-05
15,1,1,asymmetric_unit_dimer,8.207558379387692e-05
16,1,1,total_absorb_power,8.187393938272315e-05
17,1,1,include_angle,8.183217354069956e-05
18,1,1,aring_resolution_x_ray,8.169280522794711e-05
19,1,1,tetrahedral_coordination,8.164998759250887e-05
20,1,2,valence_angle,8.797619177481121e-05
21,1,2,escherichia_coli_clone_expression,8.336371378818494e-05
22,1,2,chloranilic_acid_dianion,8.328732429037639e-05
23,1,2,possible_usage,8.324122893594927e-05
24,1,2,minus_melt_temperature,8.31213582540686e-05
25,1,2,carbonyl_group_o_atom,8.225979101239849e-05
26,1,2,kramers_kronig_relation,8.178382736580617e-05
27,1,2,silicon_nanowire,8.157644755037586e-05
28,1,2,fuse_benzene_ring_substituent,8.136103621856604e-05
29,1,2,symmetry_code,8.119901481629479e-05
30,1,3,insect_cell_system,8.792042412064228e-05
31,1,3,transmit_intensity,8.409362153611062e-05
32,1,3,parameter_correlation,8.398649004226215e-05
33,1,3,incidence_low_angle,8.396787691232123e-05
34,1,3,protein_secondary_structure_model,8.283870041392853e-05
35,1,3,personal_computer,8.27137247117859e-05
36,1,3,ring_structure_adaptability,8.268829683143812e-05
37,1,3,curve_crystal,8.213854371312568e-05
38,1,3,peak_position,8.187156375976656e-05
39,1,3,antivirulence_drug_development,8.158952938995018e-05
40,1,4,needle_crystal,8.724142929960945e-05
41,1,4,bind_affinity,8.631580696311944e-05
42,1,4,round_robin,8.277214924653153e-05
43,1,4,gamma_beta,8.269962147344344e-05
44,1,4,free_nitrate_ion,8.257081913479803e-05
45,1,4,datum_inclusion,8.206811051871735e-05
46,1,4,connect_network,8.168480529748385e-05
47,1,4,sulfur_atom,8.142851893868692e-05
48,1,4,btb_domain_adaptor,8.097920842963764e-05
49,1,4,ppe_structure,8.093960533761095e-05
50,1,5,extensive_computer_program,8.613178122247504e-05
51,1,5,ortho_methyl_group,8.492956005187631e-05
52,1,5,antagonist_agonist,8.449602703028847e-05
53,1,5,distant_member,8.38993707623147e-05
54,1,5,anomalous_correlation,8.365623087314558e-05
55,1,5,main_interest,8.327068547844704e-05
56,1,5,red_light,8.29661864404008e-05
57,1,5,concordance_rate,8.288151586535854e-05
58,1,5,pressure_temperature_condition,8.223879485319625e-05
59,1,5,different_condition_consist_screen,8.205485253184269e-05
60,1,6,maximum_likelihood,8.918890120903581e-05
61,1,6,cant_undulator,8.652624605990062e-05
62,1,6,observe_resolution,8.623210083640899e-05
63,1,6,appropriate_beamline,8.556745010530732e-05
64,1,6,centrosymmetric_hydrogen_bond_ring,8.516002850731451e-05
65,1,6,equivoltage_partition,8.472318964433352e-05
66,1,6,c_g_s,8.350521006102244e-05
67,1,6,triazine_ring_plane,8.272413733059879e-05
68,1,6,benzo_ring,8.229990334877403e-05
69,1,6,methyl_acrylate_unit,8.203589691803828e-05
70,1,7,standard_deviation,8.529255059774083e-05
71,1,7,simple_sign_relationship,8.487938237786137e-05
72,1,7,hg_atom_mmm_symmetry,8.45773190737113e-05
73,1,7,human_aotc,8.419608929856802e-05
74,1,7,detailed_structural_comparison,8.395890116044368e-05
75,1,7,extensive_weak_pi,8.302784739148e-05
76,1,7,n_o_h,8.279722530181868e-05
77,1,7,new_kernel_density_estimator,8.258761658286669e-05
78,1,7,saxs_system,8.241032627350296e-05
79,1,7,only_material_small_portion,8.23815090407042e-05
80,1,8,pdb_search,8.559516922506653e-05
81,1,8,oscillation_photography,8.475383104153418e-05
82,1,8,hydrolytic_enzyme,8.424901516367598e-05
83,1,8,microscopy_image,8.423785957875017e-05
84,1,8,gaba_transaminase,8.322166459886298e-05
85,1,8,centrosymmetric_acid_h_atom,8.28619574848715e-05
86,1,8,tran_postition,8.265120798656438e-05
87,1,8,intermolecular_interaction_molecule_link,8.080196748067209e-05
88,1,8,plane_deg,8.062455753142731e-05
89,1,8,micellar_surface_unit_charge,8.055658575862893e-05
90,1,9,interchain_hydrogen_bond,8.525563237041417e-05
91,1,9,minus_nbsp,8.4378191901868e-05
92,1,9,monocapped_square_antiprismatic_geometry,8.39108554738131e-05
93,1,9,acid_aib_gly_glycine,8.390940910397993e-05
94,1,9,zircon_space_group_structure,8.366604138850776e-05
95,1,9,wind_primary_function,8.298074017540786e-05
96,1,9,f_intermolecular_interaction,8.286465533927174e-05
97,1,9,anhydrous_chloride,8.27954207285858e-05
98,1,9,hypothetical_texturized_polycrystal,8.20968217083242e-05
99,1,9,concise_formula,8.20620720340726e-05
100,1,10,powder_diffraction_pattern,8.487804394744433e-05
101,1,10,chelidamate_ligand,8.420052088528807e-05
102,1,10,square_pyramidal_arrangement,8.41297051093538e-05
103,1,10,different_coordination_environment,8.296762523945355e-05
104,1,10,automatic_sample_exchange,8.248713336507288e-05
105,1,10,interior_angle,8.234023204715707e-05
106,1,10,small_volume,8.205561971921776e-05
107,1,10,transformation_law,8.199214216576005e-05
108,1,10,synthesis_unchanging_chiral_centre,8.185150945640814e-05
109,1,10,complexing_property,8.151042031327114e-05
110,1,11,triangular_face,8.965921927062373e-05
111,1,11,onset_temperature,8.543969402503978e-05
112,1,11,mycobacterium_tuberculosis_enzyme,8.507973196755978e-05
113,1,11,scn_unit,8.44274005143025e-05
114,1,11,b_a_molecule,8.374816233867625e-05
115,1,11,nh_c_torsion_angle,8.323007786528097e-05
116,1,11,neutron_event_datum,8.26011543699621e-05
117,1,11,strain_level,8.222185096606745e-05
118,1,11,spop_c_terminal_domain,8.191787230527949e-05
119,1,11,accurate_estimate,8.18256999873035e-05
120,1,12,p_atom_tetrahedral_geometry,8.472704221685683e-05
121,1,12,calibration_alignment,8.293051832105126e-05
122,1,12,diverse_chemistry,8.233443100386072e-05
123,1,12,waste_liquor,8.232101193844409e-05
124,1,12,au_atom,8.182287438465125e-05
125,1,12,point_mutant_selenomethionine_label,8.100432889793865e-05
126,1,12,acetate_monohydrate,8.080605509598202e-05
127,1,12,device_use_example,8.067053405984074e-05
128,1,12,fg_refinement,8.063950918635195e-05
129,1,12,patterson_map,8.063718171093502e-05
130,1,13,translation_mechanism,8.620994282706791e-05
131,1,13,structural_basis,8.469519023562893e-05
132,1,13,dimensional_ag_bipy_chain,8.374434380278888e-05
133,1,13,resonant_x_ray_diffraction,8.338685194090959e-05
134,1,13,temperature_structure_na_atom,8.291942634463379e-05
135,1,13,digitization_laue_image,8.235648000547166e-05
136,1,13,recombinant_protein,8.219441661010116e-05
137,1,13,deg_effective_cone_angle,8.18382920989667e-05
138,1,13,site_symmetry_be,8.155731064811385e-05
139,1,13,xfel_pulse,8.155677281001415e-05
140,1,14,glycosyl_torsion,8.345647396984721e-05
141,1,14,chemistry_geometry,8.29402130093757e-05
142,1,14,intermolecular_hydrogen_bond,8.214639420256162e-05
143,1,14,finite_numb,8.192525899723463e-05
144,1,14,complexing_property,8.126726304517868e-05
145,1,14,crystal_structure_stability,8.107476735087077e-05
146,1,14,well_understand,8.0582385669367e-05
147,1,14,undulator_period,8.053944092523537e-05
148,1,14,beam_intensity_distribution,8.050291895934049e-05
149,1,14,spallation_neutron_source,8.04981812491197e-05
150,1,15,water_molecule_rearrangement,8.861137655965636e-05
151,1,15,fungal_protein,8.748587058886361e-05
152,1,15,piano_stool_geometry,8.628757306323969e-05
153,1,15,distinct_relate_form,8.497711678862022e-05
154,1,15,human_recombinant_tetranectin,8.40031943024164e-05
155,1,15,growth_nucleation_imperfection,8.398630728488184e-05
156,1,15,cation_membered_ring_centroid,8.394003450903127e-05
157,1,15,secondary_ammonium_salt,8.36097597437504e-05
158,1,15,chloride_calcium_sodium_citrate,8.358983789001268e-05
159,1,15,ternary_dilanthanum_lithium_hexagermanide,8.211461785133484e-05
160,1,16,prime_ligand,9.065477232074199e-05
161,1,16,unit_thickness_ray,8.574457754255428e-05
162,1,16,disorder_aromatic_ring,8.561833934388324e-05
163,1,16,alpha_structure,8.37532747578264e-05
164,1,16,available_information,8.370754858139525e-05
165,1,16,electronic_structure,8.321970151199317e-05
166,1,16,single_crystal_integrity,8.293660987036412e-05
167,1,16,tolman_angle,8.267935447941083e-05
168,1,16,supramolecular_dimer,8.26040988231925e-05
169,1,16,flat_pseudo_centrosymmetric_dimer,8.237194926956698e-05
170,1,17,success_overall_numb,8.713394191615378e-05
171,1,17,high_energy_physic_experiment,8.333640385452883e-05
172,1,17,ketone_group,8.304494156140432e-05
173,1,17,anionic_ribbon,8.30285063466892e-05
174,1,17,weak_reflection,8.275096628557044e-05
175,1,17,short_distance,8.26529403429649e-05
176,1,17,diheral_angle,8.226454301531766e-05
177,1,17,appropriate_beamline,8.21894329682332e-05
178,1,17,cassette_system,8.215435165631155e-05
179,1,17,single_crystal_dispersion_curve,8.204096734382288e-05
180,1,18,condensation_technique,8.440454034888186e-05
181,1,18,future_implementation,8.41559819865771e-05
182,1,18,intermediate_alloy,8.308025585300734e-05
183,1,18,systematic_formic_acid,8.298497548078368e-05
184,1,18,delta_case,8.286869074264313e-05
185,1,18,harker_section,8.214204363836105e-05
186,1,18,positron_electron,8.211342773158923e-05
187,1,18,aring_resolution_crystal_structure,8.200060832764854e-05
188,1,18,s_hydrogen,8.189423426780136e-05
189,1,18,nicotinamide_base,8.158017833499543e-05
190,1,19,line_delta_streak,9.207162174578598e-05
191,1,19,approach_application,8.56328707320525e-05
192,1,19,factor_effect,8.495337077553747e-05
193,1,19,solidification_process,8.36824694896265e-05
194,1,19,dysprosium_trinitrate_hexahydrate,8.289980378749524e-05
195,1,19,collect_image,8.288725029232377e-05
196,1,19,average_thickness,8.259715261020814e-05
197,1,19,true_scatter_curve,8.249610014761381e-05
198,1,19,complete_structure,8.228690991826902e-05
199,1,19,tpsi_sign,8.213090888807007e-05
0,2,0,methanol_water_solvent_molecule,8.571934851384857e-05
1,2,0,white_radiation,8.507003434946111e-05
2,2,0,complex_sheet,8.296209993027304e-05
3,2,0,possible_speculation,8.178507361396149e-05
4,2,0,tribromide_ion,8.141229077162921e-05
5,2,0,half_occupancy_special_position,8.043284526073989e-05
6,2,0,domain_size_decrease,7.992190268608988e-05
7,2,0,point_detector,7.991221353964443e-05
8,2,0,motional_freedom,7.96799022466192e-05
9,2,0,helical_fashion,7.950884839906167e-05
10,2,1,imidazole_ring_plane,8.680165156776015e-05
11,2,1,transformation_method,8.160508441642066e-05
12,2,1,x_ray_structure,8.056420198370532e-05
13,2,1,century_de_eacute,8.049104923794666e-05
14,2,1,cpu_time,8.048036709742656e-05
15,2,1,lamellar_microdomain,8.046271109856583e-05
16,2,1,slow_motion,7.965470847224183e-05
17,2,1,genomic_program,7.945518811234018e-05
18,2,1,tertiary_amine_n_atom,7.913087590017182e-05
19,2,1,structure_transformation,7.898413204498617e-05
20,2,2,large_correlation_length,8.406065170531138e-05
21,2,2,electron_transport_protein,8.218055997716317e-05
22,2,2,cyclopentane_ring_pucker,8.212442416429673e-05
23,2,2,native_datum,8.128289314534185e-05
24,2,2,slow_motion,8.120537625395131e-05
25,2,2,double_bond,8.077398456020749e-05
26,2,2,high_speed,8.058499855718953e-05
27,2,2,interest_link,7.995596008219277e-05
28,2,2,classical_approach_point_detector,7.981180280721093e-05
29,2,2,academic_user,7.952956880454076e-05
30,2,3,sofa_chair_conformation,8.443766034256098e-05
31,2,3,ion_molecule_geometry,8.374824730640836e-05
32,2,3,fluoride_material,8.312877850402636e-05
33,2,3,monoclinic_chloride_analogue,8.20270001795193e-05
34,2,3,partial_structure_factor,8.190160200642737e-05
35,2,3,molecular_salt,8.147802349045198e-05
36,2,3,spectral_efficiency,8.11480507931588e-05
37,2,3,unbind_subtype_b,8.111319992146391e-05
38,2,3,neutron_event_datum,8.079089007796626e-05
39,2,3,forward_diffract_perfect_crystal,8.055382204742015e-05
40,2,4,bromo_etherification,8.26212534239074e-05
41,2,4,publish_datum_check,8.224819315409163e-05
42,2,4,individual_experiment_reflection,8.145684930240263e-05
43,2,4,recent_article,8.12450950160285e-05
44,2,4,g_mu_agarose_gel,8.04120651797654e-05
45,2,4,opposite_acetate_anion,8.02063242664528e-05
46,2,4,molecular_motion_characteristic,8.017298853998066e-05
47,2,4,plus_anion,8.015991012553806e-05
48,2,4,x_ray_meridional_reflection,8.012235643841981e-05
49,2,4,membrane_voltage,7.989883113874409e-05
50,2,5,diffraction_quality,8.37595187218094e-05
51,2,5,peptidyl_trnas_trna_peptide,8.148383180516784e-05
52,2,5,protein_equal_rate,8.126245792910502e-05
53,2,5,weak_c_h_anion,8.11011463094667e-05
54,2,5,photochromism_conformation,8.101885986451655e-05
55,2,5,trigonal_bipyramid,8.090378154305505e-05
56,2,5,dodecyl_chain,8.087226505400597e-05
57,2,5,gpgp_linker,8.085292022844404e-05
58,2,5,crystal_phase,8.037194065282222e-05
59,2,5,crystallographic_axis_mean_size,7.997016752588586e-05
60,2,6,x_ray_monochromator,8.520073842875824e-05
61,2,6,different_molecular_pack,8.29116861071656e-05
62,2,6,modification_state_regulate_enzyme,8.261176831638106e-05
63,2,6,spectral_feature_library,8.143049993979246e-05
64,2,6,smegmatis_putative_pnpox,8.142233261012483e-05
65,2,6,aring_large_deviation_plane,8.12739778872162e-05
66,2,6,zone_plate,8.057605413748925e-05
67,2,6,os_os_bond_parameter,8.044297854577463e-05
68,2,6,chloride_bridge,8.016222442030176e-05
69,2,6,dispersion_effect,8.010996676320094e-05
0,3,0,correctly_determine,7.756476711826677e-05
1,3,0,scatter_transmit_reflect_intensity,7.740743291899693e-05
2,3,0,thiadiazole_ring,7.707135358603424e-05
3,3,0,induction_time_growth_rate,7.676118681842151e-05
4,3,0,intergranular_dislocation_structure,7.661249502964467e-05
5,3,0,anionic_framework_o_atom,7.592492627450798e-05
6,3,0,additional_cap_atom,7.576287396877219e-05
7,3,0,hewl_crystal_quality_case,7.569608602130629e-05
8,3,0,transmembrane_pore_form_toxin,7.524146637067318e-05
9,3,0,cylindrical_shape_parallel_channel,7.507723847701064e-05
10,3,1,i_boat_conformation,7.905484567151679e-05
11,3,1,schiff_base_complex,7.872588720116495e-05
12,3,1,nbsp_complex,7.715437119330634e-05
13,3,1,lysine_methylation_procedure,7.710570066082604e-05
14,3,1,relatively_small_perturbation,7.570056535470834e-05
15,3,1,centrosymmetric_hydrogen_bond_dimer,7.534656830772248e-05
16,3,1,coprinus_cinereus,7.527191090593516e-05
17,3,1,uncertainty_estimate_associate_intensity,7.507340808146145e-05
18,3,1,asymptotic_exact_result,7.484307182268916e-05
19,3,1,connect_silicate,7.475753004064378e-05
