,run,topic,terms,p
gment,8.67447784654946e-05
1,1,0,naphthalene_system,8.562391217743122e-05
2,1,0,oxide_detergent,8.407025754404918e-05
3,1,0,vector_representative,8.390850809918013e-05
4,1,0,polymer_battery_concept,8.320847802953465e-05
5,1,0,cbed_pattern,8.311695497753257e-05
6,1,0,weak_intermolecular_pyrimidine,8.298376158678265e-05
7,1,0,cross_link_c_h,8.261103887021553e-05
8,1,0,cardo_r_ferredoxin_reductase,8.259396619551185e-05
9,1,0,haloacid_dehalogenase,8.230254418726521e-05
10,1,1,substituent_interaction,8.700671081665986e-05
11,1,1,cs_solution,8.652151194249264e-05
12,1,1,fragment_naphthylethanone_bulky_phenyl,8.48111671807792e-05
13,1,1,asynchronous_crystallization_robot_use,8.447920837269073e-05
14,1,1,clog_pressure_example,8.324999901291246e-05
15,1,1,pdf_calculation_experiment,8.293606342215545e-05
16,1,1,new_method,8.273689995789876e-05
17,1,1,cl_ligand,8.265854577448133e-05
18,1,1,anisotropic_displacement,8.258405914921362e-05
19,1,1,indole_alkaloid_single_crystal,8.248978104089234e-05
20,1,2,correspond_size_distribution_function,8.952874929168642e-05
21,1,2,benzimidazole_ring_system,8.869579246186088e-05
22,1,2,plane_deg,8.846859867879901e-05
23,1,2,graph_set_centrosymmetric_ring,8.792008369769389e-05
24,1,2,quinoline_ring_system_naphthalene,8.790396991809526e-05
25,1,2,nucleoside_diphosphate_kinase,8.672586375699263e-05
26,1,2,chromeno_ring_system,8.605943827624974e-05
27,1,2,chemical_specie,8.50215562530561e-05
28,1,2,azimuth_value,8.41283471924519e-05
29,1,2,diffraction_datum_process_collection,8.396567085843738e-05
30,1,3,distinct_speciman_exposure_shoot,8.520760507160138e-05
31,1,3,proton_transfer,8.33552437949745e-05
32,1,3,dimer_interface_bind_hit,8.332763160233706e-05
33,1,3,haloacid_dehalogenase_domain,8.309243805319639e-05
34,1,3,para_substituent,8.280730215473161e-05
35,1,3,sparteine_base,8.200111568950988e-05
36,1,3,x_ray_diffraction_intensity,8.195772520956333e-05
37,1,3,previous_model_disadvantage,8.164466448035693e-05
38,1,3,twin_boundary_distribution_result,8.1621185853143e-05
39,1,3,orientation_information,8.141750352027594e-05
40,1,4,main_beam_way_touch,8.579971863523022e-05
41,1,4,sodium_hydride,8.44699500596419e-05
42,1,4,texture_plate_sample,8.411200896983335e-05
43,1,4,ring_motif,8.392736717023073e-05
44,1,4,polymeric_chain,8.322988605392683e-05
45,1,4,o_o_h,8.29973047656723e-05
46,1,4,quinohaemoprotein_alcohol_similar_feature,8.290393305373107e-05
47,1,4,planar_anion,8.283884743367504e-05
48,1,4,line_weissenberg_camera,8.254734836247571e-05
49,1,4,c_type_lectin,8.252634178852394e-05
50,1,5,flap_dynamic,8.433831736726088e-05
51,1,5,measurement_series,8.415606777429349e-05
52,1,5,egr_monoclinic_z,8.392855361049489e-05
53,1,5,acesulfame_metal_complex,8.371683601222608e-05
54,1,5,trifluoromethyl_group_f_atom,8.315045363951484e-05
55,1,5,tetragonal_structure,8.314236961237585e-05
56,1,5,in_complex_binuclear,8.257287120913257e-05
57,1,5,aring_structure,8.251606771352258e-05
58,1,5,similar_manner,8.216856272899878e-05
59,1,5,simple_derivation,8.211849515977256e-05
60,1,6,three_v,8.533384091504709e-05
61,1,6,new_ligand,8.409064240796148e-05
62,1,6,s_chelate_anion,8.386618769830643e-05
63,1,6,fourier_transformation_sample_theorem,8.374122655484147e-05
64,1,6,holmium_isomorphous_substitution,8.323561039328958e-05
65,1,6,process_collection,8.216451487368849e-05
66,1,6,asymmetric_unit_molecule_crystal,8.212707609531357e-05
67,1,6,ni_dw_factor,8.211702493331126e-05
68,1,6,traverse_technique,8.207020190581775e-05
69,1,6,f_interaction,8.186739616269215e-05
70,1,7,protein_protein_interaction,8.678755594128753e-05
71,1,7,human_recombinant_tetranectin,8.381882571422574e-05
72,1,7,middot_asymmetric_unit,8.351109904352843e-05
73,1,7,sro_cuo_system,8.297528555146714e-05
74,1,7,single_thiocyanate_bridge,8.26020558871368e-05
75,1,7,kinase_inhibitor,8.253328760161217e-05
76,1,7,centrosymmetric_mononuclear_zriv,8.229618153495065e-05
77,1,7,chain_space,8.216286524028336e-05
78,1,7,membrane_surface,8.19432646832699e-05
79,1,7,conventional_x_ray_diffractometer,8.179972011688589e-05
80,1,8,edge_share_tetrahedron,8.83115945704083e-05
81,1,8,additional_stabilization,8.752562271410944e-05
82,1,8,internal_symmetry_have_conformation,8.615041317144563e-05
83,1,8,chamber_inside_surface,8.480399150033663e-05
84,1,8,crystal_main_group_silyl,8.471363647442873e-05
85,1,8,orn_bind_motif,8.381244434881732e-05
86,1,8,sulfur_site,8.353648799604178e-05
87,1,8,signal_sequence,8.32523264732892e-05
88,1,8,multilayer_optic,8.249929281850444e-05
89,1,8,crystal_variety_reflection_numb,8.180173624626128e-05
90,1,9,industrial_application,8.597796895936985e-05
91,1,9,substrate_target_amino_group,8.538161042885406e-05
92,1,9,residue_conformation,8.530417606408236e-05
93,1,9,reconstruction_manual_rebuild,8.454745730700802e-05
94,1,9,protocatechuate_form_dehydration,8.434221725968977e-05
95,1,9,axial_position_phenyl_group,8.378693588567531e-05
96,1,9,chair_form,8.265949953496807e-05
97,1,9,periodic_dimensional_tiling,8.26503059734598e-05
98,1,9,gev_electron_storage_ring,8.196672675473786e-05
99,1,9,protonated_water_molecule_bridge,8.14352115753624e-05
100,1,10,equatorial_plane_water_molecule,8.70766467197771e-05
101,1,10,visible_light_exposure,8.655039906141745e-05
102,1,10,sensitive_detection_system,8.605972282770298e-05
103,1,10,nbsp_nbsp_beta_nbsp,8.527711889279759e-05
104,1,10,diimine_core,8.518545183560136e-05
105,1,10,aring_contact,8.381111483648558e-05
106,1,10,fob_complex,8.34684008521936e-05
107,1,10,different_kind,8.341580341277396e-05
108,1,10,phenyl_dimethoxyphenyl,8.287753785293348e-05
109,1,10,centrosymmetric_binuclear_molecule,8.279934185609715e-05
110,1,11,half_protonated_acridine_cation,9.096705908730223e-05
111,1,11,coiii_atom,8.792252921058291e-05
112,1,11,dihydroxyboryl_group,8.641809708205623e-05
113,1,11,human_neutrophil_gelatinase,8.610738053726589e-05
114,1,11,coherent_light_source,8.530843199313751e-05
115,1,11,pi_organic_material,8.280751222231503e-05
116,1,11,spatial_fluctuation,8.271642432842377e-05
117,1,11,dimercaptoethylenedicarbonitrilate_ligand_s_atom,8.22942810757093e-05
118,1,11,bovine_pap_nbsp_complex,8.215428407240338e-05
119,1,11,hydrate_proton_transfer_hydrate,8.174583826989603e-05
120,1,12,amine_combination,8.538696287375799e-05
121,1,12,liquid_nitrogen_temperature,8.497707727253703e-05
122,1,12,highly_parallel_small_diameter,8.463869908948609e-05
123,1,12,rule_compact_formula,8.319429641570328e-05
124,1,12,tetralin_ring_system,8.230078495180174e-05
125,1,12,undulator_period_numb,8.218575522247982e-05
126,1,12,conventional_asymptotic_formula,8.198216761404026e-05
127,1,12,further_consolidation,8.178779672500174e-05
128,1,12,previous_model_disadvantage,8.143892211209568e-05
129,1,12,n_donor,8.14268404971593e-05
130,1,13,concept_proof,8.858165524604554e-05
131,1,13,unique_br_atom,8.770858454092527e-05
132,1,13,catalytic_zinc_ion,8.510228270512488e-05
133,1,13,high_density_delta_polymorph,8.478554682064654e-05
134,1,13,pdii_atom,8.345958925683075e-05
135,1,13,hydrogen_bond_layer_assemble,8.310001397562249e-05
136,1,13,dynamical_diffraction_model,8.208924794145465e-05
137,1,13,aromatic_ring_dihedral_angle,8.136688916001379e-05
138,1,13,melt_linear_polyethylene,8.136220774264786e-05
139,1,13,l_idopyranosiduronic_acid,8.126950766870583e-05
140,1,14,high_symmetry,8.862697120890414e-05
141,1,14,elliptical_toru,8.609091237136967e-05
142,1,14,molecule_nh_c_segment,8.525007060394421e-05
143,1,14,silicon_zero_thermal_expansion,8.479332449119552e-05
144,1,14,mono_ester,8.460233733981872e-05
145,1,14,real_datum,8.385044820062187e-05
146,1,14,o_c,8.352197246942781e-05
147,1,14,sample_solution_a,8.26739877076176e-05
148,1,14,cathode_material_generation,8.265069060456738e-05
149,1,14,high_temperature_phase_transition,8.252722095680967e-05
150,1,15,conventional_r_factor,8.860390050718713e-05
151,1,15,unusual_strategy,8.729849579221919e-05
152,1,15,respiratory_disorder_treatment_pharmaceutical,8.543596287050384e-05
153,1,15,near_infrared_excitation,8.49013139512484e-05
154,1,15,self_organize_surface,8.365818815509446e-05
155,1,15,ethyl_oxamate_group,8.307515112400185e-05
156,1,15,iron_metalloenzyme,8.258387663115592e-05
157,1,15,morphological_differentiation_secondary_metabolism,8.254457696053314e-05
158,1,15,c_car_torsion_angle,8.245077406237627e-05
159,1,15,crystallization_process,8.233046509091312e-05
160,1,16,fe_distance_fe,8.494167428973182e-05
161,1,16,silicon_zero_thermal_expansion,8.470238154724148e-05
162,1,16,canonical_view,8.462971654541657e-05
163,1,16,analyze_crystallographic_sort,8.40489363830066e-05
164,1,16,interest_feature,8.346414863685685e-05
165,1,16,publish_datum_check,8.294411079653167e-05
166,1,16,phenyl_ring_pyrazole_ring,8.26418861640603e-05
167,1,16,anticipate_value_accordance,8.238373070197235e-05
168,1,16,c_torsion,8.226795735184437e-05
169,1,16,complexity_protein,8.22664781453141e-05
170,1,17,c_x_c,8.586519286993754e-05
171,1,17,electron_density_search_model,8.557666957263274e-05
172,1,17,oxygen_phosphoru_carbon_replacement,8.51510211595864e-05
173,1,17,spatial_confinement,8.367616690078146e-05
174,1,17,thallium_iron_carbonyl,8.326077997627427e-05
175,1,17,nanocrystalline_loose_powder,8.31116090442877e-05
176,1,17,foil_unit_area,8.208485132767485e-05
177,1,17,kernel_density,8.161116451284378e-05
178,1,17,cm_minus_dx_deg,8.148906174835531e-05
179,1,17,line_defect,8.143584701825307e-05
180,1,18,relative_wilson_plot,8.474811208624679e-05
181,1,18,result_lattice_sum_evaluation,8.415199950695545e-05
182,1,18,program_raddose_significant_improvement,8.312740365453733e-05
183,1,18,prime_bpy,8.255410205403426e-05
184,1,18,crystallographic_net_relationship,8.251261679446962e-05
185,1,18,minor_groove,8.246960947114433e-05
186,1,18,substituent_low_effectivity,8.22260828582554e-05
187,1,18,charge_transfer_transition,8.218936892959515e-05
188,1,18,rise_popularity,8.214029688062095e-05
189,1,18,carbonylthiourea_group,8.211504906862062e-05
190,1,19,piperidine_moiety,8.834288887904952e-05
191,1,19,influenza_virus_heterotrimeric_polymerase,8.736510836022033e-05
192,1,19,hydrogen_bond_dimer_form,8.573126435383218e-05
193,1,19,direct_inspection,8.52123062355935e-05
194,1,19,f_intramolecular_interaction,8.373189863186848e-05
195,1,19,pulse_source,8.306845054795219e-05
196,1,19,crystal_physical_property_term,8.241027262514688e-05
197,1,19,little_homology,8.233972213542085e-05
198,1,19,fragment_naphthylethanone_bulky_phenyl,8.230108566834976e-05
199,1,19,chromium_vanadium_titanium,8.229567413484481e-05
200,1,20,acetyl_group,8.708816756008048e-05
201,1,20,isostructuralism_evidence,8.474928290208453e-05
202,1,20,absorb_power,8.394556172640677e-05
203,1,20,incline_case,8.34588985819869e-05
204,1,20,ping_pong,8.297889588102317e-05
205,1,20,heterocyclic_cation,8.277330715752587e-05
206,1,20,major_alteration,8.276193319635338e-05
207,1,20,standard_cyclophane,8.265684246653187e-05
208,1,20,extreme_non_ergodic_behaviour,8.222497250462406e-05
209,1,20,potent_selective_kinase_inhibitor,8.158627721879473e-05
210,1,21,approximately_deviate,8.628614592508103e-05
211,1,21,datum_acquisition,8.557988389832418e-05
212,1,21,significant_influence,8.38230016961709e-05
213,1,21,interdigitat_alkyl_chain_molecule,8.357631554530587e-05
214,1,21,complex_scn_unit,8.341584011493414e-05
215,1,21,bupropion_molecule_amino_group,8.313049955200863e-05
216,1,21,molecular_mask_derivation,8.279882003619374e-05
217,1,21,human_immunodeficiency,8.258371241021134e-05
218,1,21,structural_dynamic,8.236705467480809e-05
219,1,21,decameric_ring,8.228729733220456e-05
220,1,22,n_h_hydrogen_bond,8.948456016530684e-05
221,1,22,mix_ligand_complex_cation,8.85363933177078e-05
222,1,22,intermolecular_contact,8.703208699037103e-05
223,1,22,falcon_benefit,8.585670051288167e-05
224,1,22,molecular_weight_symmetry,8.350375936686852e-05
225,1,22,energy_loss,8.303257837275139e-05
226,1,22,solvent_flatten,8.282053900781367e-05
227,1,22,pair_set,8.239133361132504e-05
228,1,22,underlie_parent_structure,8.237770740203639e-05
229,1,22,space_group,8.193399892939014e-05
230,1,23,molecule_rim,8.781763949524702e-05
231,1,23,future_application,8.659506036515814e-05
232,1,23,n_butylamine,8.603300164806899e-05
233,1,23,o_atom,8.378310533045391e-05
234,1,23,modern_diffraction,8.356280141421874e-05
235,1,23,protein_crystal_property,8.331588835860022e-05
236,1,23,order_region,8.296036110211248e-05
237,1,23,pond_waste_liquor,8.276940115484069e-05
238,1,23,periodic_atomic_focuser,8.275759564279303e-05
239,1,23,conjugate_system,8.222098931257554e-05
240,1,24,solution_heterogeneity,8.847891942683962e-05
241,1,24,cross_link_c_h,8.622915775383032e-05
242,1,24,current_decade,8.511589775758212e-05
243,1,24,anionic_ring,8.493318662364077e-05
244,1,24,interference_function,8.477287802051493e-05
245,1,24,precise_position,8.453736660352168e-05
246,1,24,waxs_datum_structural_fluctuation,8.39378386637293e-05
247,1,24,aring_positive_anomcc_metric,8.355623844776999e-05
248,1,24,compute_triplet_phase_invariant,8.332234100586952e-05
249,1,24,c_pr_structure,8.26915528956003e-05
250,1,25,central_nd_atom,8.999336827024666e-05
251,1,25,systematic_formic_acid,8.767600845250574e-05
252,1,25,acid_pyda_minus,8.745533986809803e-05
253,1,25,multipole_sum,8.645038720448691e-05
254,1,25,yiii_atom,8.548353365794675e-05
255,1,25,carbon_dichlorobenzene,8.466940727113427e-05
256,1,25,middot_complex_salt_hydrate,8.448492961044088e-05
257,1,25,diffraction_datum_thorough_analysis,8.33041369218085e-05
258,1,25,relatively_large_deviation,8.231294803848229e-05
259,1,25,deprotonat_catechol,8.210889632536687e-05
260,1,26,hexafluoridophosphate_anion,8.749750805671557e-05
261,1,26,cationic_antimicrobial_peptide_resistance,8.586552824787228e-05
262,1,26,modify_version,8.370509236031709e-05
263,1,26,approximate_measurement,8.3677932242133e-05
264,1,26,device_centre,8.350521056029715e-05
265,1,26,isolate_group,8.305848957869626e-05
266,1,26,recent_research,8.207285786395065e-05
267,1,26,additional_pi_pi_contact,8.1925273210185e-05
268,1,26,molecular_reference_frame,8.190850625083348e-05
269,1,26,molecular_nanomaterial,8.17205129920207e-05
270,1,27,o_cl_halogen_bond,8.535471012231448e-05
271,1,27,huge_advantage,8.48811844047919e-05
272,1,27,ribonucleotide_deoxy_bind,8.447694359464706e-05
273,1,27,antifungal_antibacterial_activity,8.432413247962428e-05
274,1,27,square_method,8.366223022068618e-05
275,1,27,theoretical_formula,8.343827946000827e-05
276,1,27,weak_o_h,8.31336688016647e-05
277,1,27,different_c_h,8.288532235272259e-05
278,1,27,ligand_dppm_contain_complex,8.274348072213246e-05
279,1,27,dimensional_connect_network,8.236334453069169e-05
280,1,28,nicotinate_residue,8.634826784209705e-05
281,1,28,chain_fragment,8.49402519853223e-05
282,1,28,high_throughput_application,8.343743053652893e-05
283,1,28,distort_trigonal_bipyramidal_geometry,8.263778615406566e-05
284,1,28,space_shuttle_experiment,8.259906358351339e-05
285,1,28,residue_protein_atom,8.227044264012492e-05
286,1,28,naphthoquinone_skeleton,8.223514575667228e-05
287,1,28,gastric_mucosa_bacterium,8.19121124763592e-05
288,1,28,similar_numb,8.165064082684689e-05
289,1,28,slightly_distort_tran,8.16100329038027e-05
290,1,29,potential_ligand,8.662659556054783e-05
291,1,29,problematic_small_molecule_structure,8.498420244272972e-05
292,1,29,distort_octahedral_mn_atom,8.414231272553196e-05
293,1,29,metal_pincer_complex,8.278173505552111e-05
294,1,29,cost_safety,8.251040347202823e-05
295,1,29,clathrin_bind,8.233122438210636e-05
296,1,29,co_exist_alternative,8.228468658324656e-05
297,1,29,luminescent_material_laser_host,8.181622833996485e-05
298,1,29,induction_time_growth_rate,8.1804023432076e-05
299,1,29,bridge_nature,8.174129561734231e-05
300,1,30,parallel_infinite_dimensional_network,8.546561305941906e-05
301,1,30,multiple_parameter,8.53484828992933e-05
302,1,30,scandium_dope_tiocl,8.488812201625626e-05
303,1,30,gamma_atom,8.47319764023599e-05
304,1,30,metallic_cluster_layer,8.468355258282196e-05
305,1,30,phosphorus_distance,8.429132141109155e-05
306,1,30,abc_ring_system,8.357654614758159e-05
307,1,30,carbon_carbon_bond_cleavage,8.311172543509995e-05
308,1,30,cl_bond_length,8.308535189127076e-05
309,1,30,diffraction_process,8.296389475244795e-05
310,1,31,external_aldimine,8.86662381581546e-05
311,1,31,hydrophobic_region_form_column,8.38081303724956e-05
312,1,31,beam_orientation_specific,8.359569437187103e-05
313,1,31,essential_component,8.352559670665063e-05
314,1,31,aromatic_ring_system_deg,8.332324794666765e-05
315,1,31,hydrazide_carboxylate_group,8.306338398089587e-05
316,1,31,tran_cis_geometry,8.25021090945706e-05
317,1,31,physiological_condition,8.220832776608602e-05
318,1,31,acoustic_wave,8.198246529812203e-05
319,1,31,cmca_centrosymmetric_space_group,8.196405498064984e-05
320,1,32,crystal_pack_feature,8.825676036166135e-05
321,1,32,reduction_chemical_reaction,8.769203676500867e-05
322,1,32,respect_orient_tran,8.700562194145177e-05
323,1,32,refine_domain_ratio,8.611162555540671e-05
324,1,32,van_laar_amp,8.380975256468355e-05
325,1,32,exocyclic_dysprosium,8.3319894435046e-05
326,1,32,mpr_ctb_polyalanine_linker,8.303905040904096e-05
327,1,32,br_interaction,8.224984164403129e-05
328,1,32,slightly_different_orientation,8.192529887654371e-05
329,1,32,glycosidic_linkage,8.183329160854493e-05
330,1,33,target_function,8.780019505989744e-05
331,1,33,inert_gas_condensation_technique,8.584928240091566e-05
332,1,33,x_ray,8.49245985662602e-05
333,1,33,structural_difference_relation,8.37383932088623e-05
334,1,33,correction_factor,8.369812052624453e-05
335,1,33,new_potential_antiprotozoal_drug,8.362624535302116e-05
336,1,33,aring_o_bond,8.31279400633951e-05
337,1,33,instrument_specific_effect,8.253331197144101e-05
338,1,33,deaminase_product,8.18741080997999e-05
339,1,33,substitute_cyclopentadienyl_ring_plane,8.175864314213304e-05
340,1,34,supramolecular_architecture,8.919020628788022e-05
341,1,34,n_donor_ligand,8.51333718640922e-05
342,1,34,peptidoglycan_uncrosslinked_tripeptide_bond,8.462015775803561e-05
343,1,34,phenyl_group,8.415525361969343e-05
344,1,34,pale_brown_water,8.342724324321058e-05
345,1,34,wavelet_transform,8.333918038323679e-05
346,1,34,feiii_atom,8.255623015667638e-05
347,1,34,ionic_interaction,8.253579958863411e-05
348,1,34,hydrogen_bond_system,8.174769984649815e-05
349,1,34,c_axis_translation,8.16796587101649e-05
350,1,35,planar_vinamidinium,8.703370791898409e-05
351,1,35,clathrin_bind,8.561001280848496e-05
352,1,35,secondary_primary_amino_group,8.52181150881837e-05
353,1,35,ligand_bind_domain,8.390184107995981e-05
354,1,35,minus_adci_anion,8.38627795466135e-05
355,1,35,dien_ligand_act,8.360800432103396e-05
356,1,35,peak_diffract_wave_amplitude,8.353591926133462e-05
357,1,35,solvent_accessibility,8.351323380486021e-05
358,1,35,chlorine_bridge_chain,8.266258217020378e-05
359,1,35,electron_lone_pair,8.255172434838111e-05
360,1,36,elastic_domain_minus_nbsp,8.83968865590673e-05
361,1,36,function_definition,8.491474556549014e-05
362,1,36,central_unit,8.362556654044589e-05
363,1,36,phosphine_ligand,8.306386442078507e-05
364,1,36,putative_bacterial_quinol_oxidase,8.293639543430483e-05
365,1,36,organic_nature_molecular_complex,8.207249727112702e-05
366,1,36,polymeric_coordination,8.205171645311724e-05
367,1,36,co_mn_analogue_isostructure,8.183641054326371e-05
368,1,36,dta_datum,8.174915266856025e-05
369,1,36,luminal_domain,8.154892353617469e-05
370,1,37,know_configuration,8.922436134848812e-05
371,1,37,final_refinement,8.722909210544218e-05
372,1,37,central_ring_substituent,8.532712533039423e-05
373,1,37,incidence_angle,8.287160704735695e-05
374,1,37,magnetic_order_temperature,8.268953209718732e-05
375,1,37,pack_property,8.217231640483527e-05
376,1,37,gauche_ii_conformation,8.192951484103723e-05
377,1,37,phase_method,8.185173975385707e-05
378,1,37,b_cell_parameter,8.163976608255477e-05
379,1,37,structural_change,8.15521409987205e-05
380,1,38,similar_numb,8.759774713805545e-05
381,1,38,tetrahedral_tilt,8.652015507173507e-05
382,1,38,n_interaction,8.64435423983679e-05
383,1,38,sigma_final_value,8.44149563105623e-05
384,1,38,two_water_molecule,8.313294476462306e-05
385,1,38,highly_perfect_silicon_crystal,8.25601564132226e-05
386,1,38,precise_position,8.233007440871776e-05
387,1,38,rod_shape_triple_helix,8.21213922365455e-05
388,1,38,rotational_symmetry,8.190066072397363e-05
389,1,38,enzyme_structure,8.165341789664192e-05
390,1,39,coprinus_cinereus,8.722092420709735e-05
391,1,39,choice_technique,8.361888332613439e-05
392,1,39,theoretical_calculation,8.279386088287726e-05
393,1,39,micellar_core,8.231333568324626e-05
394,1,39,cage_vertex,8.228606569123527e-05
395,1,39,structure_submission,8.209343310476219e-05
396,1,39,result_species_dication,8.192383832297467e-05
397,1,39,pressure_linearly_decrease,8.19086017490248e-05
398,1,39,chelidamate_ligand,8.185505194268521e-05
399,1,39,soft_c,8.183280204418284e-05
400,1,40,relative_configuration,8.78108049783633e-05
401,1,40,white_radiation,8.647459643901833e-05
402,1,40,rat_gldn_olf_domain,8.631164407485262e-05
403,1,40,defocused_convergent_beam,8.628337791411774e-05
404,1,40,angle_analysis,8.586251732014992e-05
405,1,40,deep_cleave,8.383577473544266e-05
406,1,40,n_hydrogen_bond,8.379401518945163e-05
407,1,40,trigonal_planar_geometry,8.357418987136726e-05
408,1,40,previously_report_orthorhombic_form,8.319386596444127e-05
409,1,40,k_structure,8.318287171446517e-05
410,1,41,critical_step,8.802826868124346e-05
411,1,41,attenuation_tomography,8.639348262699852e-05
412,1,41,triple_helix,8.553024013714029e-05
413,1,41,non_aromatic_ring,8.498668865271228e-05
414,1,41,common_pathway,8.487473827922686e-05
415,1,41,regular_user_shift,8.452079920393743e-05
416,1,41,curve_property,8.295271833576632e-05
417,1,41,g_mutant,8.261482942609155e-05
418,1,41,amino_methyl,8.198222903902807e-05
419,1,41,zinc_coordination,8.197213038285339e-05
420,1,42,different_wyckoff_position,8.554130705355593e-05
421,1,42,metal_coordinate_water_bond,8.498205699841183e-05
422,1,42,c_p_h,8.492073585502518e-05
423,1,42,remarkable_water_hydroxyl_shell,8.42384865842018e-05
424,1,42,design_rmd_diffractometer,8.422984863292966e-05
425,1,42,native_hrsvn_stabilization,8.306373052164269e-05
426,1,42,aring_high_resolution,8.275323097721481e-05
427,1,42,correct_solution,8.267085963962975e-05
428,1,42,prolyl_selectivity,8.26695125166489e-05
429,1,42,phosphate_ester,8.217888854151306e-05
430,1,43,nucleophilic_serine,8.43619323428659e-05
431,1,43,ring_system,8.394690470900262e-05
432,1,43,centrosymmetric_motif,8.39093602232401e-05
433,1,43,o_bond_length_si,8.320159513308613e-05
434,1,43,impurity_crystalline_phasis_presence,8.278952397227914e-05
435,1,43,si_bond_angle,8.268703626464041e-05
436,1,43,different_monochromator_crystal,8.219721197845914e-05
437,1,43,avian_pancreatic_polypeptide,8.193420217258583e-05
438,1,43,exocyclic_purine_phenyl_ring,8.145990261146e-05
439,1,43,x_ray_analysis,8.145352541730135e-05
440,1,44,tetrahedral_site,8.666841156923604e-05
441,1,44,waals_force,8.429364135056814e-05
442,1,44,large_wavelength_dependence,8.351476136761555e-05
443,1,44,blodgett_film,8.304451445750261e-05
444,1,44,grazing_incidence,8.293674381600364e-05
445,1,44,alcohol_solvent_vapor,8.279256569696887e-05
446,1,44,minimal_principle_model,8.249286068292374e-05
447,1,44,ps_exposure_time,8.24513953101349e-05
448,1,44,theoretical_model,8.223517116113281e-05
449,1,44,nitrate_group,8.222838784925958e-05
450,1,45,in_dinitrate,8.539618468318963e-05
451,1,45,decameric_ring,8.424140308306051e-05
452,1,45,magnetic_anisotropy,8.289282834576975e-05
453,1,45,iii_molecule,8.281783217834955e-05
454,1,45,approximate_half_molecule,8.245938138511696e-05
455,1,45,form_layer,8.202299638050527e-05
456,1,45,kappa_s_ligand,8.150465786765816e-05
457,1,45,n_h_associate,8.150029399613439e-05
458,1,45,main_intermolecular_interaction,8.110271905891113e-05
459,1,45,layer_framework,8.108484433759276e-05
460,1,46,phosphine_coordinate_ni_atom,8.476811707851459e-05
461,1,46,isomorphous_replacement_replacement_atom,8.402076830210318e-05
462,1,46,naphthyl_ring,8.313470428796957e-05
463,1,46,n_diethylpentanaminium_fragment,8.276230521593147e-05
464,1,46,polymeric_structure,8.239530641985637e-05
465,1,46,defocused_convergent_beam,8.217253050604621e-05
466,1,46,anisotropic_scale,8.205478608265528e-05
467,1,46,easily_computable_volume_interaction,8.178736427076052e-05
468,1,46,summation_method,8.155353755809969e-05
469,1,46,mok_x_ray_wavelength,8.142890058949795e-05
470,1,47,micro_be_crystal,8.710716075788894e-05
471,1,47,major_minor_component_occupancy,8.478059031510235e-05
472,1,47,spot_shape,8.450147970580367e-05
473,1,47,surface_analysis,8.401822105765118e-05
474,1,47,signal_protein,8.389260656547321e-05
475,1,47,example_computer_program,8.335499451285742e-05
476,1,47,coordination_polymer,8.319868178689186e-05
477,1,47,nuclear_motion,8.271104915690781e-05
478,1,47,accurate_formulation,8.237086652859564e-05
479,1,47,acorn_structure_solution,8.187258333378737e-05
480,1,48,x_ray_diffraction,8.860211773506225e-05
481,1,48,geometric_electronic_steric_feature,8.722356038092549e-05
482,1,48,x_ray_powder,8.685229276647945e-05
483,1,48,tetrahedral_phosphoru,8.42864554078061e-05
484,1,48,domain_pair,8.313163849254364e-05
485,1,48,reciprocal_space_additional_spot,8.279410340304484e-05
486,1,48,bone_tissue,8.270221881074876e-05
487,1,48,mail_in_beamtime,8.23159853133695e-05
488,1,48,tridentate_schiff_base_ligand,8.22413538899884e-05
489,1,48,linear_polyethylene,8.204683936102976e-05
490,1,49,additive_influence,8.728358055834944e-05
491,1,49,infinite_dimensional_network,8.538555971861687e-05
492,1,49,egg_white_lysozyme,8.506807551666504e-05
493,1,49,carboxylic_acid_dimer,8.380106324868089e-05
494,1,49,vertebrate_dinucleotide,8.3395931020778e-05
495,1,49,ag_interaction,8.29203182986895e-05
496,1,49,additional_proton,8.26590911456147e-05
497,1,49,keto_group_furan_plane,8.249455611628056e-05
498,1,49,n_methylethanolamine_mu,8.2452652018664e-05
499,1,49,natural_aluminosilicate,8.241875173179785e-05
0,2,0,central_c_c_bond,7.437359021746616e-05
1,2,0,micro_be_size_spot,7.385901445630226e-05
2,2,0,cubic_space_group,7.317694984655913e-05
3,2,0,line_shape,7.294521349364431e-05
4,2,0,benzothiazole_molecule,7.254007495385108e-05
5,2,0,normal_subgroup,7.238911882632695e-05
6,2,0,minor_major_component,7.214587776075947e-05
7,2,0,sample_impose_external_stimulus,7.195710448118049e-05
8,2,0,rna_complex,7.180211967131404e-05
9,2,0,cationic_chain,7.17184968614128e-05
