,run,topic,terms,p
action,8.612330647138787e-05
1,1,0,n_heterocycle,8.458684392174816e-05
2,1,0,cellulosome_central_component,8.448019889716963e-05
3,1,0,intramolecular_hydrogen_bond_system,8.421220119945117e-05
4,1,0,isochroman_isocoumarin_derivative,8.387919867946162e-05
5,1,0,equivoltage_partition,8.387723375330147e-05
6,1,0,fast_response_time_property,8.37219455652582e-05
7,1,0,estimate_tpsi_magnitude_error,8.361658909720376e-05
8,1,0,complex_in_middot,8.324679589156168e-05
9,1,0,vapor_diffusion_trial,8.302750697918144e-05
10,1,1,ring_plane,8.85314258877779e-05
11,1,1,s_dibenzyl_dithiophosphate,8.542133563705384e-05
12,1,1,high_throughput,8.502603126854625e-05
13,1,1,cl_contact,8.501791100987647e-05
14,1,1,statistical_property,8.461309767500091e-05
15,1,1,transition_state_analogue,8.461060296944249e-05
16,1,1,artificial_mixture,8.40102375342654e-05
17,1,1,neutron_beam,8.378587582395032e-05
18,1,1,electronic_density,8.32354724428493e-05
19,1,1,flagellar_rod_protein,8.31856611638225e-05
20,1,2,present_method,8.766580104869157e-05
21,1,2,tpsi_sign_numerical_analysis,8.618153779866435e-05
22,1,2,increase_mill_time,8.571325871901226e-05
23,1,2,p_tolyl,8.565201002281663e-05
24,1,2,water_molecule_cytidine_analogue,8.546534792820512e-05
25,1,2,bond_chain,8.463875267492784e-05
26,1,2,chloride_molecule,8.441483117479951e-05
27,1,2,weak_intermolecular_pi,8.430310684733607e-05
28,1,2,diffraction_quality_crystal_form,8.382216881147848e-05
29,1,2,internal_loop,8.271692560776592e-05
30,1,3,membered_fuse_ring,9.008853347540516e-05
31,1,3,deprotonat_ligand,8.647991030796687e-05
32,1,3,nearly_deg,8.431375378261599e-05
33,1,3,ligand_imidazole_ring,8.413357490553732e-05
34,1,3,dioxane_bridge,8.3162570164385e-05
35,1,3,molecular_dipole_moment,8.25839407106891e-05
36,1,3,rna_detection,8.256581089917507e-05
37,1,3,linac_coherent_light_source,8.24114594693761e-05
38,1,3,z_scan_technique,8.230487733379725e-05
39,1,3,fundamental_equation,8.216647001323982e-05
40,1,4,multipolar_pseudo_atom_refinement,8.690625067881994e-05
41,1,4,fill_rubber_microscopic_model,8.499809264047278e-05
42,1,4,recruit_clathrin,8.466544908555956e-05
43,1,4,linear_arrangement,8.4205621888319e-05
44,1,4,aotc_anabolic_ornithine_transcarbamoylase,8.24122735279655e-05
45,1,4,texture_analysis,8.202196518824418e-05
46,1,4,dihedral_angle_form_molecule,8.200509133993067e-05
47,1,4,emission_line_radiation,8.148808766767343e-05
48,1,4,mosaicity_maximum_resolution,8.148609233489053e-05
49,1,4,inversion_center_diimino_group,8.140183582824943e-05
50,1,5,nomenclature_error,8.567630098951602e-05
51,1,5,o_weak_c_h,8.552635452304935e-05
52,1,5,molecular_pack,8.549668737974481e-05
53,1,5,single_particle_additional_measurement,8.500389224668223e-05
54,1,5,chemotherapeutic_design_technique,8.413910072723077e-05
55,1,5,extend_structure_stabilization,8.340548371450423e-05
56,1,5,optional_vial,8.282043178399695e-05
57,1,5,substrate_analogue,8.27223243067053e-05
58,1,5,distinct_dislocation_feature,8.270959474836328e-05
59,1,5,phase_separation,8.26160387845405e-05
60,1,6,gas_liquid,9.243799130214094e-05
61,1,6,linear_charge_density,8.605543848070196e-05
62,1,6,methyltransferase_gene,8.540017858225157e-05
63,1,6,actual_ultrasonic_oscillation,8.370108963785855e-05
64,1,6,middot_dihydrate,8.358975975150665e-05
65,1,6,molecular_envelope,8.333107247415518e-05
66,1,6,chemical_shift,8.327428042501282e-05
67,1,6,acetylsalicylic_acid,8.325146903024403e-05
68,1,6,b_axis_stack,8.283667681775216e-05
69,1,6,vary_pressure,8.262760716146319e-05
70,1,7,mpr_ctb_polyalanine_linker,9.247211514966509e-05
71,1,7,high_reproducibility,8.866323625288415e-05
72,1,7,tran_unsaturat_present_triglyceride,8.487229406312821e-05
73,1,7,indirect_direct_negative_effect,8.450836877088137e-05
74,1,7,bulk_solvent_correction,8.343232455396593e-05
75,1,7,cis_anion,8.234234744976252e-05
76,1,7,upr_unfold_protein_response,8.215561637353427e-05
77,1,7,clay_model,8.187824780949522e-05
78,1,7,o_intermolecular_interaction,8.174139862616222e-05
79,1,7,petn_design_basis,8.153319695045832e-05
80,1,8,density_map,8.73855072034919e-05
81,1,8,negative_work_function,8.47077757604166e-05
82,1,8,speed_special_advantage,8.462812923223608e-05
83,1,8,rapid_graphical_evaluation,8.396735239399318e-05
84,1,8,inequivalent_chloride,8.363003163837674e-05
85,1,8,ch_group,8.353822202745232e-05
86,1,8,perfluorophenyl_group,8.320776808628772e-05
87,1,8,rrna_methyltransferase,8.284573343755053e-05
88,1,8,reconstruction_manual_rebuild,8.284067674452804e-05
89,1,8,stack_fault,8.204843223796287e-05
90,1,9,structure_relate_yttrium_lanthanide,8.977057875856701e-05
91,1,9,aring_maximum_deviation,8.873878053138165e-05
92,1,9,tce_minus_salt_solvate,8.671288744096347e-05
93,1,9,bind_partner_interaction,8.642247212887162e-05
94,1,9,pathogenic_specie,8.450697232530429e-05
95,1,9,experimental_electron_density,8.441161748459484e-05
96,1,9,situ_cryocrystallization_technique,8.34096590712665e-05
97,1,9,tetrafluoridoborate_anion,8.304271549781595e-05
98,1,9,relatively_weak_magnetic_field,8.249241090583095e-05
99,1,9,nickel_oxyhalide,8.247279555773357e-05
100,1,10,measurement_range,8.381876425795427e-05
101,1,10,niii_atom,8.361961475679801e-05
102,1,10,direct_tool,8.360798656865561e-05
103,1,10,formamidinium_cation,8.356433323388747e-05
104,1,10,monochromatic_neutron,8.316632839651771e-05
105,1,10,narrow_range,8.308955755231717e-05
106,1,10,distribution_function,8.265916838311183e-05
107,1,10,crystal_stabilization,8.195065458945553e-05
108,1,10,new_protocol,8.175201016816024e-05
109,1,10,benzopyranone_ring_deg,8.157798794473384e-05
110,1,11,orthogonal_fivefold,8.774620628235992e-05
111,1,11,asymmetric_o_h,8.669069747872357e-05
112,1,11,cryo_preservation_process,8.657183355110926e-05
113,1,11,gamma_beta,8.613166424763039e-05
114,1,11,ii_molecule,8.561456106236876e-05
115,1,11,similar_phase_transformation,8.55834644824896e-05
116,1,11,bioresorbable_biodegradable_material,8.473281107920414e-05
117,1,11,possible_direct_experimental_assessment,8.441048108248765e-05
118,1,11,near_field,8.387155856037932e-05
119,1,11,police_investigation,8.358539754590371e-05
120,1,12,free_diffraction_datum_error,8.474481058641433e-05
121,1,12,automate_model_build,8.371427456502975e-05
122,1,12,crystallographic_symmetry_dimer,8.323247480633167e-05
123,1,12,count_pulse_mean_value,8.254085198226429e-05
124,1,12,other_factor,8.251662186331957e-05
125,1,12,incorporate_specie,8.237848511279315e-05
126,1,12,investigate_phalanx,8.226167874380586e-05
127,1,12,ctd_regulation_error,8.221670112630121e-05
128,1,12,yeast_proteasome_structure,8.211258048052662e-05
129,1,12,sans_spectrometer_vacuum_chamber,8.16006908804433e-05
130,1,13,tube_axis_structure,8.328476632725885e-05
131,1,13,dominate_primary_model_parameter,8.29207537105279e-05
132,1,13,benzofuran_ring_system,8.276836286483974e-05
133,1,13,holmium_derivative_liii_edge,8.262288650102533e-05
134,1,13,alpha_synthetic_derivative_study,8.24694295061585e-05
135,1,13,inositol_hydrolysis,8.245350789026726e-05
136,1,13,dash_structure_solution,8.21598812750755e-05
137,1,13,direct_hydrogen_bond,8.172714808844084e-05
138,1,13,relatively_small_perturbation,8.172195137080679e-05
139,1,13,cation_form_dihedral_angle,8.168684471546818e-05
140,1,14,pyrimidine_imidazole_ring,8.740720877954912e-05
141,1,14,inert_gas_condensation_technique,8.678978946505858e-05
142,1,14,image_plate_detector,8.431018672213101e-05
143,1,14,centroid_centroid_distance_ring,8.421092295710791e-05
144,1,14,amorphize_crystal_break_transition,8.416485495944832e-05
145,1,14,li_atom_environment,8.415234445205717e-05
146,1,14,material_luminescent_property,8.349516836995842e-05
147,1,14,distort_octahedral_geometry_coordinate,8.294255645145938e-05
148,1,14,numb_determine_algorithm,8.245149279495189e-05
149,1,14,covalency_effect_chemical_shift,8.207842445996487e-05
150,1,15,pore_structure_information,8.658443559535415e-05
151,1,15,hu_ng_amp,8.580628037522617e-05
152,1,15,defocused_convergent_beam,8.543448723934002e-05
153,1,15,work_outcome,8.304636489081246e-05
154,1,15,angular_displacement,8.24665702704582e-05
155,1,15,br_distance,8.222734212651264e-05
156,1,15,lob_shape,8.216355970924795e-05
157,1,15,angle_strain_angle,8.212991020130072e-05
158,1,15,n_o_h,8.169620072854992e-05
159,1,15,naphthalen_datum,8.159791459730148e-05
160,1,16,ligand_presence,8.67469141318007e-05
161,1,16,s_ligand,8.515965658328205e-05
162,1,16,coii_ion,8.480798587231182e-05
163,1,16,intensity_function_spherical_average,8.441592394588242e-05
164,1,16,dication_ring_center,8.42718855685803e-05
165,1,16,enzyme_activity,8.415026382295881e-05
166,1,16,stepwise_crystal_structure_analysis,8.404745291559311e-05
167,1,16,w_co_bond_tran,8.39338955317556e-05
168,1,16,beam_sensitive_organic,8.356684521719062e-05
169,1,16,aniline_benzene_ring_sulfonyl,8.304873853640188e-05
170,1,17,high_al_content,8.803734164357869e-05
171,1,17,triplet_probability_distribution,8.784260647089109e-05
172,1,17,crystallization_cocktail,8.634026684077154e-05
173,1,17,eugenol_ring_acetylsalicylic_acid,8.4263576062703e-05
174,1,17,electron_beam,8.418556823198303e-05
175,1,17,bovine_pap_nbsp_complex,8.403162170034788e-05
176,1,17,polarize_usans_option,8.386535516294334e-05
177,1,17,magnetic_structural_property,8.371702298693e-05
178,1,17,detergent_corona,8.296487008982411e-05
179,1,17,single_wavelength_anomalous_scatter,8.241467563509625e-05
180,1,18,computational_tool,8.960856874389566e-05
181,1,18,structure_essential_feature,8.586081116943309e-05
182,1,18,diffraction_geometry_fringe,8.565495137387352e-05
183,1,18,transparent_yellow_plate,8.512059170113659e-05
184,1,18,screw_relate_molecule,8.506202418769408e-05
185,1,18,pi_pi_slip_interaction,8.501785491271818e-05
186,1,18,flat_plate_geometry,8.391683452648763e-05
187,1,18,crystallographic_twofold_symmetry,8.371428825175412e-05
188,1,18,foreign_particle_formation_impurity,8.333511889121942e-05
189,1,18,typical_selenomethionine_protein_crystal,8.267066711891667e-05
190,1,19,electron_accelerator,8.728794964330912e-05
191,1,19,dislocation_ring_lang,8.70684100721254e-05
192,1,19,dermatophagoide_farinae,8.678416399438192e-05
193,1,19,synchrotron_radiation_datum,8.633076304954213e-05
194,1,19,novel_isoform,8.62183159886103e-05
195,1,19,unit_cell_size_increase,8.573602374045168e-05
196,1,19,peptidyl_trnas_trna,8.507445351392397e-05
197,1,19,terminal_oxide_o_atom,8.507032783459507e-05
198,1,19,bor_c_structure,8.434736651327653e-05
199,1,19,pathogenic_specie,8.432898027189717e-05
200,1,20,new_tetranuclear,9.198536354563123e-05
201,1,20,maximum_dimension,8.573299622942336e-05
202,1,20,electronic_physical_property_lot,8.521699806786392e-05
203,1,20,imine_tautomer,8.504635386743102e-05
204,1,20,distinct_speciman_exposure_shoot,8.366697630532063e-05
205,1,20,bacillus_pumilus_acetylxylan_esterase,8.271072502310928e-05
206,1,20,respectively_aring_aring_distance,8.209512087513377e-05
207,1,20,root_framework,8.201673130039723e-05
208,1,20,anticipate_value_accordance,8.163067102222474e-05
209,1,20,donor_group,8.162687276402771e-05
210,1,21,direct_observation,8.720077970205954e-05
211,1,21,detector_unit,8.546958004352808e-05
212,1,21,central_piperidone_plane,8.522689482165297e-05
213,1,21,formal_coordination,8.501109085383618e-05
214,1,21,phonon_scatter_allow_region,8.312544063034653e-05
215,1,21,geometric_electronic_steric,8.300043327368766e-05
216,1,21,bacillus_sp,8.299494971843203e-05
217,1,21,crystal_pack_feature_interaction,8.233440572267997e-05
218,1,21,drive_force,8.213485018689554e-05
219,1,21,water_molecule_acceptor,8.175943540744733e-05
220,1,22,type_crystal_remove_drop,8.458843114301804e-05
221,1,22,alpha_beta_alpha,8.403535404079565e-05
222,1,22,unique_characterization,8.349107895517479e-05
223,1,22,weak_c_br,8.315213632659442e-05
224,1,22,motif_ring,8.315125813987757e-05
225,1,22,angular_dependence,8.306244113601576e-05
226,1,22,skew_trapezoidal_geometry,8.256994576110562e-05
227,1,22,photon_flux,8.236713384513973e-05
228,1,22,significant_electron_delocalization,8.229815670584279e-05
229,1,22,o_contact,8.224284590150421e-05
230,1,23,sufficient_information,8.731810672795759e-05
231,1,23,sulfate_anion,8.680576125453843e-05
232,1,23,beam_easy_removal,8.56150419119456e-05
233,1,23,tetragonal_lysozyme_crystal,8.290971501677879e-05
234,1,23,n_dimethylaminoethanol_n_ligand,8.225667665790994e-05
235,1,23,order_nlo_susceptibility_chi,8.214663333117484e-05
236,1,23,metal_bind_site_addition,8.154755313195458e-05
237,1,23,enzyme_saicar_synthase_family,8.13149964402625e-05
238,1,23,short_br_pi_interaction,8.12196216951114e-05
239,1,23,space_group_monoclinic_structure,8.095910809554512e-05
240,1,24,correspondence_address,9.064463056061285e-05
241,1,24,anisotropic_scale,8.856394709913206e-05
242,1,24,multiple_scatter,8.524605466701773e-05
243,1,24,real_structure_configuration,8.453714875326865e-05
244,1,24,domain_crystal_lattice_orientation,8.453641705304685e-05
245,1,24,different_fluconazole_ligand,8.306172363683295e-05
246,1,24,crystal_study_racemic_twin,8.290111095667897e-05
247,1,24,planar_deviation_formation_result,8.260635730813015e-05
248,1,24,distort_tetrahedral_configuration,8.228011370116253e-05
249,1,24,sample_support,8.213508510328556e-05
250,1,25,aring_plane,8.522210283475589e-05
251,1,25,material_luminescent_property,8.447874114951004e-05
252,1,25,amx_fmx_beamline,8.385651062637157e-05
253,1,25,rom_de_eacute,8.352024149442133e-05
254,1,25,neighbour_molecule_pi_interaction,8.273808512916792e-05
255,1,25,mode_excitation,8.25915204531281e-05
256,1,25,crystal_surface_beam_angle,8.15895138317209e-05
257,1,25,o_h_variety,8.156600115563979e-05
258,1,25,anticancer_drug_development,8.15076311177447e-05
259,1,25,unit_tran_cis_configuration,8.140054748291306e-05
260,1,26,real_space,8.507032034783002e-05
261,1,26,silicon_single_crystal_wafer,8.446134935587495e-05
262,1,26,helix_repeat,8.430862584477139e-05
263,1,26,slip_band,8.358168060500093e-05
264,1,26,c_br_h,8.243245893755232e-05
265,1,26,pylorus_crystal_structure,8.21283039095059e-05
266,1,26,bovine_rat_homologue,8.199570908773027e-05
267,1,26,dimensional_zigzag_chain_structure,8.179577282501003e-05
268,1,26,solvent_content_space_group,8.164104626292116e-05
269,1,26,molecule_crystallographic_symmetry_possess,8.13251592571145e-05
270,1,27,racemic_protonated_dioxopromethazinium_cation,8.82293428839579e-05
271,1,27,ammonium_sulfate,8.765785101267616e-05
272,1,27,nonlinear_optical_nlo_property,8.611255288001791e-05
273,1,27,normal_value,8.599903253353502e-05
274,1,27,cu_nimine,8.485525959562264e-05
275,1,27,dithiocarbamate_ligand,8.417695507717689e-05
276,1,27,numerical_graphical_technique,8.403730655255132e-05
277,1,27,tetrahedron_pressure_linearly_decrease,8.353997557201339e-05
278,1,27,molecular_replacement_model,8.308731654598944e-05
279,1,27,crystallize_structure,8.306106211064796e-05
280,1,28,database_reconstruction_program,8.461243607473391e-05
281,1,28,low_temperature_crystal_phase,8.431191018341187e-05
282,1,28,method_force,8.403066139140053e-05
283,1,28,structural_magnetic_transition,8.361646824325428e-05
284,1,28,phnz_subfamily_conserve_histidine,8.351524953762649e-05
285,1,28,be_symmetry_site,8.24213772410982e-05
286,1,28,screw_boat_half_chair,8.23703165652832e-05
287,1,28,storage_system_realization,8.20185485769834e-05
288,1,28,asymmetric_unit_decameric_ring,8.17294360080325e-05
289,1,28,central_cuii_atom,8.113901569928933e-05
290,1,29,pi_sample_method,9.013768106500612e-05
291,1,29,charge_density_parameter,8.499895144878934e-05
292,1,29,methine_h_atom,8.460372665213788e-05
293,1,29,multilayer_optic,8.428523356268008e-05
294,1,29,problematic_small_molecule_structure,8.380229734372813e-05
295,1,29,thiosalicylic_acid,8.338398748574318e-05
296,1,29,crystal_reflection,8.312308749770474e-05
297,1,29,previously_know_structure,8.300500700962259e-05
298,1,29,damage_profile,8.269495664820831e-05
299,1,29,independent_anion,8.266799059247559e-05
300,1,30,methyl_group_pair,8.871780570119823e-05
301,1,30,crystal_form_datum,8.77981774853521e-05
302,1,30,ligand_point,8.613670221828706e-05
303,1,30,bulky_chiral_group,8.49481003474089e-05
304,1,30,solid_quantum_crystal_topography,8.48243473528315e-05
305,1,30,hydropyrimidine_ring_mean_plane,8.449038288447118e-05
306,1,30,regular_stack,8.293735457171966e-05
307,1,30,flat_plate,8.225428229629462e-05
308,1,30,variability_rationale,8.21728670366172e-05
309,1,30,partially_order_crystal,8.215602767373261e-05
310,1,31,crystal_datum,8.745314999030203e-05
311,1,31,space_group_polar_structure,8.490639024099848e-05
312,1,31,truncate_signal_peptide,8.347097531606085e-05
313,1,31,ligand_point,8.297205148269477e-05
314,1,31,bi_base_material,8.28228201813684e-05
315,1,31,phase_power,8.265550682107845e-05
316,1,31,monomeric_complex,8.20733800558124e-05
317,1,31,loop_increase_thermal_stability,8.179881988820874e-05
318,1,31,o_prime_n_o,8.144096468342659e-05
319,1,31,krahl_amp,8.114318873082183e-05
320,1,32,abundant_class,9.102398769286852e-05
321,1,32,octahedral_structure,8.466699691762857e-05
322,1,32,multilayer_optic,8.446370216043316e-05
323,1,32,similar_peak_width,8.427359723567396e-05
324,1,32,pyrimidine_ring,8.342967607113354e-05
325,1,32,approximately_planar_aring_deviation,8.33556225380395e-05
326,1,32,simple_mathematical_algorithm,8.311111617893645e-05
327,1,32,valency_requirement,8.295954488256069e-05
328,1,32,ammonium_ion_complex_cation,8.233651167375467e-05
329,1,32,etoh_result,8.23061670225474e-05
330,1,33,rigid_body_theory,8.698062223159928e-05
331,1,33,fumi_amp,8.477621761056184e-05
332,1,33,solution_heterogeneity,8.359035617420926e-05
333,1,33,charge_cationic_neutral_derivative,8.303985543175843e-05
334,1,33,strontium_site,8.297420223919853e-05
335,1,33,seven_alpha,8.276325161860468e-05
336,1,33,neutral_mononuclear_molecule,8.2392063922544e-05
337,1,33,interest_link,8.212715975302638e-05
338,1,33,noncrystallographic_centre,8.208050083037552e-05
339,1,33,ptprq_catalytic_domain,8.193350061056967e-05
340,1,34,biomolecular_structure,8.502362490208223e-05
341,1,34,electron_deficient_thallium_atom,8.460925250237574e-05
342,1,34,weak_cation,8.41373824333903e-05
343,1,34,interdigitat_alkyl_chain_molecule,8.38462905482846e-05
344,1,34,thiocyanate_system,8.381568356347084e-05
345,1,34,wave_configuration,8.331185562801686e-05
346,1,34,refinement_model_calculation,8.297016525119596e-05
347,1,34,sad_datum_set,8.269103142233937e-05
348,1,34,methoxyamino_h_atom,8.244180564053611e-05
349,1,34,c_type,8.221318411236384e-05
350,1,35,alternative_complement_pathway_activation,8.930110760359131e-05
351,1,35,multiple_diffraction_geometry,8.672043762884005e-05
352,1,35,syndrome_coronavirus,8.471215468839404e-05
353,1,35,diffraction_optic,8.451448061070295e-05
354,1,35,surface_loop_residue,8.295036975745919e-05
355,1,35,conformational_mobility,8.28377367551256e-05
356,1,35,prolyl_isomerization_state,8.282707161668398e-05
357,1,35,bind_substrate,8.271990584870702e-05
358,1,35,observe_diffraction_pattern,8.232548703869993e-05
359,1,35,l_threonine_dihydrate,8.21730786629118e-05
360,1,36,membrane_associate_protein,8.592972942111281e-05
361,1,36,water_ligand,8.487897414988326e-05
362,1,36,f_directional_interaction,8.467508857073107e-05
363,1,36,lipid_envelope,8.458372788860718e-05
364,1,36,dimensional_parallel_layer,8.432964842637673e-05
365,1,36,triazine_molecule,8.400378598985777e-05
366,1,36,strain_field,8.390714473771447e-05
367,1,36,x_ray_diffraction_intensity,8.302813638061483e-05
368,1,36,criminal_investigation,8.248990613078262e-05
369,1,36,photographic_intensity_measurement,8.214801346390715e-05
370,1,37,r_axis_iv_detector,8.545295001082102e-05
371,1,37,deep_study,8.476461879607664e-05
372,1,37,structure_function_relation,8.455302467660283e-05
373,1,37,vitreous_silica,8.427512452635443e-05
374,1,37,m_tris,8.397585702900867e-05
375,1,37,extend_ribbon,8.327633856483886e-05
376,1,37,respiratory_illness_frequent_because,8.327409506833661e-05
377,1,37,monoprotonated_ethanediamine_molecule,8.319784704639339e-05
378,1,37,ammonium_oxalate,8.276140128366368e-05
379,1,37,secondary_structure,8.261220915410995e-05
380,1,38,middot_structure,8.931611132074349e-05
381,1,38,weak_intermolecular_pi_pi,8.57365720021236e-05
382,1,38,several_variant,8.433494848483381e-05
383,1,38,short_br_numb,8.252321636594851e-05
384,1,38,o_h_plane_parallel,8.23537833652327e-05
385,1,38,jahn_form,8.228871295036083e-05
386,1,38,coordination_layer,8.205388861916738e-05
387,1,38,metal_ion,8.201961431044462e-05
388,1,38,prefer_orientation_correction_function,8.164959802485593e-05
389,1,38,additionally_pi,8.147215576973956e-05
390,1,39,new_x_ray_holography,8.927178646136698e-05
391,1,39,npyridyl_interaction,8.708661895850657e-05
392,1,39,important_drug_target,8.614637919788464e-05
393,1,39,pseudo_middot_polymorph,8.576688655173325e-05
394,1,39,thermodynamic_instability,8.564745634350678e-05
395,1,39,mo_k_wavelength,8.478535264784824e-05
396,1,39,fruit_body_formation,8.435405874091061e-05
397,1,39,deactivation_reaction_preparation,8.410142891077812e-05
398,1,39,growth_nucleation_imperfection,8.32740978766856e-05
399,1,39,phase_doublet,8.290027649021493e-05
400,1,40,powder_diffraction_pattern,8.632299396213335e-05
401,1,40,anisotropic_scale_matrix,8.30584785199159e-05
402,1,40,weak_c_h_anion,8.29466359527381e-05
403,1,40,small_dimension,8.29240299298458e-05
404,1,40,color_change,8.263108152940337e-05
405,1,40,aminonaphthoquinone_derivative,8.249672378905518e-05
406,1,40,little_consistency,8.224951420641423e-05
407,1,40,routine_application,8.219289981384873e-05
408,1,40,cycle_conformation,8.181494485363751e-05
409,1,40,zigzag_chain,8.141640181904252e-05
410,1,41,prime_cation,8.68202404920148e-05
411,1,41,thiocyanate_ligand,8.638316766841189e-05
412,1,41,plusmn_antimalarial_drug_structure,8.564631194974497e-05
413,1,41,storage_system,8.523388511388028e-05
414,1,41,niii_atom,8.480867397395743e-05
415,1,41,classical_schmidt_reaction,8.449560684405902e-05
416,1,41,multi_beam,8.358326136568973e-05
417,1,41,dataflow_software,8.343315302679401e-05
418,1,41,saxs_system,8.326951881657554e-05
419,1,41,observe_intensity_volume,8.302529932154796e-05
420,1,42,metal_sulfur_bond,8.464389556523954e-05
421,1,42,pseudo_dimeric,8.44307512655093e-05
422,1,42,new_protocol,8.36714360462074e-05
423,1,42,high_x_ray_energy,8.308097664481581e-05
424,1,42,extend_conformation,8.292628360498064e-05
425,1,42,outer_benzene_ring_plane,8.27388990529139e-05
426,1,42,mdh_methanol_dehydrogenase,8.258144960947383e-05
427,1,42,type_iii_polyketide_synthase,8.256112404443968e-05
428,1,42,derive_diffractometer_coordinate,8.247229772204166e-05
429,1,42,single_diffraction_frame,8.241491962879986e-05
430,1,43,protein_crystallization_process_automation,8.489815051639369e-05
431,1,43,illustrative_sample,8.456339122079798e-05
432,1,43,minus_fluoride_source_novel,8.419566229229128e-05
433,1,43,computation_convenient_form,8.361929820886486e-05
434,1,43,prime_prime,8.316000315547412e-05
435,1,43,plane_misorientation,8.246024392665255e-05
436,1,43,solvate_molecule,8.218321292537362e-05
437,1,43,coordinate_ybiii_atom,8.21153455625519e-05
438,1,43,bidentate_deprotonat_catechol,8.128757211389894e-05
439,1,43,electron_withdraw_group,8.110845838396076e-05
440,1,44,exemestane_synthetic_percursor,8.79021168127427e-05
441,1,44,fac_site,8.789871168448082e-05
442,1,44,room_temperature,8.551682525462329e-05
443,1,44,s_atom,8.44929552823854e-05
444,1,44,b_spline_function_knot,8.446925796121995e-05
445,1,44,engineer_student,8.418603376239938e-05
446,1,44,possible_precursor,8.37397223680779e-05
447,1,44,final_r,8.373938272252786e-05
448,1,44,biphenyl_fragment,8.369170239719177e-05
449,1,44,ligand_substitution_pattern,8.322876593220508e-05
450,1,45,volume_interaction,9.001224441578554e-05
451,1,45,stabilization_play_role,8.583334550122667e-05
452,1,45,flexible_gpgp_linker,8.576501669350779e-05
453,1,45,weak_c_h_pair,8.531435239383856e-05
454,1,45,si_framework,8.465478433446973e-05
455,1,45,physical_profile,8.441264882257015e-05
456,1,45,non_covalent,8.318504539765624e-05
457,1,45,pt_n_bond_length,8.317676360784483e-05
458,1,45,cpg_methylat_cytosine,8.271755397578204e-05
459,1,45,framework_delimit_tunnel,8.210823272099545e-05
460,1,46,well_case,9.024907491665877e-05
461,1,46,orientation_cloud,8.674959017198362e-05
462,1,46,beam_easy_removal,8.666101704402266e-05
463,1,46,single_electron_sensitivity,8.545414938461104e-05
464,1,46,racemic_mixture,8.504455576456095e-05
465,1,46,substituent_slight_modification,8.355611203194852e-05
466,1,46,nanoparticle_advective_motion_direction,8.322301677909507e-05
467,1,46,refmac_follow_warp,8.308170612902605e-05
468,1,46,exemestane_synthetic_percursor_androstenedione,8.278735297979691e-05
469,1,46,neutron_scatter_length,8.237600628481642e-05
470,1,47,effective_elastic_tensor,8.541506363775164e-05
471,1,47,minus_anion_link,8.461787607028663e-05
472,1,47,edp_diffraction_spot,8.429278114875812e-05
473,1,47,condensation_reaction,8.216548186058047e-05
474,1,47,aring_cu_c,8.209506948607127e-05
475,1,47,cyclic_ester_use,8.208389738635048e-05
476,1,47,hard_x_ray_undulator,8.207208575124817e-05
477,1,47,o_atom_inversion_center,8.180963889045888e-05
478,1,47,soft_c_h,8.167113446036507e-05
479,1,47,free_diffraction_datum_error,8.149177044421165e-05
480,1,48,triazine_ligand,8.667473028582493e-05
481,1,48,incomplete_factorial_approach,8.538111996937703e-05
482,1,48,two_previously_know_structure,8.474225630902821e-05
483,1,48,long_wavelength_laser,8.375579474796676e-05
484,1,48,diffraction_quality_improve_additive,8.369007797977981e-05
485,1,48,mean_plane_deg,8.353788409147563e-05
486,1,48,tran_position_ligand,8.310314258722804e-05
487,1,48,l_carboxypeptidase,8.275267140160618e-05
488,1,48,bragg_laue_geometry,8.27051082237026e-05
489,1,48,ug_rich_repeat_bind,8.255901743394211e-05
490,1,49,micellar_core_electron_density,8.601816507809639e-05
491,1,49,central_pyridine_ring_respect,8.485413897048282e-05
492,1,49,k_absorption_edge,8.281290324724717e-05
493,1,49,chelate_prime_ligand,8.277409403322091e-05
494,1,49,experimental_hall,8.259994662021888e-05
495,1,49,optical_phase,8.199312131180283e-05
496,1,49,scatter_spectroscopy,8.193903885675512e-05
497,1,49,acceptor_hydrogen_bond_donor,8.172003889522318e-05
498,1,49,nitrogen_donor,8.16918664110975e-05
499,1,49,graphical_evaluation,8.128394104809806e-05
0,2,0,skew_trapezoidal,8.506883983386886e-05
1,2,0,immunodeficiency_virus,8.488121791841006e-05
2,2,0,chemical_specie,8.324802601118318e-05
3,2,0,state_equilibrium,8.309410999980702e-05
4,2,0,simple_beam_calculation,8.290301832341439e-05
5,2,0,macrocycle_amine_group_molecule,8.264110505188574e-05
6,2,0,catalysis_view_point,8.240260866453075e-05
7,2,0,antisigma_factor_rsea_degradation,8.21937619574044e-05
8,2,0,real_model,8.211243227776732e-05
9,2,0,complex_dimensional_network,8.204833885803129e-05
10,2,1,protein_crystallization_growth_state,8.531983403077398e-05
11,2,1,trim_relaxation,8.485764904982032e-05
12,2,1,examine_structure_dianion,8.442884385120596e-05
13,2,1,c_hydrogen,8.432228627369943e-05
14,2,1,biological_system_thiocyanate,8.351328893500823e-05
15,2,1,growth_behaviour,8.309742166028878e-05
16,2,1,dx_minus_cm,8.272063026751437e-05
17,2,1,cyclin_dependent_kinase,8.267246630999622e-05
18,2,1,dimensional_layer_structure,8.2443294044876e-05
19,2,1,simple_derivation,8.225140807368576e-05
20,2,2,flat_plate_geometry,8.475131293773e-05
21,2,2,chemical_principle,8.447830748257011e-05
22,2,2,device_use_example,8.383328481002277e-05
23,2,2,substitute_meso_position_phenyl,8.21007538507842e-05
24,2,2,mr_molecular_replacement,8.181100424990244e-05
25,2,2,lignin_relate_biphenyl,8.177155079454197e-05
26,2,2,evolutionarily_important_trait,8.139364420657774e-05
27,2,2,linkage_improve_understand,8.115417262531773e-05
28,2,2,aring_resolution_high_completeness,8.114243832794236e-05
29,2,2,azomethine_n_atom,8.103478947938484e-05
30,2,3,hetero_ring_layer_anion,8.676378714499347e-05
31,2,3,c_prime_atom,8.437805943176951e-05
32,2,3,bind_hole,8.350355812869958e-05
33,2,3,dbia_acid,8.254498896215876e-05
34,2,3,acetate_anion,8.251920506569407e-05
35,2,3,osx_regulation_network,8.21882011360054e-05
36,2,3,recent_epidemic,8.207006608683379e-05
37,2,3,important_enzyme,8.16120675570398e-05
38,2,3,ac_plane,8.151914280817982e-05
39,2,3,electron_density_correlation_coefficient,8.142714191465942e-05
40,2,4,datum_set,8.913584557692697e-05
41,2,4,libration_cl_ion_displacement,8.88516671128539e-05
42,2,4,anharmonic_temperature,8.652224943139108e-05
43,2,4,ag_atom,8.44919309916067e-05
44,2,4,powder_speciman,8.39685359526304e-05
45,2,4,monitor_measurement,8.38344916068058e-05
46,2,4,monoclinic_structure,8.353142939912968e-05
47,2,4,large_angle_x_ray,8.308744839663124e-05
48,2,4,scroll_structure_determination,8.254041128374097e-05
49,2,4,increase_importance,8.201583003735308e-05
50,2,5,rom_century_de_eacute,8.746199010232232e-05
51,2,5,numerical_fit_procedure,8.593682366599249e-05
52,2,5,cathode_material_new_class,8.362320547192056e-05
53,2,5,binuclear_complex,8.327965443225855e-05
54,2,5,angular_increment,8.290632856116175e-05
55,2,5,dicupric_monooxalate_lactoferrin,8.26275255508173e-05
56,2,5,duplex_dna,8.261149630499187e-05
57,2,5,grow_crystal_melt,8.188620321823116e-05
58,2,5,respectively_loop,8.127054755256111e-05
59,2,5,little_account,8.120546912445852e-05
60,2,6,stuhrmann_show_obtain_protein,8.699545389242312e-05
61,2,6,protein_crystal,8.521772542073251e-05
62,2,6,energy_carbon,8.396706424468168e-05
63,2,6,type_ii_merohedry,8.393756122238978e-05
64,2,6,dimensional_network_hydrogen_bond,8.354141287151335e-05
65,2,6,continuous_base_position_pair,8.28305983106079e-05
66,2,6,co_o,8.259352733780581e-05
67,2,6,crystal_structure_study,8.245168034742456e-05
68,2,6,hexagonal_si_phasis,8.175091279546218e-05
69,2,6,experimental_approach,8.145947300329008e-05
70,2,7,middot_dpno,8.479224720517217e-05
71,2,7,absolute_configuration_assignment,8.393550023459855e-05
72,2,7,ordinary_imperfect_crystal,8.321164245089176e-05
73,2,7,fast_response,8.310020210342304e-05
74,2,7,exist_model_build_software,8.237108285206863e-05
75,2,7,possible_strategy,8.189430154357959e-05
76,2,7,dimensional_simulation,8.170110863803543e-05
77,2,7,non_classical_c_h,8.111514313262675e-05
78,2,7,repair_dna,8.111289756972897e-05
79,2,7,high_eukaryote,8.109102333947537e-05
80,2,8,n_h_bond,8.45875391249518e-05
81,2,8,constant_progress,8.419190954740004e-05
82,2,8,sulfonyl_group_link,8.400351690351064e-05
83,2,8,organic_ligand,8.385558179509199e-05
84,2,8,f_drastic_variation,8.383322391629059e-05
85,2,8,portland_cement_constitute_polymorph,8.26022650051332e-05
86,2,8,pyrazole_n_atom,8.233703128430098e-05
87,2,8,nonchelating_diimine,8.145573815340161e-05
88,2,8,vacuum_air,8.1372263467599e-05
89,2,8,misorientation_angle,8.125397404544343e-05
90,2,9,seven_element,9.049107214029673e-05
91,2,9,experimental_hutch,8.428540582305868e-05
92,2,9,lennard_jones_model,8.426498324424266e-05
93,2,9,replication_dna_repair_flap,8.252884337425291e-05
94,2,9,n_bond_c,8.248236567043348e-05
95,2,9,extensive_o_h,8.221563065440131e-05
96,2,9,comb_shape_copolymer,8.18462539036065e-05
97,2,9,hydrogen_storage_material,8.148253498776935e-05
98,2,9,h_pi,8.14106042441158e-05
99,2,9,approximate_planarity,8.124095562908547e-05
100,2,10,prime_biosynthesis,8.557873904750466e-05
101,2,10,dysprosium_dope_phase,8.531752413076225e-05
102,2,10,transition_state,8.367077672144036e-05
103,2,10,twofold_rotation_axis,8.357707882542491e-05
104,2,10,n_heterocyclic_carbene_ligand,8.332601404731711e-05
105,2,10,total_scatter_experiment,8.231277742402305e-05
106,2,10,independent_iodide_anion,8.152041734510848e-05
107,2,10,half_occupancy_o_atom,8.108107711513363e-05
108,2,10,pylorus_infection,8.09763743941723e-05
109,2,10,viral_replication,8.096446483043978e-05
110,2,11,hydrate_prime_prime,8.97557888551491e-05
111,2,11,search_space,8.793646754163746e-05
112,2,11,methyl_c_atom,8.58562004857115e-05
113,2,11,theory_poor_agreement,8.566854296828739e-05
114,2,11,protonated_amino,8.377014332062461e-05
115,2,11,iron_anomalous_scatter_correction,8.317222754569127e-05
116,2,11,c_alpha_tran,8.312034048918782e-05
117,2,11,ehippase_dimensional_fold,8.303503615672407e-05
118,2,11,additional_water_molecule,8.266916995602692e-05
119,2,11,membrane_envelope,8.263904246781344e-05
120,2,12,mononuclear_complex,8.545647701682062e-05
121,2,12,central_growth_region,8.536631085572459e-05
122,2,12,continuous_source,8.345302211629724e-05
123,2,12,report_example,8.310721708251592e-05
124,2,12,multiple_interaction,8.255617666533574e-05
125,2,12,escherichia_coli_expression,8.129372840565746e-05
126,2,12,r_final_residual,8.083829428101803e-05
127,2,12,hardware_component,8.081271203021253e-05
128,2,12,network_form_axis_direction,8.081120008725855e-05
129,2,12,boundary_condition,8.058890325154053e-05
130,2,13,inversion_dimer,8.410645544078899e-05
131,2,13,parameter_correlation,8.282837717002977e-05
132,2,13,individual_crystallographer,8.265581662787348e-05
133,2,13,slip_pi,8.265326621839895e-05
134,2,13,si_bond_angle,8.260411923979519e-05
135,2,13,monooxalate_lactoferrin,8.225294572869283e-05
136,2,13,crystal_surface_beam_angle,8.218322754962955e-05
137,2,13,heterometallic_polymer,8.184964015276507e-05
138,2,13,genome_contain_nucleocapsid_core,8.17565824646185e-05
139,2,13,mx_beamline,8.164589933674202e-05
140,2,14,symmetry_polyanion,8.639789639173732e-05
141,2,14,rcn_nitrile_ligand,8.540951203192539e-05
142,2,14,condense_matt,8.504368323927639e-05
143,2,14,nbsp_case,8.478090934010973e-05
144,2,14,speciman_rotation_axis,8.372400392079075e-05
145,2,14,sigma_relationship,8.35060985423461e-05
146,2,14,publish_value,8.227937020344005e-05
147,2,14,l_carboxypeptidase,8.211191949482493e-05
148,2,14,neutral_network,8.155928891617413e-05
149,2,14,organic_p,8.125451056163196e-05
150,2,15,test_nbsp_case,8.48330941524037e-05
151,2,15,indazole_ring_system,8.422531746962501e-05
152,2,15,structural_slackness,8.330813284173618e-05
153,2,15,individual_spine,8.32007673585993e-05
154,2,15,anhydrous_hemihydrate_paroxetine_arrangement,8.235348778786375e-05
155,2,15,gyration_r_radius,8.193100711110357e-05
156,2,15,stock_solution,8.191492272354143e-05
157,2,15,asymmetric_unit_triazine_molecule,8.176249028556975e-05
158,2,15,chemical_process,8.167815761419427e-05
159,2,15,program_package,8.13144095585347e-05
0,3,0,laue_intensity,7.410544579745225e-05
1,3,0,v_atom,7.347903254948598e-05
2,3,0,oscillation_wedge,7.340464391185408e-05
3,3,0,commission_phase,7.264055145960619e-05
4,3,0,purc_gene_product,7.262186603062836e-05
5,3,0,computation_convenient_form,7.251173977823258e-05
6,3,0,lignin_relate_biphenyl,7.215121688346917e-05
7,3,0,substructure_determination,7.20727403747898e-05
8,3,0,rule_compact_formula,7.201456162623597e-05
9,3,0,cyclic_hydrogen_bond_entity,7.200365268912987e-05
