,run,topic,terms,p
r_curve,8.387071418945426e-05
1,1,0,bromophenyl_phenyl_ring_deg,8.260675738159798e-05
2,1,0,considerable_disorder,8.205749256075137e-05
3,1,0,catalytic_reaction,8.187590145759208e-05
4,1,0,alpha_low_temperature_form,8.167528622024028e-05
5,1,0,datum_process,8.151081770631269e-05
6,1,0,n_prime_cation,8.125364787007306e-05
7,1,0,derive_pinhole,8.110882447434719e-05
8,1,0,local_disorder,8.109508656949678e-05
9,1,0,i_dianion,8.107444041917655e-05
10,1,1,novel_timepix_detector,8.554850144634776e-05
11,1,1,alpha_kinase_activation_mode,8.540512026524335e-05
12,1,1,membered_ring,8.483319823198262e-05
13,1,1,mx_beamline_pair,8.224417916780161e-05
14,1,1,sub_pixel,8.174584819059476e-05
15,1,1,crystallite_behaviour_shape,8.160251377171787e-05
16,1,1,expect_characteristic,8.141381025549768e-05
17,1,1,thiophene_quinoline_ring,8.136945444566698e-05
18,1,1,assembly_factor_analysis,8.118873220253555e-05
19,1,1,low_symmetry,8.113035631856687e-05
20,1,2,index_associate_color_group,8.456283064577835e-05
21,1,2,tetrahedral_environment,8.344982729431349e-05
22,1,2,peierls_barrier_reaction,8.31932030617908e-05
23,1,2,beam_orientation,8.242707349659625e-05
24,1,2,correspond_element,8.199301828330092e-05
25,1,2,guini_camera,8.171806020529041e-05
26,1,2,nodaviridae_family_member,8.170252396145373e-05
27,1,2,hexagonal_o_distance_ge,8.16513196673549e-05
28,1,2,n_have_n_angle,8.062042301390103e-05
29,1,2,bridge_bond,8.058917625546493e-05
30,1,3,test_measurement_result,8.510192303423077e-05
31,1,3,advective_motion,8.376144156266996e-05
32,1,3,azide_group,8.320467519516748e-05
33,1,3,dimensional_superstructure,8.296626624884199e-05
34,1,3,chiral_molecule,8.222718684661356e-05
35,1,3,high_gram_positive_bacterium,8.145762640334523e-05
36,1,3,water_molecule_anion_atom,8.105642752736471e-05
37,1,3,magnetic_measurement_ouml_ssbauer,8.096751082382162e-05
38,1,3,different_atom,8.05736882485373e-05
39,1,3,inner_coulomb_potential,8.038898919169426e-05
40,1,4,functional_form_magnitude,8.71626668236167e-05
41,1,4,single_diffraction_frame,8.675125696883638e-05
42,1,4,parallel_gold_like_lattice,8.37129553346071e-05
43,1,4,low_barrier_hydrogen_bond,8.342087129000631e-05
44,1,4,crystal_chemical_reaction_process,8.198614244705008e-05
45,1,4,acryloyloxy_acetyl,8.16751365847778e-05
46,1,4,monoclinic_structure,8.142749655169527e-05
47,1,4,principle_calculation,8.142050829060563e-05
48,1,4,rna_recognition_motif,8.066346738906233e-05
49,1,4,salt_asymmetric_unit,8.055028051166055e-05
50,1,5,polymer_solution,8.614427448568105e-05
51,1,5,motional_freedom,8.454221002468196e-05
52,1,5,different_ligand_n_atom,8.401247891574576e-05
53,1,5,zigzag_chain_propagate,8.399938750907978e-05
54,1,5,hybrid_pixel_array_detector,8.204140673874466e-05
55,1,5,axial_position_n_atom,8.189932682354702e-05
56,1,5,stack_flat_molecule_structure,8.156205559370435e-05
57,1,5,anion_hydroxyl_group,8.121009616213632e-05
58,1,5,human_immunodeficiency_virus,8.052616847318722e-05
59,1,5,paris_edinburgh_press,8.021042759946814e-05
60,1,6,present_model,8.687920685449739e-05
61,1,6,prime_ligand_p_atom,8.500984844252907e-05
62,1,6,gnat_acetyltransferase,8.389711835788643e-05
63,1,6,hello_re,8.3467956956328e-05
64,1,6,experimental_datum_agreement,8.279466212737416e-05
65,1,6,monocapped_trigonal_prismatic_geometry,8.185211942450978e-05
66,1,6,quaternary_structure,8.180323971581467e-05
67,1,6,grain_boundary_theory,8.141188431174239e-05
68,1,6,package_initiation_propose_site,8.108977767667026e-05
69,1,6,middot_cocrystal,8.105621825930012e-05
70,1,7,thin_difficult_wall,8.627471215700009e-05
71,1,7,centrosymmetric_binuclear_complex,8.350148921197979e-05
72,1,7,computer_simulation_technique,8.320265055402391e-05
73,1,7,methyl_group_pair,8.31521559870604e-05
74,1,7,axis_twofold_orthogonal_fivefold,8.231711912927522e-05
75,1,7,xa_cleavage_site,8.175395274242302e-05
76,1,7,metal_lattice_hydrate_molecule,8.17439652538194e-05
77,1,7,protein_synthesis,8.150599935710071e-05
78,1,7,fe_ion,8.150499942852834e-05
79,1,7,magnetic_field_perpendicular_plane,8.122404336404172e-05
80,1,8,o_intermolecular_hydrogen_bond,9.029980520288216e-05
81,1,8,nucleation_growth_decouple,8.480640473695394e-05
82,1,8,crystalline_inclusion_gas_clathrate,8.37533636662845e-05
83,1,8,gram_positive_bacterium,8.265593491276549e-05
84,1,8,carbon_carbon_bond,8.190984405506096e-05
85,1,8,b_n,8.157804904729731e-05
86,1,8,high_resolution_spot,8.135453883430424e-05
87,1,8,synthesis_intermediate,8.114352949550246e-05
88,1,8,different_polymorph_lot,8.110136392902199e-05
89,1,8,mm_pbsa_method,8.07312681659403e-05
90,1,9,structure_vacancy_cation,8.834795685272657e-05
91,1,9,dichloro_trans,8.326014427930382e-05
92,1,9,compact_probe,8.20057661706004e-05
93,1,9,membered_metal_cycle,8.197531090327802e-05
94,1,9,penicillium_specie_exudate,8.144442877020601e-05
95,1,9,inversion_center_relate_ion,8.142784443088349e-05
96,1,9,significant_economic_loss,8.094029285566547e-05
97,1,9,non_h,8.089227755444584e-05
98,1,9,sequence_analysis,8.080482324708692e-05
99,1,9,know_photodimer,8.07594516408552e-05
0,2,0,short_intermolecular_o,8.708004679307113e-05
1,2,0,asynchronous_crystallization_robot_use,8.524467974254974e-05
2,2,0,triphenylphosphine_ligand,8.513629242992264e-05
3,2,0,acridinium_n_h_group,8.43621890845549e-05
4,2,0,aromatic_system,8.340744934596248e-05
5,2,0,laue_group,8.289083879918426e-05
6,2,0,effective_electronegativity,8.25432869253078e-05
7,2,0,beamline_control_software,8.24699765517001e-05
8,2,0,operator_region,8.243704645107925e-05
9,2,0,morpholine_ring_c_atom,8.236478902518736e-05
10,2,1,structure_type_interest,8.68215803158041e-05
11,2,1,primitive_cubic_space_group,8.600640802374015e-05
12,2,1,different_temperature,8.411598256656208e-05
13,2,1,anomalous_scatter_term_magnitude,8.36248165976642e-05
14,2,1,candidate_vaccine_design,8.28808039289601e-05
15,2,1,pulp_mill,8.269086923608122e-05
16,2,1,scatter_vector_large_range,8.259835876632222e-05
17,2,1,osx_conserve_fragment,8.25568401684912e-05
18,2,1,complex_main_dimension,8.250120604206568e-05
19,2,1,pi_h,8.235123943809396e-05
20,2,2,correct_equation,8.422693545692126e-05
21,2,2,si_atom_coordinaton,8.380473461381383e-05
22,2,2,cylindrically_average_intensity,8.346770726790857e-05
23,2,2,replacement_method,8.340662536084275e-05
24,2,2,structural_homology,8.291716185051829e-05
25,2,2,ga_cl_distance,8.220241945881088e-05
26,2,2,o_s_dibenzyl_dithiophosphate,8.197125655483928e-05
27,2,2,mdap_glu_gamma,8.1700492755037e-05
28,2,2,centroid_centroid_separation,8.137510443474362e-05
29,2,2,essentially_planar_chlorobenzene,8.120032870375938e-05
30,2,3,structure_composition,9.211071974134906e-05
31,2,3,pi_pack,8.874124778542355e-05
32,2,3,niii_ion,8.730655690821846e-05
33,2,3,probable_solvent_content,8.494003058880903e-05
34,2,3,n_crystal_structure,8.468912070352992e-05
35,2,3,standard_step,8.454334207150892e-05
36,2,3,substitute_ligand,8.442959249322668e-05
37,2,3,constituent_atom,8.394713377634596e-05
38,2,3,factorial_approach,8.372217799743334e-05
39,2,3,methanol_disolvate,8.328480401801513e-05
40,2,4,a_bind_mode,8.820109780579941e-05
41,2,4,peak_asymmetry_function,8.630611134458627e-05
42,2,4,hexadentate_ligand,8.460213245611984e-05
43,2,4,dihydropyrazole_ring,8.35059904781843e-05
44,2,4,beamline_scatter,8.3211394163884e-05
45,2,4,optimize_approach_experimental_datum,8.310364131714889e-05
46,2,4,split_model,8.288266313080665e-05
47,2,4,crystal_structure_interest_feature,8.21041183872396e-05
48,2,4,noncrystallographic_symmetry,8.194471146044377e-05
49,2,4,cardo_o_oxygenase_component,8.179070308981278e-05
50,2,5,domain_size_decrease,8.53367746728408e-05
51,2,5,rhiii_atom,8.384187711499488e-05
52,2,5,mars_surface,8.167824824850855e-05
53,2,5,local_optimum_large_numb,8.16711800749645e-05
54,2,5,gas_liquid_type_transition,8.151472196543068e-05
55,2,5,anthracene_square_plane,8.128011742913915e-05
56,2,5,material_mixture,8.127370697421999e-05
57,2,5,additional_pi,8.112696535394706e-05
58,2,5,i_thiosulfate_middot_minus,8.085562797174203e-05
59,2,5,auto_redox_reaction,8.079945436367828e-05
60,2,6,o_demethylase_vanillate,8.84888091565308e-05
61,2,6,high_similarity,8.662281631857636e-05
62,2,6,simple_lennard_jones_model,8.443514372511037e-05
63,2,6,rev_atom,8.41896997836361e-05
64,2,6,bipyridyl_group,8.359825097367623e-05
65,2,6,thione_form,8.344211991453344e-05
66,2,6,technology_advance,8.248783343126715e-05
67,2,6,uerdingen_amp,8.24826645002626e-05
68,2,6,alternative_complement,8.212832164350093e-05
69,2,6,dien_diethylenetriamine_moiety,8.195456313382681e-05
70,2,7,two_pentyl_group,8.557746860184243e-05
71,2,7,unit_cell_time_time,8.509323500583552e-05
72,2,7,zwitter_ion_neutral_molecule,8.31955214662959e-05
73,2,7,br_contact,8.298228844309886e-05
74,2,7,joint_probability_density,8.254095902739814e-05
75,2,7,central_benzene_ring_deg,8.252069209983991e-05
76,2,7,free_base_porphyrin,8.214723022831136e-05
77,2,7,er_stress,8.18739807586716e-05
78,2,7,sperm_whale_myoglobin_structure,8.148451700747444e-05
79,2,7,n_c_c,8.107313402865276e-05
80,2,8,anion_result,9.233877210133344e-05
81,2,8,coordination_crystal_structure,8.451817408833054e-05
82,2,8,phosphite_ligand,8.312662789033878e-05
83,2,8,te_o,8.28131852951914e-05
84,2,8,rna_bind_domain,8.23980825484315e-05
85,2,8,liu_paper_error,8.175274268522849e-05
86,2,8,vatd_fob_complex,8.174799227801299e-05
87,2,8,density_modulation,8.167511821025355e-05
88,2,8,fluorescent_escape_result,8.109842717639064e-05
89,2,8,dispersion_effect,8.105670574657895e-05
90,2,9,growth_rate,8.589516615978584e-05
91,2,9,zeolite_mixture,8.521089137599394e-05
92,2,9,site_disorder_prime_cation,8.391953720685689e-05
93,2,9,molecular_electronic_structure,8.38964733426502e-05
94,2,9,baculovirus_base_system,8.343610730728878e-05
95,2,9,term_order_treatment,8.251568637856402e-05
96,2,9,ps_time_scale,8.198135200236154e-05
97,2,9,n_c_bond_delocalization,8.171270452650036e-05
98,2,9,datum_retention,8.151521218588614e-05
99,2,9,scn_minus_ion_n,8.13482013509619e-05
100,2,10,series_expansion,8.723614857179258e-05
101,2,10,methodological_interest,8.562110456150758e-05
102,2,10,n_terminal_transmembrane_domain,8.546269403162929e-05
103,2,10,monodentate_carboxylate,8.42449449748466e-05
104,2,10,b_ring,8.393103881764913e-05
105,2,10,beam_bragg_reflection,8.310389126638103e-05
106,2,10,ring_form,8.289725211457993e-05
107,2,10,ambrosia_artemisiifolia,8.215379701657963e-05
108,2,10,plus_photoelectric_absorption,8.183283147827806e-05
109,2,10,carbon_black,8.123348402477256e-05
110,2,11,half_asymmetric_unit_molecule,8.807459193969909e-05
111,2,11,pumilus_acetylxylan,8.502155441577132e-05
112,2,11,locally_break_symmetry_state,8.455141446143708e-05
113,2,11,fip_large_value_polyamide,8.448073068234806e-05
114,2,11,molecule_hydrogen_bond_pattern,8.351803919960174e-05
115,2,11,respiratory_illness,8.267476020000044e-05
116,2,11,dicupric_monooxalate_lactoferrin,8.213949752906633e-05
117,2,11,o_h_s,8.176486545517562e-05
118,2,11,key_implication_carbohydrate,8.102022445705523e-05
119,2,11,close_region,8.075664616764078e-05
120,2,12,o_n,8.806617503360265e-05
121,2,12,aring_resolution_datum,8.701526077389439e-05
122,2,12,particular_emphasis,8.602020390574557e-05
123,2,12,minor_redox_flavocoenzyme,8.526051240140328e-05
124,2,12,pailred_automatic_diffractometer,8.378052133420615e-05
125,2,12,year_activity,8.362395913463285e-05
126,2,12,carbon_sublattice,8.342557041303681e-05
127,2,12,sodium_sulfate,8.286456121295654e-05
128,2,12,n_intramolecular_hydrogen_bond,8.280971805460948e-05
129,2,12,regular_octahedron,8.263836019502417e-05
130,2,13,acridine_cation,8.626019153467341e-05
131,2,13,individual_molecule,8.5582211440606e-05
132,2,13,butylammonium_thiosulfate,8.475784459904309e-05
133,2,13,exact_mechanism_competition,8.346625167470346e-05
134,2,13,orientation_information,8.295002658219118e-05
135,2,13,plane_layer,8.278322862976295e-05
136,2,13,moir_eacute,8.241767059469872e-05
137,2,13,prime_prime_ligand,8.233293430536629e-05
138,2,13,rna_complex,8.209035146908575e-05
139,2,13,formic_hydrazide_unit,8.139558320016778e-05
140,2,14,crystallographic_study,8.550885552491534e-05
141,2,14,hewl_crystal_quality_case,8.461776503704746e-05
142,2,14,periodic_dimensional_tiling,8.376370706978874e-05
143,2,14,preliminary_characterization,8.301112884152411e-05
144,2,14,generalize_scale_factor,8.275035285830513e-05
145,2,14,polymer_concentration_statistical_fluctuation,8.254227220996068e-05
146,2,14,new_monochromator,8.204918191843232e-05
147,2,14,purification_procedure,8.200980366579924e-05
148,2,14,nonpolar_hydrocarbon_exterior,8.170915150162829e-05
149,2,14,aring_resolution_diffraction_datum,8.156595528730196e-05
150,2,15,dimeric_cluster_family,8.612103057543454e-05
151,2,15,decyl_maltoside,8.560343201416487e-05
152,2,15,envelope_protein,8.428244828156363e-05
153,2,15,bragg_reflection_broaden,8.381644457166266e-05
154,2,15,intermolecular_interaction_o_type,8.291793216612088e-05
155,2,15,main_beam,8.237885355653038e-05
156,2,15,lambda_line,8.207690208962611e-05
157,2,15,n_terminus,8.198134957840867e-05
158,2,15,complex_bis_mu_acid,8.178120814446497e-05
159,2,15,regular_near_neighbour_order,8.176221112535446e-05
160,2,16,transmission_profile,8.623125913467275e-05
161,2,16,method_result,8.558711240768248e-05
162,2,16,binase_bacillus_intermedius_ribonuclease,8.526913227782276e-05
163,2,16,unsymmetrical_schiff_base,8.41608491842028e-05
164,2,16,urea_cycle,8.392257407415105e-05
165,2,16,humidity_volatile_organic_sense,8.30971801558042e-05
166,2,16,carbonyl_backbone,8.301014529694119e-05
167,2,16,neutron_event_datum,8.259650003119998e-05
168,2,16,complete_molecule,8.257649216737167e-05
169,2,16,program_implement_software_method,8.184944260719416e-05
170,2,17,nucleotide_analogue,8.499098989735198e-05
171,2,17,thrombin_peptide,8.387470925229866e-05
172,2,17,deg_cl_cu_cl,8.372737852593554e-05
173,2,17,nodaviridae_family_new_member,8.313269581696351e-05
174,2,17,bidentate_chelate,8.261875939189445e-05
175,2,17,ch_comprise_atom,8.239969171589102e-05
176,2,17,ligand_bmi,8.23460546029505e-05
177,2,17,gadolinium_ytterbium_trifluoride,8.218798112335731e-05
178,2,17,methanol_molecule_water,8.214235913230441e-05
179,2,17,all_central_ring_substituent,8.211631053862992e-05
180,2,18,chromeno_ring_system,9.028847992731696e-05
181,2,18,channel_type,8.74197687656128e-05
182,2,18,r_s_configuration,8.416911448785686e-05
183,2,18,phenol_oh_group,8.416252149021829e-05
184,2,18,molecular_envelope,8.195095384534853e-05
185,2,18,different_wyckoff_position,8.194627488700433e-05
186,2,18,topography_image,8.192460967976727e-05
187,2,18,deep_understand,8.172333527784777e-05
188,2,18,characteristic_torsion,8.151792582200189e-05
189,2,18,tube_compose_new_detector,8.125881291062106e-05
190,2,19,non_polar_zone,8.796076164762055e-05
191,2,19,chiral_centre,8.413037038670469e-05
192,2,19,bacillus_intermedius_ribonuclease,8.40360497137824e-05
193,2,19,van_der_waals_one,8.309584945035369e-05
194,2,19,carboxylic_acid_group,8.253637359443899e-05
195,2,19,ho_atom,8.227858310792519e-05
196,2,19,molecular_dipole_moment,8.118126382035881e-05
197,2,19,arc_ni_presence_melt,8.057045839661892e-05
198,2,19,hydrogen_bond_result,8.041453238988856e-05
199,2,19,size_solution_specie_distribution,8.036190413116434e-05
0,3,0,quinazolinone_ring_system,7.374839118112906e-05
1,3,0,anomalous_diffraction_datum,7.325222679385993e-05
2,3,0,w_co_bond_tran,7.324582824631698e-05
3,3,0,shikimate_pathway,7.305657419972294e-05
4,3,0,random_coil_molecule,7.272515137196053e-05
5,3,0,bio_pulp_bleach,7.26669675940564e-05
6,3,0,infinite_dimensional_network,7.239057544697457e-05
7,3,0,mhz_resonant_frequency,7.214407548704133e-05
8,3,0,chloride_analogue,7.211525552858421e-05
9,3,0,synthetic_crystal,7.207981865639555e-05
