,run,topic,terms,p
g_plusmn,8.821617768678558e-05
1,1,0,neutron_diffractometer,8.436003969003403e-05
2,1,0,chromeno_ring,8.409233589814476e-05
3,1,0,fob_bind,8.408653955015169e-05
4,1,0,tribromide_ion,8.404653972190554e-05
5,1,0,coli_expression_contaminant,8.364471124814777e-05
6,1,0,lorentz_factor_dipole,8.309886711550721e-05
7,1,0,neutron_diffraction_datum,8.283719697688028e-05
8,1,0,extreme_condition,8.264785942183072e-05
9,1,0,continuous_molecular_chain,8.23015368165236e-05
10,1,1,cl_contact,8.643835424766339e-05
11,1,1,synthesize_material_majority,8.4313388965381e-05
12,1,1,induction_time_growth_rate,8.383964533143661e-05
13,1,1,de_novo,8.31324097732586e-05
14,1,1,dimethylaminopropylmagnesium_reaction,8.274965002106905e-05
15,1,1,tim_barrel_interaction_analysis,8.212501942525047e-05
16,1,1,residual_macrostress,8.203905208954445e-05
17,1,1,configure_hexyloxy_chain,8.167442649153568e-05
18,1,1,significant_deviation,8.164034192023653e-05
19,1,1,position_extra_peak_intensity,8.07109324506415e-05
20,1,2,strongly_distort_octahedron,8.734512584596167e-05
21,1,2,single_amino_acid_replacement,8.345866841385259e-05
22,1,2,circadian_rhythm,8.342622406048933e-05
23,1,2,image_analysis,8.313216236079088e-05
24,1,2,deduce_amino_acid_identity,8.259347694629099e-05
25,1,2,symmetry_relate_ligand,8.252708994157574e-05
26,1,2,sample_ambient,8.249736532147292e-05
27,1,2,solubiliz_detergent,8.202708113446466e-05
28,1,2,decarboxylation_product_single_enantiomer,8.180418274348452e-05
29,1,2,hydrate_form,8.123009202124541e-05
30,1,3,impurity_crystalline_phasis,8.736594327959224e-05
31,1,3,znii_atom,8.595932671128543e-05
32,1,3,block_copolymer_micelle,8.467447262147215e-05
33,1,3,cu_cl,8.461844616452868e-05
34,1,3,optical_microscope,8.354554789446592e-05
35,1,3,unique_b_axis,8.337225979083182e-05
36,1,3,radiation_power_density,8.279055733731988e-05
37,1,3,nucleic_acid_sample,8.27567505297268e-05
38,1,3,sample_impose_external_stimulus,8.267433462481863e-05
39,1,3,oxoanion_incorporate_molecular_salt,8.264103673557638e-05
40,1,4,kappa_p,8.865379326900424e-05
41,1,4,recombinant_production,8.705214402038785e-05
42,1,4,c_h_pair,8.537857776984802e-05
43,1,4,complex_sheet,8.387397561525723e-05
44,1,4,owater_bond_zn,8.379949613542063e-05
45,1,4,nh_c_segment,8.366755718262657e-05
46,1,4,remain_atom,8.265203664883919e-05
47,1,4,o_hmtpo_atom,8.25279299387522e-05
48,1,4,occupancy_configuration,8.24039349797721e-05
49,1,4,diffraction_condition,8.214705394180312e-05
50,1,5,br_hydrogen_bond_interaction,8.866979503365886e-05
51,1,5,bpap_construct,8.623250547680884e-05
52,1,5,polycrystalline_system,8.561076862340216e-05
53,1,5,drug_resistance,8.448609566647739e-05
54,1,5,thorough_analysis,8.357785557700024e-05
55,1,5,respectively_deg,8.350725440556463e-05
56,1,5,respect_deg,8.266306674179829e-05
57,1,5,tridentate_manner_ligand,8.249182233611958e-05
58,1,5,classical_hydrogen_bond,8.21927042931002e-05
59,1,5,indolizine_moiety,8.213690365622717e-05
60,1,6,ag_bipy_chain,8.480366454721746e-05
61,1,6,dimensional_lattice,8.457268432220517e-05
62,1,6,desy_esrf_synchrotron_radiation,8.432752960288164e-05
63,1,6,hd_phosphohydrolase,8.177052246259627e-05
64,1,6,abc_ring,8.14421772622443e-05
65,1,6,hardware_component,8.142121158855172e-05
66,1,6,glycol_ligand,8.141810065412726e-05
67,1,6,gnomonic_stereographic_projection_production,8.124890590846201e-05
68,1,6,structural_biology,8.115160285515381e-05
69,1,6,aring_c,8.092312774109466e-05
70,1,7,position_substitution,8.551758041476259e-05
71,1,7,oversampl_different_degree,8.539389879526291e-05
72,1,7,refinement_statistic,8.398166157063697e-05
73,1,7,absorption_energy_low_energy,8.382281849899098e-05
74,1,7,premature_association,8.343297004086497e-05
75,1,7,monomeric_complex,8.330870497333075e-05
76,1,7,femtosecond_scale_xfel_pulse,8.299649077209078e-05
77,1,7,reductive_lysine_methylation_procedure,8.287664539951329e-05
78,1,7,crystal_grain_size,8.28022083220054e-05
79,1,7,tetrahedral_coordination,8.278659140073027e-05
80,1,8,amine_group,9.113533610823008e-05
81,1,8,aring_deviation_memebred_ring,8.880696874575446e-05
82,1,8,sublattice_total_numb,8.50524625213492e-05
83,1,8,ultra_rapid_change,8.44226931125059e-05
84,1,8,anionic_schiff_base_ligand,8.362334062973892e-05
85,1,8,close_distance,8.258808625330878e-05
86,1,8,bromoacetyl_group,8.106559410028105e-05
87,1,8,group_coordinate_ligand_oxidation,8.080992381007517e-05
88,1,8,electrostatic_interaction_interaction,8.075043658009553e-05
89,1,8,strong_emission,8.05451210509618e-05
90,1,9,crystal_order,8.408479948242356e-05
91,1,9,olf_domain,8.374068976936576e-05
92,1,9,stack_effect,8.337496521125933e-05
93,1,9,transcription_regulation_combinatorial_mechanism,8.313929719040563e-05
94,1,9,charge_distribution,8.247090521554135e-05
95,1,9,device_use_example,8.181728781023817e-05
96,1,9,individual_molecule,8.164228788300119e-05
97,1,9,soil_bacterium,8.101863975628539e-05
98,1,9,structure_redetermination,8.096585053086744e-05
99,1,9,asymmetric_unit,8.06240223918837e-05
100,1,10,regular_tetrahedron,8.712557794004363e-05
101,1,10,overall_reliability,8.531792371611279e-05
102,1,10,corner_share,8.370591801975848e-05
103,1,10,pyridoxal_phosphate,8.268817761061658e-05
104,1,10,co_nh,8.207684900252908e-05
105,1,10,significant_peak,8.198531518876695e-05
106,1,10,pentagonal_symmetry_form,8.180236147048369e-05
107,1,10,crystal_in_o_h,8.157984787432752e-05
108,1,10,cu_atom,8.157939569057717e-05
109,1,10,methanol_methylene_chloride,8.138465228277633e-05
110,1,11,independent_vibrational_datum,8.63809030102145e-05
111,1,11,prosmart_tool,8.617651180846385e-05
112,1,11,polymorph_binary_mixture,8.60393687405689e-05
113,1,11,comparative_analysis,8.318123732035118e-05
114,1,11,square_pyramidal_ccoordination_geometry,8.308064203019253e-05
115,1,11,planarity_maximum_deviation,8.288163673673193e-05
116,1,11,overall_anisotropic_scale_factor,8.28694951976476e-05
117,1,11,phenyl_isoxazoline_membered_ring,8.285536164684194e-05
118,1,11,hello_re_low_re,8.235056134923823e-05
119,1,11,dynamic_beam,8.21551575785054e-05
120,1,12,macrocyclic_cation,8.569608168415784e-05
121,1,12,carboxyl_methyl_group,8.491309483097024e-05
122,1,12,absolute_configuration_assignment,8.455597899197739e-05
123,1,12,long_range_crystal_order,8.332118156252256e-05
124,1,12,charge_interpolation_method,8.322268583366819e-05
125,1,12,fatty_acid,8.267102157314676e-05
126,1,12,profound_influence,8.232543955964318e-05
127,1,12,thermophilus_tag,8.222005500981073e-05
128,1,12,nlo_property,8.206286084847798e-05
129,1,12,xanes_spectroscopy,8.191950360867805e-05
130,1,13,de_novo_biosynthesis,9.065007279238434e-05
131,1,13,salicylic_phenyl_ring,8.807120170387125e-05
132,1,13,experimental_electron_density_model,8.516155273833818e-05
133,1,13,quartet_overall_reliability,8.440701609271903e-05
134,1,13,ab_plane,8.440061667736674e-05
135,1,13,stem_cell,8.435666747243606e-05
136,1,13,macroscopic_deformation,8.41833593552147e-05
137,1,13,secondary_structure,8.385533454098336e-05
138,1,13,structural_basis,8.366194181872125e-05
139,1,13,be_form,8.307807300607953e-05
140,1,14,o_phenol_phenol,9.288993957634821e-05
141,1,14,component_twin,8.533951955593382e-05
142,1,14,planar_coordination_geometry,8.444204617276605e-05
143,1,14,thiourea_fragment,8.397321825167874e-05
144,1,14,diffraction_vector,8.356820402333131e-05
145,1,14,tetragonal_prism,8.305194196191267e-05
146,1,14,type_n_h,8.265742958168872e-05
147,1,14,zwitter_ion,8.258586899291155e-05
148,1,14,sapphire_substrate_niobium_film,8.233418049728651e-05
149,1,14,salmonella_enterica,8.217075519526276e-05
150,1,15,tetrazole_ring,8.93002257638617e-05
151,1,15,diffraction_potential,8.904624827305584e-05
152,1,15,peo_corona,8.852973674156174e-05
153,1,15,e_isomer,8.652811390771354e-05
154,1,15,o_hydogen_bond_interaction,8.388169060176156e-05
155,1,15,scn_anionic_charge,8.378731492686225e-05
156,1,15,mad_application,8.327817522851055e-05
157,1,15,monodentate_carboxylate,8.323480365693497e-05
158,1,15,rotatory_power,8.299604353308479e-05
159,1,15,unesco_iucr_flagship,8.274869960257925e-05
160,1,16,rna_modification,8.747524469122846e-05
161,1,16,ab_plane_layer,8.635353595986073e-05
162,1,16,layer_peptide_molecule,8.511114498813274e-05
163,1,16,asymmetric_shape,8.374381692442608e-05
164,1,16,experimental_community,8.369351727579097e-05
165,1,16,mononucleotide_dependent_manner,8.366049983805607e-05
166,1,16,lattice_complex_water_molecule,8.345886012253481e-05
167,1,16,centrosymmetrically_relate_molecule,8.331434908876131e-05
168,1,16,hydrogen_bond_type,8.330837182518034e-05
169,1,16,minus_two_br_ion,8.289452170187255e-05
170,1,17,cholera_toxin,8.512405897055612e-05
171,1,17,drop_quality,8.438853603377904e-05
172,1,17,modify_version,8.360924879827417e-05
173,1,17,putative_methyltransferase_gene,8.167546221616177e-05
174,1,17,ring_plane_dihedral_angle,8.136630285231955e-05
175,1,17,translation_mechanism,8.132237662023076e-05
176,1,17,bond_angle_in_p,8.129998247654811e-05
177,1,17,short_time,8.12973904725988e-05
178,1,17,complex_sheet,8.113924491885487e-05
179,1,17,prime_prime_inositol_monophosphatase,8.110493029632424e-05
180,1,18,n_dimethylaminoethanol_n_ligand,9.066398553884936e-05
181,1,18,moiety_interaction,8.521130670057972e-05
182,1,18,phenyl_ring_pyrazole_ring,8.503610441967368e-05
183,1,18,x_ray_area,8.429869990619383e-05
184,1,18,goniometer_design,8.325355865309562e-05
185,1,18,o_demethylase,8.313582490766672e-05
186,1,18,q_gamma,8.19847287508572e-05
187,1,18,key_implication_carbohydrate,8.152104860066353e-05
188,1,18,delta_e_energy_resolution,8.149738747998722e-05
189,1,18,pair_set,8.132441626069186e-05
190,1,19,para_substituent,8.425118103345899e-05
191,1,19,dextrorotatory_alpha,8.411039521768215e-05
192,1,19,sample_support,8.385656820056608e-05
193,1,19,carbonyl_group_point,8.371716243203565e-05
194,1,19,sls_ideal,8.32596808751463e-05
195,1,19,srs_scientific_highlight_selection,8.309969050170793e-05
196,1,19,double_chain,8.19910433693883e-05
197,1,19,twofold_axis,8.193403403299741e-05
198,1,19,multiple_beam,8.177854221264516e-05
199,1,19,aring_o_minus_bond,8.167392701625963e-05
200,1,20,aring_cu_separation,8.406342697816593e-05
201,1,20,ring_centroid,8.347485832714063e-05
202,1,20,dextrorotatory_alpha_space_group,8.262153554248665e-05
203,1,20,f_atom,8.233558972573345e-05
204,1,20,te_c,8.221251679955866e-05
205,1,20,soft_material,8.198519625920928e-05
206,1,20,pyran_ring,8.134941115403823e-05
207,1,20,single_diamondoid_network,8.126759050746001e-05
208,1,20,saxs_pattern,8.121485438698531e-05
209,1,20,atomic_vibration,8.112232121217631e-05
210,1,21,pyridoxal_prime_biosynthesis,8.983423303007272e-05
211,1,21,cubic_crystal,8.834220380516596e-05
212,1,21,great_quantity,8.543657278338129e-05
213,1,21,compute_scheme,8.469817137503097e-05
214,1,21,n_ligand,8.376165254474022e-05
215,1,21,tetrahedral_environment_ligand,8.343493565720655e-05
216,1,21,co_mn_analogue_isostructure,8.267209454623087e-05
217,1,21,profound_influence,8.229134490840166e-05
218,1,21,electron_density_search_model,8.208857556508701e-05
219,1,21,a_type,8.195750763921604e-05
220,1,22,tolyl_group,8.665781663654724e-05
221,1,22,mechanical_behaviour,8.602721006692713e-05
222,1,22,mainly_ionic_interaction,8.57130848282775e-05
223,1,22,c_atom_bond_angle,8.419646809136613e-05
224,1,22,twist_molecule,8.256902376355727e-05
225,1,22,crystallization_state,8.237917894742055e-05
226,1,22,o_anion_atom,8.226909718513453e-05
227,1,22,considerable_attention,8.20846185623537e-05
228,1,22,advanced_beamlines_suite,8.179033506541083e-05
229,1,22,vls_plane_grate_monochromator,8.169569035389339e-05
230,1,23,metabolic_pathway,8.445130449061196e-05
231,1,23,pack_channel,8.425572311736998e-05
232,1,23,c_aring_b,8.417365492564403e-05
233,1,23,metallic_ion_zinc_ligand,8.37509903752321e-05
234,1,23,carboxylate_o_anion_atom,8.367116354412024e-05
235,1,23,dye_molecule,8.313678276008396e-05
236,1,23,p_level,8.281560269130318e-05
237,1,23,ring_size,8.278424970526205e-05
238,1,23,delocalize_bond,8.276820065287212e-05
239,1,23,different_crystallographic_direction,8.272950347931667e-05
240,1,24,droplet_formation,8.543650543484028e-05
241,1,24,non_crystallographic_symmetry_constraint,8.513365532351327e-05
242,1,24,diffract_intensity,8.382471756811879e-05
243,1,24,cavity_water_molecule_rearrangement,8.338756552101364e-05
244,1,24,malonate_dianion_contain,8.333026929540254e-05
245,1,24,useful_phase_tool,8.319693807990075e-05
246,1,24,case_handle,8.231847776825872e-05
247,1,24,vapour_condition_diffusion,8.218044289110636e-05
248,1,24,thiocyanate_unit_relative_position,8.217303912216456e-05
249,1,24,intramolecular_c,8.209505894036923e-05
250,1,25,high_power,9.227535304028522e-05
251,1,25,viz_analogue_i,8.490490012432653e-05
252,1,25,quasi_white_beam,8.453670248150484e-05
253,1,25,rev_atom,8.424965434364775e-05
254,1,25,perchlorate_salt,8.403049918359066e-05
255,1,25,recent_article,8.354124960027425e-05
256,1,25,theory_poor_agreement,8.287353648056444e-05
257,1,25,complex_bis_mu_acid,8.279979764371619e-05
258,1,25,reduction_product,8.279946762005516e-05
259,1,25,catalytic_site,8.279756609457658e-05
260,1,26,non_classical_hydrogen_bond,9.006306612646771e-05
261,1,26,recently_synthesize_quasicrystal,8.700621892914486e-05
262,1,26,escherichia_coli_clone,8.6876331272522e-05
263,1,26,solvent_water,8.494445375273736e-05
264,1,26,srm_silicon_standard,8.479009300046081e-05
265,1,26,cyclohexyl_ring,8.332131024790257e-05
266,1,26,phthalimide_ring_system,8.285674798886024e-05
267,1,26,middot_single_crystal,8.26562456981206e-05
268,1,26,silicon_standard,8.265120712748947e-05
269,1,26,trhepd_experiment,8.259709297689717e-05
270,1,27,grignard_reaction,8.712264033383729e-05
271,1,27,axial_projection_plot,8.65524354904552e-05
272,1,27,c_t_y,8.567209376220807e-05
273,1,27,crystal_structure_interest_feature,8.546243331288952e-05
274,1,27,phenyl_hydroxyphenyl,8.536705558644172e-05
275,1,27,peptidoglycan_muropeptide_trim_relaxation,8.469017847031678e-05
276,1,27,aring_resolution,8.429261540300235e-05
277,1,27,method_performance,8.402568169006596e-05
278,1,27,construction_kit,8.396088996361488e-05
279,1,27,calcium_solubility,8.337051979336178e-05
280,1,28,achiral_peptide,8.546871961219185e-05
281,1,28,o_plane,8.383705257671124e-05
282,1,28,wet_dry_biospecimen,8.37750874457086e-05
283,1,28,c_torsion_angle,8.320310990642356e-05
284,1,28,correct_calculate_intensity,8.23230992328515e-05
285,1,28,white_radiation,8.188575433422915e-05
286,1,28,catalytic_behaviour,8.165127016194626e-05
287,1,28,coordination_analogue,8.146185102712072e-05
288,1,28,individual_lattice,8.125039828852558e-05
289,1,28,short_c_alpha,8.117241214481973e-05
290,1,29,asymmetric_dinuclear,8.613154348257617e-05
291,1,29,large_ribosome_crystal,8.438551584169507e-05
292,1,29,ring_phenylene,8.380535897309549e-05
293,1,29,x_ray_spectroscopy,8.37430054023763e-05
294,1,29,ligand_molecule,8.353606819284165e-05
295,1,29,possible_phase_transition,8.32023966448838e-05
296,1,29,different_p_form_identification,8.305278668349327e-05
297,1,29,macromolecular_crystal_absorb_dose,8.264226333263146e-05
298,1,29,ribbon_motif,8.254320281500468e-05
299,1,29,structure_factor_formalism,8.250187832601081e-05
300,1,30,tube_axis_structure_enhancement,8.577615740382454e-05
301,1,30,approximate_half_molecule,8.529953410873448e-05
302,1,30,real_structure,8.405025776954824e-05
303,1,30,chloride_ion_dianion,8.388618698539273e-05
304,1,30,concentrate_polymer_solution,8.344540633682722e-05
305,1,30,uncertainty_reflection_intensity,8.292214994060343e-05
306,1,30,c_gamma_atom,8.292024544232029e-05
307,1,30,b_n,8.283477399178505e-05
308,1,30,intermolecular_interaction_molecule_link,8.27352953027077e-05
309,1,30,minus_independent_centrosymmetric,8.24803134286798e-05
310,1,31,magnetic_measurement,8.6178046508315e-05
311,1,31,beta_octamolybdate,8.613446255039733e-05
312,1,31,cyclopentadienyl_ring,8.399677073957888e-05
313,1,31,sapphire_substrate_niobium_film,8.375798431987281e-05
314,1,31,crystallization_cocktail_standard_set,8.235050794275557e-05
315,1,31,soft_material,8.214529881736035e-05
316,1,31,similar_molecule,8.191923075116469e-05
317,1,31,present_cl_interaction,8.174294733663746e-05
318,1,31,remote_access,8.153681562879851e-05
319,1,31,positive_strand_rna_virus,8.121096560433522e-05
320,1,32,cfmn_biological_significance,8.804105974440476e-05
321,1,32,twist_chair_conformation_ring,8.494987401183181e-05
322,1,32,thallium_iron,8.488091319565026e-05
323,1,32,pentagonal_symmetry,8.296188468176371e-05
324,1,32,morphology_colloidal_cluster,8.283410320323811e-05
325,1,32,situ_cryocrystallization_technique,8.273412033742455e-05
326,1,32,sphere_packing_usefulness,8.241461253680704e-05
327,1,32,iodobenzene_ring,8.200491285001183e-05
328,1,32,benzene_ring_coplanarity,8.200227821544132e-05
329,1,32,monomeric_ngal_crystal,8.197442253998402e-05
330,1,33,sensitive_method,8.986365424201244e-05
331,1,33,thin_diamond_crystal_station,8.693415131988177e-05
332,1,33,orthorhombic_crystal_form,8.573649971325718e-05
333,1,33,different_chemical_composition_layer,8.441541574730282e-05
334,1,33,large_scale,8.376920265087659e-05
335,1,33,relate_element,8.296266991964762e-05
336,1,33,elastic_domain_minus_nbsp,8.276386984392395e-05
337,1,33,infinite_linear,8.271397425418841e-05
338,1,33,prime_ribose_moiety_group,8.254895833573879e-05
339,1,33,crystal_molecular_conformation,8.244024709732344e-05
340,1,34,single_wavelength_anomalous_scatter,8.769775328121683e-05
341,1,34,ribosome_microcrystal,8.691518242393839e-05
342,1,34,neutron_event,8.632493007123851e-05
343,1,34,o_c_angle,8.535658632156164e-05
344,1,34,e_value,8.518035636912465e-05
345,1,34,crystal_zwitterionic_form,8.364257734847354e-05
346,1,34,hydrido_ligand,8.311133536644127e-05
347,1,34,x_ray_beam_path,8.299853525217092e-05
348,1,34,monoclinic_delta,8.26872072672763e-05
349,1,34,molecule_link,8.265514450049288e-05
350,1,35,electron_density_function,9.074062027633248e-05
351,1,35,unchanging_s_configuration,8.598961353788534e-05
352,1,35,dichloro_trans,8.595076250404091e-05
353,1,35,nbsp_noncrystallographic_symmetry,8.390696536485323e-05
354,1,35,important_transformation_catalyze,8.348785887706624e-05
355,1,35,comparable_arrangement,8.317346120261105e-05
356,1,35,translate_ribosome,8.31336197741034e-05
357,1,35,ketone_group,8.26810368640495e-05
358,1,35,spiral_paracrystal,8.18613305404253e-05
359,1,35,auiii_atom,8.17033319683394e-05
360,1,36,prime_mu_atom,8.638034656714671e-05
361,1,36,approximately_carbonyl_group_point,8.439595169232395e-05
362,1,36,large_angle_x_ray,8.407468432896109e-05
363,1,36,endo_angle_typical_deformation,8.405863652838819e-05
364,1,36,distort_octahedral_environment,8.372428195885406e-05
365,1,36,octaketide_synthase,8.322109998935232e-05
366,1,36,functional_relevance,8.311489940442114e-05
367,1,36,crystal_structure,8.227051783413936e-05
368,1,36,c_gamma_atom,8.226423228207066e-05
369,1,36,dimensional_extend_network,8.219143590243567e-05
370,1,37,line_weissenberg_camera,8.528610990516239e-05
371,1,37,bulky_chiral_group,8.514586494574786e-05
372,1,37,crystal_lattice_structural_change,8.36723819811176e-05
373,1,37,dedicate_readout_system,8.33083611304397e-05
374,1,37,pyrosilicate_group,8.302258166137483e-05
375,1,37,nitro_amino_group,8.301325637684467e-05
376,1,37,ring_motif,8.280672813856925e-05
377,1,37,cctbx_bulk_solvent_correction,8.221918480316328e-05
378,1,37,map_quality,8.206025535280202e-05
379,1,37,single_c_h,8.172516244559591e-05
380,1,38,adjacent_molecule_cl_atom,8.697075644546095e-05
381,1,38,probability_distribution,8.324168608778493e-05
382,1,38,homeomorphic_barycentric_representation,8.285567761961669e-05
383,1,38,cyclohexyl_ring,8.276949289170735e-05
384,1,38,minus_nbsp,8.258163326982644e-05
385,1,38,fourier_amplitude,8.258108032910233e-05
386,1,38,digital_image_correlation_technique,8.220826317052369e-05
387,1,38,prime_prime,8.209983260564007e-05
388,1,38,glutamate_aspartate,8.209689245528264e-05
389,1,38,cafads_ammoniagene,8.124209628575276e-05
390,1,39,short_br_numb,8.741091253294314e-05
391,1,39,myo_inositol,8.57022312241051e-05
392,1,39,protein_homology_high_level,8.541141623628055e-05
393,1,39,apical_distance,8.497359408923412e-05
394,1,39,atomic_vibration_tensor_component,8.432395056656116e-05
395,1,39,micellar_core,8.357426163101257e-05
396,1,39,cpu_time_considerable_improvement,8.34896723145376e-05
397,1,39,extensive_numerical_examination,8.344949136522022e-05
398,1,39,lipid_analog,8.333511743176178e-05
399,1,39,synchrotron_soleil_diffabs_beamline,8.32162777743057e-05
400,1,40,interplanar_distance,8.632387328083226e-05
401,1,40,principal_reflection_bragg_angle,8.631342356161717e-05
402,1,40,cross_link_strategy,8.493133625173048e-05
403,1,40,correspond_scheme,8.452427945267784e-05
404,1,40,suitable_empirical_factor,8.37859282210476e-05
405,1,40,crystal_single_enantiomer,8.37519160890049e-05
406,1,40,anionic_schiff_base_ligand,8.365378421105202e-05
407,1,40,alpha_beta_beta_alpha,8.339495283630101e-05
408,1,40,phenyl_ring_pyrazole_ring,8.332574754508878e-05
409,1,40,know_configuration,8.261193626508945e-05
410,1,41,normal_hydrogen_bond,8.617809772818633e-05
411,1,41,protonated_water_molecule_bridge,8.537746965308451e-05
412,1,41,nitrogen_oxygen,8.382846874904552e-05
413,1,41,intra_ligand,8.292938071526765e-05
414,1,41,multi_wavelength,8.283370635377159e-05
415,1,41,formic_hydrazide_unit,8.262770201587116e-05
416,1,41,high_sequence,8.229321130909143e-05
417,1,41,micellar_surface_unit_charge,8.187328984792685e-05
418,1,41,cation_chain,8.15962518413846e-05
419,1,41,scn_anionic_charge,8.15822156631942e-05
420,1,42,high_heat_load,8.906766148326887e-05
421,1,42,minus_anion,8.883238766091162e-05
422,1,42,seco_dammarane,8.82960750735896e-05
423,1,42,interaction_formation,8.689830910079319e-05
424,1,42,riboflavin_phosphorylation,8.681607462949034e-05
425,1,42,atomic_composition,8.676378113613377e-05
426,1,42,percentage_hexagonality,8.49714446145107e-05
427,1,42,dynamic_range,8.402585993778283e-05
428,1,42,neighbour_oxalate_anion,8.353162426304238e-05
429,1,42,butterfly_conformation,8.314196918403725e-05
430,1,43,slightly_distort_octahedral_structure,8.932362185284537e-05
431,1,43,a_factor,8.57182561876731e-05
432,1,43,r_nbsp_nbsp,8.535829159506573e-05
433,1,43,egg_white_lysozyme,8.468602329541628e-05
434,1,43,synthesis_unchanging_chiral_centre,8.430046092713132e-05
435,1,43,methanolate_methanol,8.415660595884834e-05
436,1,43,deg_mean_plane,8.312255104786421e-05
437,1,43,o_distance,8.29357902315037e-05
438,1,43,cr_atom,8.238174407953464e-05
439,1,43,unit_cell_formation,8.202923246035222e-05
440,1,44,terminal_phenyl_phenylene,8.593984599861103e-05
441,1,44,refine_occupancy_ratio_orientation,8.590356217027356e-05
442,1,44,clog_pressure_example,8.40027815523924e-05
443,1,44,bromophenyl_phenyl_ring_deg,8.358581340352797e-05
444,1,44,sulfonyl_benzene,8.332334980407339e-05
445,1,44,bridge_o_atom,8.2881574915789e-05
446,1,44,nonparametric_kernel_density_estimator,8.261165689032191e-05
447,1,44,transition_state_analogue,8.246820343901457e-05
448,1,44,naphthalene_ring_system_respect,8.2261701225707e-05
449,1,44,reaction_chamber,8.196177409235782e-05
450,1,45,multiple_wavelength_datum,8.63303860665358e-05
451,1,45,alternative_quantification,8.533008350489051e-05
452,1,45,lorentzian_profile,8.29520485961215e-05
453,1,45,pyridoxal_prime_biosynthesis,8.273155384885627e-05
454,1,45,glycerol_fermentation_pathway,8.258768160106868e-05
455,1,45,li_atom_tetrahedron,8.216091720396524e-05
456,1,45,tensor_component_sign_change,8.214755473287621e-05
457,1,45,similar_phase_transformation,8.197912611000801e-05
458,1,45,bulky_phenyl,8.176012184249717e-05
459,1,45,novel_mu_n_ring,8.156258267532844e-05
460,1,46,incident_beam_alignment,8.679167251119597e-05
461,1,46,asymmetric_unit_triazine_molecule,8.629139267344671e-05
462,1,46,e_minus_sim,8.605586422143673e-05
463,1,46,relative_error,8.499772650026622e-05
464,1,46,racemic_twin,8.465191823301443e-05
465,1,46,ngal_dimer,8.401864973247548e-05
466,1,46,isonicotinohydrazide_reaction,8.39453480652083e-05
467,1,46,extend_conformation,8.368617796630228e-05
468,1,46,group_separation,8.36853054247935e-05
469,1,46,sad_datum_set,8.322249675223758e-05
470,1,47,type_crystal_structure,8.728204045514613e-05
471,1,47,shell_thickness,8.497658409461761e-05
472,1,47,triphenylphosphine_ligand,8.442945216491246e-05
473,1,47,bind_partner_interaction,8.414514689199125e-05
474,1,47,modern_source,8.396819349017414e-05
475,1,47,clog_pressure_example,8.287226041494846e-05
476,1,47,host_framework,8.272782355098311e-05
477,1,47,powder_pattern_simulation,8.254687549331517e-05
478,1,47,nd_atom,8.252833173284618e-05
479,1,47,ceramic_oxide_material,8.241777284851096e-05
480,1,48,molecule_half,8.918566585595759e-05
481,1,48,tetrahedral_molecule,8.804957012296403e-05
482,1,48,x_ray_total_scatter,8.46891164217643e-05
483,1,48,finite_difference,8.464517593436392e-05
484,1,48,dependency_influence,8.464176600090174e-05
485,1,48,bridge_nature,8.377632635510413e-05
486,1,48,anomalous_diffraction,8.346174110332937e-05
487,1,48,further_biochemical_structural_analysis,8.33952927432175e-05
488,1,48,frequent_because,8.332536363755254e-05
489,1,48,experimental_diffuse,8.325272555249997e-05
490,1,49,vapor_diffusion_method,8.726909631752598e-05
491,1,49,scaffold_contain_deposit_existence,8.604856992280325e-05
492,1,49,particular_orientation,8.511601224453837e-05
493,1,49,global_instability_index,8.207399157269568e-05
494,1,49,antiphase_domain,8.144975456808828e-05
495,1,49,single_c_h,8.117273240294614e-05
496,1,49,present_system,8.099442419509324e-05
497,1,49,magnetic_field_response,8.094589352052717e-05
498,1,49,multiple_strip,8.083425967110931e-05
499,1,49,free_nitrate,8.082886675900679e-05
0,2,0,pair_chloride_bridge,7.436734152282604e-05
1,2,0,unfold_protein_response,7.368795750928982e-05
2,2,0,supersaturation_lower_feedback_mechanism,7.334645229945777e-05
3,2,0,sad_experiment,7.28529879844709e-05
4,2,0,low_temperature_spectrum,7.277069983877707e-05
5,2,0,inversion_dimer,7.22503414836663e-05
6,2,0,unit_cell_datum,7.221958861068897e-05
7,2,0,nucleotide_bind_domain,7.216127035055934e-05
8,2,0,crystallization_experiment,7.213343175177334e-05
9,2,0,chloride_dihydrate,7.21318369882167e-05
