,run,topic,terms,p
.850048792599825e-05
1,1,0,torsion_angle,8.474260817587859e-05
2,1,0,half_reaction,8.367303970227315e-05
3,1,0,plusmn_antimalarial_drug,8.284648238178165e-05
4,1,0,beta_group,8.263514806299285e-05
5,1,0,new_x_ray_camera,8.2562937454513e-05
6,1,0,separate_determination,8.246944826118305e-05
7,1,0,safe_management,8.244953922575335e-05
8,1,0,significant_expansion,8.20880257765521e-05
9,1,0,noncrystallographic_centre,8.194102917448487e-05
10,1,1,form_inversion_dimer,8.584367094524343e-05
11,1,1,small_angle_neutron_scatter,8.484195048711047e-05
12,1,1,physical_profile,8.423015440567085e-05
13,1,1,slow_response_time,8.412025470389119e-05
14,1,1,x_ray_crystallographic_study,8.409417620979106e-05
15,1,1,major_component,8.329097587086422e-05
16,1,1,conventional_expression,8.306182749598728e-05
17,1,1,average_procedure,8.280968559956205e-05
18,1,1,occupancy_ratio,8.2430582354629e-05
19,1,1,oxide_block_copolymer_series,8.238307937391072e-05
20,1,2,ctb_mpr_several_variant,8.690368172073376e-05
21,1,2,small_molecule_family,8.605881763493804e-05
22,1,2,c_hydrogen_bond_interaction,8.580204743924774e-05
23,1,2,c_hydrogen,8.42811176145879e-05
24,1,2,material_porosity,8.382023981450531e-05
25,1,2,situ_cryocrystallization_technique,8.33481544159837e-05
26,1,2,simultaneous_diffraction_effect_incidence,8.305436543104902e-05
27,1,2,monomer_model,8.301298023529767e-05
28,1,2,aring_interaction,8.281385524462894e-05
29,1,2,middot_dihydrate,8.265325648194645e-05
30,1,3,core_shell_structure,8.667461015453019e-05
31,1,3,identical_condition,8.634128281406835e-05
32,1,3,profile_formulation,8.628386847409764e-05
33,1,3,synthetic_polymorph,8.555662702577476e-05
34,1,3,ion_molecule,8.398580948926849e-05
35,1,3,n_bond,8.34384416250194e-05
36,1,3,resonant_scatter_curve,8.342894204902795e-05
37,1,3,assembly_pattern,8.295100165695539e-05
38,1,3,weight_sum,8.193370784705394e-05
39,1,3,bidentate_nitrate,8.188815531982318e-05
40,1,4,peptidoglycan_muropeptide,8.776552625832434e-05
41,1,4,short_length,8.592850454161185e-05
42,1,4,synthetic_derivative,8.584846164999874e-05
43,1,4,neutral_network,8.559047204816951e-05
44,1,4,dimethylamino_group,8.487542405233944e-05
45,1,4,tensile_speciman,8.479048216724983e-05
46,1,4,contribute_factor,8.430867336220429e-05
47,1,4,dimensional_polymeric_chain,8.376863835469082e-05
48,1,4,heterotrimeric_polymerase,8.322709059191667e-05
49,1,4,anharmonic_potential,8.32040898182165e-05
50,1,5,chain_within_pi_pi,8.91529964211462e-05
51,1,5,clathrin_bind_site,8.5922305620898e-05
52,1,5,spherical_atom,8.481011736482475e-05
53,1,5,xnfs_detector,8.460516999228535e-05
54,1,5,large_deviation,8.384788078072845e-05
55,1,5,methoxyphenyl_ring,8.381560058646257e-05
56,1,5,class_dhod,8.354236352269999e-05
57,1,5,arene_pi_hydrogen_bond,8.303196750345398e-05
58,1,5,b_intensity_loss,8.290020370054798e-05
59,1,5,cysteine_dioxygenase,8.248161834886327e-05
60,1,6,reformatsky_reaction,8.749418352673873e-05
61,1,6,rotation_method,8.646764349468432e-05
62,1,6,dope_piezoelectric_coefficient_increase,8.618662536960353e-05
63,1,6,biological_system_thiocyanate,8.460837416901377e-05
64,1,6,carbon_sublattice_vacancy,8.445913736876716e-05
65,1,6,anomalous_substructure,8.401273997536703e-05
66,1,6,bipyramidal_coordination,8.344782846290863e-05
67,1,6,spectrum_library,8.339487585201526e-05
68,1,6,mpr_ctb_polyalanine_linker,8.312670925219242e-05
69,1,6,excess_result,8.30246672978294e-05
70,1,7,cryocool_crystal,9.293783559453971e-05
71,1,7,hydroxyl_o_atom,9.225489695899772e-05
72,1,7,way_touch,8.793340404399614e-05
73,1,7,chain_range_distance,8.385200088427332e-05
74,1,7,conjugate_system,8.363027831927503e-05
75,1,7,central_ring_substituent,8.315338214295173e-05
76,1,7,diastereomeric_pair,8.315049311865709e-05
77,1,7,crystallographically_independent_sr_atom,8.26976336611024e-05
78,1,7,protein_fact,8.264355908421216e-05
79,1,7,possible_combination,8.253008982024819e-05
80,1,8,prime_o_prime_kappa,8.556904158938612e-05
81,1,8,active_site,8.539239203323549e-05
82,1,8,triosephosphate_isomerase,8.533830093618099e-05
83,1,8,further_biochemical_structural_analysis,8.278993621803804e-05
84,1,8,amino_acid_substitution,8.271264631879379e-05
85,1,8,programme_algorithm,8.238568686424683e-05
86,1,8,microscopic_model,8.222070557800882e-05
87,1,8,centrosymmetric_entity,8.213380213221221e-05
88,1,8,particular_karle_hauptman_matrix,8.202350679818527e-05
89,1,8,beta_section,8.172280279824716e-05
90,1,9,interstitial_water_molecule,8.74783112767248e-05
91,1,9,myoglobin_structure,8.541985179555624e-05
92,1,9,crystallographically_impose_inversion_symmetry,8.519495499001098e-05
93,1,9,chromeno_ring_system,8.433646459808242e-05
94,1,9,n_c_bond_delocalization,8.422246660670206e-05
95,1,9,cap_trigonal_prismatic_geometry,8.349299719646227e-05
96,1,9,czochralski_technique,8.31222311389888e-05
97,1,9,relate_observe_dimer,8.268105018358098e-05
98,1,9,corylus_avellana,8.242381175119215e-05
99,1,9,vice_versa_octahedron,8.217631562505857e-05
100,1,10,crystal_time_nucleus,9.29449358357698e-05
101,1,10,conserve_assembly_factor,8.858477303286586e-05
102,1,10,enzyme_class,8.837437129789861e-05
103,1,10,bulky_prime,8.802841135921498e-05
104,1,10,exit_face,8.63605434901395e-05
105,1,10,intramolecular_stack_interaction,8.626473634330236e-05
106,1,10,lithium_crystalline_lithium_oxide,8.447927081588944e-05
107,1,10,schiff_base_ligand,8.362704759458961e-05
108,1,10,locally_break_symmetry_state,8.345850040356394e-05
109,1,10,step_accuracy,8.344625360274792e-05
110,1,11,hydroxyl_o_atom_carbonyl,8.850252325899249e-05
111,1,11,postrefinement_technique,8.74785559442224e-05
112,1,11,bind_protein,8.714309879250062e-05
113,1,11,neighbour_molecule_imine_group,8.659317649429065e-05
114,1,11,al_atom,8.531092847751671e-05
115,1,11,aring_plusmn,8.521722760458825e-05
116,1,11,c_c_bond,8.480399006733894e-05
117,1,11,net_realization,8.477927383969347e-05
118,1,11,c_prime_atom_tran,8.455967799800224e-05
119,1,11,difluorobenzyloxy_ring_pyrimidine,8.415803195097748e-05
120,1,12,benzene_ring_dihedral_angle,8.851086649929496e-05
121,1,12,protein_equal_rate,8.708871452074099e-05
122,1,12,specific_pattern,8.570291284299783e-05
123,1,12,powder_neutron_diffraction_experiment,8.535454333093899e-05
124,1,12,interaction_form,8.434441778272888e-05
125,1,12,planar_deviation_molecule,8.416061395580424e-05
126,1,12,ligand_link_octahedral_geometry,8.369366344536254e-05
127,1,12,function_definition_range,8.356260046001523e-05
128,1,12,crystalline_complex,8.327080315385334e-05
129,1,12,screw_boat_conformation,8.29999278442163e-05
130,1,13,oxygen_sublattice,8.644056938038959e-05
131,1,13,gas_catalysis,8.56008161915048e-05
132,1,13,lie_spiro_c_atom,8.330926638947389e-05
133,1,13,cbed_pattern_phasis_inspection,8.319142904550359e-05
134,1,13,molecular_clip,8.261685125517587e-05
135,1,13,pancreatic_polypeptide,8.251870166686109e-05
136,1,13,structure_transformation,8.228832772536701e-05
137,1,13,sn_c_c,8.216023149297273e-05
138,1,13,pi_intermolecular_interaction,8.212383455624276e-05
139,1,13,ir_spectroscopy,8.196701064444509e-05
140,1,14,sans_spectrum,8.75128110926026e-05
141,1,14,fourier_chart,8.649911364225962e-05
142,1,14,undulator_period_numb,8.53011507945372e-05
143,1,14,iodide_methylcocaine,8.513012276436751e-05
144,1,14,helical_shape,8.456340389681515e-05
145,1,14,camera_application,8.367478828680584e-05
146,1,14,hybrid_pixel_detector,8.334132047703125e-05
147,1,14,ethaneamine_solution,8.308553917364189e-05
148,1,14,electron_beam,8.296523326571797e-05
149,1,14,abc_ring_system,8.290378075403921e-05
150,1,15,benzene_triazole,8.629084752373769e-05
151,1,15,n_c_bond,8.601028233665899e-05
152,1,15,benzyl_ring_tolyl,8.387355085393052e-05
153,1,15,solid_liquid_phase_diagram,8.302811942114113e-05
154,1,15,i_r_phenyl,8.239688982948644e-05
155,1,15,fit_atom_deviation,8.239491070731217e-05
156,1,15,methoxycarbonyl_group,8.223066844075597e-05
157,1,15,ethoxy_formamide,8.207858702504172e-05
158,1,15,dimensional_diamond,8.20295547680795e-05
159,1,15,crystal_single_enantiomer,8.166857508652197e-05
160,1,16,inhibitor_configuration,8.770521579485311e-05
161,1,16,commission_test,8.502612452505343e-05
162,1,16,program_implement_software_method,8.373029457008845e-05
163,1,16,layer_linkage,8.35543308994781e-05
164,1,16,aromatic_ring_system_deg,8.349940610851094e-05
165,1,16,impurity_crystalline_phasis_presence,8.319917704095393e-05
166,1,16,plant_pathogen,8.296954520845053e-05
167,1,16,reliable_characterization,8.255836048761455e-05
168,1,16,terephthalate_dianion,8.244228762960928e-05
169,1,16,tran_pyrazine,8.224618355199324e-05
170,1,17,situ_cryocrystallization,8.419188069524711e-05
171,1,17,extreme_condition,8.378977352951138e-05
172,1,17,anhydrous_chloride,8.346074548941785e-05
173,1,17,diffraction_datum_set,8.311236910072229e-05
174,1,17,neutron_event_datum,8.268894127231648e-05
175,1,17,deoxy_bind,8.216305869965369e-05
176,1,17,agc_kinase_family,8.13498271280073e-05
177,1,17,topological_density_calculation,8.120633280936865e-05
178,1,17,molecule_o_n_atom,8.113129289428221e-05
179,1,17,water_solvent_molecule,8.10896099051415e-05
180,1,18,physical_model,8.840008443923011e-05
181,1,18,molecule_link,8.57742416211147e-05
182,1,18,adjoin_phasis,8.512857494031637e-05
183,1,18,asymmetric_shape,8.474221229609471e-05
184,1,18,mer_configuration,8.429870400638834e-05
185,1,18,distinct_intermolecular_c_h,8.34632775336889e-05
186,1,18,different_distance,8.314831502233582e-05
187,1,18,probabilistic_approach,8.280763987429195e-05
188,1,18,peptide_bind_site,8.244787366704997e-05
189,1,18,pcna_human_complex_crystallization,8.222014803595248e-05
190,1,19,atom_n,8.897813328107967e-05
191,1,19,independent_anion,8.821519909052942e-05
192,1,19,mycobacterium_structure_smegmatis,8.596102085834389e-05
193,1,19,post_growth_anneal_experiment,8.57414287348264e-05
194,1,19,centrosymmetric_core,8.432313836400747e-05
195,1,19,helical_cell_shape,8.337200548328448e-05
196,1,19,science_student,8.315168481254526e-05
197,1,19,e_minus,8.246699295467201e-05
198,1,19,formally_specie_oligomeriz,8.246420105072525e-05
199,1,19,experimental_electron_density,8.18797712299337e-05
200,1,20,cellular_protein,8.781479003746684e-05
201,1,20,sulfonate_ligand_hydroxy_group,8.51417935633613e-05
202,1,20,functional_form_magnitude,8.493753846845846e-05
203,1,20,solvent_vapor,8.48615979362108e-05
204,1,20,t_deg,8.474741676200011e-05
205,1,20,baculovirus_base_system,8.472906255637196e-05
206,1,20,ammonium_cation,8.469955689490019e-05
207,1,20,simulate_diffraction_pattern,8.347470614037708e-05
208,1,20,easy_removal,8.296358500959906e-05
209,1,20,racemic_cation,8.26421757299238e-05
210,1,21,arsine_ligand,8.78794736754981e-05
211,1,21,aniline_benzene_ring,8.588472293043666e-05
212,1,21,meaningful_shannon_channel,8.37336880361554e-05
213,1,21,k_structure_substantial_difference,8.306030626079089e-05
214,1,21,membrane_protein_sample,8.292459237305394e-05
215,1,21,dimensional_space,8.244221202461154e-05
216,1,21,symmetry_axis,8.243436480769984e-05
217,1,21,ureido_ring_plane,8.206805638551175e-05
218,1,21,diphosphate_substrate,8.188462886827206e-05
219,1,21,elongational_flow,8.17913174228891e-05
220,1,22,pyridine_n_atom,8.777425273844522e-05
221,1,22,unsymmetrical_schiff_base,8.579953042081866e-05
222,1,22,microfluidic_chip,8.524898949166662e-05
223,1,22,high_gram_positive_bacterium,8.290830853898712e-05
224,1,22,inh_ligand,8.282184414093308e-05
225,1,22,amplitude_measurement,8.205751839239865e-05
226,1,22,single_crystal,8.19436923173509e-05
227,1,22,intermolecular_n_h_pair,8.187148689223595e-05
228,1,22,desulfovibrio_africanu,8.106831150239676e-05
229,1,22,p_level,8.077670180184486e-05
230,1,23,chloroform_solvent,8.966900338882757e-05
231,1,23,crystallographic_symmetry_possess,8.615316731258978e-05
232,1,23,c_like_domain,8.509216424236753e-05
233,1,23,hydroxyl_group_benzyl,8.444032829005223e-05
234,1,23,backbone_atom,8.440216563780822e-05
235,1,23,colloidal_cluster,8.43725829844691e-05
236,1,23,syn_anti_fashion_bridge,8.413275941594734e-05
237,1,23,beta_gamma,8.376940785900333e-05
238,1,23,terminal_card,8.323544657169015e-05
239,1,23,infinite_zigzag,8.295654243124674e-05
240,1,24,h_centroid_distance,8.63019707139761e-05
241,1,24,aerobic_condition,8.449050600407727e-05
242,1,24,guest_molecule,8.35949432513641e-05
243,1,24,mineralize_collagen_fibril,8.334520776755066e-05
244,1,24,s_distance,8.333482455528874e-05
245,1,24,absorb_dose,8.268443041549049e-05
246,1,24,dilute_silica_dynamic,8.262829977735681e-05
247,1,24,carbonylthiourea_group_ring,8.197047057259263e-05
248,1,24,prefer_orientation_effect,8.194208834224346e-05
249,1,24,ptprq_disorder_loop,8.189871698025175e-05
250,1,25,flexible_nature,9.005425809083787e-05
251,1,25,ctd_characterize_modification,8.68969655893123e-05
252,1,25,crystal_pack,8.42494519424484e-05
253,1,25,face_share,8.401100542847017e-05
254,1,25,dioxane_dimer,8.223509325182396e-05
255,1,25,position_substitution,8.213860985673364e-05
256,1,25,graphic_explanation,8.183730495892379e-05
257,1,25,intramolecular_trifurcate_hydrogen_bond,8.159828875761404e-05
258,1,25,helical_distorsion,8.154559150283874e-05
259,1,25,experimental_electron_density,8.13828611771517e-05
260,1,26,phosphine_ligand,8.560674069430474e-05
261,1,26,seven_beta,8.461144565519201e-05
262,1,26,loop_disorder,8.366765985336812e-05
263,1,26,monoclinic_chloride_analogue,8.361944647318268e-05
264,1,26,bc_aring_plusmn,8.337871159852097e-05
265,1,26,multi_beam,8.293865838950094e-05
266,1,26,pi_interchain_hydrogen_bond,8.252815857249255e-05
267,1,26,continuous_x_ray_spectrum,8.235453502965188e-05
268,1,26,d_ring_envelope,8.229452311286289e-05
269,1,26,shape_particle,8.200238389200441e-05
270,1,27,cubic_space_group,8.822903023131483e-05
271,1,27,metal_complex_work,8.495897703020039e-05
272,1,27,b_a,8.343837812887093e-05
273,1,27,bipyramidal_environment,8.341541262683338e-05
274,1,27,house_develope_experimental_station,8.300009101093688e-05
275,1,27,molecular_chirality,8.269685495564333e-05
276,1,27,isothermal_titration_calorimetry,8.2144066377822e-05
277,1,27,improve_precision,8.208940761960782e-05
278,1,27,refine_structure_test_reconstruction,8.159887598055556e-05
279,1,27,centrosymmetric_polyvanadate,8.141966691862132e-05
280,1,28,approximately_deg_dihedral_angle,8.516524644732391e-05
281,1,28,acid_phosphatase,8.46454942310834e-05
282,1,28,orientation_information_texture,8.420933462531957e-05
283,1,28,polyethylene_glycol,8.388587039711628e-05
284,1,28,sample_zeolite_correspond_subset,8.357408633035389e-05
285,1,28,structurally_characterize_phosphonate_sulfonylhydrazone,8.268726489012217e-05
286,1,28,proline_state,8.232861234157949e-05
287,1,28,ctd_new_regulatory_site,8.218919547491933e-05
288,1,28,manganese_hexathiodiphosphate,8.190414042351477e-05
289,1,28,datum_resolution,8.135472587759893e-05
290,1,29,cubic_crystal_form,8.653419312429948e-05
291,1,29,fluconazole_ligand,8.58451710801599e-05
292,1,29,nmr_spectrum_observe_asymmetry,8.524922491861314e-05
293,1,29,molecule_angle_bond_length,8.352924999153856e-05
294,1,29,hirshfeld_surface_analysis,8.328842490480675e-05
295,1,29,pyrimidine_imidazole_ring_plane,8.278440356686924e-05
296,1,29,usual_chair_conformation,8.268479272759361e-05
297,1,29,current_protocol,8.263278425571784e-05
298,1,29,chiral_monoclinic_space_group,8.256889197053735e-05
299,1,29,solid_state_photoluminescence_property,8.209257879753872e-05
300,1,30,ibm_fortran_iv,8.593124414544644e-05
301,1,30,polychromatic_source,8.473300250009375e-05
302,1,30,graph_set_motif,8.432684741759221e-05
303,1,30,organic_solvent,8.420489055243286e-05
304,1,30,unoccupied_ligand_bind_pocket,8.313512245770509e-05
305,1,30,screw_relate_molecule,8.292054594466206e-05
306,1,30,effective_electronegativity,8.245380378365997e-05
307,1,30,peak_asymmetry,8.241069933803179e-05
308,1,30,positive_sense,8.221598313679026e-05
309,1,30,pyrimidinone_ring,8.207709993534619e-05
310,1,31,electrostatic_charge_distribution,8.647100180937506e-05
311,1,31,iii_dimethylsilicon,8.480480476523471e-05
312,1,31,fluconazole_ligand,8.460701708349361e-05
313,1,31,gallbladder_stone_atheroclerotic_plaque,8.405251900284194e-05
314,1,31,mnii_cation,8.324694210555727e-05
315,1,31,bridge_pair,8.321099640783674e-05
316,1,31,protein_fold_enzyme,8.309294483617905e-05
317,1,31,residue_indole_pyrrolidine_ring,8.29742972583999e-05
318,1,31,amino_group_place,8.27572073334317e-05
319,1,31,exafs_experiment,8.249962417168211e-05
320,1,32,k_mutant,9.182564426305997e-05
321,1,32,ipso_c_atom,8.816176828560306e-05
322,1,32,euclidean_space_imposition_addition,8.698400355438325e-05
323,1,32,rock_curve,8.690125093722316e-05
324,1,32,topological_relation,8.619163856249451e-05
325,1,32,axis_chain_hydrogen_bond,8.350219217182763e-05
326,1,32,ni_absorption_edge,8.34665618312795e-05
327,1,32,acetone_pentane,8.340531893791292e-05
328,1,32,zero_angle,8.332444226498576e-05
329,1,32,pyridyl_ring_cl_atom,8.281592891270248e-05
330,1,33,compute_scheme,8.9158691161507e-05
331,1,33,aring_interatomic_distance,8.685424123673613e-05
332,1,33,isoquinoline_ring,8.475246853205143e-05
333,1,33,bind_orn_analog_structure,8.454349808071368e-05
334,1,33,bicrystal_topograph,8.433562388442059e-05
335,1,33,diffraction_dispersion_surface,8.389070567735823e-05
336,1,33,ab_plane_layer,8.33862848928637e-05
337,1,33,relative_arrangement,8.296094506642234e-05
338,1,33,cancer_cell,8.225934612758268e-05
339,1,33,pentameric_form,8.202861507327058e-05
340,1,34,form_dimer_hydrogen_bond,9.169997492956671e-05
341,1,34,web_site,8.730632393790494e-05
342,1,34,delocalized_bond_system,8.491424264492246e-05
343,1,34,bromide_water,8.351266605481495e-05
344,1,34,terminal_n_atom,8.333935371329368e-05
345,1,34,membered_silaheterocycle,8.324174551723068e-05
346,1,34,shoulder_girdle_spine,8.307379501113437e-05
347,1,34,anomalous_scatter_datum,8.300156347193777e-05
348,1,34,manual_inspection,8.287628043603137e-05
349,1,34,different_conformation,8.226795566644633e-05
350,1,35,o_h,8.574657669044311e-05
351,1,35,aluminium_sheet,8.512549081653578e-05
352,1,35,development_research,8.492773626590479e-05
353,1,35,fumi_amp,8.224041321288403e-05
354,1,35,pyridine_fragment_aromaticity,8.191472312379995e-05
355,1,35,sniv_atom,8.187369781028774e-05
356,1,35,edp_diffraction_spot,8.1591669697596e-05
357,1,35,solution_evaporation_hydrothermal_reaction,8.131139604879033e-05
358,1,35,slightly_different_conformation,8.127993151554054e-05
359,1,35,food_paper_industry,8.111261278324364e-05
360,1,36,cubic_modification,8.831073461316889e-05
361,1,36,little_effect,8.473618895470939e-05
362,1,36,design_rmd_diffractometer,8.459258782696719e-05
363,1,36,h_acceptor,8.386997515802298e-05
364,1,36,theoretical_community,8.359032146102196e-05
365,1,36,systematic_difference,8.353959199101315e-05
366,1,36,central_growth_area,8.342826343707045e-05
367,1,36,numerous_weak_interaction,8.283596644584047e-05
368,1,36,molybdate_phosphate,8.269193976035407e-05
369,1,36,propagate_crystallographically_independent_chain,8.262814159903463e-05
370,1,37,polyoxoanion_exhibit,8.478449026295319e-05
371,1,37,novo_determination,8.438023573118493e-05
372,1,37,ncs_two_thiocyanate_anion,8.430666992858227e-05
373,1,37,statistical_interpretation,8.358641248830302e-05
374,1,37,classical_cubic_silicon_structure,8.358223105941238e-05
375,1,37,absorb_dose,8.327965430041921e-05
376,1,37,be_symmetry,8.268098144998007e-05
377,1,37,quantitative_fringe_measurement,8.241451868090862e-05
378,1,37,metal_atom_distort_octahedron,8.237004212289462e-05
379,1,37,obtain_crystal_space_group,8.216300020558045e-05
380,1,38,takagi_taupin_analytic_solution,8.488889804405483e-05
381,1,38,high_angular_resolution_diffraction,8.405487943652636e-05
382,1,38,site_symmetry,8.402163922313903e-05
383,1,38,solvent_vapor,8.394871558099595e-05
384,1,38,van_der_waals_interaction,8.364457155821139e-05
385,1,38,o_torsion_angle,8.282776838435564e-05
386,1,38,dna_bind_domain_beta,8.271296197868084e-05
387,1,38,outer_ring,8.253517189573393e-05
388,1,38,nominal_value,8.227653788749531e-05
389,1,38,thermal_stability,8.202718312360422e-05
390,1,39,amine_hydroxymethyl,8.617310072980434e-05
391,1,39,x_radiation,8.527994005274187e-05
392,1,39,plusmn_bth,8.481849844662938e-05
393,1,39,reliable_relative_intensity,8.46779915222777e-05
394,1,39,hexaanion_minus_independent_centrosymmetric,8.443844740383877e-05
395,1,39,atom_n,8.349858826480916e-05
396,1,39,anion_excess_fluorite,8.33630931564078e-05
397,1,39,mineralize_collagen_fibril,8.225092337129547e-05
398,1,39,ps_time_scale,8.198466066922104e-05
399,1,39,variable_sample_table,8.186595404748334e-05
400,1,40,topo_tomography_experiment,8.82030662575344e-05
401,1,40,new_polytype,8.57392768433291e-05
402,1,40,prime_neutral_network,8.519179309632344e-05
403,1,40,middot_racemic_asymmetric_unit,8.434836227559234e-05
404,1,40,energy_density,8.432000515269234e-05
405,1,40,de_novo,8.400017616523166e-05
406,1,40,reduce_form,8.342301046024884e-05
407,1,40,ethyl_ester_form_dimer,8.337557427259197e-05
408,1,40,ab_plane_parallel,8.325151071948655e-05
409,1,40,solvent_exchange_transformation,8.322233597371492e-05
410,1,41,elliptical_toru,8.748511221897999e-05
411,1,41,donor_acceptor_distance,8.565822868897281e-05
412,1,41,esrf_undulator,8.539472697618575e-05
413,1,41,hydrocarbon_exterior,8.515740628693321e-05
414,1,41,background_intensity,8.435357508346906e-05
415,1,41,carbozole_system_phenyl_ring,8.434899623209923e-05
416,1,41,conjugation_system,8.396992382256003e-05
417,1,41,theta_e,8.330707456248285e-05
418,1,41,mutant_enzyme_activity,8.313702344462535e-05
419,1,41,low_angle,8.252717238493824e-05
420,1,42,kato_fringe_visibility,8.526401824214106e-05
421,1,42,issue_resolve_order,8.46282171926204e-05
422,1,42,fringe_contrast,8.44641622083332e-05
423,1,42,synchrotron_topography,8.34030428044339e-05
424,1,42,opposite_side,8.282948473238784e-05
425,1,42,prefer_orientation,8.228220201401547e-05
426,1,42,bridge_bimetallic_complex,8.22581464760094e-05
427,1,42,different_oxo_complex,8.204939450657132e-05
428,1,42,therapeutic_prophylactic_treatment,8.190772133367098e-05
429,1,42,surface_fractal_dimension,8.184974978996679e-05
430,1,43,alpha_g,9.141292163585983e-05
431,1,43,well_case,8.475753932470114e-05
432,1,43,half_protonated_acridine_cation,8.457435316454769e-05
433,1,43,unsymmetrical_schiff_base,8.405514593959942e-05
434,1,43,l_edge_spectroscopy,8.395294423304647e-05
435,1,43,membrane_protein_sample,8.371676229654732e-05
436,1,43,micrometer_resolution_xnfs_detector,8.313000450941191e-05
437,1,43,section_e,8.29900760807164e-05
438,1,43,analogous_sm_crystal,8.288594564723417e-05
439,1,43,recent_literature,8.287732406924611e-05
440,1,44,plane_wave_condition,8.762066461817628e-05
441,1,44,bragg_case_beam_diffraction,8.711959414856424e-05
442,1,44,different_cartesian_coordinate_system,8.708186579248805e-05
443,1,44,boundary_condition,8.480225904180978e-05
444,1,44,pivotal_role,8.412668112597978e-05
445,1,44,automate_pipeline_useful_information,8.40810213494828e-05
446,1,44,agarose_gel,8.342918476677895e-05
447,1,44,overall_reliability,8.324538833595295e-05
448,1,44,lamella_average_thickness,8.301987831314896e-05
449,1,44,systematic_formic_acid,8.300088274025517e-05
450,1,45,foil_unit_area,9.16918603736553e-05
451,1,45,o_h_n,8.967338446714115e-05
452,1,45,structure_rest_holmium,8.659057574248912e-05
453,1,45,dynamic_nature,8.525879395409373e-05
454,1,45,recent_advance,8.4851679756767e-05
455,1,45,rfree_r,8.394327424225313e-05
456,1,45,detail_description,8.390713239238874e-05
457,1,45,refinement_code,8.372637840168574e-05
458,1,45,solid_quantum_crystal,8.355295379696224e-05
459,1,45,radiation_source,8.228694529130327e-05
460,1,46,chloroform_solvent_molecule,9.317381771341697e-05
461,1,46,distort_octahedral_structure,8.722327049803462e-05
462,1,46,azomethine_c_n_bond,8.559006456594466e-05
463,1,46,x_ray_holography,8.492520138734582e-05
464,1,46,cambridge_structural_database_search,8.471756512107225e-05
465,1,46,human_immunodeficiency,8.375048570713313e-05
466,1,46,local_cs_symmetry,8.311326121401075e-05
467,1,46,bind_partner,8.283892835778455e-05
468,1,46,exit_face,8.253234574669722e-05
469,1,46,method_description,8.201568217955475e-05
470,1,47,substituent_interaction,8.80483962848263e-05
471,1,47,cupric_bromide,8.688700154429407e-05
472,1,47,cerium_complex,8.687575338190409e-05
473,1,47,p_atom_effective_electronegativity,8.657581287637667e-05
474,1,47,triosephosphate_isomerase,8.499432834337676e-05
475,1,47,le_mu_be_form,8.455024619251384e-05
476,1,47,tetranuclear_complex,8.454090867107359e-05
477,1,47,pathogen_inducible_oxygenase,8.412885185279507e-05
478,1,47,observation_suitable_weight,8.391570346263721e-05
479,1,47,ordinary_dynamical_theory,8.352761125956051e-05
480,1,48,acid_middot,8.553749523147129e-05
481,1,48,coli_expression_contaminant,8.362420500615482e-05
482,1,48,unique_br_atom,8.282766327293404e-05
483,1,48,chelidamic_acid_middot,8.27414162933782e-05
484,1,48,rotation_angle_deg,8.252164744552425e-05
485,1,48,symmetry_centre_application,8.204855233725403e-05
486,1,48,vertex_polyhedron,8.200845057419215e-05
487,1,48,strong_tran_influence,8.173885323308573e-05
488,1,48,otbu_glycine,8.173401215551179e-05
489,1,48,minimum_numb,8.171607141454594e-05
490,1,49,aminomethyl_group,8.64319031461705e-05
491,1,49,practical_approach,8.462722701095618e-05
492,1,49,material_absolute_optical_chirality,8.453853125690408e-05
493,1,49,temperature_single_crystal,8.331016059887852e-05
494,1,49,hippuric_acid,8.243416418700719e-05
495,1,49,benzyloxy_group,8.201846719000379e-05
496,1,49,standard_set,8.195760110799018e-05
497,1,49,n_carbonyl_methylamino_function,8.163237062146289e-05
498,1,49,middot_methanoic_acid_disolvate,8.15870651191228e-05
499,1,49,family_member,8.127446097163457e-05
0,2,0,kh_domain,7.976216067485458e-05
1,2,0,water_molecule_organic_molecule,7.929493237436987e-05
2,2,0,pure_silica_analogue,7.825385077017525e-05
3,2,0,membered_carbon_ring_centroid,7.602634142682784e-05
4,2,0,different_datum_collection_strategy,7.563802283954298e-05
5,2,0,aring_length_f,7.561779646092117e-05
6,2,0,npyridyl_interaction,7.539192844067007e-05
7,2,0,cmcm_structure,7.537890757267432e-05
8,2,0,promise_result,7.513528469959345e-05
9,2,0,a_bind_site,7.49908408679773e-05
10,2,1,leg_piano_stool_geometry,7.673611269468023e-05
11,2,1,x_ray_transparent_diamond,7.672380268565166e-05
12,2,1,symmetry_relate_domain,7.627017045491013e-05
13,2,1,macromolecular_refinement,7.602018818567754e-05
14,2,1,elemental_analysis,7.588823400653628e-05
15,2,1,dataflow_software,7.580809035199634e-05
16,2,1,l_shell,7.566464049149496e-05
17,2,1,new_academic_course,7.566162326845796e-05
18,2,1,similar_process_recrystallization_phenomenon,7.559496743499096e-05
19,2,1,si_atom,7.558104497754066e-05
