,run,topic,terms,p
eature_interaction,8.671022906596474e-05
1,1,0,refractive_index,8.368914631585008e-05
2,1,0,chemical_component_spatial_distribution,8.308716678455746e-05
3,1,0,optimization_problem_formulate_extension,8.203404257022418e-05
4,1,0,s_contact,8.186016070915037e-05
5,1,0,asymmetric_unit_solvent_molecule,8.067215213830979e-05
6,1,0,octahedral_cr_atom,8.06587954438849e-05
7,1,0,bend_crystal,8.060695140103335e-05
8,1,0,clathrin_bind_site,8.005702088832758e-05
9,1,0,product_bind_form,8.00057949064034e-05
10,1,1,o_n,8.49423180544989e-05
11,1,1,graphic_explanation,8.311522395419025e-05
12,1,1,consideration_dislocation,8.274933987347206e-05
13,1,1,escape_result,8.22935478398274e-05
14,1,1,polarise_neutron,8.218159830817003e-05
15,1,1,atom_br_pyrimidinyl_ligand,8.217878531649057e-05
16,1,1,liii_edge,8.217000168826333e-05
17,1,1,indole_alkaloid_single_crystal,8.19469857273771e-05
18,1,1,binuclear_centrosymmetric,8.192199718953054e-05
19,1,1,hydrogen_bond_anionic_ribbon,8.190275836928473e-05
20,1,2,ethyl_substituent,9.05580979531799e-05
21,1,2,symmetric_laue_image,8.505223879737623e-05
22,1,2,tran_conformation,8.368659815299367e-05
23,1,2,experimental_community_widespread_perception,8.340193079402391e-05
24,1,2,tumor_suppressor_protein,8.283169020159139e-05
25,1,2,n_methylpropionamide_group,8.253180791353823e-05
26,1,2,brief_overview,8.167535341936267e-05
27,1,2,molecular_fragment,8.16071031981611e-05
28,1,2,low_limit,8.117643919404989e-05
29,1,2,phophoribosylaminoimidazole_succinocarboxamide,8.103131057971562e-05
30,1,3,scatter_enhance_image_diffraction,8.399608424300575e-05
31,1,3,possible_use,8.325669969947172e-05
32,1,3,intermediate_alloy,8.203885939826675e-05
33,1,3,different_polymorph,8.19550415804286e-05
34,1,3,intermediate_high_incident_energy,8.156996946429572e-05
35,1,3,deleterious_effect,8.131246536264642e-05
36,1,3,merge_reflection,8.100280480705862e-05
37,1,3,ring_system_pi_interaction,8.091415264702694e-05
38,1,3,peak_diffract_wave_amplitude,8.037194542828947e-05
39,1,3,multiple_hydrogen_bond,8.035861424805321e-05
40,1,4,main_structural_result,8.732301115688152e-05
41,1,4,guinier_camera,8.506847440535389e-05
42,1,4,sample_zeolite_correspond_subset,8.459119217993613e-05
43,1,4,rigid_body_vibration,8.410506666309782e-05
44,1,4,flat_molecule_structure,8.33384433380793e-05
45,1,4,human_disease_broad_spectrum,8.296992405710611e-05
46,1,4,nccn_group,8.193999782993835e-05
47,1,4,orthorhombic_crystal_form,8.185259296620851e-05
48,1,4,myoglobin_structure,8.143639065723457e-05
49,1,4,basic_concept,8.13857322003163e-05
50,1,5,thin_crystal,8.465348883421569e-05
51,1,5,c_axis_parallel_chain,8.373319973074108e-05
52,1,5,dianionic_complex,8.179401741544712e-05
53,1,5,anion_minus_prime_prime,8.176496795335453e-05
54,1,5,nitrophenoxy_group,8.150704142298949e-05
55,1,5,non_classical_c_h,8.140168496634061e-05
56,1,5,ir_ir_distance,8.10838220986056e-05
57,1,5,dx_minus_cm,8.09587662318441e-05
58,1,5,crystal_spatial_distribution,8.046082878889359e-05
59,1,5,exact_random_walk_technique,8.04244167267817e-05
60,1,6,true_diffraction_potential,8.573879528675183e-05
61,1,6,thiocyanate_ion_several_site,8.51241651901911e-05
62,1,6,dinuclear_structure,8.379204799139871e-05
63,1,6,cross_translation_function_rotation,8.241775049041158e-05
64,1,6,monoclinic_system,8.233781570574084e-05
65,1,6,hexadentate_ligand,8.21142751324618e-05
66,1,6,intramolecular_extensive_network,8.175192744127669e-05
67,1,6,common_antimalarial_chloroquine,8.153489143652025e-05
68,1,6,mass_fractal,8.151262786396309e-05
69,1,6,kda_peo_block,8.14709922325032e-05
70,1,7,nicotine_ligand,8.570819608071692e-05
71,1,7,hoffmann_r,8.387347403710822e-05
72,1,7,inter_particle_interaction,8.3796467336568e-05
73,1,7,hydrogen_bond_system,8.26541917739236e-05
74,1,7,x_ray_structure,8.223075346393761e-05
75,1,7,ideal_orientation,8.217537598759112e-05
76,1,7,peo_block,8.184677823179048e-05
77,1,7,fluorescent_sample,8.176759072393596e-05
78,1,7,atom_n_o,8.111120846604886e-05
79,1,7,benzothiazine_unit_benzene_ring,8.073187065042282e-05
80,1,8,development_advance_research,8.445504932479939e-05
81,1,8,mer_arrangement_water_molecule,8.341564583476573e-05
82,1,8,white_portland_clinker,8.293651949027032e-05
83,1,8,peak_shift,8.255218473214349e-05
84,1,8,low_limit,8.21472936472936e-05
85,1,8,crystallographic_datum_transformation,8.198697543355657e-05
86,1,8,theory_poor_agreement,8.158478001707007e-05
87,1,8,proplyamine_chain,8.099593482591875e-05
88,1,8,nitrooxy_group,8.093773705253531e-05
89,1,8,phnz_subfamily_conserve_histidine,8.064532532500317e-05
90,1,9,metric_parameter_difference,8.510885049873622e-05
91,1,9,downs_amp,8.445467175260645e-05
92,1,9,dsb_catalyst,8.370878775186146e-05
93,1,9,tetrahedral_coordination_environment,8.35404114271575e-05
94,1,9,appropriate_line_shape,8.248731309825595e-05
95,1,9,exocyclic_purine_phenyl_ring,8.188282152015041e-05
96,1,9,elucidate_basic_principle,8.165415409782653e-05
97,1,9,combination_probability,8.124793984915106e-05
98,1,9,ph_m_tris_hcl,8.10887465023677e-05
99,1,9,molecule_form_inversion,8.074979174490088e-05
0,2,0,nitrate_group,8.485521379108015e-05
1,2,0,new_expression,8.361921237864779e-05
2,2,0,form_inversion_dimer,8.132125687288782e-05
3,2,0,n_bond,8.119591353334116e-05
4,2,0,bond_metallic_nature,8.102646689600183e-05
5,2,0,crystal_structure_stability,8.050759289431347e-05
6,2,0,initial_crystal,8.041013536073408e-05
7,2,0,thionyl_chloride,7.998317834675862e-05
8,2,0,hydrogen_bond_engage_monoanion,7.977386200731066e-05
9,2,0,natural_product,7.976456411187236e-05
10,2,1,dinuclear_cation,8.343155394298622e-05
11,2,1,octahedron_phase_rotation,8.317559963906926e-05
12,2,1,independent_indicator,8.253648737229417e-05
13,2,1,water_molecule_chloride_anion,8.169754923771434e-05
14,2,1,maleonitriledithiolate_ligand,8.037486192623462e-05
15,2,1,tran_position,8.014202064686996e-05
16,2,1,n_methylimidazole_solution,7.986703817665316e-05
17,2,1,neutron_path_length,7.968773110768783e-05
18,2,1,crystallographically_observe_molecular_structure,7.963853218198186e-05
19,2,1,well_aring_resolution,7.920259239845622e-05
20,2,2,exist_phase_method,8.594207805059969e-05
21,2,2,isomorphism_class,8.253454587248943e-05
22,2,2,pseudo_mm_symmetry,8.062487551069352e-05
23,2,2,chain_generate_hydrogen_bond,8.058720934131778e-05
24,2,2,angular_displacement,8.05574820192547e-05
25,2,2,numerical_determination,7.98945726711565e-05
26,2,2,negative_strand_rna_synthesis,7.939298240260617e-05
27,2,2,accessible_range,7.917866231212982e-05
28,2,2,bridgehead_c_atom,7.899973682519825e-05
29,2,2,transition_temperature,7.873026016729999e-05
30,2,3,tungsten_atom,8.164651639815798e-05
31,2,3,deformation_distribution,8.101457680126104e-05
32,2,3,bond_distance,8.091364982601532e-05
33,2,3,iron_large_abundance,8.048335385370221e-05
34,2,3,only_si_framework,7.933544676272851e-05
35,2,3,phiv_plusmn,7.922472773279645e-05
36,2,3,trimodular_c_terminal_fragment,7.885211898416178e-05
37,2,3,infinite_zigzag,7.878237377739308e-05
38,2,3,plp_cofactor_pyridoxal_phosphate,7.87240913275471e-05
39,2,3,two_loop,7.86535519171957e-05
40,2,4,entrance_surface_point_source,8.778135361426111e-05
41,2,4,intramolecular_n,8.616656665994497e-05
42,2,4,square_refinement,8.43006605907159e-05
43,2,4,diyttrium_heptaoxodisilicate_new_form,8.347053762033895e-05
44,2,4,minus_w_mm,8.200444323384895e-05
45,2,4,previous_theoretical_experimental_value,8.153430626730352e-05
46,2,4,uncertainty_estimate,8.14226999326108e-05
47,2,4,twin_structure,8.072535967532274e-05
48,2,4,syn_orientation,8.068948949414094e-05
49,2,4,metabolic_energy,8.059211153183965e-05
50,2,5,structural_variation,8.484301493243098e-05
51,2,5,alpha_alpha_delta_sin,8.367742301292401e-05
52,2,5,thiocyanate_counterion_ethyl_acetate,8.301209965213002e-05
53,2,5,terminal_n_atom,8.095765654385855e-05
54,2,5,characteristic_torsion_angle,8.018851390157063e-05
55,2,5,commercial_anodisc_reg_membrane,8.01735992974871e-05
56,2,5,ligand_s_atom,7.995938505729047e-05
57,2,5,time_superstructure,7.969622230678799e-05
58,2,5,neutron_path_length,7.96261913836118e-05
59,2,5,tetramer_interface_vicinity,7.926683817221184e-05
0,3,0,statistical_interpretation,8.102475204526013e-05
1,3,0,high_temperature_phase,7.934578870946402e-05
2,3,0,calculation_experiment,7.923450926478393e-05
3,3,0,saicar_synthase_family,7.908426034348062e-05
4,3,0,protein_model_build,7.806069670844436e-05
5,3,0,hydrogen_bond_form,7.785345459238277e-05
6,3,0,conventional_bragg_brentano_geometry,7.783729353465883e-05
7,3,0,tetradecaaquatetrasodium_crystal,7.775700972432612e-05
8,3,0,mandelic_acid_acid_unit,7.767208932276644e-05
9,3,0,material_science,7.757486633004591e-05
10,3,1,appl_neutron_powder_datum,7.934707588930416e-05
11,3,1,nitrite_ion,7.926233639784186e-05
12,3,1,occupancy_site,7.845367706783454e-05
13,3,1,molecular_mechanisim,7.790752654936926e-05
14,3,1,phosphonate_sulfonylhydrazone,7.713298142843706e-05
15,3,1,gas_proportional_detector,7.6805475595921e-05
16,3,1,electron_diffraction_tomography,7.655806549198675e-05
17,3,1,twofold_screw,7.64909814118111e-05
18,3,1,protein_motion_range,7.611193345141803e-05
19,3,1,new_polytype,7.593031193609382e-05
20,3,2,alpha_helix,8.355340973218955e-05
21,3,2,test_measurement_result,8.167689887661283e-05
22,3,2,cancer_cell,7.987519342954172e-05
23,3,2,conserve_p_loop_motif,7.825695580512829e-05
24,3,2,strong_substituent_interaction,7.810734861076619e-05
25,3,2,self_practice_assessment,7.762094637817994e-05
26,3,2,hinge_domain_link,7.755224643350008e-05
27,3,2,low_background_material_thing,7.742839189240883e-05
28,3,2,protein_fragment,7.74157464321926e-05
29,3,2,nmr_datum,7.71617651613259e-05
0,4,0,horizontal_speciman_rotation_axis,7.386718000092245e-05
1,4,0,crystal_domain,7.335316913722605e-05
2,4,0,chloride_calcium_sodium_citrate,7.27865080347692e-05
3,4,0,severely_distort_tetrahedral_geometry,7.249285192794031e-05
4,4,0,material_science,7.21720101837716e-05
5,4,0,neutron_path_length,7.21671628527183e-05
6,4,0,lactone_ring,7.207498973043491e-05
7,4,0,molecule_planarity,7.194210792270484e-05
8,4,0,recent_time,7.180051496287545e-05
9,4,0,unusual_hppd_like_domain,7.179834704377098e-05
