,run,topic,terms,p
imension,8.347024170464661e-05
1,1,0,malimide_grignard_reaction_product,8.28684736509447e-05
2,1,0,comparative_analysis,8.141507289317907e-05
3,1,0,carboxyl_group_plane,8.09355371619837e-05
4,1,0,unligand_aotc,8.056001125597478e-05
5,1,0,anti_configure_hexyloxy_chain,8.023935327288453e-05
6,1,0,minus_bandwidth,8.018112226371083e-05
7,1,0,useful_negative_relation,7.99226815279107e-05
8,1,0,o_h_intramolecular,7.9632058825353e-05
9,1,0,dichloro_tran,7.942612340688682e-05
10,1,1,x_ray_diffraction_datum,8.11047038888328e-05
11,1,1,quantitative_fit,8.028972451409388e-05
12,1,1,macrocycle_adopt_cone_conformation,8.028968051463083e-05
13,1,1,tetrahedron_share_vertex,7.986078531163978e-05
14,1,1,er_stress_transducer,7.960127788782984e-05
15,1,1,water_o,7.936531115095917e-05
16,1,1,isomorphous_crystal,7.92385986432936e-05
17,1,1,cucr_mu_core_binuclear,7.918729175138581e-05
18,1,1,sulfonyl_group,7.892375355088257e-05
19,1,1,neutral_network,7.870576785131737e-05
20,1,2,different_pressure_temperature_condition,8.432153715680434e-05
21,1,2,relate_element,8.408808022044975e-05
22,1,2,general_specimen,8.328231119778084e-05
23,1,2,san_measurement,8.090120889127903e-05
24,1,2,viv_atom,8.054241285288959e-05
25,1,2,pi_sample_method,8.024034003322277e-05
26,1,2,unchanging_s_configuration,7.997577696109802e-05
27,1,2,structure_herringbone_like_pack,7.992700125531045e-05
28,1,2,fast_response_time_property,7.992393016399996e-05
29,1,2,reflection_refraction,7.985548841223463e-05
30,1,3,intra_ligand_bridge_group,8.286646867812803e-05
31,1,3,atomic_focuser_crystal_atom,8.185797862690488e-05
32,1,3,chemistry_biology_student,8.174308960863527e-05
33,1,3,diblock_copolymer,8.142921780390575e-05
34,1,3,layer_structure,8.07932047913268e-05
35,1,3,delta_soft_rotary_phonon,8.054740236066063e-05
36,1,3,dimensional_superstructure,8.052167191960772e-05
37,1,3,magnetic_field_transport_positron,8.032987809912592e-05
38,1,3,light_source,8.026887558142428e-05
39,1,3,increase_importance,8.003576114326716e-05
40,1,4,peak_width,8.34987723014596e-05
41,1,4,parallel_form_sheet,8.19923724548583e-05
42,1,4,non_classical_c_h,8.138905593664399e-05
43,1,4,mean_square_angular_libration,8.124579729347977e-05
44,1,4,correspond_pr,8.052539180189097e-05
45,1,4,orthorhombic_crystal_form,7.98652440576306e-05
46,1,4,avian_haemoglobin,7.923651371360787e-05
47,1,4,result_calculation_lorentzian_profile,7.914923074643141e-05
48,1,4,sad_experiment,7.88922088493033e-05
49,1,4,distinct_ligand_n_atom,7.855532253199708e-05
0,2,0,iron_nanoparticle,7.623425285614644e-05
1,2,0,recruit_clathrin_internalization,7.398093490028743e-05
2,2,0,angular_acceptance,7.331662958293491e-05
3,2,0,fuse_ring_molecule,7.325961524014096e-05
4,2,0,elongational_flow,7.251343507377792e-05
5,2,0,keto_enol_form,7.247068528625792e-05
6,2,0,acid_reversible_dehydration,7.238587511690282e-05
7,2,0,cuprophilic_interaction,7.220931733343034e-05
8,2,0,tetragonal_antiprism,7.213785491575804e-05
9,2,0,mono_ester_calixarene,7.202109130063274e-05
