doc ID,topic pairs
10.1107/S160053681000228X,"[(112, 0.9502603174663236)]"
10.1107/S1600536809055135,"[(7, 0.8771954314508572)]"
10.1107/S1600536809055639,"[(7, 0.9622139789085142)]"
10.1107/S1600536809055433,"[(7, 0.7538054122752796), (104, 0.21257820263464144)]"
10.1107/S1600536810002229,"[(86, 0.6666680454219137), (12, 0.26797972523508423)]"
10.1107/S160053681000262X,"[(1, 0.523391601902296), (4, 0.42040560307371466)]"
10.1107/S1600536810002886,"[(5, 0.9296499759152783)]"
10.1107/S1600536810002308,"[(75, 0.9530107316502073)]"
10.1107/S1600536810001789,"[(1, 0.9250314102153754)]"
10.1107/S1600536810001157,"[(5, 0.9481631401480998)]"
10.1107/S160053680905572X,"[(142, 0.5107335903423705), (139, 0.39896194724816)]"
10.1107/S1600536810001121,"[(0, 0.617759198763369), (7, 0.3502843233559502)]"
10.1107/S1600536809054269,"[(137, 0.965633741677005)]"
10.1107/S1600536810001583,"[(0, 0.942573071291536)]"
10.1107/S0108270102020681,"[(0, 0.635972838013859), (111, 0.25588593390730946)]"
10.1107/S1600536810002564,"[(50, 0.9604994729847014)]"
10.1107/S1600536810001881,"[(7, 0.9106875831306012)]"
10.1107/S1600536810002266,"[(27, 0.7516976385936807)]"
10.1107/S0108270102021819,"[(117, 0.9547410332277021)]"
10.1107/S0108270100003371,"[(27, 0.8013581108980631)]"
10.1107/S0108270199016339,"[(21, 0.9504269183247248)]"
10.1107/S0108270100000615,"[(110, 0.4326067921978789), (93, 0.42593703891202706)]"
10.1107/S0108270199016923,"[(23, 0.93426419628581)]"
10.1107/S0907444904006559,"[(71, 0.969058679104438)]"
10.1107/S1600536804023086,"[(46, 0.941685915951652)]"
10.1107/S1600536804020690,"[(11, 0.9453227156155284)]"
10.1107/S1600536804021270,"[(126, 0.9169123770220083)]"
10.1107/S160053680402121X,"[(116, 0.8757865111702813)]"
10.1107/S1600536804021385,"[(44, 0.9237036294870858)]"
10.1107/S1600536804021786,"[(5, 0.47842931303137903), (21, 0.45647988892251445)]"
10.1107/S1600536804022160,"[(29, 0.9341887932182981)]"
10.1107/S0108270199015607,"[(21, 0.9632791987590553)]"
10.1107/S1600536804023682,"[(77, 0.7234281263522081), (1, 0.2119184405550699)]"
10.1107/S1600536804024043,"[(0, 0.7470140168869797), (29, 0.16540181131580137)]"
10.1107/S0108270104017883,"[(54, 0.9634318913159731)]"
10.1107/S0108270104018682,"[(139, 0.4780591594259233), (77, 0.3385808253647629), (8, 0.14427038573192613)]"
10.1107/S0108270100001499,"[(70, 0.9415525902414887)]"
10.1107/S0108270104016130,"[(23, 0.9481033128538048)]"
10.1107/S0108767303012972,"[(2, 0.45096343486234425), (20, 0.36638823132034787), (44, 0.16193669398750288)]"
10.1107/S0021889811013343,"[(2, 0.9812985128248001)]"
10.1107/S0567739468000197,"[(21, 0.974577906453373)]"
10.1107/S0108270196008116,"[(24, 0.9528840385110199)]"
10.1107/S0108270196004040,"[(98, 0.9586329493597735)]"
10.1107/S010827019600577X,"[(44, 0.7147085653830628), (1, 0.2208618023590704)]"
10.1107/S160053680600448X,"[(7, 0.80351269032469)]"
10.1107/S0108270196007135,"[(11, 0.5305444445527141), (127, 0.34699116074696956)]"
10.1107/S1600536806005320,"[(12, 0.9571805549782924)]"
10.1107/S1600536806005356,"[(22, 0.9011461847471363)]"
10.1107/S1600536806001784,"[(125, 0.8574512028010153)]"
10.1107/S1600536806003035,"[(50, 0.9294633522188175)]"
10.1107/S1600536807027043,"[(106, 0.9290867476443283)]"
10.1107/S1600536807028164,"[(141, 0.9093657304321865)]"
10.1107/S1600536807029583,"[(5, 0.9733810719679441)]"
10.1107/S1600536807024671,"[(25, 0.9240855702464299)]"
10.1107/S0907444905016896,"[(42, 0.9758092283641538)]"
10.1107/S160053680702870X,"[(3, 0.48681291972001856), (4, 0.438918695540849)]"
10.1107/S1600536807028711,"[(104, 0.9291115271974465)]"
10.1107/S0907444905017336,"[(66, 0.9739062097851083)]"
10.1107/S1600536807025329,"[(70, 0.62243139284614), (4, 0.17495285324386922), (0, 0.1497979982351981)]"
10.1107/S1600536807030619,"[(20, 0.9099622331775116)]"
10.1107/S1600536807028619,"[(0, 0.8605346017080169)]"
10.1107/S1600536807029388,"[(0, 0.9425730712835184)]"
10.1107/S1600536807029522,"[(25, 0.9530052968771389)]"
10.1107/S1600536807026657,"[(51, 0.4958174788281758), (0, 0.46391140088923283)]"
10.1107/S160053680703022X,"[(104, 0.9007561380764251)]"
10.1107/S2053273314000631,"[(78, 0.9724691435477468)]"
10.1107/S1600536807027912,"[(0, 0.8779677763551779)]"
10.1107/S0108270100005552,"[(26, 0.8342084197069097)]"
10.1107/S1600536807028735,"[(91, 0.9656967147822916)]"
10.1107/S1600536807018508,"[(130, 0.8574118271376029)]"
10.1107/S0108270100005606,"[(7, 0.8771954314529333)]"
10.1107/S1600536807029030,"[(25, 0.9709738945059895)]"
10.1107/S1600536807027997,"[(12, 0.9531025125952513)]"
10.1107/S1600536807029297,"[(7, 0.38975212275020615), (119, 0.29333344330046995), (123, 0.27259682439732136)]"
10.1107/S0907444905014356,"[(108, 0.7662597945403472), (40, 0.2102272298480213)]"
10.1107/S056773947700237X,"[(132, 0.6145982500047482), (24, 0.32735510922497063)]"
10.1107/S0907444900009197,"[(9, 0.9746017185024483)]"
10.1107/S1600536807051252,"[(78, 0.9478362719852033)]"
10.1107/S160053680705115X,"[(74, 0.5148300296592883), (1, 0.41050433486946136)]"
10.1107/S1600536807049616,"[(3, 0.5728743647240481), (0, 0.37908108820370645)]"
10.1107/S1600536807051549,"[(64, 0.38526815844398393), (7, 0.3652650197956843), (23, 0.2094535104178531)]"
10.1107/S1600536807050106,"[(18, 0.9452064522937335)]"
10.1107/S1600536807052750,"[(48, 0.4158532696978026), (1, 0.32158627129909906), (17, 0.2123971168751135)]"
10.1107/S0108270100003292,"[(10, 0.970868820056689)]"
10.1107/S1600536807050787,"[(3, 0.9481772023150475)]"
10.1107/S1600536807052920,"[(90, 0.705318278615295), (14, 0.24781426509679896)]"
10.1107/S1600536807050416,"[(0, 0.6777660451101274), (1, 0.2543161366581581)]"
10.1107/S1600536807051732,"[(7, 0.46463097631310957), (4, 0.43903978402846744)]"
10.1107/S1600536807051719,"[(0, 0.61668684492939), (23, 0.287083670694937)]"
10.1107/S1600536807051847,"[(3, 0.4879812609016751), (82, 0.41433391573731065)]"
10.1107/S1600536806005289,"[(23, 0.9419978202490024)]"
10.1107/S1600536807045680,"[(1, 0.458867126607286), (135, 0.34462664519990105), (44, 0.109031467683547)]"
10.1107/S1600536807051495,"[(17, 0.9243554804198717)]"
10.1107/S1600536807041530,"[(74, 0.5623339676027896), (3, 0.36222797491050557)]"
10.1107/S1600536807051707,"[(71, 0.8762347164177516)]"
10.1107/S010876739300354X,"[(114, 0.9287982348352666)]"
10.1107/S1600536807052026,"[(69, 0.9100915446312777)]"
10.1107/S1600536807049161,"[(1, 0.7215135079392572), (0, 0.19924903745707606)]"
10.1107/S1600536807049136,"[(76, 0.9632520734227967)]"
10.1107/S0108270100005515,"[(91, 0.9656967147822916)]"
10.1107/S0108270100005886,"[(106, 0.9416008510012122)]"
10.1107/S1600536811002017,"[(72, 0.5039702848812501), (7, 0.4446418803328006)]"
10.1107/S1600536811001942,"[(23, 0.9178302453572627)]"
10.1107/S0108270100007678,"[(19, 0.9101118382534611)]"
10.1107/S0108270100007915,"[(50, 0.5938883211166571), (132, 0.32403911465311336)]"
10.1107/S1600536811001334,"[(116, 0.9447931646091716)]"
10.1107/S0108270197012912,"[(1, 0.4420580211064053), (11, 0.29317577993066124), (0, 0.20632616307765345)]"
10.1107/S1600536811001243,"[(9, 0.8225436658037428), (1, 0.1266603002392108)]"
10.1107/S1600536811002339,"[(17, 0.8595173262599805)]"
10.1107/S1600536811002467,"[(2, 0.9416952777048484)]"
10.1107/S0108270197014406,"[(24, 0.8763183014819224)]"
10.1107/S0108270100004571,"[(1, 0.9610163333119951)]"
10.1107/S160053681005422X,"[(8, 0.6157855993767376), (7, 0.33816062517063106)]"
10.1107/S1600536810054371,"[(0, 0.4478962537658287), (54, 0.2690893681769396), (4, 0.24008471576948018)]"
10.1107/S1600536811000134,"[(0, 0.46702239264187456), (4, 0.4593534814926194)]"
10.1107/S0021889886090052,"[(38, 0.9290219098790242)]"
10.1107/S0108270100005199,"[(106, 0.8473134858685011), (0, 0.11679602076026639)]"
10.1107/S0108270100005898,"[(117, 0.9446834850560814)]"
10.1107/S1600536811000936,"[(0, 0.6768566722891479), (1, 0.23670246814321558)]"
10.1107/S0909049503023537,"[(37, 0.9774278643085506)]"
10.1107/S0907444903006267,"[(1, 0.9593919793103215)]"
10.1107/S0907444906046488,"[(6, 0.9752958717649953)]"
10.1107/S0907444903006826,"[(124, 0.9723195119221061)]"
10.1107/S0907444903006978,"[(13, 0.9731862707561258)]"
10.1107/S1600536811000055,"[(9, 0.9549757737280107)]"
10.1107/S0108767300009740,"[(28, 0.9173563459509564)]"
10.1107/S2052252514002838,"[(26, 0.981231141853613)]"
10.1107/S0907444905034207,"[(124, 0.947552759431697)]"
10.1107/S0108767300009119,"[(55, 0.9478107159483106)]"
10.1107/S0907444905039107,"[(34, 0.9732023355103068)]"
10.1107/S0108767300010205,"[(1, 0.9458560184888821)]"
10.1107/S090744490502264X,"[(89, 0.9698548078274921)]"
10.1107/S0108270111017586,"[(102, 0.9602305488922096)]"
10.1107/S0021889874008739,"[(146, 0.4229287250995573), (120, 0.3663421546108091), (142, 0.17769795620243556)]"
10.1107/S0907444902003918,"[(13, 0.972441444943796)]"
10.1107/S1600536810030837,"[(55, 0.9237233540782995)]"
10.1107/S1600536810030631,"[(3, 0.6790672231235035), (19, 0.2636737699992776)]"
10.1107/S1600536810034173,"[(25, 0.8766390516504525)]"
10.1107/S0108270106041783,"[(102, 0.9415155130767788)]"
10.1107/S1600536812016790,"[(131, 0.4979566298121593), (0, 0.2654327943503887), (1, 0.18078399084984695)]"
10.1107/S1600536810033921,"[(12, 0.9733825071487219)]"
10.1107/S1600536810030916,"[(82, 0.9632517370059638)]"
10.1107/S1600536810030989,"[(18, 0.9718199264070212)]"
10.1107/S1600536810032915,"[(55, 0.5659120821450933), (0, 0.39824146655764847)]"
10.1107/S0108270106042211,"[(1, 0.8486824858284562), (7, 0.08751563313309936)]"
10.1107/S1600536810030308,"[(1, 0.8917120369777642)]"
10.1107/S0021889804011288,"[(96, 0.43361546599164946), (72, 0.21857061905178451), (6, 0.1971362328542913), (121, 0.12436111650369841)]"
10.1107/S0108270106049018,"[(18, 0.9342477427524881)]"
10.1107/S1600536812017564,"[(25, 0.941947789011977)]"
10.1107/S1600536810031144,"[(142, 0.9667996361704695)]"
10.1107/S1600536810032320,"[(107, 0.48117426865083424), (0, 0.4747222226037601)]"
10.1107/S160053681003206X,"[(38, 0.9235620567927953)]"
10.1107/S1600536810032381,"[(0, 0.538009669885314), (95, 0.4198016669543692)]"
10.1107/S1600536810032472,"[(54, 0.9551209575353148)]"
10.1107/S1600536812014791,"[(1, 0.9114007575272618)]"
10.1107/S1600536812014043,"[(87, 0.9234998555527753)]"
10.1107/S0907444902003207,"[(109, 0.976298969775752)]"
10.1107/S1600536812014523,"[(61, 0.8266371966524345), (0, 0.12930514634378196)]"
10.1107/S1600536811054535,"[(1, 0.6252270455620158), (19, 0.32406972041629745)]"
10.1107/S0108270105008449,"[(69, 0.9646788211019766)]"
10.1107/S1600536811051105,"[(97, 0.8260899059355183), (7, 0.1474998751628135)]"
10.1107/S1600536811054006,"[(5, 0.5671310299703749), (18, 0.358162493422027)]"
10.1107/S1600536802013740,"[(0, 0.5744347712405863), (41, 0.3564024012057745)]"
10.1107/S0567739470000761,"[(10, 0.9739352600507216)]"
10.1107/S1600536810031065,"[(78, 0.9569082246834288)]"
10.1107/S0567739470000888,"[(142, 0.9335992723409386)]"
10.1107/S1600536811053402,"[(53, 0.9003881217932086)]"
10.1107/S0108767312044601,"[(64, 0.9603261652747954)]"
10.1107/S1600536811054079,"[(93, 0.9336485991605323)]"
10.1107/S1600536812020089,"[(37, 0.7328231543201469), (1, 0.2313336840119119)]"
10.1107/S1600536812020259,"[(7, 0.971104807400691)]"
10.1107/S1600536812022702,"[(4, 0.9483760076532618)]"
10.1107/S1600536812023495,"[(3, 0.6510135984643759), (26, 0.29137565829094336)]"
10.1107/S1600536811019209,"[(1, 0.8034129150349225), (18, 0.1548098881862604)]"
10.1107/S1600536812023732,"[(1, 0.9535908728808025)]"
10.1107/S1600536812024178,"[(75, 0.941954433214962)]"
10.1107/S1600536812021964,"[(20, 0.9646280201768793)]"
10.1107/S1600536812018806,"[(7, 0.6031718674499305), (0, 0.3584803590932526)]"
10.1107/S1600536812021769,"[(70, 0.923568771854254)]"
10.1107/S1600536812018491,"[(94, 0.5406099142976254), (3, 0.3779243114893949)]"
10.1107/S0907444909023051,"[(4, 0.8598777358744131)]"
10.1107/S1600536812022258,"[(36, 0.7047269405987224), (0, 0.25802110853955784)]"
10.1107/S160053681201358X,"[(84, 0.7652363181259335), (0, 0.1943053587203898)]"
10.1107/S0907444911050712,"[(28, 0.9752069037853118)]"
10.1107/S1600536812015450,"[(16, 0.9102193427589645)]"
10.1107/S1600576714024005,"[(99, 0.973754995527775)]"
10.1107/S1600536813002985,"[(1, 0.9576264492521686)]"
10.1107/S1600536813003711,"[(67, 0.7120284247340477), (1, 0.19096164201043384)]"
10.1107/S160053681300425X,"[(40, 0.3292121637791334), (24, 0.29441935068314895), (7, 0.29295332410363234), (0, 0.05204199724420871)]"
10.1107/S1600536812016959,"[(30, 0.9338109308516156)]"
10.1107/S1600536813002900,"[(75, 0.9480644928762014)]"
10.1107/S1600536812016194,"[(8, 0.9481740665089023)]"
10.1107/S1600536812017345,"[(77, 0.9095263791644802)]"
10.1107/S0108768196003813,"[(132, 0.9737537446887842)]"
10.1107/S1600536812014110,"[(40, 0.4792888933894783), (17, 0.45968334947380624)]"
10.1107/S160053681300216X,"[(108, 0.9447511345732659)]"
10.1107/S1600536812018193,"[(16, 0.9570609139687611)]"
10.1107/S1600536812017953,"[(29, 0.9451573274288099)]"
10.1107/S0907444911039655,"[(95, 0.9689353513191892)]"
10.1107/S1600536812016935,"[(0, 0.5030032198410668), (137, 0.4397685872524197)]"
10.1107/S0021889890011153,"[(67, 0.5800421063265768), (85, 0.39744382112665244)]"
10.1107/S2053273315022500,"[(81, 0.973158067447098)]"
10.1107/S2053273316002096,"[(132, 0.5013211490868954), (1, 0.012704166399941817), (0, 0.011871105978059437)]"
10.1107/S0907444905007894,"[(147, 0.9706271919243785)]"
10.1107/S0907444905007948,"[(115, 0.9616424726269381)]"
10.1107/S0021889890013097,"[(140, 0.916907512235849)]"
10.1107/S0021889890012365,"[(28, 0.9416633030242609)]"
10.1107/S0021889803022052,"[(10, 0.9680496736105612)]"
10.1107/S0021889803024415,"[(15, 0.9633490145855028)]"
10.1107/S0021889803026670,"[(90, 0.9698369956788851)]"
10.1107/S010876731003446X,"[(140, 0.9697845644304651)]"
10.1107/S0108767310034471,"[(83, 0.9502095276850688)]"
10.1107/S0108767388012243,"[(63, 0.9836641673653101)]"
10.1107/S0021889890010822,"[(117, 0.964439383250338)]"
10.1107/S1600536811022112,"[(0, 0.9112492919960103)]"
10.1107/S1600536811022756,"[(36, 0.9416298132858104)]"
10.1107/S1600536811023282,"[(3, 0.5627934461750768), (4, 0.20429786851402196), (17, 0.18977833450231674)]"
10.1107/S1600536811023142,"[(1, 0.9458560184888821)]"
10.1107/S1600536811024512,"[(147, 0.44924422149245846), (23, 0.3313092617422617), (1, 0.1661518391272745)]"
10.1107/S1600536812051720,"[(3, 0.9552439456252272)]"
10.1107/S1600536812051811,"[(3, 0.6580219705770707), (17, 0.29588222610954035)]"
10.1107/S1600536812051938,"[(16, 0.9240317516041039)]"
10.1107/S1600536811024111,"[(0, 0.6224918390595077), (69, 0.28098308125932775)]"
10.1107/S1600536812050398,"[(111, 0.7613672744408496), (16, 0.19174698775856716)]"
10.1107/S1600536811020563,"[(3, 0.9104878951453612)]"
10.1107/S1600536811023609,"[(0, 0.5830657508157623), (21, 0.36600164802956225)]"
10.1107/S1600536811020745,"[(0, 0.959322592164838)]"
10.1107/S1600536811021040,"[(139, 0.4864400030708467), (42, 0.4723450049004873)]"
10.1107/S1600536811020459,"[(4, 0.9423025971566725)]"
10.1107/S1600536811021489,"[(23, 0.9419978201599287)]"
10.1107/S1600536811021416,"[(4, 0.9299388679774724)]"
10.1107/S1600536811023464,"[(128, 0.3364148181936944), (2, 0.31940499313911097), (56, 0.2897288369113595)]"
10.1107/S1600536813000354,"[(1, 0.9651931547428527)]"
10.1107/S1600536813000366,"[(30, 0.9602865585109693)]"
10.1107/S1600536811021684,"[(0, 0.9457634562191587)]"
10.1107/S1600536811021623,"[(1, 0.5026606319812077), (4, 0.43364286699160465)]"
10.1107/S1600536811025098,"[(11, 0.9482004480384948)]"
10.1107/S0108270110009285,"[(6, 0.9529445176476085)]"
10.1107/S0108767392008365,"[(117, 0.8755378413761827)]"
10.1107/S0108767304005884,"[(22, 0.9505730923735678)]"
10.1107/S1600536800020316,"[(41, 0.8759972752866172)]"
10.1107/S1600536809030281,"[(98, 0.7330978982224285), (7, 0.22450011204965994)]"
10.1107/S1600536809030724,"[(12, 0.5126367717841355), (3, 0.41278780909259116)]"
10.1107/S0909049502005472,"[(146, 0.9412935471372109)]"
10.1107/S0021889880011429,"[(2, 0.9752205294928601)]"
10.1107/S1600536800017876,"[(3, 0.5936860602423688), (14, 0.3251913903534428)]"
10.1107/S1600536800019607,"[(75, 0.8026450723730189)]"
10.1107/S1600536809030037,"[(11, 0.9660623752096383)]"
10.1107/S0108767392013126,"[(68, 0.9602731026066023)]"
10.1107/S1600536806001978,"[(23, 0.910360267662468)]"
10.1107/S010827011000572X,"[(7, 0.9702291955037422)]"
10.1107/S1600536806002261,"[(11, 0.8594012687256459)]"
10.1107/S1600536806001401,"[(11, 0.9105280800981379)]"
10.1107/S0108767392005841,"[(15, 0.9732546863191516)]"
10.1107/S0108767392006342,"[(64, 0.938009608377691)]"
10.1107/S1600536813016218,"[(31, 0.6681677376086412)]"
10.1107/S0909049595009782,"[(12, 0.9635241764630622)]"
10.1107/S1600536805042960,"[(1, 0.9390880207999925)]"
10.1107/S1600536806001036,"[(17, 0.5951120094894344), (0, 0.3363425259231353)]"
10.1107/S1600536813016048,"[(71, 0.9449932072964776)]"
10.1107/S0108270110026892,"[(25, 0.9765026598506901)]"
10.1107/S1600536805042844,"[(53, 0.8754854641327416)]"
10.1107/S1600536813016310,"[(82, 0.7491825504860121), (1, 0.20878289438941786)]"
10.1107/S0108270110024601,"[(19, 0.9845504721998138)]"
10.1107/S1600536806000043,"[(105, 0.9170611806645755)]"
10.1107/S1600536813016577,"[(122, 0.5516755997238378), (0, 0.3943178503946403)]"
10.1107/S1600536813016887,"[(1, 0.9487057017263093)]"
10.1107/S1744309109032540,"[(138, 0.9616202946134548)]"
10.1107/S1744309110048414,"[(94, 0.967969156864176)]"
10.1107/S160053680600016X,"[(77, 0.4030740528216048), (41, 0.2946223135152634), (1, 0.21486515238150525)]"
10.1107/S1600536813016759,"[(1, 0.9593920138666616)]"
10.1107/S1744309110051110,"[(18, 0.9647755764741762)]"
10.1107/S1600536806002170,"[(18, 0.8027432282574658)]"
10.1107/S1600536813017418,"[(25, 0.9451729118446449)]"
10.1107/S0907444901018972,"[(34, 0.947815074093201)]"
10.1107/S0108270107015387,"[(60, 0.8895434604384631)]"
10.1107/S0907444912044903,"[(88, 0.9800993489035038)]"
10.1107/S0108270107019312,"[(85, 0.9644603026177547)]"
10.1107/S0108270107021622,"[(53, 0.9169903094809274)]"
10.1107/S1600536812029819,"[(109, 0.9698350534088834)]"
10.1107/S1600536812029777,"[(34, 0.9586869339117213)]"
10.1107/S0907444900014104,"[(12, 0.950757638225134)]"
10.1107/S1600536812031789,"[(12, 0.9648268844465243)]"
10.1107/S0909049508030859,"[(6, 0.3996752665691383), (134, 0.36997296561595355), (72, 0.2107374289860223)]"
10.1107/S1600536812032618,"[(7, 0.9649129804151235)]"
10.1107/S0108768199014020,"[(129, 0.9643553758595966)]"
10.1107/S1399004714021245,"[(74, 0.976835776885439)]"
10.1107/S090744490102039X,"[(142, 0.4082710074837185), (112, 0.1951241521692417), (85, 0.18813100702562963), (98, 0.1708305522588046)]"
10.1107/S0108270197007531,"[(60, 0.8757363929932716)]"
10.1107/S1600536804015806,"[(0, 0.9186451781320453)]"
10.1107/S1600536809030499,"[(3, 0.9621294940999604)]"
10.1107/S0567739481001307,"[(4, 0.9245495501378694)]"
10.1107/S0021889888014803,"[(86, 0.5011383533337905), (95, 0.30096065417947526)]"
10.1107/S1600536804016368,"[(1, 0.8917120369777644)]"
10.1107/S1600536809030736,"[(4, 0.5456972631405269), (18, 0.40594575151345436)]"
10.1107/S1600536804018124,"[(26, 0.8578929311773511)]"
10.1107/S002188989201286X,"[(56, 0.9569062708602375)]"
10.1107/S0108767393011535,"[(2, 0.47567128098883327), (22, 0.3007099307702737), (99, 0.1887249617137918)]"
10.1107/S1600536804016642,"[(43, 0.923516931158549)]"
10.1107/S1600536804017301,"[(46, 0.8898511855591112)]"
10.1107/S1600536804017015,"[(1, 0.9187840277333232)]"
10.1107/S1600536804018434,"[(100, 0.9377180607309247)]"
10.1107/S1600536809031109,"[(5, 0.7287300061131554), (4, 0.18347397703285737)]"
10.1107/S1744309107047069,"[(106, 0.9527244984295526)]"
10.1107/S0108270102004511,"[(56, 0.5148850392860592), (7, 0.4202091561135147)]"
10.1107/S1600536809032620,"[(51, 0.6081982062735891), (102, 0.3160721493854044)]"
10.1107/S0108270197007920,"[(104, 0.9236585674489948)]"
10.1107/S1600536809032413,"[(35, 0.9096657562365066)]"
10.1107/S1600536804015983,"[(54, 0.8902942114812641)]"
10.1107/S1600536809031882,"[(12, 0.48019415246028696), (58, 0.4621715055372412)]"
10.1107/S1600536809033303,"[(39, 0.9339084895815474)]"
10.1107/S1600536809033315,"[(8, 0.9571872723423588)]"
10.1107/S1600536809032772,"[(3, 0.3795948893303993), (48, 0.293078853354203), (124, 0.26630976723725686)]"
10.1107/S1600536804017179,"[(66, 0.8760544964792627)]"
10.1107/S1600536809033662,"[(1, 0.9114007574093511)]"
10.1107/S1600536809033480,"[(8, 0.8421200865965418), (0, 0.08924059024848523)]"
10.1107/S0108270103025903,"[(39, 0.975820185105449)]"
10.1107/S1600536812007313,"[(1, 0.9250314102153754)]"
10.1107/S1600536806017041,"[(1, 0.583622712922841), (77, 0.3759688913942081)]"
10.1107/S1600536812007842,"[(23, 0.910360267662468)]"
10.1107/S1600536806019167,"[(124, 0.7508756072999782)]"
10.1107/S1600536806018794,"[(0, 0.9023742157650164)]"
10.1107/S1600536812008082,"[(0, 0.9349161467816041)]"
10.1107/S1600536806019015,"[(19, 0.9709185359055326)]"
10.1107/S1600536806018903,"[(104, 0.9586483908651768)]"
10.1107/S0909049511037149,"[(15, 0.9764386521865273)]"
10.1107/S1600536806015121,"[(0, 0.4418773536935041), (1, 0.2729539435075283), (7, 0.2462817859814452)]"
10.1107/S1600536812003807,"[(11, 0.9671936258834565)]"
10.1107/S1600536812004412,"[(0, 0.48074087527180975), (78, 0.28794929550273496), (61, 0.19437216436528698)]"
10.1107/S1600536812005156,"[(17, 0.9590258868258269)]"
10.1107/S1600536812005338,"[(91, 0.9567472248755895)]"
10.1107/S0909049503029169,"[(109, 0.9698349543522233)]"
10.1107/S1744309110035074,"[(98, 0.9679738962785344)]"
10.1107/S1600536812005016,"[(51, 0.841789562371987), (1, 0.11800873904724493)]"
10.1107/S1600536812004783,"[(8, 0.5815342752188445), (16, 0.33007663702912043)]"
10.1107/S1744309110037954,"[(13, 0.968996625558875)]"
10.1107/S010827010803669X,"[(75, 0.9551466072917315)]"
10.1107/S160053681200671X,"[(1, 0.9625154330971994)]"
10.1107/S1600536812001353,"[(90, 0.8003563693482165), (0, 0.16830050385687648)]"
10.1107/S1600536812004758,"[(122, 0.9502069941882318)]"
10.1107/S1600536812006137,"[(61, 0.9290706667114084)]"
10.1107/S1399004714005550,"[(92, 0.9818689040647642)]"
10.1107/S1600536812007878,"[(141, 0.923309462793898)]"
10.1107/S0108270196005628,"[(142, 0.9003986870479874)]"
10.1107/S1600536812003704,"[(1, 0.9663933907861567)]"
10.1107/S1600536812032333,"[(27, 0.9448216974710185)]"
10.1107/S0108270196006002,"[(18, 0.9013716141287322)]"
10.1107/S1600536812032266,"[(12, 0.6776102160196449), (3, 0.2685297623748916)]"
10.1107/S1600536812032655,"[(51, 0.9009750901261675)]"
10.1107/S1600536812003820,"[(12, 0.9452862646942154)]"
10.1107/S1600536812003674,"[(75, 0.9451791869231351)]"
10.1107/S0108270196003368,"[(102, 0.9289831230218021)]"
10.1107/S1600536812003637,"[(42, 0.960326955478656)]"
10.1107/S1600536812003078,"[(79, 0.9616855634867847)]"
10.1107/S1600536810042972,"[(75, 0.9177687803878621)]"
10.1107/S1600536810039905,"[(15, 0.8763029234760263)]"
10.1107/S1600536810043904,"[(137, 0.7379651103455356), (0, 0.20480669674795118)]"
10.1107/S0108270197011062,"[(106, 0.9290867476443291)]"
10.1107/S1600536810040456,"[(0, 0.5647446984695252), (11, 0.3787583070031589)]"
10.1107/S0108270197009542,"[(123, 0.9476137462325299)]"
10.1107/S1744309108011512,"[(31, 0.961711662031766)]"
10.1107/S1600536810043795,"[(3, 0.9481772024525773)]"
10.1107/S0108270197009682,"[(3, 0.9242589758954276)]"
10.1107/S0108270112031526,"[(20, 0.9764186801179205)]"
10.1107/S0108270197011438,"[(47, 0.9173565397989611)]"
10.1107/S0108270197010809,"[(4, 0.9386965094869422)]"
10.1107/S0907444997005829,"[(102, 0.43975836134365276), (15, 0.3366612445042118), (131, 0.20126186293778442)]"
10.1107/S1600536810038535,"[(16, 0.4631163651537331), (0, 0.3224670013441796), (1, 0.16749479928255473)]"
10.1107/S1600536810042327,"[(3, 0.620493476889656), (1, 0.3195549718227727)]"
10.1107/S1600536810042601,"[(0, 0.8915269124395683)]"
10.1107/S1600536810043485,"[(10, 0.5731684675058767), (0, 0.37595163423270767)]"
10.1107/S1600536810040602,"[(36, 0.6296226608489469), (7, 0.32607145357208217)]"
10.1107/S1399004714023931,"[(6, 0.9775417016045411)]"
10.1107/S0108270104025648,"[(129, 0.8891056137877512)]"
10.1107/S0021889898010632,"[(8, 0.41810647003272405), (96, 0.3418371641996651), (124, 0.1993515482435599)]"
10.1107/S0108270104026356,"[(6, 0.95059174351783)]"
10.1107/S1600536810041607,"[(18, 0.9419833024285352)]"
10.1107/S0021889884011845,"[(17, 0.9672207094606617)]"
10.1107/S0021889811030226,"[(128, 0.9643644646182303)]"
10.1107/S0021889811034911,"[(27, 0.34651143884588276), (2, 0.32850918947639374), (61, 0.2735373226339564)]"
10.1107/S0108270101018017,"[(112, 0.9378253967974256)]"
10.1107/S0108270100015742,"[(0, 0.4780954845142776), (3, 0.3297263271967414)]"
10.1107/S010827010200032X,"[(51, 0.5110126982242031), (30, 0.40706354044545656)]"
10.1107/S1600536810038511,"[(136, 0.9501296480240686)]"
10.1107/S160057671401303X,"[(80, 0.9585128018103295)]"
10.1107/S0108270102000707,"[(133, 0.9655914257404935)]"
10.1107/S1600576714014289,"[(3, 0.9507683423299484)]"
10.1107/S1600536810039449,"[(16, 0.49558702014135425), (1, 0.4303992186012023)]"
10.1107/S1600536810039000,"[(1, 0.9250313319400197)]"
10.1107/S1600536808043717,"[(11, 0.8906454312310575)]"
10.1107/S1600536809000063,"[(71, 0.9478883016495783)]"
10.1107/S1600536808043286,"[(135, 0.9446790129696999)]"
10.1107/S090744499801021X,"[(68, 0.9632158357468407)]"
10.1107/S0907444998004934,"[(101, 0.9475186089089881)]"
10.1107/S1600536809001093,"[(69, 0.9381879369482407)]"
10.1107/S1600536809000579,"[(3, 0.611443793108483), (18, 0.331443441473064)]"
10.1107/S1600536809001251,"[(0, 0.9425730712900443)]"
10.1107/S0021889897008972,"[(30, 0.5915128834817659), (86, 0.3635656509785302)]"
10.1107/S0108767396000918,"[(76, 0.9291289987439644)]"
10.1107/S0907444998008725,"[(13, 0.4284435939486019), (9, 0.2864199870629329), (38, 0.1757269934057732), (43, 0.08317661220652295)]"
10.1107/S1600536808043705,"[(0, 0.9112492919960103)]"
10.1107/S1600536811035495,"[(116, 0.6565172752524069), (0, 0.3046840968003277)]"
10.1107/S1600536811037093,"[(60, 0.9631811534794879)]"
10.1107/S1600536814005418,"[(7, 0.9607025380649383)]"
10.1107/S1600536814005352,"[(29, 0.9620319960874795)]"
10.1107/S1600536811035744,"[(54, 0.9506330532960519)]"
10.1107/S1600536811035641,"[(22, 0.4872983647594025), (0, 0.4644618314476383)]"
10.1107/S1600536811034933,"[(50, 0.9480256279507079)]"
10.1107/S1600536814005868,"[(118, 0.928774421738757)]"
10.1107/S1600536811038955,"[(23, 0.9506981472143572)]"
10.1107/S1600536814006266,"[(7, 0.5720373569890893), (16, 0.36329439117603207)]"
10.1107/S1600536811036774,"[(69, 0.957000303966619)]"
10.1107/S1600536801009679,"[(94, 0.8581490913052126)]"
10.1107/S0021889892004795,"[(108, 0.909592765665344)]"
10.1107/S1600536801007838,"[(33, 0.8753530126347258)]"
10.1107/S1600536801009278,"[(28, 0.3645429513309415), (16, 0.2759143983692618), (97, 0.2203922747684533)]"
10.1107/S1600536801008170,"[(15, 0.9100384903462345)]"
10.1107/S1600536801008984,"[(1, 0.7678886644401225), (3, 0.13618885349976323)]"
10.1107/S160053681400453X,"[(110, 0.9698507984323179)]"
10.1107/S1600536801009758,"[(36, 0.4470876247323498), (1, 0.2782557245775701), (75, 0.22924430607548074)]"
10.1107/S1600536811036191,"[(1, 0.9025408324688512)]"
10.1107/S1600536814005649,"[(56, 0.9632906857639447)]"
10.1107/S160053681103532X,"[(17, 0.4833080104282418), (4, 0.44781809211548423)]"
10.1107/S1600536811037925,"[(75, 0.9480644827358768)]"
10.1107/S1600536811035343,"[(66, 0.9338957314556066)]"
10.1107/S1600536811035033,"[(112, 0.7925150918534449), (1, 0.146898325779452)]"
10.1107/S1600536814004887,"[(116, 0.933752563109508)]"
10.1107/S1600536814004942,"[(1, 0.41956042736462346), (24, 0.20481065066696402), (54, 0.18637719363542163), (115, 0.14972416565602223)]"
10.1107/S0021889898004014,"[(149, 0.9000757235355085)]"
10.1107/S1600536803007633,"[(1, 0.9557003787636308)]"
10.1107/S0021889897015057,"[(147, 0.6156553514453276), (52, 0.21874881780646044)]"
10.1107/S1600536802013612,"[(7, 0.901756345162346)]"
10.1107/S0021889812031159,"[(94, 0.9716298246527221)]"
10.1107/S0907444999005338,"[(112, 0.5318374115383332), (63, 0.4062076385146418)]"
10.1107/S0108270104008479,"[(29, 0.9102574452976792)]"
10.1107/S0907444999007064,"[(34, 0.9632772745881967)]"
10.1107/S0021889884011298,"[(16, 0.7186762141648595), (17, 0.13502495458498717), (74, 0.10425415563046105)]"
10.1107/S1600536802012850,"[(112, 0.710443690414281), (25, 0.2428095839919137)]"
10.1107/S2053230X15007359,"[(98, 0.9707997289598406)]"
10.1107/S1600536802011832,"[(127, 0.48931584016630997), (0, 0.4135059771610969)]"
10.1107/S160053680300792X,"[(32, 0.9337973782252483)]"
10.1107/S0909049597018785,"[(27, 0.9805253049900674)]"
10.1107/S0909049598000454,"[(41, 0.9338652134861952)]"
10.1107/S0909049597019080,"[(55, 0.7122710880079052), (114, 0.2328166281427408)]"
10.1107/S0108270107008712,"[(41, 0.9731885386936512)]"
10.1107/S0909049597018566,"[(121, 0.9616965318639658)]"
10.1107/S0909049597013150,"[(52, 0.9526238328610407)]"
10.1107/S0909049597018530,"[(1, 0.9025408321686631)]"
10.1107/S0909049597018529,"[(47, 0.9098435732324636)]"
10.1107/S0021889881009825,"[(82, 0.4670773365943362), (89, 0.4095483581109424)]"
10.1107/S0021889801002898,"[(105, 0.9757252236091439)]"
10.1107/S0909049597035607,"[(114, 0.6266329966359397), (143, 0.3022808910776483)]"
10.1107/S0021889801003715,"[(25, 0.9775707366637193)]"
10.1107/S0021889801003624,"[(134, 0.44149676732320253), (67, 0.3095270277528589), (4, 0.22866405881872356)]"
10.1107/S0021889801004009,"[(86, 0.9788205062840802)]"
10.1107/S1600536809003201,"[(0, 0.6009738218010424), (5, 0.334948969850292)]"
10.1107/S1600536809003079,"[(0, 0.8372902413502062)]"
10.1107/S1600536809003419,"[(4, 0.9423025971642529)]"
10.1107/S0909049597015525,"[(7, 0.9244278691177353)]"
10.1107/S0108270101010034,"[(80, 0.9414298378578653)]"
10.1107/S1600536811054663,"[(9, 0.4033872929027182), (80, 0.39006347032384264), (18, 0.14171526389925834)]"
10.1107/S1600536811055887,"[(130, 0.5083856248221588), (4, 0.4026168244283453)]"
10.1107/S1600536812000992,"[(59, 0.9567965316335708)]"
10.1107/S1600536812000888,"[(0, 0.8779677764945149)]"
10.1107/S1600536812001626,"[(47, 0.7032844837810804), (0, 0.25948545531624734)]"
10.1107/S1600536812001560,"[(81, 0.9707896604440551)]"
10.1107/S0108767398009118,"[(20, 0.9752396141238165)]"
10.1107/S1600536811056091,"[(3, 0.6940379428053491), (4, 0.25768760613083064)]"
10.1107/S1600536812000426,"[(12, 0.8905725293891873)]"
10.1107/S1600536812002061,"[(95, 0.798197055972935), (1, 0.16454677383529345)]"
10.1107/S0108767304025991,"[(102, 0.9415155130767787)]"
10.1107/S160053681200311X,"[(29, 0.9588679957614361)]"
10.1107/S2053229616006677,"[(0, 0.3940251812690822), (6, 0.37915285031101426), (63, 0.21053538425171814)]"
10.1107/S1600536811052809,"[(9, 0.9417333542362492)]"
10.1107/S1600536802000211,"[(89, 0.9336805772204816)]"
10.1107/S1600536802002933,"[(95, 0.854198477117188), (0, 0.08872349077517501)]"
10.1107/S1600536802000971,"[(67, 0.47289924353953633), (113, 0.23564630270156534), (78, 0.21577425012022375)]"
10.1107/S1600536802002982,"[(22, 0.9101328952246692)]"
10.1107/S1600536811056194,"[(0, 0.6565637938402825), (17, 0.2869870000204795)]"
10.1107/S0108270105024959,"[(9, 0.9380916888760146)]"
10.1107/S1600536803013333,"[(3, 0.6583114727903349), (18, 0.2723373120586869)]"
10.1107/S160053680301393X,"[(4, 0.9607657660716921)]"
10.1107/S0021889802007835,"[(57, 0.9744831237656814)]"
10.1107/S1600536801012880,"[(78, 0.8898765740803134)]"
10.1107/S1600536801013125,"[(139, 0.9413330487283387)]"
10.1107/S1600536801013472,"[(105, 0.8894149075527673)]"
10.1107/S0907444902016864,"[(14, 0.9633763911315094)]"
10.1107/S002188988801060X,"[(116, 0.9679449061084598)]"
10.1107/S0108270104007693,"[(4, 0.7547860379480766)]"
10.1107/S0108270104007668,"[(94, 0.9716298246527223)]"
10.1107/S0021889888010817,"[(10, 0.9789263804664756)]"
10.1107/S0108767300008734,"[(98, 0.9602876313853826)]"
10.1107/S1600536803011188,"[(75, 0.9570967549849718)]"
10.1107/S0021889895011757,"[(5, 0.9621192178005344)]"
10.1107/S1600536803012169,"[(107, 0.8757475744556197)]"
10.1107/S0108270108039772,"[(63, 0.5893068942499678), (54, 0.36150188162214053)]"
10.1107/S1744309111029228,"[(43, 0.9792858359746358)]"
10.1107/S0021889873008976,"[(81, 0.4071048239046061), (102, 0.3578809165177804), (1, 0.18438376255849948)]"
10.1107/S0108768197008549,"[(141, 0.9783265877120447)]"
10.1107/S1744309113024184,"[(123, 0.9678922865217399)]"
10.1107/S0108270107027862,"[(22, 0.968111672499076)]"
10.1107/S2053229615014862,"[(0, 0.9800763716725741)]"
10.1107/S1600536802017816,"[(1, 0.9512703748072149)]"
10.1107/S1600536813034089,"[(36, 0.9448726147577315)]"
10.1107/S0108270108006975,"[(20, 0.9669858528972376)]"
10.1107/S1600536802019001,"[(64, 0.8497711222447034), (104, 0.07451468641946034)]"
10.1107/S1600536807000050,"[(87, 0.9289641515847198)]"
10.1107/S1600536806050306,"[(71, 0.9174898109451676)]"
10.1107/S1600536807004758,"[(0, 0.9302673008540081)]"
10.1107/S1600536813032492,"[(84, 0.6131476063800352), (17, 0.31161234101808033)]"
10.1107/S1600536807004126,"[(11, 0.5618994465312651), (1, 0.369616068745835)]"
10.1107/S1600536813033060,"[(7, 0.5345151146633534), (3, 0.4010135718848093)]"
10.1107/S1600536813033291,"[(18, 0.9241320107258151)]"
10.1107/S1600536813033771,"[(75, 0.9588843901939313)]"
10.1107/S1600536813033734,"[(36, 0.9477740559872889)]"
10.1107/S1744309113023439,"[(82, 0.9716513399810007)]"
10.1107/S0907444996012991,"[(34, 0.9797650288547214)]"
10.1107/S1600536812003406,"[(1, 0.48960781244745033), (30, 0.46833011344707665)]"
10.1107/S0108767394003648,"[(105, 0.9768542829761608)]"
10.1107/S0108767394005040,"[(52, 0.9723639025022746)]"
10.1107/S1399004714017623,"[(55, 0.9789022043195305)]"
10.1107/S0108767300013714,"[(23, 0.9765229266455762)]"
10.1107/S010827019809982X,"[(56, 0.9380530924191812)]"
10.1107/S174430910500223X,"[(24, 0.6186965851321438), (3, 0.35632730346607255)]"
10.1107/S010827019701305X,"[(39, 0.944923443922628)]"
10.1107/S0108270197013061,"[(38, 0.9477003546477021)]"
10.1107/S1600536812001067,"[(75, 0.9102932149685686)]"
10.1107/S0108270197013620,"[(98, 0.9448439324796981)]"
10.1107/S0108270197013358,"[(58, 0.900506342145528)]"
10.1107/S0108270197014911,"[(68, 0.9379267228228164)]"
10.1107/S160053681200205X,"[(54, 0.9529838342181857)]"
10.1107/S1600536812002255,"[(39, 0.7663594463152055), (0, 0.18271262417994139)]"
10.1107/S1600536812002383,"[(18, 0.9383572588304577)]"
10.1107/S0021889890006616,"[(96, 0.9170228905288567)]"
10.1107/S1600536802005366,"[(59, 0.9378950142232576)]"
10.1107/S1600536802005342,"[(138, 0.8336879433249734)]"
10.1107/S1600536802006220,"[(81, 0.9172373751276426)]"
10.1107/S1744309109044789,"[(148, 0.9524114704902354)]"
10.1107/S1600536802005421,"[(31, 0.9644465433152112)]"
10.1107/S1600536802005810,"[(57, 0.9170701521474861)]"
10.1107/S0108270109029084,"[(85, 0.9567342747248504)]"
10.1107/S1600536802007080,"[(119, 0.8891986320374509)]"
10.1107/S1744309113004399,"[(5, 0.945283314600772)]"
10.1107/S0108270109030339,"[(127, 0.6634130361832652), (0, 0.28259908455418326)]"
10.1107/S0021889894013087,"[(15, 0.9775096066767724)]"
10.1107/S1600576715006214,"[(78, 0.9793518576608101)]"
10.1107/S0108270103010084,"[(104, 0.5245715116167246), (22, 0.4237981319746235)]"
10.1107/S0567739474000969,"[(112, 0.657389849666931), (0, 0.18076824375955852)]"
10.1107/S1600536807005065,"[(4, 0.7321375544918851), (1, 0.17231769396733346)]"
10.1107/S1600577514025260,"[(91, 0.9679098299576275)]"
10.1107/S0021889894004218,"[(39, 0.9763958949839721)]"
10.1107/S0021889894006357,"[(50, 0.962018728117713)]"
10.1107/S1600536807006770,"[(8, 0.9179411346610764)]"
10.1107/S160053680700685X,"[(0, 0.8915267335121134)]"
10.1107/S1600536807006630,"[(16, 0.9551095722954989)]"
10.1107/S0907444911006445,"[(34, 0.9758167417809767)]"
10.1107/S0021889894004267,"[(106, 0.9477481298431898)]"
10.1107/S0907444911008754,"[(102, 0.9657159904243187)]"
10.1107/S1600536807007921,"[(8, 0.9104824785340236)]"
10.1107/S0909049513003142,"[(49, 0.9723743824064114)]"
10.1107/S0909049513009175,"[(33, 0.9706712970905245)]"
10.1107/S1600536807008045,"[(54, 0.8765826326072906)]"
10.1107/S1600536807008094,"[(69, 0.9175839159360111)]"
10.1107/S1600536807009051,"[(71, 0.7057340058835551), (1, 0.24603029732354004)]"
10.1107/S0907444902010934,"[(49, 0.4032231709686635), (25, 0.2707996044711395), (133, 0.1612344657154778), (130, 0.12854367630121533)]"
10.1107/S1600536807008793,"[(22, 0.890162427496818)]"
10.1107/S0567739474000842,"[(107, 0.9337320397096639)]"
10.1107/S1600577516004483,"[(11, 0.9701760251040207)]"
10.1107/S1600577516006159,"[(113, 0.5013879251667163), (1, 0.012704166399941819), (0, 0.011871105978059437)]"
10.1107/S0108270197000243,"[(52, 0.9170917075068209)]"
10.1107/S0567739475001878,"[(4, 0.8365240252987176)]"
10.1107/S056773947500188X,"[(11, 0.8769759471791353)]"
10.1107/S1600536813023684,"[(75, 0.9295160974753104)]"
10.1107/S1600536813025415,"[(0, 0.5691563359120719), (17, 0.3668678971396599)]"
10.1107/S0108270197000784,"[(19, 0.9382018887992545)]"
10.1107/S0108270197000541,"[(27, 0.8896433949437113)]"
10.1107/S0108270105003732,"[(25, 0.9551414733274367)]"
10.1107/S0021889886088982,"[(8, 0.9776206196335067)]"
10.1107/S0021889875011041,"[(24, 0.8900627565256629)]"
10.1107/S1744309112031259,"[(57, 0.9763057577313002)]"
10.1107/S010827010603335X,"[(50, 0.9506243465531725)]"
10.1107/S1744309112030023,"[(6, 0.9550834032090808)]"
10.1107/S2414314616001255,"[(29, 0.9506415934913578)]"
10.1107/S0021889800012267,"[(64, 0.9603261652683943)]"
10.1107/S1744309106027825,"[(115, 0.9656104927000138)]"
10.1107/S0021889891014826,"[(28, 0.9745711833695506)]"
10.1107/S0021889880011727,"[(35, 0.9585968050906416)]"
10.1107/S1744309106031125,"[(13, 0.9379932511225076)]"
10.1107/S2053229615013224,"[(19, 0.9670410073596023)]"
10.1107/S2056989015014516,"[(76, 0.9618385878360859)]"
10.1107/S2056989015014917,"[(50, 0.9717853408875283)]"
10.1107/S010876739700737X,"[(128, 0.9376378130819031)]"
10.1107/S2056989015015601,"[(77, 0.9792664618918607)]"
10.1107/S2053229615013303,"[(112, 0.9668402116442157)]"
10.1107/S0907444999008410,"[(9, 0.7432614607819228), (121, 0.23431983127442654)]"
10.1107/S0907444999007416,"[(45, 0.9631639694235415)]"
10.1107/S2056989015014851,"[(45, 0.9738270307300084)]"
10.1107/S2059798315021580,"[(65, 0.9778476131041893)]"
10.1107/S2059798315019403,"[(35, 0.9668774440725133)]"
10.1107/S2052252515002146,"[(113, 0.9715078814380983)]"
10.1107/S2052252515005163,"[(118, 0.9768102789784654)]"
10.1107/S2053230X1501818X,"[(17, 0.9799310466085691)]"
10.1107/S2053273314097307,"[(60, 0.9869196203150795)]"
10.1107/S2053273314097393,"[(140, 0.9844201660344586)]"
10.1107/S205327331409785X,"[(88, 0.9763087486946473)]"
10.1107/S2053273314099446,"[(43, 0.9801144025356501)]"
10.1107/S2053273314098167,"[(124, 0.6375089407747189), (16, 0.3317384092270184)]"
10.1107/S1744309112042972,"[(119, 0.9667595986604804)]"
10.1107/S1744309112042236,"[(8, 0.9635298986620093)]"
10.1107/S1600576714006724,"[(49, 0.9804995729742012)]"
10.1107/S0108767389000401,"[(143, 0.9565921365346306)]"
10.1107/S0021889878013229,"[(74, 0.923379877390297)]"
10.1107/S1600576714008188,"[(17, 0.9760151532638996)]"
10.1107/S1600576714005895,"[(26, 0.9801050103648298)]"
10.1107/S0108767388004714,"[(54, 0.9451478369956132)]"
10.1107/S090744490801278X,"[(46, 0.9797685858302974)]"
10.1107/S2053273314093310,"[(107, 0.985799722756932)]"
10.1107/S2053273314093280,"[(59, 0.9808907736071568)]"
10.1107/S2053273314094285,"[(89, 0.9783741012675486)]"
10.1107/S2053273314094170,"[(132, 0.9688325718179311)]"
10.1107/S2053273314093528,"[(57, 0.9853653209834378)]"
10.1107/S2053273314095126,"[(47, 0.9872856321225623)]"
10.1107/S2053273314093966,"[(32, 0.9853964804921413)]"
10.1107/S2053273314093450,"[(41, 0.9819632399208729)]"
10.1107/S2053273314093917,"[(73, 0.9851384927258683)]"
10.1107/S2053273314093383,"[(4, 0.9839203959310219)]"
10.1107/S2053273314093826,"[(60, 0.980117822878924)]"
10.1107/S205327331409593X,"[(91, 0.9788341431635418)]"
10.1107/S2053273314095394,"[(25, 0.9859016059029095)]"
10.1107/S2053273314096867,"[(103, 0.9783267321912102)]"
10.1107/S2053273314095242,"[(37, 0.8457231287811279), (25, 0.1320027511136305)]"
10.1107/S205327331409682X,"[(8, 0.9843699565694332)]"
10.1107/S2053273314088676,"[(144, 0.9787504363185402)]"
10.1107/S2053273314088597,"[(5, 0.9814169747700742)]"
10.1107/S2053273314088986,"[(107, 0.9797138897070401)]"
10.1107/S2053273314090007,"[(20, 0.9834930760824778)]"
10.1107/S2053273314090524,"[(40, 0.9763555857617318)]"
10.1107/S2053273314092067,"[(17, 0.9726839245505524)]"
10.1107/S2053273314090883,"[(44, 0.9812857959119277)]"
10.1107/S2053273314092602,"[(21, 0.98260593625429)]"
10.1107/S2053273314091426,"[(72, 0.9792930768217398)]"
10.1107/S2053273314090834,"[(48, 0.9698444509984411)]"
10.1107/S2053273314091918,"[(6, 0.9840618527516098)]"
10.1107/S2053273314091311,"[(51, 0.9752437725315429)]"
10.1107/S2053273314092456,"[(74, 0.9744599561263423)]"
10.1107/S2053273314091827,"[(105, 0.3480089895411944), (14, 0.34141317498740364), (2, 0.29316208383283177)]"
10.1107/S2053273314092377,"[(139, 0.9706665221069403)]"
10.1107/S2053273314084204,"[(62, 0.9547386479870618)]"
10.1107/S2053273314085180,"[(96, 0.6007926819373813), (12, 0.3614929892491174)]"
10.1107/S2053273314085738,"[(5, 0.4454930150422322), (15, 0.32506761442805426), (115, 0.1980918655272258)]"
10.1107/S2053273314084496,"[(47, 0.968009009856768)]"
10.1107/S205327331408749X,"[(23, 0.9843486181632887)]"
10.1107/S2053273314086689,"[(86, 0.9778791954522732)]"
10.1107/S205327331408718X,"[(34, 0.9834747725395241)]"
10.1107/S2053273314087105,"[(13, 0.9708203534699017)]"
10.1107/S056773947600003X,"[(45, 0.9526393892588391)]"
10.1107/S0907444904014040,"[(127, 0.9751118990329488)]"
10.1107/S0108270195011061,"[(6, 0.9550834032090808)]"
10.1107/S0567739476000144,"[(15, 0.9505211696904289)]"
10.1107/S0907444997006550,"[(51, 0.9587396198248067)]"
10.1107/S0907444997010615,"[(24, 0.9604225923492566)]"
10.1107/S0567739476000338,"[(21, 0.6412524500492994), (35, 0.30079823751951834)]"
10.1107/S0567739476000351,"[(100, 0.8339150470657125)]"
10.1107/S010827019500309X,"[(1, 0.6520040377987414), (52, 0.22680956506147648)]"
10.1107/S0108767305031569,"[(42, 0.9416575507606035)]"
10.1107/S0108270113004551,"[(56, 0.9680274025603274)]"
10.1107/S0021889808014994,"[(19, 0.9633788970662248)]"
10.1107/S2053273314083594,"[(54, 0.9700806383612444)]"
10.1107/S2053273314082394,"[(2, 0.5661269125513442), (85, 0.4145340610371169)]"
10.1107/S205327331408173X,"[(39, 0.4097651168930268), (42, 0.31032160138855835), (90, 0.25113171729665795)]"
10.1107/S2053273314081716,"[(15, 0.981674507292752)]"
10.1107/S2053273314081698,"[(88, 0.9631469424138953)]"
10.1107/S205327331408228X,"[(62, 0.9715500069069435)]"
10.1107/S2053273314083417,"[(75, 0.9775733037421444)]"
10.1107/S2053273314083867,"[(93, 0.9857818426772573)]"
10.1107/S2053273314082667,"[(62, 0.9875531283397698)]"
10.1107/S2053273314082606,"[(97, 0.527696640170616), (4, 0.45836625412662885)]"
10.1107/S2053273314083764,"[(19, 0.9739797426523186)]"
10.1107/S2053273314082576,"[(28, 0.9819686572984087)]"
10.1107/S2053273314081935,"[(21, 0.9716725247569866)]"
10.1107/S1600536807061454,"[(97, 0.9095689499104362)]"
10.1107/S0108767307023896,"[(47, 0.5340447082603049), (25, 0.41158816500433004)]"
10.1107/S1744309106009651,"[(141, 0.9715149438501145)]"
10.1107/S1600536808000810,"[(18, 0.6252056003663096), (1, 0.3147396792641407)]"
10.1107/S1600536807068432,"[(55, 0.9008402288633666)]"
10.1107/S1744309106007305,"[(123, 0.49287493476139926), (64, 0.38468537753848325), (97, 0.08858016215883277)]"
10.1107/S0021889805029985,"[(113, 0.9616452250128239)]"
10.1107/S1600536808002900,"[(107, 0.7097012642486111), (0, 0.2461952270059833)]"
10.1107/S1600536807067463,"[(10, 0.9478705201013201)]"
10.1107/S1600536807067712,"[(0, 0.6575127153731937), (23, 0.262296047647079)]"
10.1107/S0907444997010524,"[(61, 0.9645353333557372)]"
10.1107/S0108768195016259,"[(147, 0.9791942604505971)]"
10.1107/S1600536807067499,"[(11, 0.9621464954261351)]"
10.1107/S1600536807066615,"[(135, 0.7068472269910479), (14, 0.23161433787666327)]"
10.1107/S1600536807067153,"[(28, 0.9680087493997286)]"
10.1107/S0108767385000861,"[(100, 0.9808363515845937)]"
10.1107/S2053230X16000923,"[(32, 0.971627447813303)]"
10.1107/S205698901600712X,"[(17, 0.963578566067253)]"
10.1107/S0108767385000952,"[(106, 0.9290867476443291)]"
10.1107/S1600536808000020,"[(121, 0.958504576163922)]"
10.1107/S0907444999016571,"[(55, 0.9237233540782995)]"
10.1107/S1600536807068663,"[(3, 0.9179472372165812)]"
10.1107/S1600536807068493,"[(14, 0.9505581280232033)]"
10.1107/S1744309110001375,"[(68, 0.9745340401320124)]"
10.1107/S0021889899015587,"[(57, 0.889426869652636)]"
10.1107/S2414314616006738,"[(1, 0.9426710783999928)]"
10.1107/S1744309108028571,"[(47, 0.9603311722223918)]"
10.1107/S2414314616006891,"[(108, 0.6076773136015339), (0, 0.3437858181122114)]"
10.1107/S2414314616007082,"[(66, 0.9380272482376869)]"
10.1107/S0108768102000927,"[(55, 0.8583433536892194)]"
10.1107/S1600536802009066,"[(59, 0.9602528091028851)]"
10.1107/S0108270107012541,"[(103, 0.9584595700331525)]"
10.1107/S0108270107016800,"[(133, 0.9584229726256392)]"
10.1107/S0021889807001136,"[(131, 0.8336329184091196)]"
10.1107/S160053680200853X,"[(105, 0.9004734167974906)]"
10.1107/S0021889899014922,"[(14, 0.9381976600344226)]"
10.1107/S1600536803020063,"[(3, 0.9384604279124359)]"
10.1107/S002188988301033X,"[(117, 0.5934554149831214), (62, 0.3357269420305219)]"
10.1107/S0909049505013580,"[(41, 0.9603191280917172)]"
10.1107/S1600536809052192,"[(16, 0.9176999397963458)]"
10.1107/S1600536809052118,"[(0, 0.3980912536849447), (54, 0.31193111424407255), (1, 0.2576263056683283)]"
10.1107/S1600536809053203,"[(71, 0.9478874589336524)]"
10.1107/S160053680905377X,"[(42, 0.7176824072746393), (0, 0.2450837686825291)]"
10.1107/S1600536809039415,"[(12, 0.934342863931718)]"
10.1107/S1600536803019433,"[(1, 0.9025408332799879)]"
10.1107/S1600536803019391,"[(7, 0.5431923316663289), (55, 0.41042514712611744)]"
10.1107/S1600536803019524,"[(52, 0.9567434995332826)]"
10.1107/S1600536803019846,"[(7, 0.9532173072201647)]"
10.1107/S1600576714004427,"[(45, 0.9631639694235415)]"
10.1107/S0021889893008568,"[(41, 0.9699387334028173)]"
10.1107/S1600536803019883,"[(55, 0.9478107159483106)]"
10.1107/S1600536803019792,"[(69, 0.5963067818112764), (66, 0.33832274905981286)]"
10.1107/S1600536808001888,"[(69, 0.9479476726529312)]"
10.1107/S1600536808002134,"[(3, 0.5565095045131147), (0, 0.36957580768343107)]"
10.1107/S1600536808002389,"[(54, 0.6034649407935867), (0, 0.3277067219119239)]"
10.1107/S1600536807067578,"[(12, 0.8593075377860985)]"
10.1107/S0021889878013618,"[(121, 0.9678745105955843)]"
10.1107/S0021889803012998,"[(44, 0.9669382394443977)]"
10.1107/S002188980301375X,"[(35, 0.9792984025453215)]"
10.1107/S1744309110011942,"[(31, 0.9688907254008099)]"
10.1107/S0021889878014909,"[(14, 0.9175968800458969)]"
10.1107/S1600577515022730,"[(91, 0.80104094573729)]"
10.1107/S0021889878013862,"[(32, 0.9769060621736187)]"
10.1107/S1600536808000457,"[(18, 0.9103378310261202)]"
10.1107/S160053680604935X,"[(7, 0.6061118919156259), (28, 0.29647206838796475)]"
10.1107/S1600536806050185,"[(142, 0.8145102885134177), (0, 0.11604194699159658)]"
10.1107/S1600536806050112,"[(28, 0.8760345189265554)]"
10.1107/S1600536806049853,"[(0, 0.48102715301169263), (17, 0.3101221678343097), (3, 0.17628965647727185)]"
10.1107/S1600536806050653,"[(4, 0.5494353615520786), (29, 0.36256246118126473)]"
10.1107/S0907444902012726,"[(84, 0.958552418014818)]"
10.1107/S056773947600185X,"[(20, 0.9099622331775116)]"
10.1107/S0567739476001885,"[(1, 0.6751360790779303)]"
10.1107/S1600536806044825,"[(66, 0.9008435971834099)]"
10.1107/S160053680605046X,"[(146, 0.9412935471372109)]"
10.1107/S1600536806049713,"[(3, 0.9507683423299484)]"
10.1107/S1600536806044709,"[(4, 0.9019144134737372)]"
10.1107/S1600536806044588,"[(8, 0.8593296091248948)]"
10.1107/S0907444902014269,"[(81, 0.9763535357507556)]"
10.1107/S090744490201449X,"[(50, 0.9570646491766718)]"
10.1107/S1600536806038608,"[(5, 0.48656792830307793), (0, 0.44477791989478044)]"
10.1107/S1600536806045697,"[(7, 0.94220961480138)]"
10.1107/S1600536806045144,"[(65, 0.9093765601412761)]"
10.1107/S1600536806045867,"[(0, 0.45634306206519887), (132, 0.44629538894779214)]"
10.1107/S1600536806046150,"[(0, 0.938983888247257)]"
10.1107/S0907444903025927,"[(125, 0.9744143184514644)]"
10.1107/S0021889803001821,"[(96, 0.9567075950585339)]"
10.1107/S090744490302794X,"[(9, 0.9658436904143529)]"
10.1107/S1600536806047064,"[(12, 0.9343435158713796)]"
10.1107/S1600536806047246,"[(0, 0.48890045046338526), (3, 0.4470401534402876)]"
10.1107/S1600536806047842,"[(135, 0.9585092698380001)]"
10.1107/S1600536806047568,"[(110, 0.8163979506215369), (1, 0.12974016955408763)]"
10.1107/S1600536806047039,"[(17, 0.859517326218416)]"
10.1107/S1600536806047726,"[(13, 0.9007892017976631)]"
10.1107/S160053680604863X,"[(29, 0.9177359915228726)]"
10.1107/S0567739476001629,"[(94, 0.9618093793278641)]"
10.1107/S1600536806049968,"[(1, 0.5578543685305906), (17, 0.38227248250814333)]"
10.1107/S1600536806048070,"[(23, 0.9295682802744989)]"
10.1107/S1600536806045247,"[(0, 0.6372392132056673), (69, 0.3024326119936049)]"
10.1107/S0907444902014348,"[(43, 0.9502860063383783)]"
10.1107/S0567739476001708,"[(58, 0.9751265855363828)]"
10.1107/S0021889868005583,"[(122, 0.909467262743317)]"
10.1107/S0907444904004998,"[(47, 0.8760349131949765)]"
10.1107/S0021889868005595,"[(3, 0.8593381209321619)]"
10.1107/S0108767302018196,"[(107, 0.9005980595644958)]"
10.1107/S0907444900003103,"[(48, 0.9447148268304744)]"
10.1107/S0907444900002249,"[(51, 0.9680564806858607)]"
10.1107/S2053230X1401557X,"[(45, 0.9768703994054806)]"
10.1107/S1600576715021019,"[(143, 0.9643435407248752)]"
10.1107/S0108270113001327,"[(78, 0.9708496814034966)]"
10.1107/S0021889811055087,"[(47, 0.7520698263899532)]"
10.1107/S0909049510039956,"[(72, 0.9290048348173922)]"
10.1107/S010876738609935X,"[(21, 0.9568929724562825)]"
10.1107/S0907444904000915,"[(2, 0.9812985128248001)]"
10.1107/S1600576715021378,"[(17, 0.9572444036443414)]"
10.1107/S1600576715022062,"[(75, 0.9790047949926461)]"
10.1107/S0907444904002008,"[(82, 0.9784303673768203)]"
10.1107/S0907444904002112,"[(47, 0.9769367280362754)]"
10.1107/S1600576715022797,"[(42, 0.9837406289004968)]"
10.1107/S0365110X48000703,"[(85, 0.8756110591621411)]"
10.1107/S0365110X48000740,"[(113, 0.8005551700666859)]"
10.1107/S0021889803001158,"[(103, 0.9475278779366136)]"
10.1107/S0108270101004590,"[(48, 0.9289190630677522)]"
10.1107/S1600536807042328,"[(54, 0.9382910989344241)]"
10.1107/S0021889887087223,"[(137, 0.9525418337444361)]"
10.1107/S1600536807044133,"[(23, 0.9178302453572627)]"
10.1107/S0108768199000452,"[(83, 0.9849119780863849)]"
10.1107/S0108270105041661,"[(71, 0.9449932072967786)]"
10.1107/S0108270105042125,"[(1, 0.9625157051076876)]"
10.1107/S0021889868005108,"[(23, 0.8767453680358944)]"
10.1107/S0907444996000364,"[(7, 0.9790970947153935)]"
10.1107/S0021889803001730,"[(24, 0.9739622318087224)]"
10.1107/S0108767385000575,"[(72, 0.9657264719808101)]"
10.1107/S160053680502934X,"[(4, 0.4523200990717714), (18, 0.45096593022798503)]"
10.1107/S1600536805029387,"[(11, 0.9015808881079517)]"
10.1107/S002188987100668X,"[(37, 0.4906874406454681), (58, 0.3681539484432463)]"
10.1107/S1600536805030023,"[(3, 0.5991039700399106), (1, 0.3271095052984631)]"
10.1107/S0021889871006782,"[(41, 0.9098162002084446)]"
10.1107/S0021889871006812,"[(132, 0.7506605745434479)]"
10.1107/S0108270100008817,"[(67, 0.9170410278870776)]"
10.1107/S1600536805029910,"[(1, 0.609575659400856), (104, 0.29372131195555756)]"
10.1107/S0108270100008441,"[(0, 0.953511533902672)]"
10.1107/S1600536805029302,"[(3, 0.9104878951453613)]"
10.1107/S1600536805029673,"[(95, 0.7029333373897803), (1, 0.25093997570612164)]"
10.1107/S0108270197016752,"[(59, 0.4341732657852419), (2, 0.40878028189553955), (53, 0.09573552238532092)]"
10.1107/S0108270197014030,"[(101, 0.9287753057187201)]"
10.1107/S0108270197015886,"[(85, 0.9502444236648566)]"
10.1107/S0108270100010519,"[(17, 0.8907356982022064)]"
10.1107/S1600536805027145,"[(23, 0.9241509930785464)]"
10.1107/S1600536805027388,"[(1, 0.9025408332799879)]"
10.1107/S0108270197014960,"[(5, 0.9179249675621777)]"
10.1107/S0108767391000892,"[(58, 0.9751265855363828)]"
10.1107/S0021889803000281,"[(15, 0.968078173992947)]"
10.1107/S0021889891001619,"[(94, 0.9602817545138106)]"
10.1107/S0108767391001885,"[(38, 0.9290218743460342)]"
10.1107/S1600536805028126,"[(1, 0.8050816665599765)]"
10.1107/S0021889891002042,"[(98, 0.9379494240396605)]"
10.1107/S1600536805032277,"[(22, 0.6655507189700981), (1, 0.23813629905196426)]"
10.1107/S1600536805034264,"[(17, 0.8595173262599805)]"
10.1107/S1600536811044230,"[(90, 0.8411012857999035), (1, 0.08961508492888808)]"
10.1107/S1600536805033106,"[(1, 0.9458560085017974)]"
10.1107/S1600536811039274,"[(4, 0.9423025971639736)]"
10.1107/S1600536811039705,"[(27, 0.9448216974718537)]"
10.1107/S0108270101000750,"[(50, 0.9341657954042164)]"
10.1107/S1600536811039183,"[(59, 0.9503160113786064)]"
10.1107/S0108270101002773,"[(9, 0.9339644679228954)]"
10.1107/S1600536811038657,"[(0, 0.9535115339026635)]"
10.1107/S1600536811040876,"[(81, 0.6499722062234984), (0, 0.3059637352986759)]"
10.1107/S1600536811040608,"[(7, 0.456814038288015), (85, 0.45431795488658505)]"
10.1107/S1600536805034926,"[(20, 0.8761980706190791)]"
10.1107/S010827010100213X,"[(127, 0.9414397624304677)]"
10.1107/S1600536811040232,"[(73, 0.6351721403946821), (1, 0.28396846041947466)]"
10.1107/S1600536811040384,"[(39, 0.547104534059801), (0, 0.40451395600434426)]"
10.1107/S1600536805031375,"[(29, 0.9419312881320064)]"
10.1107/S0108270101003365,"[(79, 0.9335888309149742)]"
10.1107/S2052252514023306,"[(137, 0.6841433562381787), (120, 0.26854541516994257)]"
10.1107/S205225251402329X,"[(110, 0.9744891751374709)]"
10.1107/S1600536805032514,"[(69, 0.94182394066072)]"
10.1107/S1600536811042103,"[(59, 0.9006320227571085)]"
10.1107/S1600536811042668,"[(46, 0.9339107137123013)]"
10.1107/S1600536805032952,"[(18, 0.9342477427524862)]"
10.1107/S1600536812033740,"[(18, 0.6219750887966211), (0, 0.35269486786768095)]"
10.1107/S0108767303022037,"[(30, 0.9602865585109693)]"
10.1107/S1600536807038731,"[(5, 0.6514892581158362), (4, 0.2841269961912441)]"
10.1107/S0567739480000150,"[(110, 0.9738178376410885)]"
10.1107/S1600536812034241,"[(29, 0.9294879927338907)]"
10.1107/S1600536812034393,"[(0, 0.9486180111555849)]"
10.1107/S056773947000133X,"[(46, 0.9527933669372558)]"
10.1107/S0567739470001341,"[(104, 0.9448645211535696)]"
10.1107/S2053273315021865,"[(8, 0.962127202456702)]"
10.1107/S1600536807042845,"[(1, 0.3374258301822606), (16, 0.3164218708076102), (57, 0.26637420988737637)]"
10.1107/S1600536807043590,"[(0, 0.9302673008540081)]"
10.1107/S1600536807043760,"[(0, 0.6904568029884566), (7, 0.24962480098526746)]"
10.1107/S1600536807044108,"[(42, 0.88979759588114)]"
10.1107/S1600536807043127,"[(18, 0.8904129045874805)]"
10.1107/S160053680704398X,"[(12, 0.39935905797533966), (17, 0.32438404274017235), (19, 0.18055732619063944)]"
10.1107/S1600536807044315,"[(7, 0.9636134611712392)]"
10.1107/S1600536807044224,"[(7, 0.94220961480138)]"
10.1107/S1600536812035519,"[(56, 0.9774738518038676)]"
10.1107/S1600536807044595,"[(25, 0.6397959126610012), (1, 0.2915269977678201)]"
10.1107/S1600536812035854,"[(1, 0.49218265810658807), (54, 0.4512331888769957)]"
10.1107/S1600536807045515,"[(0, 0.6795553474594466), (17, 0.24662645990793633)]"
10.1107/S1600536807045710,"[(24, 0.8021129617462851)]"
10.1107/S1600536812036409,"[(4, 0.9245495501378694)]"
10.1107/S1600536807046430,"[(38, 0.6808087664825584), (41, 0.2295807735719213)]"
10.1107/S1600536812036586,"[(17, 0.9606648513527941)]"
10.1107/S1600536807046612,"[(1, 0.9750104700717926)]"
10.1107/S1600536807046764,"[(127, 0.956716346144151)]"
10.1107/S1399004714005318,"[(32, 0.9797338912952143)]"
10.1107/S0108270104031713,"[(0, 0.6345566846021957), (3, 0.28536907027739533)]"
10.1107/S0021889807034115,"[(107, 0.4513366274812099), (55, 0.30994287717845), (13, 0.20612970256165666)]"
10.1107/S0909049511017535,"[(102, 0.9415155130767788)]"
10.1107/S002188980703854X,"[(54, 0.9451478369956132)]"
10.1107/S0108270108016454,"[(80, 0.9644395444137027)]"
10.1107/S0907444907006592,"[(120, 0.9697904754623142)]"
10.1107/S010876738900824X,"[(136, 0.9501296480240686)]"
10.1107/S0108270108017502,"[(36, 0.9548957757108713)]"
10.1107/S174430910702163X,"[(82, 0.5360108650013101), (42, 0.23246573993810488), (123, 0.1952506706414496)]"
10.1107/S0907444903011156,"[(7, 0.9482928132333367)]"
10.1107/S0021889809023589,"[(134, 0.5566061245449524), (52, 0.4091345992686436)]"
10.1107/S0021889813027453,"[(122, 0.9730848618965935)]"
10.1107/S0108270104000186,"[(16, 0.572371161099822), (114, 0.20607225577383706), (93, 0.16712975234606706)]"
10.1107/S0907444999010689,"[(8, 0.9671769087958084)]"
10.1107/S0108270104028574,"[(52, 0.5243023730399456), (7, 0.4242588870498085)]"
10.1107/S2056989016002620,"[(6, 0.9746624325794824)]"
10.1107/S1600536811042632,"[(3, 0.9452981581443872)]"
10.1107/S0021889813023728,"[(84, 0.9792762090074095)]"
10.1107/S1744309108013602,"[(11, 0.9710532023846924)]"
10.1107/S1600536811042620,"[(4, 0.6399778076564697), (0, 0.31651692921033614)]"
10.1107/S1600536811044357,"[(17, 0.8595173262599805)]"
10.1107/S1600536811044412,"[(0, 0.6317899032639471), (4, 0.3226332569145489)]"
10.1107/S160053681104414X,"[(123, 0.9447033988010038)]"
10.1107/S1600536811041869,"[(3, 0.9104878951453612)]"
10.1107/S1600536811041894,"[(12, 0.9552342165683037)]"
10.1107/S1600536811041985,"[(94, 0.7040022032543274), (27, 0.24668951761260643)]"
10.1107/S1600536811041262,"[(0, 0.9457634562112681)]"
10.1107/S2056989016001833,"[(3, 0.49243085370085443), (27, 0.4749743929393198)]"
10.1107/S0108270104015549,"[(0, 0.9704164306653378)]"
10.1107/S2056989016002498,"[(0, 0.9694919168384561)]"
10.1107/S1600536806026833,"[(122, 0.8265947146480113), (0, 0.13601613543401214)]"
10.1107/S1600536806026948,"[(78, 0.941699362806992)]"
10.1107/S1600536806027383,"[(142, 0.6446211310985683), (12, 0.24639462996996178)]"
10.1107/S1600536806027425,"[(11, 0.5906585705865931), (1, 0.3408569446905069)]"
10.1107/S2414314616000559,"[(50, 0.9529755681458786)]"
10.1107/S174430910504323X,"[(0, 0.9624516235367735)]"
10.1107/S1600536806028091,"[(17, 0.9180517724988275)]"
10.1107/S0021889879013017,"[(132, 0.9445912387874329)]"
10.1107/S1600536806025451,"[(23, 0.8904403271430061)]"
10.1107/S1600536806028352,"[(104, 0.9586483908651772)]"
10.1107/S1600536806027760,"[(7, 0.9454201914585312)]"
10.1107/S0108270110049851,"[(45, 0.6437759035555274), (112, 0.3150004932678289)]"
10.1107/S1600536806024238,"[(139, 0.857523118115278)]"
10.1107/S1600536806025347,"[(0, 0.4051716510415787), (3, 0.34838446992838923), (4, 0.1941246129382207)]"
10.1107/S1600536806025116,"[(3, 0.8769208458413507)]"
10.1107/S2053229614027673,"[(41, 0.9774540500521127)]"
10.1107/S0567739469000258,"[(44, 0.9291533702380083)]"
10.1107/S0567739469000349,"[(50, 0.962018728117825)]"
10.1107/S1600536808041226,"[(82, 0.9379872513057471)]"
10.1107/S0567739470000633,"[(58, 0.9414743186597491)]"
10.1107/S1600536808042670,"[(4, 0.8910158970499877)]"
10.1107/S1600536808041986,"[(50, 0.9691402165641481)]"
10.1107/S0907444906014855,"[(19, 0.9725341727996696)]"
10.1107/S0907444903012629,"[(102, 0.766424700152711), (3, 0.2071193692771328)]"
10.1107/S1600536808042803,"[(130, 0.5721886343354315), (0, 0.36285303245919226)]"
10.1107/S1744309113002388,"[(44, 0.9568759644927007)]"
10.1107/S1744309113002522,"[(46, 0.9568982915515011)]"
10.1107/S1600536808040117,"[(1, 0.9625157048606696)]"
10.1107/S1600536808040440,"[(23, 0.751115097812751), (1, 0.18484298732638468)]"
10.1107/S1600536808040646,"[(1, 0.9535908729904703)]"
10.1107/S160053680803910X,"[(3, 0.9179472372165812)]"
10.1107/S1600536808041585,"[(116, 0.9585955037234273)]"
10.1107/S056773946900012X,"[(88, 0.9800993489035038)]"
10.1107/S0907444902022527,"[(34, 0.944915911595453)]"
10.1107/S1600536814023897,"[(85, 0.5643240679538508), (133, 0.32534702313186464)]"
10.1107/S1600536814024295,"[(31, 0.9601801285130365)]"
10.1107/S1600536810053274,"[(11, 0.5435768574128613), (1, 0.2591207888938537), (4, 0.13465977807139884)]"
10.1107/S0108767398010514,"[(94, 0.952716374421203)]"
10.1107/S1600536803000783,"[(124, 0.4283232983522222), (7, 0.3218009808850087), (136, 0.2033832846345348)]"
10.1107/S0108767398014950,"[(46, 0.9724627973801259)]"
10.1107/S0108270113017368,"[(46, 0.9680213130865976)]"
10.1107/S0907444913010457,"[(114, 0.9744403908521241)]"
10.1107/S0108270113019057,"[(13, 0.9586621674156928)]"
10.1107/S1600536814024623,"[(22, 0.9505730923735677)]"
10.1107/S0907444994000491,"[(1, 0.9808903594666649)]"
10.1107/S0907444907008372,"[(92, 0.973048370907082)]"
10.1107/S160053681004955X,"[(69, 0.9011006991232234)]"
10.1107/S1600536810049603,"[(11, 0.9384880550674686)]"
10.1107/S1399004714009626,"[(88, 0.9689052326617241)]"
10.1107/S1600536810050841,"[(17, 0.9421541931631241)]"
10.1107/S1600536810053304,"[(1, 0.419738987353618), (0, 0.2763271493467918), (29, 0.26785626495460835)]"
10.1107/S1600536803022141,"[(80, 0.923408249493133)]"
10.1107/S0108270105013545,"[(145, 0.9706366460862713)]"
10.1107/S1600536803021603,"[(90, 0.8578029796280146)]"
10.1107/S1600536803020348,"[(19, 0.9011230220788072)]"
10.1107/S0108270105014745,"[(3, 0.9765563534904526)]"
10.1107/S1744309105040613,"[(13, 0.9568648703468099)]"
10.1107/S1600536803022372,"[(0, 0.9249032470735472)]"
10.1107/S0365110X49000758,"[(3, 0.8905963162887748)]"
10.1107/S0108270110013879,"[(87, 0.9783803939605672)]"
10.1107/S0108270111027491,"[(89, 0.5865594619014255), (0, 0.3729801576928804)]"
10.1107/S1600536808037914,"[(4, 0.9532925786567762)]"
10.1107/S0108270107038036,"[(35, 0.9447957401208554)]"
10.1107/S1600536805011694,"[(112, 0.5329905174216583), (18, 0.3969325176221846)]"
10.1107/S1600536805011992,"[(71, 0.8899864145935568)]"
10.1107/S1600536805012055,"[(106, 0.9503607233502303)]"
10.1107/S1600536808038695,"[(0, 0.9624516235367531)]"
10.1107/S1600536805012663,"[(56, 0.9549475577149974)]"
10.1107/S1600536808038610,"[(3, 0.9296690604713549)]"
10.1107/S1600536805010342,"[(4, 0.9509565606309275)]"
10.1107/S1600536808035162,"[(8, 0.9507653631937126)]"
10.1107/S160053680803609X,"[(116, 0.9585955037234273)]"
10.1107/S160053680803941X,"[(127, 0.5825868970853322), (0, 0.3526276477996058)]"
10.1107/S1600536805011086,"[(50, 0.6769281948685782), (0, 0.27717795479902035)]"
10.1107/S1600536808036581,"[(11, 0.5772038303646583), (17, 0.3260391861252797)]"
10.1107/S1600536808036271,"[(1, 0.5195046903403135), (54, 0.40650064802283364)]"
10.1107/S1600536808034065,"[(50, 0.9382803829758911)]"
10.1107/S1600536805011918,"[(3, 0.8593381209427109)]"
10.1107/S1600536808036301,"[(54, 0.9506330532960519)]"
10.1107/S2056989015012025,"[(4, 0.6137926695766575), (50, 0.20982252587843273), (73, 0.15228255693213297)]"
10.1107/S1600536808038257,"[(34, 0.9173738678234428)]"
10.1107/S0021889806050813,"[(109, 0.9715587646426614)]"
10.1107/S0021889807003445,"[(6, 0.9634012915036947)]"
10.1107/S2056989015010932,"[(87, 0.96570683179952)]"
10.1107/S0021889806054409,"[(37, 0.9379266155541908)]"
10.1107/S2056989015010026,"[(27, 0.9548541161133361)]"
10.1107/S2056989015010464,"[(40, 0.9632198000738016)]"
10.1107/S160053680300134X,"[(16, 0.4939142616606824), (0, 0.4257639531598156)]"
10.1107/S0907444906010456,"[(38, 0.9689470855720732)]"
10.1107/S2056989015010051,"[(24, 0.7440153277574769), (0, 0.22483328581308876)]"
10.1107/S1600536804001813,"[(18, 0.4703216543112759), (106, 0.43177140651951784)]"
10.1107/S0907444995006445,"[(47, 0.9504139652779904)]"
10.1107/S0021889889007417,"[(93, 0.8009457974815962)]"
10.1107/S2052252514014900,"[(2, 0.9809388688406614)]"
10.1107/S1600536813008933,"[(22, 0.9646950659811199)]"
10.1107/S2052252514016960,"[(78, 0.9646031845613879)]"
10.1107/S1600536813009860,"[(39, 0.9669542529775593)]"
10.1107/S1600536813010386,"[(4, 0.9661773845445619)]"
10.1107/S1600536813010441,"[(0, 0.9593225921648381)]"
10.1107/S1600536813007484,"[(76, 0.9448781101341945)]"
10.1107/S1600536803027983,"[(95, 0.941525367189062)]"
10.1107/S0907444993009667,"[(73, 0.9730886219629995)]"
10.1107/S0108270108003466,"[(19, 0.3309880223042397), (0, 0.24799490195522292), (71, 0.21333878570249035), (16, 0.1828694199048779)]"
10.1107/S1600536802001587,"[(4, 0.8910160168658113)]"
10.1107/S0108270103018869,"[(140, 0.9750722656551337)]"
10.1107/S160053680400786X,"[(12, 0.8905725293891874)]"
10.1107/S1600536804008682,"[(146, 0.9168325251110487)]"
10.1107/S0108270105040667,"[(81, 0.9415793236195126)]"
10.1107/S0108270103018961,"[(24, 0.9758674343593037)]"
10.1107/S0567739480001209,"[(96, 0.9737967022722176)]"
10.1107/S1600536804009225,"[(23, 0.5148575504172436), (50, 0.3966378927964477)]"
10.1107/S1600536804009882,"[(27, 0.9097082322266714)]"
10.1107/S090904951200235X,"[(80, 0.6398411245429168), (37, 0.29423444517371206)]"
10.1107/S0907444906030587,"[(10, 0.426499296803019), (66, 0.38416604664036036), (7, 0.1646048951562356)]"
10.1107/S0108768199014251,"[(97, 0.9668419483004932)]"
10.1107/S1600536804008876,"[(9, 0.9528317629531541)]"
10.1107/S1600536802001630,"[(72, 0.9337378458295661)]"
10.1107/S2053230X15011085,"[(44, 0.9708278583332991)]"
10.1107/S1600536803024760,"[(51, 0.9174792417718062)]"
10.1107/S1600536803024656,"[(110, 0.8756344384908684)]"
10.1107/S2053230X15011759,"[(104, 0.9586483908642885)]"
10.1107/S1600536801000484,"[(7, 0.957285351062175)]"
10.1107/S160053680100109X,"[(40, 0.9337956401328459)]"
10.1107/S1600536801001374,"[(68, 0.9097115968331874)]"
10.1107/S160053680302556X,"[(3, 0.9179472372164618)]"
10.1107/S1600536803025790,"[(0, 0.6206479194720966), (66, 0.30490424851176645)]"
10.1107/S1600536801001726,"[(32, 0.9097236975877787)]"
10.1107/S1600536803026151,"[(0, 0.6057818488352641), (18, 0.33004870804763203)]"
10.1107/S1600536803024826,"[(13, 0.5593553607651351), (7, 0.3710343156348718)]"
10.1107/S0108270196011778,"[(5, 0.945283314600772)]"
10.1107/S0021889809007171,"[(14, 0.9681020180822825)]"
10.1107/S1600536803026102,"[(19, 0.9239403393787977)]"
10.1107/S1600536803026758,"[(25, 0.5379638674408291), (0, 0.2694070575911185)]"
10.1107/S0021889808042131,"[(72, 0.6954036937241987), (89, 0.2872502772538844)]"
10.1107/S1600536803026928,"[(17, 0.5572883891765406), (11, 0.3459546273133974)]"
10.1107/S0108270196011717,"[(66, 0.9618629219936193)]"
10.1107/S0108270196011808,"[(116, 0.9006292089362253)]"
10.1107/S1600536803023997,"[(39, 0.9237386212291072)]"
10.1107/S0021889808042453,"[(29, 0.8446143354853854), (5, 0.11488281289329676)]"
10.1107/S2053229613032804,"[(110, 0.468481062793885), (0, 0.2980913819077259), (7, 0.1967499973730408)]"
10.1107/S205322961402172X,"[(111, 0.7526063125386216), (28, 0.22439980110665378)]"
10.1107/S0108767302005287,"[(0, 0.945763456219784)]"
10.1107/S2053229614022165,"[(89, 0.9502604329153612)]"
10.1107/S0567739480001817,"[(29, 0.5123154704279455), (59, 0.40308290845364075), (35, 0.06471336495494227)]"
10.1107/S0567739480001830,"[(58, 0.9378164638409544)]"
10.1107/S0021889894012628,"[(5, 0.614497511153335), (10, 0.3464880706363169)]"
10.1107/S056773948000191X,"[(2, 0.9724672549920668)]"
10.1107/S0108270100013846,"[(26, 0.4532594970779114), (132, 0.22495750643696202), (1, 0.20552704437285982), (41, 0.08720381124887497)]"
10.1107/S0567739480002008,"[(70, 0.923568771854254)]"
10.1107/S0567739480002033,"[(93, 0.9656803099106201)]"
10.1107/S0907444903016779,"[(120, 0.9768159463008699)]"
10.1107/S0108767390008030,"[(37, 0.9645295107916323)]"
10.1107/S0108270109021519,"[(84, 0.9585524180148138)]"
10.1107/S174430911004457X,"[(11, 0.9531337562418816)]"
10.1107/S0108270109024445,"[(76, 0.9007805982415493)]"
10.1107/S1744309105033737,"[(43, 0.975143003169563)]"
10.1107/S1600536804004805,"[(109, 0.9336368919682636)]"
10.1107/S1600536804005756,"[(116, 0.8895880099291392)]"
10.1107/S1600536804005161,"[(8, 0.709312778530989), (0, 0.237301081237365)]"
10.1107/S1600536804005574,"[(0, 0.7496633292581647), (17, 0.1543730203194329)]"
10.1107/S0108270198002121,"[(117, 0.9502151365504732)]"
10.1107/S0108270198001401,"[(56, 0.8898721490392542)]"
10.1107/S0108270198001826,"[(0, 0.5564216960658336), (1, 0.26213002267665847), (7, 0.1323279652774796)]"
10.1107/S1600536804007081,"[(111, 0.41258342253528113), (24, 0.29149105867283104), (88, 0.24918832780336236)]"
10.1107/S010827019800016X,"[(56, 0.9680274025516036)]"
10.1107/S0907444904026964,"[(123, 0.9678922960780022)]"
10.1107/S0021889874009502,"[(0, 0.5647945397087905), (49, 0.37810077991711255)]"
10.1107/S1600536805039061,"[(54, 0.9177217554017242)]"
10.1107/S1600536805039085,"[(25, 0.9342074942135743)]"
10.1107/S0108767308004601,"[(106, 0.9602885786806874)]"
10.1107/S1600536812008719,"[(77, 0.9476205353057523)]"
10.1107/S1600536812013232,"[(51, 0.9724930805769115)]"
10.1107/S1600536812008367,"[(1, 0.3741526500341647), (40, 0.3601010552682926), (17, 0.23295195740831628)]"
10.1107/S1600536812006368,"[(0, 0.6027657536642692), (7, 0.34084046184041117)]"
10.1107/S1600536812005326,"[(24, 0.9587735336971424)]"
10.1107/S1600536812009683,"[(34, 0.9338990942587542)]"
10.1107/S1600536812009002,"[(4, 0.9683594887660854)]"
10.1107/S1600536812012202,"[(3, 0.9296690604713553)]"
10.1107/S1600576716009936,"[(14, 0.9746451938602766)]"
10.1107/S1600536812009828,"[(6, 0.48393310252909594), (0, 0.4701419406832637)]"
10.1107/S1600536812008823,"[(29, 0.9383019936421544)]"
10.1107/S160053681201210X,"[(16, 0.9551096700960866)]"
10.1107/S1600576716008050,"[(79, 0.7701170304785169), (1, 0.17277948696410078)]"
10.1107/S1600536812008859,"[(12, 0.9718615075572202)]"
10.1107/S1600536805037116,"[(22, 0.890162427496818)]"
10.1107/S1600536805037098,"[(4, 0.891016016865811)]"
10.1107/S1600536812009968,"[(4, 0.9554156432632859)]"
10.1107/S1600536805037165,"[(4, 0.929938841381161)]"
10.1107/S1600536812010045,"[(14, 0.8901291733945292)]"
10.1107/S1600536812011592,"[(87, 0.537347723648345), (75, 0.4135884506936763)]"
10.1107/S1600536812012317,"[(30, 0.7836509679436597), (7, 0.16758540277622527)]"
10.1107/S1600536805038304,"[(117, 0.917025227584122)]"
10.1107/S1600536805038596,"[(4, 0.9245495501378694)]"
10.1107/S174430911302099X,"[(51, 0.9690547156644276)]"
10.1107/S1600536805038912,"[(124, 0.8576432041717479)]"
10.1107/S0108270107044563,"[(0, 0.454220832286907), (4, 0.26014667887883336), (23, 0.24276200283587634)]"
10.1107/S0108270107044812,"[(11, 0.5839831839053977), (7, 0.35560258688853896)]"
10.1107/S1600536805034732,"[(12, 0.39496784459319156), (37, 0.3239141158471306), (19, 0.21206156009228314)]"
10.1107/S0108270113014765,"[(46, 0.9586941960701885)]"
10.1107/S1600536805036275,"[(59, 0.7888616652145904), (0, 0.17072426976575328)]"
10.1107/S0907444913012687,"[(26, 0.9731148788713916)]"
10.1107/S010827011301559X,"[(126, 0.9525208622163297)]"
10.1107/S0108270113016168,"[(40, 0.9503467300996343)]"
10.1107/S0108270113015229,"[(12, 0.9733821087356263)]"
10.1107/S1600536805035075,"[(4, 0.9386965094870161)]"
10.1107/S1600536805035300,"[(4, 0.8773930189740382)]"
10.1107/S1600536805035531,"[(25, 0.9013112413203616)]"
10.1107/S0909049508040430,"[(37, 0.9825759000379956)]"
10.1107/S1600536805035506,"[(61, 0.6076550271153477), (49, 0.2935917284491376)]"
10.1107/S0021889802003035,"[(1, 0.9025408332799879)]"
10.1107/S0909049509000211,"[(20, 0.9752396141238165)]"
10.1107/S1600536805036603,"[(41, 0.3379190049581378), (3, 0.29563691914352047), (0, 0.17043933932244243), (85, 0.1672767285196925)]"
10.1107/S1600536811026882,"[(4, 0.957354093556187)]"
10.1107/S0108270195010079,"[(105, 0.9502367083830998)]"
10.1107/S0909049597011758,"[(112, 0.4934175686371982), (126, 0.4357363508056173)]"
10.1107/S0021889881009230,"[(64, 0.9632649678470329)]"
10.1107/S2053230X14019943,"[(17, 0.9726839245505524)]"
10.1107/S2053230X14020305,"[(106, 0.9632301654452077)]"
10.1107/S0108270195010183,"[(104, 0.3845159364925788), (31, 0.3755861898437534), (42, 0.2049065506822549)]"
10.1107/S0108270195011231,"[(83, 0.9525805025572085)]"
10.1107/S0108767308027554,"[(68, 0.9679621795214538)]"
10.1107/S1600536811029333,"[(82, 0.9657860999611865)]"
10.1107/S0108767308024100,"[(142, 0.9475783729007413)]"
10.1107/S0567739470001183,"[(102, 0.9235202863311724)]"
10.1107/S1744309108039894,"[(82, 0.9632517370124076)]"
10.1107/S0567739473000690,"[(67, 0.9668164111548313)]"
10.1107/S0108270198099326,"[(28, 0.9173563459510364)]"
10.1107/S0108270198099314,"[(8, 0.974751468304469)]"
10.1107/S0567739473000756,"[(6, 0.967061162353326)]"
10.1107/S1600536807060291,"[(49, 0.790795720787753), (3, 0.17154447411114043)]"
10.1107/S1600536811025669,"[(3, 0.36841224011395773), (93, 0.2991699288560465), (82, 0.29641385819080923)]"
10.1107/S1600536811025839,"[(5, 0.9296499759152783)]"
10.1107/S1600536807061405,"[(25, 0.9383195258250305)]"
10.1107/S0108270198006763,"[(15, 0.9417896114005045)]"
10.1107/S0108270195007463,"[(65, 0.4156953387328264), (22, 0.4115608818088563), (51, 0.11854129825951494)]"
