prob,topic,docID
0.950259907926981,112,10.1107/S160053681000228X
0.8771954314527322,7,10.1107/S1600536809055135
0.9622139789046689,7,10.1107/S1600536809055639
0.9661227764848008,7,10.1107/S1600536809055433
0.9336073218975408,121,10.1107/S1600536810002229
0.6967561590890972,1,10.1107/S160053681000262X
0.24612017668540614,100,10.1107/S160053681000262X
0.929649975915277,5,10.1107/S1600536810002886
0.9530107316502073,75,10.1107/S1600536810002308
0.9250309634777899,1,10.1107/S1600536810001789
0.9481628507698651,5,10.1107/S1600536810001157
0.39949045948202194,139,10.1107/S160053680905572X
0.5102050781085086,142,10.1107/S160053680905572X
0.6172763654760274,0,10.1107/S1600536810001121
0.35076715664329194,7,10.1107/S1600536810001121
0.9656337396874485,137,10.1107/S1600536809054269
0.942573071291536,0,10.1107/S1600536810001583
0.8915269124395683,0,10.1107/S0108270102020681
0.960499477242538,50,10.1107/S1600536810002564
0.9106875864073858,7,10.1107/S1600536810001881
0.7515985085263273,70,10.1107/S1600536810002266
0.9547410332277029,117,10.1107/S0108270102021819
0.8013581108986814,27,10.1107/S0108270100003371
0.9504269183247248,21,10.1107/S0108270199016339
0.23266076932336405,7,10.1107/S0108270100000615
0.26102924135846406,99,10.1107/S0108270100000615
0.36672643361255186,139,10.1107/S0108270100000615
0.93426419628581,23,10.1107/S0108270199016923
0.969058679104438,71,10.1107/S0907444904006559
0.9416859238637838,46,10.1107/S1600536804023086
0.9453227156018453,11,10.1107/S1600536804020690
0.9169123130854134,126,10.1107/S1600536804021270
0.8757865111702814,116,10.1107/S160053680402121X
0.9237035554373897,44,10.1107/S1600536804021385
0.47737690658901544,5,10.1107/S1600536804021786
0.457532295364878,21,10.1107/S1600536804021786
0.9341887932182964,29,10.1107/S1600536804022160
0.9632791985527253,21,10.1107/S0108270199015607
0.20757339989244786,20,10.1107/S1600536804023682
0.12165609266329601,69,10.1107/S1600536804023682
0.2774805190108123,77,10.1107/S1600536804023682
0.3285081453134105,140,10.1107/S1600536804023682
0.9112492919960103,0,10.1107/S1600536804024043
0.9634312530737936,54,10.1107/S0108270104017883
0.13380780637394643,8,10.1107/S0108270104018682
0.3441877315044867,77,10.1107/S0108270104018682
0.4829148326441792,139,10.1107/S0108270104018682
0.9415525629401238,70,10.1107/S0108270100001499
0.9481033128572182,23,10.1107/S0108270104016130
0.43994277107590307,2,10.1107/S0108767303012972
0.3652541450078422,20,10.1107/S0108767303012972
0.17404719948919048,72,10.1107/S0108767303012972
0.9812985078977655,2,10.1107/S0021889811013343
0.9745779068331931,21,10.1107/S0567739468000197
0.9528840370029602,24,10.1107/S0108270196008116
0.958632912906038,98,10.1107/S0108270196004040
0.2143512484423505,7,10.1107/S010827019600577X
0.720696127221355,44,10.1107/S010827019600577X
0.8035126903246934,7,10.1107/S160053680600448X
0.27956222932748076,11,10.1107/S0108270196007135
0.5984643311846972,55,10.1107/S0108270196007135
0.9571805549783774,12,10.1107/S1600536806005320
0.9011461847471356,22,10.1107/S1600536806005356
0.8574512028010153,125,10.1107/S1600536806001784
0.9294633522188053,50,10.1107/S1600536806003035
0.929086747644329,106,10.1107/S1600536807027043
0.9093657304321865,141,10.1107/S1600536807028164
0.9733810719679441,5,10.1107/S1600536807029583
0.9240855702464319,25,10.1107/S1600536807024671
0.9758092283641538,42,10.1107/S0907444905016896
0.5559657751758669,3,10.1107/S160053680702870X
0.36976584008500085,4,10.1107/S160053680702870X
0.9291115271930381,104,10.1107/S1600536807028711
0.9739062097851083,66,10.1107/S0907444905017336
0.10660436470420447,0,10.1107/S1600536807025329
0.22715046358659072,4,10.1107/S1600536807025329
0.6134274160344123,70,10.1107/S1600536807025329
0.9099622331775116,20,10.1107/S1600536807030619
0.8605346017080169,0,10.1107/S1600536807028619
0.942573071291536,0,10.1107/S1600536807029388
0.9530053530096956,25,10.1107/S1600536807029522
0.4653284716507538,0,10.1107/S1600536807026657
0.4944004080666547,51,10.1107/S1600536807026657
0.9007561380764251,104,10.1107/S160053680703022X
0.9724691435477468,78,10.1107/S2053273314000631
0.8779677764945149,0,10.1107/S1600536807027912
0.8342084197069097,26,10.1107/S0108270100005552
0.9656967147822916,91,10.1107/S1600536807028735
0.4313774903703152,130,10.1107/S1600536807018508
0.4264145979646839,139,10.1107/S1600536807018508
0.877195431452933,7,10.1107/S0108270100005606
0.9709738945059893,25,10.1107/S1600536807029030
0.9531025125953657,12,10.1107/S1600536807027997
0.22961930880306003,0,10.1107/S1600536807029297
0.3848568369136927,7,10.1107/S1600536807029297
0.34207356443751985,119,10.1107/S1600536807029297
0.23605460245545268,40,10.1107/S0907444905014356
0.740432421932916,108,10.1107/S0907444905014356
0.37014648906502085,114,10.1107/S056773947700237X
0.5713721924565746,132,10.1107/S056773947700237X
0.9746017185132376,9,10.1107/S0907444900009197
0.9478362718999859,78,10.1107/S1600536807051252
0.41179346306585696,1,10.1107/S160053680705115X
0.5135409014628928,74,10.1107/S160053680705115X
0.34175929270994415,0,10.1107/S1600536807049616
0.6101961602178103,3,10.1107/S1600536807049616
0.17186841932749705,1,10.1107/S1600536807051549
0.2272723893918969,7,10.1107/S1600536807051549
0.5613227711261576,64,10.1107/S1600536807051549
0.9452064522937399,18,10.1107/S1600536807050106
0.4128817913635216,0,10.1107/S1600536807052750
0.5359923715261975,48,10.1107/S1600536807052750
0.970868820056689,10,10.1107/S0108270100003292
0.14361551953521365,0,10.1107/S1600536807050787
0.19259707133654652,82,10.1107/S1600536807050787
0.6129781843159176,120,10.1107/S1600536807050787
0.2474050770059415,14,10.1107/S1600536807052920
0.7057274667061524,90,10.1107/S1600536807052920
0.4490899528058938,0,10.1107/S1600536807050416
0.2062013222264028,1,10.1107/S1600536807050416
0.27747232687366075,10,10.1107/S1600536807050416
0.9017563451623464,7,10.1107/S1600536807051732
0.7122542826856532,0,10.1107/S1600536807051719
0.19151623289302538,23,10.1107/S1600536807051719
0.48004913107470604,3,10.1107/S1600536807051847
0.4230684416931435,11,10.1107/S1600536807051847
0.9419978202521849,23,10.1107/S1600536806005289
0.5802776826685531,0,10.1107/S1600536807045680
0.3317122623576499,44,10.1107/S1600536807045680
0.9243554833707582,17,10.1107/S1600536807051495
0.42584598034266746,0,10.1107/S1600536807041530
0.5002393318538783,3,10.1107/S1600536807041530
0.6144030805705581,71,10.1107/S1600536807051707
0.2624822269330004,91,10.1107/S1600536807051707
0.9287982348352666,114,10.1107/S010876739300354X
0.9100915446574759,69,10.1107/S1600536807052026
0.20032850503513586,0,10.1107/S1600536807049161
0.7204340403611973,1,10.1107/S1600536807049161
0.9632520734227967,76,10.1107/S1600536807049136
0.9656967147822915,91,10.1107/S0108270100005515
0.9416008510012122,106,10.1107/S0108270100005886
0.4445487202230259,7,10.1107/S1600536811002017
0.5040634449910248,72,10.1107/S1600536811002017
0.9178302453572613,23,10.1107/S1600536811001942
0.9101108265096626,19,10.1107/S0108270100007678
0.3199737202570161,8,10.1107/S0108270100007915
0.21733676194468698,11,10.1107/S0108270100007915
0.38298977413306623,50,10.1107/S0108270100007915
0.3661311666671677,0,10.1107/S1600536811001334
0.18342995568117085,18,10.1107/S1600536811001334
0.39734159474815267,27,10.1107/S1600536811001334
0.589356915956339,1,10.1107/S0108270197012912
0.3507191599111237,11,10.1107/S0108270197012912
0.17959414806892626,0,10.1107/S1600536811001243
0.7695221274033028,9,10.1107/S1600536811001243
0.3993280545459294,17,10.1107/S1600536811002339
0.46103659203034386,95,10.1107/S1600536811002339
0.9416953635126099,2,10.1107/S1600536811002467
0.8753778793053827,141,10.1107/S0108270197014406
0.9610163332921416,1,10.1107/S0108270100004571
0.33798744488439764,7,10.1107/S160053681005422X
0.6159587795283507,8,10.1107/S160053681005422X
0.5454127458426556,0,10.1107/S1600536810054371
0.410415352942529,127,10.1107/S1600536810054371
0.6722347635449564,0,10.1107/S1600536811000134
0.2536233120557699,16,10.1107/S1600536811000134
0.9290219063699879,38,10.1107/S0021889886090052
0.11580636372462698,0,10.1107/S0108270100005199
0.8483031429041406,106,10.1107/S0108270100005199
0.9446834850560814,117,10.1107/S0108270100005898
0.6761448165476064,0,10.1107/S1600536811000936
0.23741432388475703,1,10.1107/S1600536811000936
0.977427870503767,37,10.1107/S0909049503023537
0.9593920138666615,1,10.1107/S0907444903006267
0.975295871764995,6,10.1107/S0907444906046488
0.9723195119222845,124,10.1107/S0907444903006826
0.9731862707522486,13,10.1107/S0907444903006978
0.9549757737219631,9,10.1107/S1600536811000055
0.9173563459510364,28,10.1107/S0108767300009740
0.9812311418536128,26,10.1107/S2052252514002838
0.947552759431697,124,10.1107/S0907444905034207
0.9478107159483106,55,10.1107/S0108767300009119
0.9732023355103068,34,10.1107/S0907444905039107
0.9458560184888821,1,10.1107/S0108767300010205
0.9698548078274921,89,10.1107/S090744490502264X
0.9602305488922096,102,10.1107/S0108270111017586
0.3658460195595882,120,10.1107/S0021889874008739
0.17837708818132156,142,10.1107/S0021889874008739
0.4227457281718921,146,10.1107/S0021889874008739
0.972441444943796,13,10.1107/S0907444902003918
0.9237233540782884,55,10.1107/S1600536810030837
0.6560536014348799,3,10.1107/S1600536810030631
0.28700452388387493,17,10.1107/S1600536810030631
0.8766390516504525,25,10.1107/S1600536810034173
0.9415155115084363,102,10.1107/S0108270106041783
0.18795356473784608,0,10.1107/S1600536812016790
0.259941415302543,1,10.1107/S1600536812016790
0.4962784349720059,131,10.1107/S1600536812016790
0.9733825030894686,12,10.1107/S1600536810033921
0.9632517157138606,82,10.1107/S1600536810030916
0.9718204610378935,18,10.1107/S1600536810030989
0.3989625628757505,0,10.1107/S1600536810032915
0.5651909794133075,55,10.1107/S1600536810032915
0.5590725182800315,1,10.1107/S0108270106042211
0.21536873675142396,3,10.1107/S0108270106042211
0.16266434900043647,11,10.1107/S0108270106042211
0.8917120369777644,1,10.1107/S1600536810030308
0.22374193327769054,72,10.1107/S0021889804011288
0.39632502225735544,96,10.1107/S0021889804011288
0.14367781787798845,118,10.1107/S0021889804011288
0.20969561032553002,121,10.1107/S0021889804011288
0.9342477427524882,18,10.1107/S0108270106049018
0.941947789011977,25,10.1107/S1600536812017564
0.9667996361704695,142,10.1107/S1600536810031144
0.47965140839354437,0,10.1107/S1600536810032320
0.4762450828610499,107,10.1107/S1600536810032320
0.9235620567927953,38,10.1107/S160053681003206X
0.5388054925487704,0,10.1107/S1600536810032381
0.41900639676297613,95,10.1107/S1600536810032381
0.9551209575413107,54,10.1107/S1600536810032472
0.9114007575272618,1,10.1107/S1600536812014791
0.9234998555511904,87,10.1107/S1600536812014043
0.9762989705355513,109,10.1107/S0907444902003207
0.12737919102659825,0,10.1107/S1600536812014523
0.828563151969618,61,10.1107/S1600536812014523
0.5094059719347657,0,10.1107/S1600536811054535
0.44054931989449725,1,10.1107/S1600536811054535
0.9646788204371474,69,10.1107/S0108270105008449
0.14757409707006558,7,10.1107/S1600536811051105
0.8260156840282663,97,10.1107/S1600536811051105
0.5692908043336924,5,10.1107/S1600536811054006
0.3560027190587095,18,10.1107/S1600536811054006
0.9302673008540081,0,10.1107/S1600536802013740
0.9739352600507216,10,10.1107/S0567739470000761
0.9569082246719212,78,10.1107/S1600536810031065
0.9335992723409386,142,10.1107/S0567739470000888
0.9003883713771129,53,10.1107/S1600536811053402
0.9603261652747954,64,10.1107/S0108767312044601
0.5170783558939334,11,10.1107/S1600536811054079
0.41804270226018375,69,10.1107/S1600536811054079
0.24013302867293312,1,10.1107/S1600536812020089
0.7240238096591257,37,10.1107/S1600536812020089
0.9711048074006909,7,10.1107/S1600536812020259
0.9483760079890685,4,10.1107/S1600536812022702
0.6507349504239984,3,10.1107/S1600536812023495
0.2916543063313208,26,10.1107/S1600536812023495
0.8012250725228973,1,10.1107/S1600536811019209
0.1569977306982855,18,10.1107/S1600536811019209
0.9535908628256828,1,10.1107/S1600536812023732
0.9419544332120654,75,10.1107/S1600536812024178
0.9646279840122207,20,10.1107/S1600536812021964
0.35702611846819243,0,10.1107/S1600536812018806
0.6046261080749906,7,10.1107/S1600536812018806
0.923568771854254,70,10.1107/S1600536812021769
0.38721157083124846,43,10.1107/S1600536812018491
0.5309868618940436,54,10.1107/S1600536812018491
0.4848304232420658,68,10.1107/S0907444909023051
0.3742661577146168,81,10.1107/S0907444909023051
0.25959566980929405,0,10.1107/S1600536812022258
0.7031523793289862,36,10.1107/S1600536812022258
0.12552778928170671,17,10.1107/S160053681201358X
0.8337171822256058,84,10.1107/S160053681201358X
0.9752069037220762,28,10.1107/S0907444911050712
0.9102193428048487,16,10.1107/S1600536812015450
0.9737549955270483,99,10.1107/S1600576714024005
0.9576264492521678,1,10.1107/S1600536813002985
0.9006827565165062,68,10.1107/S1600536813003711
0.1485205804252291,3,10.1107/S160053681300425X
0.2805005273885672,7,10.1107/S160053681300425X
0.26960742361522416,24,10.1107/S160053681300425X
0.26971912553586486,40,10.1107/S160053681300425X
0.9338109301435392,30,10.1107/S1600536812016959
0.9480640484555928,75,10.1107/S1600536813002900
0.9481740665196974,8,10.1107/S1600536812016194
0.9095263791644804,77,10.1107/S1600536812017345
0.973753743905508,132,10.1107/S0108768196003813
0.39060883623885034,1,10.1107/S1600536812014110
0.5495180147998834,17,10.1107/S1600536812014110
0.9447511345732659,108,10.1107/S160053681300216X
0.9570614200897141,16,10.1107/S1600536812018193
0.9451573276819148,29,10.1107/S1600536812017953
0.9689353513137324,95,10.1107/S0907444911039655
0.48905835835447353,0,10.1107/S1600536812016935
0.4537134487390129,137,10.1107/S1600536812016935
0.4702957382079686,67,10.1107/S0021889890011153
0.33288345993382107,85,10.1107/S0021889890011153
0.1498487172199728,143,10.1107/S0021889890011153
0.02451202062900256,149,10.1107/S0021889890011153
0.9731580676089658,81,10.1107/S2053273315022500
0.011871105978059444,0,10.1107/S2053273316002096
0.012704166399941815,1,10.1107/S2053273316002096
0.5013211490809083,132,10.1107/S2053273316002096
0.9706271919243785,147,10.1107/S0907444905007894
0.9616424726269385,115,10.1107/S0907444905007948
0.9169075521837785,140,10.1107/S0021889890013097
0.9416633028489368,28,10.1107/S0021889890012365
0.9680496736105612,10,10.1107/S0021889803022052
0.96334901350557,15,10.1107/S0021889803024415
0.9698369956788851,90,10.1107/S0021889803026670
0.9697845644304651,140,10.1107/S010876731003446X
0.9502095276850688,83,10.1107/S0108767310034471
0.9836641713364123,63,10.1107/S0108767388012243
0.964439383250338,117,10.1107/S0021889890010822
0.9112492919900684,0,10.1107/S1600536811022112
0.941629825358959,36,10.1107/S1600536811022756
0.6273952372637066,3,10.1107/S1600536811023282
0.32871889885380345,4,10.1107/S1600536811023282
0.945856018487744,1,10.1107/S1600536811023142
0.2771833093021187,23,10.1107/S1600536811024512
0.34757211871865873,104,10.1107/S1600536811024512
0.32095839700590467,147,10.1107/S1600536811024512
0.9552439337381863,3,10.1107/S1600536812051720
0.6479870160449572,3,10.1107/S1600536812051811
0.3059171738339671,17,10.1107/S1600536812051811
0.9240317516041039,16,10.1107/S1600536812051938
0.9023741950761874,0,10.1107/S1600536811024111
0.23762388094574646,16,10.1107/S1600536812050398
0.7154903812536704,111,10.1107/S1600536812050398
0.9104872526839142,3,10.1107/S1600536811020563
0.5058978060391127,0,10.1107/S1600536811023609
0.09722592900609311,17,10.1107/S1600536811023609
0.3471039723265377,23,10.1107/S1600536811023609
0.9593225921648381,0,10.1107/S1600536811020745
0.9586740984536631,42,10.1107/S1600536811021040
0.9423019247905606,4,10.1107/S1600536811020459
0.9419978202442311,23,10.1107/S1600536811021489
0.9299388679851458,4,10.1107/S1600536811021416
0.3232268711237051,2,10.1107/S1600536811023464
0.28395327954156596,56,10.1107/S1600536811023464
0.33836849757889365,128,10.1107/S1600536811023464
0.9651931547428451,1,10.1107/S1600536813000354
0.9602865585109693,30,10.1107/S1600536813000366
0.945763456219784,0,10.1107/S1600536811021684
0.6024831853726444,1,10.1107/S1600536811021623
0.33355422111419336,12,10.1107/S1600536811021623
0.9482004674252374,11,10.1107/S1600536811025098
0.9529445176476085,6,10.1107/S0108270110009285
0.8755378350537456,117,10.1107/S0108767392008365
0.9505730911203418,22,10.1107/S0108767304005884
0.8759972752866171,41,10.1107/S1600536800020316
0.2247320148929606,7,10.1107/S1600536809030281
0.732865995379128,98,10.1107/S1600536809030281
0.40649628985574154,3,10.1107/S1600536809030724
0.5189282952899122,12,10.1107/S1600536809030724
0.9412935471360363,146,10.1107/S0909049502005472
0.9752205292929957,2,10.1107/S0021889880011429
0.5961512003516389,3,10.1107/S1600536800017876
0.3227262502441726,14,10.1107/S1600536800017876
0.8026450729308696,75,10.1107/S1600536800019607
0.9660623752096356,11,10.1107/S1600536809030037
0.9602731026066027,68,10.1107/S0108767392013126
0.9103602676624684,23,10.1107/S1600536806001978
0.9686688591496434,7,10.1107/S010827011000572X
0.8594012687256442,11,10.1107/S1600536806002261
0.9105280800981379,11,10.1107/S1600536806001401
0.9732546863191516,15,10.1107/S0108767392005841
0.9380096332418674,64,10.1107/S0108767392006342
0.6681677376086412,31,10.1107/S1600536813016218
0.9635241763794976,12,10.1107/S0909049595009782
0.9390880207999925,1,10.1107/S1600536805042960
0.3404601199341513,0,10.1107/S1600536806001036
0.5909944154784184,17,10.1107/S1600536806001036
0.9449932072962279,71,10.1107/S1600536813016048
0.9765026765048488,25,10.1107/S0108270110026892
0.8769134079719488,8,10.1107/S1600536805042844
0.2094576011420264,1,10.1107/S1600536813016310
0.7485078437334036,82,10.1107/S1600536813016310
0.9845504721998142,19,10.1107/S0108270110024601
0.9170611806645755,105,10.1107/S1600536806000043
0.4472504497859152,0,10.1107/S1600536813016577
0.49924774891431345,75,10.1107/S1600536813016577
0.9487057017263093,1,10.1107/S1600536813016887
0.9616202946134554,138,10.1107/S1744309109032540
0.9679691567924401,94,10.1107/S1744309110048414
0.13567080561078784,0,10.1107/S160053680600016X
0.3005376739203269,41,10.1107/S160053680600016X
0.4762015736560075,77,10.1107/S160053680600016X
0.9593919823097949,1,10.1107/S1600536813016759
0.9647755764745471,18,10.1107/S1744309110051110
0.8027432281837363,18,10.1107/S1600536806002170
0.9451729118446449,25,10.1107/S1600536813017418
0.9478150744148058,34,10.1107/S0907444901018972
0.8895434447714446,60,10.1107/S0108270107015387
0.9800993489035038,88,10.1107/S0907444912044903
0.9644603026176825,85,10.1107/S0108270107019312
0.9169903094764315,53,10.1107/S0108270107021622
0.9698350439347395,109,10.1107/S1600536812029819
0.9586869320430486,34,10.1107/S1600536812029777
0.950757638225134,12,10.1107/S0907444900014104
0.9648268844465243,12,10.1107/S1600536812031789
0.39960884734410246,6,10.1107/S0909049508030859
0.2108093812859359,72,10.1107/S0909049508030859
0.36996743254107567,134,10.1107/S0909049508030859
0.9649129804151236,7,10.1107/S1600536812032618
0.9643553758603487,129,10.1107/S0108768199014020
0.976835776885439,74,10.1107/S1399004714021245
0.22004747044477035,58,10.1107/S090744490102039X
0.1752493091440682,98,10.1107/S090744490102039X
0.23762860923896723,112,10.1107/S090744490102039X
0.3294380588849024,142,10.1107/S090744490102039X
0.8757363929932717,60,10.1107/S0108270197007531
0.6555909124742754,0,10.1107/S1600536804015806
0.2651716216190752,1,10.1107/S1600536804015806
0.9621294904357262,3,10.1107/S1600536809030499
0.9245495501378694,4,10.1107/S0567739481001307
0.41546184849635653,64,10.1107/S0021889888014803
0.3873552263109356,95,10.1107/S0021889888014803
0.8917120369777644,1,10.1107/S1600536804016368
0.5877934196564464,4,10.1107/S1600536809030736
0.22962113000686687,29,10.1107/S1600536809030736
0.13446027395596474,108,10.1107/S1600536809030736
0.8578929311773511,26,10.1107/S1600536804018124
0.9569064991030499,56,10.1107/S002188989201286X
0.4750846083747706,2,10.1107/S0108767393011535
0.3007954119506696,22,10.1107/S0108767393011535
0.18922615314745855,99,10.1107/S0108767393011535
0.9235169328294205,43,10.1107/S1600536804016642
0.8898511895205021,46,10.1107/S1600536804017301
0.9187840277333225,1,10.1107/S1600536804017015
0.9377181426499286,100,10.1107/S1600536804018434
0.9108312865265716,4,10.1107/S1600536809031109
0.2806631488340783,51,10.1107/S1744309107047069
0.27326761299626084,82,10.1107/S1744309107047069
0.39945258244580045,124,10.1107/S1744309107047069
0.8313561798443273,7,10.1107/S0108270102004511
0.10373801555524706,56,10.1107/S0108270102004511
0.502562105314646,0,10.1107/S1600536809032620
0.42278450501315107,102,10.1107/S1600536809032620
0.923658567751096,104,10.1107/S0108270197007920
0.9096657565614,35,10.1107/S1600536809032413
0.8902956739624888,54,10.1107/S1600536804015983
0.12221451288439038,12,10.1107/S1600536809031882
0.8199703733412141,146,10.1107/S1600536809031882
0.9339085059551188,39,10.1107/S1600536809033303
0.9571872723423587,8,10.1107/S1600536809033315
0.724709335527343,41,10.1107/S1600536809032772
0.21359348227281164,48,10.1107/S1600536809032772
0.8754986356392602,142,10.1107/S1600536804017179
0.9114007575266941,1,10.1107/S1600536809033662
0.4111331531381603,0,10.1107/S1600536809033480
0.5198396999545633,71,10.1107/S1600536809033480
0.975820145713217,39,10.1107/S0108270103025903
0.9250314077804221,1,10.1107/S1600536812007313
0.5834464983199049,1,10.1107/S1600536806017041
0.3761451059971442,77,10.1107/S1600536806017041
0.9103600522674674,23,10.1107/S1600536812007842
0.7517401683663932,32,10.1107/S1600536806019167
0.9023742211956114,0,10.1107/S1600536806018794
0.934916147463741,0,10.1107/S1600536812008082
0.9709185359055326,19,10.1107/S1600536806019015
0.9586483908651772,104,10.1107/S1600536806018903
0.9764386522335383,15,10.1107/S0909049511037149
0.44225080362529656,0,10.1107/S1600536806015121
0.2708320759447859,1,10.1107/S1600536806015121
0.24803020361239517,7,10.1107/S1600536806015121
0.9671936293693171,11,10.1107/S1600536812003807
0.6482142075423968,0,10.1107/S1600536812004412
0.3145062365313245,61,10.1107/S1600536812004412
0.9590258868258271,17,10.1107/S1600536812005156
0.9567480316820197,91,10.1107/S1600536812005338
0.9698350534088834,109,10.1107/S0909049503029169
0.9679738962785345,98,10.1107/S1744309110035074
0.14418304943287966,1,10.1107/S1600536812005016
0.8156152519863523,51,10.1107/S1600536812005016
0.2926707707323766,3,10.1107/S1600536812004783
0.6192086938560994,8,10.1107/S1600536812004783
0.9689966255608778,13,10.1107/S1744309110037954
0.9551466074842888,75,10.1107/S010827010803669X
0.9625156943256581,1,10.1107/S160053681200671X
0.16265338285478204,0,10.1107/S1600536812001353
0.8060034903503573,90,10.1107/S1600536812001353
0.9502069945088243,122,10.1107/S1600536812004758
0.23431588052839805,0,10.1107/S1600536812006137
0.21566296316584774,16,10.1107/S1600536812006137
0.48236231820784936,17,10.1107/S1600536812006137
0.9818689004403934,92,10.1107/S1399004714005550
0.9233094642118501,141,10.1107/S1600536812007878
0.900398908511408,142,10.1107/S0108270196005628
0.9663933907860427,1,10.1107/S1600536812003704
0.9448216974666291,27,10.1107/S1600536812032333
0.90137161352513,18,10.1107/S0108270196006002
0.2682420096534074,3,10.1107/S1600536812032266
0.6778979687411291,12,10.1107/S1600536812032266
0.9009750841026419,51,10.1107/S1600536812032655
0.9452862646945934,12,10.1107/S1600536812003820
0.9451791869252418,75,10.1107/S1600536812003674
0.9289831230128645,102,10.1107/S0108270196003368
0.9603270903137212,42,10.1107/S1600536812003637
0.9616858639894084,79,10.1107/S1600536812003078
0.9177687803878622,75,10.1107/S1600536810042972
0.8763029241919171,15,10.1107/S1600536810039905
0.207371692581125,0,10.1107/S1600536810043904
0.7354001145123618,137,10.1107/S1600536810043904
0.9290861806578149,106,10.1107/S0108270197011062
0.5180852768865553,0,10.1107/S1600536810040456
0.42541772858612875,11,10.1107/S1600536810040456
0.9476137441061144,123,10.1107/S0108270197009542
0.961711662031766,31,10.1107/S1744309108011512
0.9481771890851876,3,10.1107/S1600536810043795
0.9242589449036452,3,10.1107/S0108270197009682
0.9764186801179204,20,10.1107/S0108270112031526
0.8269193937279881,47,10.1107/S0108270197011438
0.09078908817971279,135,10.1107/S0108270197011438
0.9386965094510006,4,10.1107/S0108270197010809
0.340414189127707,15,10.1107/S0907444997005829
0.43575124776309354,102,10.1107/S0907444997005829
0.2015160318948363,131,10.1107/S0907444997005829
0.29281592105861537,0,10.1107/S1600536810038535
0.21344757733086822,1,10.1107/S1600536810038535
0.4468146673909839,16,10.1107/S1600536810038535
0.31273652140592917,1,10.1107/S1600536810042327
0.6273119273064994,3,10.1107/S1600536810042327
0.8915269124383008,0,10.1107/S1600536810042601
0.374842056698425,0,10.1107/S1600536810043485
0.5742780535059705,10,10.1107/S1600536810043485
0.3247982079323608,7,10.1107/S1600536810040602
0.6308959064886681,36,10.1107/S1600536810040602
0.9775417016045412,6,10.1107/S1399004714023931
0.8891056137877512,129,10.1107/S0108270104025648
0.4338415985449048,8,10.1107/S0021889898010632
0.35700737143655115,119,10.1107/S0021889898010632
0.16838426555566538,124,10.1107/S0021889898010632
0.9505917435299889,6,10.1107/S0108270104026356
0.9419833024286658,18,10.1107/S1600536810041607
0.9672207094606614,17,10.1107/S0021889884011845
0.9643644646182304,128,10.1107/S0021889811030226
0.3735210886657987,19,10.1107/S0021889811034911
0.3252423757311778,27,10.1107/S0021889811034911
0.24998385866679984,42,10.1107/S0021889811034911
0.9378253968329043,112,10.1107/S0108270101018017
0.8030733693186337,3,10.1107/S0108270100015742
0.5605362886122709,3,10.1107/S010827010200032X
0.35780503088830945,93,10.1107/S010827010200032X
0.9501296480240656,136,10.1107/S1600536810038511
0.9585128018159884,80,10.1107/S160057671401303X
0.9655914233919572,133,10.1107/S0108270102000707
0.9507683423299484,3,10.1107/S1600576714014289
0.6646818628065004,1,10.1107/S1600536810039449
0.261531612457418,3,10.1107/S1600536810039449
0.9250314102153753,1,10.1107/S1600536810039000
0.8906447602819476,11,10.1107/S1600536808043717
0.94788739255625,71,10.1107/S1600536809000063
0.9446790265184709,135,10.1107/S1600536808043286
0.9632158357468543,68,10.1107/S090744499801021X
0.9475186471126799,101,10.1107/S0907444998004934
0.9381879359276627,69,10.1107/S1600536809001093
0.14861533441344063,3,10.1107/S1600536809000579
0.4233611412873778,4,10.1107/S1600536809000579
0.3720368854567466,18,10.1107/S1600536809000579
0.9425730712908271,0,10.1107/S1600536809001251
0.5525052539614671,30,10.1107/S0021889897008972
0.4026157499003653,87,10.1107/S0021889897008972
0.9291289987436738,76,10.1107/S0108767396000918
0.29988191861209607,9,10.1107/S0907444998008725
0.44468348411784525,13,10.1107/S0907444998008725
0.2291742197356026,69,10.1107/S0907444998008725
0.9112492414372124,0,10.1107/S1600536808043705
0.30490307397517297,0,10.1107/S1600536811035495
0.6562982980775617,116,10.1107/S1600536811035495
0.9631811528262275,60,10.1107/S1600536811037093
0.9607025380649384,7,10.1107/S1600536814005418
0.9620319960874668,29,10.1107/S1600536814005352
0.9506330532959877,54,10.1107/S1600536811035744
0.47983625214304876,0,10.1107/S1600536811035641
0.471923950828325,22,10.1107/S1600536811035641
0.9480256279507079,50,10.1107/S1600536811034933
0.9287744282909998,118,10.1107/S1600536814005868
0.9506981472143572,23,10.1107/S1600536811038955
0.5246167132335716,7,10.1107/S1600536814006266
0.4102380520507546,84,10.1107/S1600536814006266
0.9570003039666191,69,10.1107/S1600536811036774
0.8581491232615854,94,10.1107/S1600536801009679
0.909592765665344,108,10.1107/S0021889892004795
0.8753530126347256,33,10.1107/S1600536801007838
0.8583626237849293,21,10.1107/S1600536801009278
0.9100384903462345,15,10.1107/S1600536801008170
0.6843011146900606,1,10.1107/S1600536801008984
0.2197764032498252,3,10.1107/S1600536801008984
0.10275532285538119,1,10.1107/S160053681400453X
0.8678654699256634,110,10.1107/S160053681400453X
0.27283808976865953,1,10.1107/S1600536801009758
0.3639719889909134,17,10.1107/S1600536801009758
0.3179392870622802,36,10.1107/S1600536801009758
0.9025408332799879,1,10.1107/S1600536811036191
0.9632907214581536,56,10.1107/S1600536814005649
0.4894718600160814,4,10.1107/S160053681103532X
0.4416542425276445,17,10.1107/S160053681103532X
0.9480644928765449,75,10.1107/S1600536811037925
0.9338957161243024,66,10.1107/S1600536811035343
0.9378253968329001,112,10.1107/S1600536811035033
0.9337528059574836,116,10.1107/S1600536814004887
0.45085034921875494,1,10.1107/S1600536814004942
0.2255966187013389,24,10.1107/S1600536814004942
0.2839127907237537,54,10.1107/S1600536814004942
0.9000757235355085,149,10.1107/S0021889898004014
0.9557003781247939,1,10.1107/S1600536803007633
0.37896780293010324,143,10.1107/S0021889897015057
0.45485614135745833,147,10.1107/S0021889897015057
0.6549540029398904,7,10.1107/S1600536802013612
0.24752142068591348,98,10.1107/S1600536802013612
0.9716298246527223,94,10.1107/S0021889812031159
0.5743535829680944,49,10.1107/S0907444999005338
0.3638142027200739,112,10.1107/S0907444999005338
0.9102574452976792,29,10.1107/S0108270104008479
0.9632772745881967,34,10.1107/S0907444999007064
0.7608090560233955,16,10.1107/S0021889884011298
0.1964371630215996,62,10.1107/S0021889884011298
0.15672238569302407,25,10.1107/S1600536802012850
0.7965308887131707,112,10.1107/S1600536802012850
0.9707997289598406,98,10.1107/S2053230X15007359
0.4111920621006767,0,10.1107/S1600536802011832
0.49162975522673014,127,10.1107/S1600536802011832
0.9337973782310377,32,10.1107/S160053680300792X
0.9805253049892741,27,10.1107/S0909049597018785
0.9338652134861952,41,10.1107/S0909049598000454
0.7129451437140515,55,10.1107/S0909049597019080
0.2327009100455182,75,10.1107/S0909049597019080
0.9731886000615421,41,10.1107/S0108270107008712
0.9616965318639659,121,10.1107/S0909049597018566
0.9526238328610407,52,10.1107/S0909049597013150
0.9025408332799879,1,10.1107/S0909049597018530
0.9098435732327094,47,10.1107/S0909049597018529
0.16160569964648844,8,10.1107/S0021889881009825
0.3600083032786457,82,10.1107/S0021889881009825
0.3569250997644275,89,10.1107/S0021889881009825
0.9757252236091443,105,10.1107/S0021889801002898
0.2947060546928111,17,10.1107/S0909049597035607
0.6352794147010173,114,10.1107/S0909049597035607
0.9775707366637193,25,10.1107/S0021889801003715
0.20208627558875655,4,10.1107/S0021889801003624
0.2646636094883216,67,10.1107/S0021889801003624
0.09086921087319215,68,10.1107/S0021889801003624
0.4222109988854535,134,10.1107/S0021889801003624
0.9788205062840915,86,10.1107/S0021889801004009
0.6310667608371235,0,10.1107/S1600536809003201
0.30478024957909444,23,10.1107/S1600536809003201
0.837290368659353,0,10.1107/S1600536809003079
0.942302597164253,4,10.1107/S1600536809003419
0.9244279578171894,7,10.1107/S0909049597015525
0.9414297457868175,80,10.1107/S0108270101010034
0.2567519036805419,7,10.1107/S1600536811054663
0.348268155819758,9,10.1107/S1600536811054663
0.3304024549812622,80,10.1107/S1600536811054663
0.14402736433480784,1,10.1107/S1600536811055887
0.21982728085759942,39,10.1107/S1600536811055887
0.5494656141885127,50,10.1107/S1600536811055887
0.9567965316301826,59,10.1107/S1600536812000992
0.8755278096665758,135,10.1107/S1600536812000888
0.2660139250709355,0,10.1107/S1600536812001626
0.6967561332950617,47,10.1107/S1600536812001626
0.9707890693659462,81,10.1107/S1600536812001560
0.9752396141238165,20,10.1107/S0108767398009118
0.6805400694452542,3,10.1107/S1600536811056091
0.2711854804439543,4,10.1107/S1600536811056091
0.8905725284026943,12,10.1107/S1600536812000426
0.16589372868758703,1,10.1107/S1600536812002061
0.7968501011206415,95,10.1107/S1600536812002061
0.9415155130767786,102,10.1107/S0108767304025991
0.9588679957611247,29,10.1107/S160053681200311X
0.3946237796581139,0,10.1107/S2053229616006677
0.37960818333724616,6,10.1107/S2053229616006677
0.2094814528364544,63,10.1107/S2053229616006677
0.9417333542362492,9,10.1107/S1600536811052809
0.933680481037015,89,10.1107/S1600536802000211
0.08770967343988746,0,10.1107/S1600536802002933
0.8552122944524756,95,10.1107/S1600536802002933
0.30910850520401506,8,10.1107/S1600536802000971
0.6156021491104712,95,10.1107/S1600536802000971
0.9101328952246083,22,10.1107/S1600536802002982
0.6571623380754076,0,10.1107/S1600536811056194
0.2863884557937672,17,10.1107/S1600536811056194
0.938091688876015,9,10.1107/S0108270105024959
0.6431188343588692,3,10.1107/S1600536803013333
0.2875299504901524,18,10.1107/S1600536803013333
0.9607657660716921,4,10.1107/S160053680301393X
0.9744831237659938,57,10.1107/S0021889802007835
0.5292115788160118,22,10.1107/S1600536801012880
0.36193853398287656,78,10.1107/S1600536801012880
0.9413330487283387,139,10.1107/S1600536801013125
0.8894149075527673,105,10.1107/S1600536801013472
0.9633763911315094,14,10.1107/S0907444902016864
0.9679449061084598,116,10.1107/S002188988801060X
0.7547860379480766,4,10.1107/S0108270104007693
0.9716298246527223,94,10.1107/S0108270104007668
0.9789263803930277,10,10.1107/S0021889888010817
0.9602876313853635,98,10.1107/S0108767300008734
0.957096754977499,75,10.1107/S1600536803011188
0.9621192178005343,5,10.1107/S0021889895011757
0.8757475744556197,107,10.1107/S1600536803012169
0.36301529348456635,54,10.1107/S0108270108039772
0.587793482387542,63,10.1107/S0108270108039772
0.9792858359745303,43,10.1107/S1744309111029228
0.22150319106984395,1,10.1107/S0021889873008976
0.41530380051390764,81,10.1107/S0021889873008976
0.31256251139713465,102,10.1107/S0021889873008976
0.9783265877118464,141,10.1107/S0108768197008549
0.9678922960780022,123,10.1107/S1744309113024184
0.968111672499076,22,10.1107/S0108270107027862
0.9800763712925469,0,10.1107/S2053229615014862
0.9512704132946632,1,10.1107/S1600536802017816
0.9448726147577315,36,10.1107/S1600536813034089
0.9669861521650874,20,10.1107/S0108270108006975
0.9237041639899907,64,10.1107/S1600536802019001
0.9289641515847198,87,10.1107/S1600536807000050
0.9174898109451675,71,10.1107/S1600536806050306
0.9302670785211734,0,10.1107/S1600536807004758
0.3076352773367037,17,10.1107/S1600536813032492
0.6171246700614117,84,10.1107/S1600536813032492
0.36805541176909945,1,10.1107/S1600536807004126
0.5634601035080007,11,10.1107/S1600536807004126
0.3980680168545838,3,10.1107/S1600536813033060
0.5374606407863165,7,10.1107/S1600536813033060
0.9241320108682249,18,10.1107/S1600536813033291
0.9588843901939313,75,10.1107/S1600536813033771
0.9477740560862714,36,10.1107/S1600536813033734
0.9716513399810007,82,10.1107/S1744309113023439
0.9797650288547214,34,10.1107/S0907444996012991
0.4886473216207056,1,10.1107/S1600536812003406
0.46929060285306506,30,10.1107/S1600536812003406
0.9768542829761608,105,10.1107/S0108767394003648
0.9723638596749657,52,10.1107/S0108767394005040
0.9789022043195305,55,10.1107/S1399004714017623
0.976522927244933,23,10.1107/S0108767300013714
0.1304175815164599,7,10.1107/S010827019809982X
0.8087332249273301,56,10.1107/S010827019809982X
0.3558295871193237,3,10.1107/S174430910500223X
0.6191943014788927,24,10.1107/S174430910500223X
0.9449237549622386,39,10.1107/S010827019701305X
0.94770035464083,38,10.1107/S0108270197013061
0.9102932149685768,75,10.1107/S1600536812001067
0.9448439324146231,98,10.1107/S0108270197013620
0.9005063421452083,58,10.1107/S0108270197013358
0.9379267228228163,68,10.1107/S0108270197014911
0.9529838602819541,54,10.1107/S160053681200205X
0.2014628332555507,0,10.1107/S1600536812002255
0.7476092615488124,39,10.1107/S1600536812002255
0.9383571698628382,18,10.1107/S1600536812002383
0.9170228899994849,96,10.1107/S0021889890006616
0.9378950142232402,59,10.1107/S1600536802005366
0.2095383627502708,135,10.1107/S1600536802005342
0.6248533267968038,138,10.1107/S1600536802005342
0.9172373746745723,81,10.1107/S1600536802006220
0.9524114704902354,148,10.1107/S1744309109044789
0.9644465433152112,31,10.1107/S1600536802005421
0.9170701451607414,57,10.1107/S1600536802005810
0.9567342814477015,85,10.1107/S0108270109029084
0.8915269124395683,0,10.1107/S1600536802007080
0.9452833146006925,5,10.1107/S1744309113004399
0.28128918039762174,0,10.1107/S0108270109030339
0.6647229403398267,127,10.1107/S0108270109030339
0.9775096225796148,15,10.1107/S0021889894013087
0.9793518576607981,78,10.1107/S1600576715006214
0.2905417799356052,9,10.1107/S0108270103010084
0.28972167632064816,22,10.1107/S0108270103010084
0.36860445165173916,104,10.1107/S0108270103010084
0.8347766380603439,46,10.1107/S0567739474000969
0.19633870265019615,1,10.1107/S1600536807005065
0.7081165458090225,4,10.1107/S1600536807005065
0.9679098299576275,91,10.1107/S1600577514025260
0.9763958949839721,39,10.1107/S0021889894004218
0.962018728117825,50,10.1107/S0021889894006357
0.9179422719895216,8,10.1107/S1600536807006770
0.8915269124395683,0,10.1107/S160053680700685X
0.9551096714024248,16,10.1107/S1600536807006630
0.9758167418019841,34,10.1107/S0907444911006445
0.9477481298431898,106,10.1107/S0021889894004267
0.9657159904243184,102,10.1107/S0907444911008754
0.9106019348927143,17,10.1107/S1600536807007921
0.972374395046785,49,10.1107/S0909049513003142
0.9706712970905245,33,10.1107/S0909049513009175
0.8765826332401297,54,10.1107/S1600536807008045
0.9175839159112378,69,10.1107/S1600536807008094
0.24343071178837375,1,10.1107/S1600536807009051
0.7083335914187213,71,10.1107/S1600536807009051
0.2633608202745461,49,10.1107/S0907444902010934
0.25289594386365194,78,10.1107/S0907444902010934
0.24862033041589485,82,10.1107/S0907444902010934
0.18950903381165993,130,10.1107/S0907444902010934
0.8901624274802252,22,10.1107/S1600536807008793
0.9337320397096639,107,10.1107/S0567739474000842
0.9701759863245492,11,10.1107/S1600577516004483
0.011871105978059435,0,10.1107/S1600577516006159
0.012704166399941817,1,10.1107/S1600577516006159
0.5013879251667163,113,10.1107/S1600577516006159
0.917091707410002,52,10.1107/S0108270197000243
0.8365240252987176,4,10.1107/S0567739475001878
0.35252453871503914,53,10.1107/S056773947500188X
0.5239060981018844,104,10.1107/S056773947500188X
0.9295160974753104,75,10.1107/S1600536813023684
0.6383190995561651,0,10.1107/S1600536813025415
0.29734121861096036,14,10.1107/S1600536813025415
0.9382018885520026,19,10.1107/S0108270197000784
0.8896433949437114,27,10.1107/S0108270197000541
0.9551414733086038,25,10.1107/S0108270105003732
0.9776206196335065,8,10.1107/S0021889886088982
0.8900627565254853,24,10.1107/S0021889875011041
0.9763057574761244,57,10.1107/S1744309112031259
0.9506242848605823,50,10.1107/S010827010603335X
0.9550834032090808,6,10.1107/S1744309112030023
0.9506415949137234,29,10.1107/S2414314616001255
0.9603261652747954,64,10.1107/S0021889800012267
0.9656104927000138,115,10.1107/S1744309106027825
0.9745711833695506,28,10.1107/S0021889891014826
0.9585968050906416,35,10.1107/S0021889880011727
0.9379932511235394,13,10.1107/S1744309106031125
0.9670409893912691,19,10.1107/S2053229615013224
0.9618386916313658,76,10.1107/S2056989015014516
0.9717853393895329,50,10.1107/S2056989015014917
0.9376378130819031,128,10.1107/S010876739700737X
0.9792664618918469,77,10.1107/S2056989015015601
0.9668402116442157,112,10.1107/S2053229615013303
0.6887913446723041,9,10.1107/S0907444999008410
0.28878994738404484,121,10.1107/S0907444999008410
0.9631639694235415,45,10.1107/S0907444999007416
0.9738270309062017,45,10.1107/S2056989015014851
0.9778476131022553,65,10.1107/S2059798315021580
0.9668774440725133,35,10.1107/S2059798315019403
0.9715078814380983,113,10.1107/S2052252515002146
0.9768102789784654,118,10.1107/S2052252515005163
0.9799310466085691,17,10.1107/S2053230X1501818X
0.9869196203150817,60,10.1107/S2053273314097307
0.984420165956336,140,10.1107/S2053273314097393
0.9763087486946473,88,10.1107/S205327331409785X
0.9801144025356504,43,10.1107/S2053273314099446
0.331283702869515,16,10.1107/S2053273314098167
0.6379636471322223,124,10.1107/S2053273314098167
0.9667595986604804,119,10.1107/S1744309112042972
0.9635298986620093,8,10.1107/S1744309112042236
0.9804995729742012,49,10.1107/S1600576714006724
0.9565921365346306,143,10.1107/S0108767389000401
0.9233798771789831,74,10.1107/S0021889878013229
0.9760151532517284,17,10.1107/S1600576714008188
0.9801050103648298,26,10.1107/S1600576714005895
0.609539636063683,54,10.1107/S0108767388004714
0.33591365216448976,87,10.1107/S0108767388004714
0.9797685858302974,46,10.1107/S090744490801278X
0.9857997227949283,107,10.1107/S2053273314093310
0.9808907736071568,59,10.1107/S2053273314093280
0.9783741012675486,89,10.1107/S2053273314094285
0.9688325718179311,132,10.1107/S2053273314094170
0.9853653209827952,57,10.1107/S2053273314093528
0.9872856321190593,47,10.1107/S2053273314095126
0.9853964804921413,32,10.1107/S2053273314093966
0.9819632400416904,41,10.1107/S2053273314093450
0.9851384927258683,73,10.1107/S2053273314093917
0.9839203959310219,4,10.1107/S2053273314093383
0.980117822878924,60,10.1107/S2053273314093826
0.9788341431634681,91,10.1107/S205327331409593X
0.9859016059029073,25,10.1107/S2053273314095394
0.9783267299711965,103,10.1107/S2053273314096867
0.11915638455345794,25,10.1107/S2053273314095242
0.8585694953413003,37,10.1107/S2053273314095242
0.9843699565694332,8,10.1107/S205327331409682X
0.9787504363185402,144,10.1107/S2053273314088676
0.9814169610436309,5,10.1107/S2053273314088597
0.9797138896980067,107,10.1107/S2053273314088986
0.9834930760825443,20,10.1107/S2053273314090007
0.9763555857617316,40,10.1107/S2053273314090524
0.9726839245505524,17,10.1107/S2053273314092067
0.981285795911925,44,10.1107/S2053273314090883
0.98260593625429,21,10.1107/S2053273314092602
0.9792930768217398,72,10.1107/S2053273314091426
0.9698443954422961,48,10.1107/S2053273314090834
0.9840618527516098,6,10.1107/S2053273314091918
0.9752437725315429,51,10.1107/S2053273314091311
0.9744599591300994,74,10.1107/S2053273314092456
0.29484799166250747,2,10.1107/S2053273314091827
0.3419237798033127,14,10.1107/S2053273314091827
0.34581247689560973,105,10.1107/S2053273314091827
0.9706665243641694,139,10.1107/S2053273314092377
0.9547386485082519,62,10.1107/S2053273314084204
0.2956839959067767,12,10.1107/S2053273314085180
0.5408842718859996,96,10.1107/S2053273314085180
0.12577049956727732,134,10.1107/S2053273314085180
0.4276721385130781,5,10.1107/S2053273314085738
0.2724841511648691,14,10.1107/S2053273314085738
0.26876905281151225,15,10.1107/S2053273314085738
0.968009009856768,47,10.1107/S2053273314084496
0.9843486181632887,23,10.1107/S205327331408749X
0.9778791954522733,86,10.1107/S2053273314086689
0.9834747735646889,34,10.1107/S205327331408718X
0.9708203531785907,13,10.1107/S2053273314087105
0.9526393892588335,45,10.1107/S056773947600003X
0.9751118990329488,127,10.1107/S0907444904014040
0.9550834032090808,6,10.1107/S0108270195011061
0.9505211696904289,15,10.1107/S0567739476000144
0.9587396208859035,51,10.1107/S0907444997006550
0.9604225923492566,24,10.1107/S0907444997010615
0.6425924867538239,21,10.1107/S0567739476000338
0.2994582008149939,35,10.1107/S0567739476000338
0.8339150470664756,100,10.1107/S0567739476000351
0.4827334736990761,1,10.1107/S010827019500309X
0.18474225765275243,5,10.1107/S010827019500309X
0.21322532936012722,52,10.1107/S010827019500309X
0.9416575507606035,42,10.1107/S0108767305031569
0.9680274025603219,56,10.1107/S0108270113004551
0.9633788970662247,19,10.1107/S0021889808014994
0.9700806383612444,54,10.1107/S2053273314083594
0.565666520288078,2,10.1107/S2053273314082394
0.41499445330038304,85,10.1107/S2053273314082394
0.06348339463905593,38,10.1107/S205327331408173X
0.36784314172348276,39,10.1107/S205327331408173X
0.3066675121260436,42,10.1107/S205327331408173X
0.23340987939278876,90,10.1107/S205327331408173X
0.9816745072669191,15,10.1107/S2053273314081716
0.9631469423931275,88,10.1107/S2053273314081698
0.9715500076337591,62,10.1107/S205327331408228X
0.9775733037421447,75,10.1107/S2053273314083417
0.9857818426772573,93,10.1107/S2053273314083867
0.9875531283397698,62,10.1107/S2053273314082667
0.45813792971617956,4,10.1107/S2053273314082606
0.5279249645810651,97,10.1107/S2053273314082606
0.9739797426523186,19,10.1107/S2053273314083764
0.9819686572984087,28,10.1107/S2053273314082576
0.9716725247569866,21,10.1107/S2053273314081935
0.9095689499104362,97,10.1107/S1600536807061454
0.4135694663259973,25,10.1107/S0108767307023896
0.5320634069386377,47,10.1107/S0108767307023896
0.9715149438501159,141,10.1107/S1744309106009651
0.31424644584724154,1,10.1107/S1600536808000810
0.625698833783209,18,10.1107/S1600536808000810
0.9008403603017894,55,10.1107/S1600536807068432
0.21389805700507783,64,10.1107/S1744309106007305
0.10804992061293758,97,10.1107/S1744309106007305
0.2914341539303048,115,10.1107/S1744309106007305
0.35285159423109896,123,10.1107/S1744309106007305
0.9616452250128242,113,10.1107/S0021889805029985
0.23467379649472744,0,10.1107/S1600536808002900
0.721222694759867,107,10.1107/S1600536808002900
0.9478705125526402,10,10.1107/S1600536807067463
0.545619709352442,0,10.1107/S1600536807067712
0.3740805638039872,54,10.1107/S1600536807067712
0.9645353333557372,61,10.1107/S0907444997010524
0.9791942609464312,147,10.1107/S0108768195016259
0.9621464954261351,11,10.1107/S1600536807067499
0.20954096393813898,14,10.1107/S1600536807066615
0.728920600929572,135,10.1107/S1600536807066615
0.9680089065004321,28,10.1107/S1600536807067153
0.9808363515845937,100,10.1107/S0108767385000861
0.971627447813303,32,10.1107/S2053230X16000923
0.963578566067402,17,10.1107/S205698901600712X
0.929086747644329,106,10.1107/S0108767385000952
0.958504576185963,121,10.1107/S1600536808000020
0.9237233540782995,55,10.1107/S0907444999016571
0.9179472283802328,3,10.1107/S1600536807068663
0.9505581134236378,14,10.1107/S1600536807068493
0.9745340401324379,68,10.1107/S1744309110001375
0.8894268280176043,57,10.1107/S0021889899015587
0.9426710783999928,1,10.1107/S2414314616006738
0.9603311722223923,47,10.1107/S1744309108028571
0.3455016574801737,0,10.1107/S2414314616006891
0.6059614742335716,108,10.1107/S2414314616006891
0.4198518598789637,63,10.1107/S2414314616007082
0.5183950415807381,66,10.1107/S2414314616007082
0.8583433718597003,55,10.1107/S0108768102000927
0.9602528091028851,59,10.1107/S1600536802009066
0.9584595700330478,103,10.1107/S0108270107012541
0.9584229727697631,133,10.1107/S0108270107016800
0.8336328938241292,131,10.1107/S0021889807001136
0.9004734167927613,105,10.1107/S160053680200853X
0.9381976600344226,14,10.1107/S0021889899014922
0.938460241812203,3,10.1107/S1600536803020063
0.3375977074506508,62,10.1107/S002188988301033X
0.5915846495629925,117,10.1107/S002188988301033X
0.9603191280693283,41,10.1107/S0909049505013580
0.9177010642377792,16,10.1107/S1600536809052192
0.4013734127471647,0,10.1107/S1600536809052118
0.25952000683148774,1,10.1107/S1600536809052118
0.30675525665159015,54,10.1107/S1600536809052118
0.9478883016495798,71,10.1107/S1600536809053203
0.24771963808069541,0,10.1107/S160053680905377X
0.7150465377358047,42,10.1107/S160053680905377X
0.9343435171315764,12,10.1107/S1600536809039415
0.9025408332799846,1,10.1107/S1600536803019433
0.5526948584620813,7,10.1107/S1600536803019391
0.40092262033036513,55,10.1107/S1600536803019391
0.9567434993822972,52,10.1107/S1600536803019524
0.7329595446537063,7,10.1107/S1600536803019846
0.22058282457434975,37,10.1107/S1600536803019846
0.9631639694235415,45,10.1107/S1600576714004427
0.9699387334028173,41,10.1107/S0021889893008568
0.9478107159483106,55,10.1107/S1600536803019883
0.9340671327488145,69,10.1107/S1600536803019792
0.9479477363806442,69,10.1107/S1600536808001888
0.45434222580168027,0,10.1107/S1600536808002134
0.47174308639486545,3,10.1107/S1600536808002134
0.31781300956379344,0,10.1107/S1600536808002389
0.6133586531417172,54,10.1107/S1600536808002389
0.859307510981502,12,10.1107/S1600536807067578
0.9678745105955843,121,10.1107/S0021889878013618
0.9669382394444039,44,10.1107/S0021889803012998
0.9792984025241225,35,10.1107/S002188980301375X
0.9688907254008098,31,10.1107/S1744309110011942
0.9175968799201546,14,10.1107/S0021889878014909
0.5575791958506512,62,10.1107/S1600577515022730
0.2443118033229475,91,10.1107/S1600577515022730
0.9769060621736187,32,10.1107/S0021889878013862
0.9103378310261199,18,10.1107/S1600536808000457
0.9011221369338369,19,10.1107/S160053680604935X
0.208728699242022,4,10.1107/S1600536806050185
0.7214951033941462,142,10.1107/S1600536806050185
0.8760345189265554,28,10.1107/S1600536806050112
0.469662162555637,0,10.1107/S1600536806049853
0.23613637372169793,3,10.1107/S1600536806049853
0.2616404410459393,17,10.1107/S1600536806049853
0.4792442275204352,0,10.1107/S1600536806050653
0.4337454419112395,4,10.1107/S1600536806050653
0.9585524180051159,84,10.1107/S0907444902012726
0.9099622331775116,20,10.1107/S056773947600185X
0.6751361109332946,1,10.1107/S0567739476001885
0.5383036191298519,66,10.1107/S1600536806044825
0.36267243059644505,147,10.1107/S1600536806044825
0.9412935471372109,146,10.1107/S160053680605046X
0.9507683423299484,3,10.1107/S1600536806049713
0.9019144151500781,4,10.1107/S1600536806044709
0.8593296091248899,8,10.1107/S1600536806044588
0.9763535345230193,81,10.1107/S0907444902014269
0.9570646491766718,50,10.1107/S090744490201449X
0.44221280160154997,0,10.1107/S1600536806038608
0.4891330465963084,5,10.1107/S1600536806038608
0.9422096148013746,7,10.1107/S1600536806045697
0.9093765990625903,65,10.1107/S1600536806045144
0.3653819177322034,0,10.1107/S1600536806045867
0.5377815052610715,13,10.1107/S1600536806045867
0.9389838882472572,0,10.1107/S1600536806046150
0.9744143184514644,125,10.1107/S0907444903025927
0.9567075950585339,96,10.1107/S0021889803001821
0.9658436904143529,9,10.1107/S090744490302794X
0.9343435176300962,12,10.1107/S1600536806047064
0.5249893894740856,0,10.1107/S1600536806047246
0.4109512144295873,3,10.1107/S1600536806047246
0.9585092686129814,135,10.1107/S1600536806047842
0.12731538088693858,1,10.1107/S1600536806047568
0.818822739288686,110,10.1107/S1600536806047568
0.8595173262599802,17,10.1107/S1600536806047039
0.3617544817471558,5,10.1107/S1600536806047726
0.5405446863201822,13,10.1107/S1600536806047726
0.9177359914005214,29,10.1107/S160053680604863X
0.9618093793402025,94,10.1107/S0567739476001629
0.4006124745131102,1,10.1107/S1600536806049968
0.5395143765256236,17,10.1107/S1600536806049968
0.9295687817347965,23,10.1107/S1600536806048070
0.6382670869218037,0,10.1107/S1600536806045247
0.30140473827746855,69,10.1107/S1600536806045247
0.9502860007762056,43,10.1107/S0907444902014348
0.9751265855363828,58,10.1107/S0567739476001708
0.909467262743317,122,10.1107/S0021889868005583
0.8760349131949765,47,10.1107/S0907444904004998
0.8593380619391066,3,10.1107/S0021889868005595
0.9005980594992142,107,10.1107/S0108767302018196
0.9447148268304743,48,10.1107/S0907444900003103
0.9680564806858607,51,10.1107/S0907444900002249
0.9768703993624654,45,10.1107/S2053230X1401557X
0.9643435407248752,143,10.1107/S1600576715021019
0.9708496796412824,78,10.1107/S0108270113001327
0.7505319149874605,138,10.1107/S0021889811055087
0.1855245806226383,39,10.1107/S0909049510039956
0.26779331373145987,91,10.1107/S0909049510039956
0.26841742006776115,119,10.1107/S0909049510039956
0.20822975015192607,140,10.1107/S0909049510039956
0.9568929724562824,21,10.1107/S010876738609935X
0.9812985128248001,2,10.1107/S0907444904000915
0.9572444036443414,17,10.1107/S1600576715021378
0.9790047949926461,75,10.1107/S1600576715022062
0.9784303673768484,82,10.1107/S0907444904002008
0.9769367280362755,47,10.1107/S0907444904002112
0.9837406289004968,42,10.1107/S1600576715022797
0.8753685607658417,126,10.1107/S0365110X48000703
0.37033390261056426,1,10.1107/S0365110X48000740
0.435445820429183,100,10.1107/S0365110X48000740
0.9475278779366136,103,10.1107/S0021889803001158
0.7996880553736115,48,10.1107/S0108270101004590
0.12945141416776101,120,10.1107/S0108270101004590
0.93829086050636,54,10.1107/S1600536807042328
0.9525418337444361,137,10.1107/S0021889887087223
0.9178302451299503,23,10.1107/S1600536807044133
0.984911978086385,83,10.1107/S0108768199000452
0.9449932072967786,71,10.1107/S0108270105041661
0.9625157051076876,1,10.1107/S0108270105042125
0.8767453636938048,23,10.1107/S0021889868005108
0.9790970947153935,7,10.1107/S0907444996000364
0.9739622318087224,24,10.1107/S0021889803001730
0.9657264719808102,72,10.1107/S0108767385000575
0.47922702426333574,5,10.1107/S160053680502934X
0.4231457009302777,39,10.1107/S160053680502934X
0.9015808881079517,11,10.1107/S1600536805029387
0.4939949771764313,62,10.1107/S002188987100668X
0.36420400237643236,65,10.1107/S002188987100668X
0.31007894632909244,1,10.1107/S1600536805030023
0.6161345290092812,3,10.1107/S1600536805030023
0.9098160732032459,41,10.1107/S0021889871006782
0.4703610945916349,13,10.1107/S0021889871006812
0.14036433587776412,51,10.1107/S0021889871006812
0.1443458734845909,132,10.1107/S0021889871006812
0.9170410278870776,67,10.1107/S0108270100008817
0.9025408332799879,1,10.1107/S1600536805029910
0.953511533902672,0,10.1107/S0108270100008441
0.63654387418455,3,10.1107/S1600536805029302
0.27507245467475244,16,10.1107/S1600536805029302
0.25144223832409335,1,10.1107/S1600536805029673
0.7024310747718087,95,10.1107/S1600536805029673
0.3308272010039038,2,10.1107/S0108270197016752
0.3201788287410837,59,10.1107/S0108270197016752
0.2877656037533223,91,10.1107/S0108270197016752
0.9287753067957797,101,10.1107/S0108270197014030
0.9502444236648566,85,10.1107/S0108270197015886
0.890735696086555,17,10.1107/S0108270100010519
0.9241509957143963,23,10.1107/S1600536805027145
0.9025407888504479,1,10.1107/S1600536805027388
0.9179249718958258,5,10.1107/S0108270197014960
0.9751265855363828,58,10.1107/S0108767391000892
0.968078173993825,15,10.1107/S0021889803000281
0.9602817545138106,94,10.1107/S0021889891001619
0.9290219098617793,38,10.1107/S0108767391001885
0.8050816665599765,1,10.1107/S1600536805028126
0.9379494240396605,98,10.1107/S0021889891002042
0.1727117500825908,19,10.1107/S1600536805032277
0.39246222372104755,22,10.1107/S1600536805032277
0.3375227016569346,96,10.1107/S1600536805032277
0.6252397272176238,17,10.1107/S1600536805034264
0.23495390875305763,105,10.1107/S1600536805034264
0.19796709982680008,1,10.1107/S1600536811044230
0.7327492709019914,90,10.1107/S1600536811044230
0.9458560184590871,1,10.1107/S1600536805033106
0.9423023260263285,4,10.1107/S1600536811039274
0.9448216974718554,27,10.1107/S1600536811039705
0.9341657954042296,50,10.1107/S0108270101000750
0.9503160113786064,59,10.1107/S1600536811039183
0.933964468134416,9,10.1107/S0108270101002773
0.9535115288935015,0,10.1107/S1600536811038657
0.3024988809070382,0,10.1107/S1600536811040876
0.6534370606151361,81,10.1107/S1600536811040876
0.3643918608342848,3,10.1107/S1600536811040608
0.5475332052871612,11,10.1107/S1600536811040608
0.8761980706187859,20,10.1107/S1600536805034926
0.9414397624304677,127,10.1107/S010827010100213X
0.2867621999264561,1,10.1107/S1600536811040232
0.6323784121929615,73,10.1107/S1600536811040232
0.40591739940532173,0,10.1107/S1600536811040384
0.5457010906588233,39,10.1107/S1600536811040384
0.9419312881337922,29,10.1107/S1600536805031375
0.9335888309149719,79,10.1107/S0108270101003365
0.2642435163177903,120,10.1107/S2052252514023306
0.6884452550903309,137,10.1107/S2052252514023306
0.9744891751374709,110,10.1107/S205225251402329X
0.94182394066072,69,10.1107/S1600536805032514
0.9006320227572124,59,10.1107/S1600536811042103
0.9339107137123013,46,10.1107/S1600536811042668
0.9342477427524882,18,10.1107/S1600536805032952
0.3517972300543058,0,10.1107/S1600536812033740
0.6228727266099963,18,10.1107/S1600536812033740
0.9602865585109693,30,10.1107/S0108767303022037
0.9343399775209266,5,10.1107/S1600536807038731
0.9738178376410885,110,10.1107/S0567739480000150
0.929487992733617,29,10.1107/S1600536812034241
0.9486179726302313,0,10.1107/S1600536812034393
0.9527933669373583,46,10.1107/S056773947000133X
0.9448645211535696,104,10.1107/S0567739470001341
0.962127202456702,8,10.1107/S2053273315021865
0.917140536644949,43,10.1107/S1600536807042845
0.9302673008531459,0,10.1107/S1600536807043590
0.6983148957946704,0,10.1107/S1600536807043760
0.24176670817905366,7,10.1107/S1600536807043760
0.29675735450157065,14,10.1107/S1600536807044108
0.5942805258852103,42,10.1107/S1600536807044108
0.8904129045874803,18,10.1107/S1600536807043127
0.4166362581856784,12,10.1107/S160053680704398X
0.48555807371393084,27,10.1107/S160053680704398X
0.9636134611712392,7,10.1107/S1600536807044315
0.94220961480138,7,10.1107/S1600536807044224
0.9774738518038614,56,10.1107/S1600536812035519
0.2894589099827888,1,10.1107/S1600536807044595
0.6418640004460326,25,10.1107/S1600536807044595
0.5016731633422274,1,10.1107/S1600536812035854
0.4417426836413564,54,10.1107/S1600536812035854
0.6780203976029285,0,10.1107/S1600536807045515
0.24816140976445425,17,10.1107/S1600536807045515
0.8021129617462851,24,10.1107/S1600536807045710
0.9245495501378694,4,10.1107/S1600536812036409
0.9100513462483111,24,10.1107/S1600536807046430
0.9606648139225645,17,10.1107/S1600536812036586
0.975010470071746,1,10.1107/S1600536807046612
0.9567163397825944,127,10.1107/S1600536807046764
0.979733891295193,32,10.1107/S1399004714005318
0.4518240667990263,0,10.1107/S0108270104031713
0.15477136020801555,3,10.1107/S0108270104031713
0.3141192463739029,9,10.1107/S0108270104031713
0.39416354499646167,55,10.1107/S0021889807034115
0.5729825949589668,107,10.1107/S0021889807034115
0.9415155130767788,102,10.1107/S0909049511017535
0.9451478369956132,54,10.1107/S002188980703854X
0.9644395438840639,80,10.1107/S0108270108016454
0.9697904754829516,120,10.1107/S0907444907006592
0.9501296480240686,136,10.1107/S010876738900824X
0.9548957757107952,36,10.1107/S0108270108017502
0.2253498654771397,42,10.1107/S174430910702163X
0.5067246938680777,82,10.1107/S174430910702163X
0.23165271623564723,123,10.1107/S174430910702163X
0.94829281324334,7,10.1107/S0907444903011156
0.20049518630614357,1,10.1107/S0021889809023589
0.3121058536126207,52,10.1107/S0021889809023589
0.45401583330172424,134,10.1107/S0021889809023589
0.9730848618966619,122,10.1107/S0021889813027453
0.5730783119084345,16,10.1107/S0108270104000186
0.1662934236944833,93,10.1107/S0108270104000186
0.2062014336168082,114,10.1107/S0108270104000186
0.9671769087958084,8,10.1107/S0907444999010689
0.5091114906944885,7,10.1107/S0108270104028574
0.43932741993482183,113,10.1107/S0108270104028574
0.9746624325779626,6,10.1107/S2056989016002620
0.9452981580244545,3,10.1107/S1600536811042632
0.9792762089480962,84,10.1107/S0021889813023728
0.9710532023846398,11,10.1107/S1744309108013602
0.318119196401044,0,10.1107/S1600536811042620
0.6383756378193791,4,10.1107/S1600536811042620
0.8595173262599776,17,10.1107/S1600536811044357
0.6263405325743765,0,10.1107/S1600536811044412
0.32808262760411966,4,10.1107/S1600536811044412
0.9447033988010038,123,10.1107/S160053681104414X
0.9104878951453613,3,10.1107/S1600536811041869
0.9552342165683037,12,10.1107/S1600536811041894
0.293645492683192,27,10.1107/S1600536811041985
0.6570462281837418,94,10.1107/S1600536811041985
0.945763456219784,0,10.1107/S1600536811041262
0.4926873227096985,3,10.1107/S2056989016001833
0.47471792399338025,27,10.1107/S2056989016001833
0.9704164306653378,0,10.1107/S0108270104015549
0.9694919441236285,0,10.1107/S2056989016002498
0.13719913378905912,0,10.1107/S1600536806026833
0.8254117162929643,122,10.1107/S1600536806026833
0.941699362806992,78,10.1107/S1600536806026948
0.8901366910482276,19,10.1107/S1600536806027383
0.3268699962617112,0,10.1107/S1600536806027425
0.36155067036142047,1,10.1107/S1600536806027425
0.24491604740397319,7,10.1107/S1600536806027425
0.952975566966697,50,10.1107/S2414314616000559
0.9624516235367735,0,10.1107/S174430910504323X
0.9180517513880013,17,10.1107/S1600536806028091
0.9445904238407365,132,10.1107/S0021889879013017
0.5747634957581261,23,10.1107/S1600536806025451
0.3160126067738189,141,10.1107/S1600536806025451
0.9586483908651772,104,10.1107/S1600536806028352
0.9454201917409386,7,10.1107/S1600536806027760
0.6435389019755354,45,10.1107/S0108270110049851
0.31523749484788516,112,10.1107/S0108270110049851
0.23889009508065406,0,10.1107/S1600536806024238
0.6238397704272167,3,10.1107/S1600536806024238
0.47122850759390517,0,10.1107/S1600536806025347
0.3198264477400459,3,10.1107/S1600536806025347
0.15662577857423754,4,10.1107/S1600536806025347
0.8752487876661856,146,10.1107/S1600536806025116
0.977454050052113,41,10.1107/S2053229614027673
0.4717131688072174,106,10.1107/S0567739469000258
0.45757271882385536,119,10.1107/S0567739469000258
0.9620187281178114,50,10.1107/S0567739469000349
0.9379873062084377,82,10.1107/S1600536808041226
0.9414743189091344,58,10.1107/S0567739470000633
0.889729042307139,104,10.1107/S1600536808042670
0.9691402165957328,50,10.1107/S1600536808041986
0.9725341727996696,19,10.1107/S0907444906014855
0.9731287492513142,102,10.1107/S0907444903012629
0.36154106411372966,0,10.1107/S1600536808042803
0.5735006026808942,130,10.1107/S1600536808042803
0.9568759644927007,44,10.1107/S1744309113002388
0.9568982915513967,46,10.1107/S1744309113002522
0.9625157050427248,1,10.1107/S1600536808040117
0.18440945848595403,1,10.1107/S1600536808040440
0.7515486266531816,23,10.1107/S1600536808040440
0.9535908729904703,1,10.1107/S1600536808040646
0.9179472372165812,3,10.1107/S160053680803910X
0.9585955034570612,116,10.1107/S1600536808041585
0.9800993489035038,88,10.1107/S056773946900012X
0.9449159118822951,34,10.1107/S0907444902022527
0.5688489765017253,85,10.1107/S1600536814023897
0.3208221145839901,133,10.1107/S1600536814023897
0.960180128064529,31,10.1107/S1600536814024295
0.40530363343730486,0,10.1107/S1600536810053274
0.5301561228177618,64,10.1107/S1600536810053274
0.952716374421203,94,10.1107/S0108767398010514
0.31802405190111077,7,10.1107/S1600536803000783
0.42974471472057957,124,10.1107/S1600536803000783
0.20573879725007546,136,10.1107/S1600536803000783
0.9724627973800152,46,10.1107/S0108767398014950
0.9680213130865976,46,10.1107/S0108270113017368
0.9744403919921473,114,10.1107/S0907444913010457
0.9586621674156928,13,10.1107/S0108270113019057
0.9505730902187031,22,10.1107/S1600536814024623
0.9808903594666649,1,10.1107/S0907444994000491
0.973048370907082,92,10.1107/S0907444907008372
0.9011006991231825,69,10.1107/S160053681004955X
0.9384880550674699,11,10.1107/S1600536810049603
0.9689052326617241,88,10.1107/S1399004714009626
0.9421541931658737,17,10.1107/S1600536810050841
0.5450233198610583,0,10.1107/S1600536810053304
0.06988901610329215,7,10.1107/S1600536810053304
0.34865564522991654,22,10.1107/S1600536810053304
0.9234078670966223,80,10.1107/S1600536803022141
0.9706366460887433,145,10.1107/S0108270105013545
0.8578029796290277,90,10.1107/S1600536803021603
0.9009877731342011,71,10.1107/S1600536803020348
0.9765563534904523,3,10.1107/S0108270105014745
0.9568648703468099,13,10.1107/S1744309105040613
0.9249032470735472,0,10.1107/S1600536803022372
0.8905963032090485,3,10.1107/S0365110X49000758
0.9783802768813858,87,10.1107/S0108270110013879
0.3988233331777867,0,10.1107/S0108270111027491
0.5611918124795454,17,10.1107/S0108270111027491
0.9532925786567762,4,10.1107/S1600536808037914
0.9447957401208554,35,10.1107/S0108270107038036
0.3854868472326164,18,10.1107/S1600536805011694
0.5444361878112264,112,10.1107/S1600536805011694
0.8899864145935568,71,10.1107/S1600536805011992
0.9503607233510303,106,10.1107/S1600536805012055
0.9624516199261669,0,10.1107/S1600536808038695
0.954947703302146,56,10.1107/S1600536805012663
0.9296690604713468,3,10.1107/S1600536808038610
0.950957207589615,4,10.1107/S1600536805010342
0.9507653631937126,8,10.1107/S1600536808035162
0.9585955037234273,116,10.1107/S160053680803609X
0.3442338084891589,0,10.1107/S160053680803941X
0.590980736395779,127,10.1107/S160053680803941X
0.27817332236469383,0,10.1107/S1600536805011086
0.6759328273029047,50,10.1107/S1600536805011086
0.5765016994126301,11,10.1107/S1600536808036581
0.32674131707730786,17,10.1107/S1600536808036581
0.5181089861960371,1,10.1107/S1600536808036271
0.40789635216711023,54,10.1107/S1600536808036271
0.9382804331914653,50,10.1107/S1600536808034065
0.8593381209427109,3,10.1107/S1600536805011918
0.9506330194234351,54,10.1107/S1600536808036301
0.6125268564677132,4,10.1107/S2056989015012025
0.20694595115603187,50,10.1107/S2056989015012025
0.1564249447634781,73,10.1107/S2056989015012025
0.3235096858438927,0,10.1107/S1600536808038257
0.5954944354510936,80,10.1107/S1600536808038257
0.9715587646426614,109,10.1107/S0021889806050813
0.9634012915036472,6,10.1107/S0021889807003445
0.9657068317995119,87,10.1107/S2056989015010932
0.9379266438853565,37,10.1107/S0021889806054409
0.33963940149544114,4,10.1107/S2056989015010026
0.6164948272710234,11,10.1107/S2056989015010026
0.9632198000738033,40,10.1107/S2056989015010464
0.3818556899142611,0,10.1107/S160053680300134X
0.4252619869125739,16,10.1107/S160053680300134X
0.11320416054388567,36,10.1107/S160053680300134X
0.9689469234643513,38,10.1107/S0907444906010456
0.22438577984557864,0,10.1107/S2056989015010051
0.7444628337249869,24,10.1107/S2056989015010051
0.47081140723011944,18,10.1107/S1600536804001813
0.43128165360067416,106,10.1107/S1600536804001813
0.9504139652779904,47,10.1107/S0907444995006445
0.8009457974815962,93,10.1107/S0021889889007417
0.9809388688406616,2,10.1107/S2052252514014900
0.9646950659811199,22,10.1107/S1600536813008933
0.9646031844731524,78,10.1107/S2052252514016960
0.9669542529775593,39,10.1107/S1600536813009860
0.9661773845445214,4,10.1107/S1600536813010386
0.9593225885857338,0,10.1107/S1600536813010441
0.9448781101341951,76,10.1107/S1600536813007484
0.941525367188643,95,10.1107/S1600536803027983
0.9730886219627621,73,10.1107/S0907444993009667
0.2536665558470622,0,10.1107/S0108270108003466
0.17273195246120257,16,10.1107/S0108270108003466
0.3289182011036546,19,10.1107/S0108270108003466
0.21987442045491143,71,10.1107/S0108270108003466
0.8910160168658113,4,10.1107/S1600536802001587
0.9750722656432945,140,10.1107/S0108270103018869
0.8905725293880179,12,10.1107/S160053680400786X
0.9168325251110487,146,10.1107/S1600536804008682
0.9415793236195126,81,10.1107/S0108270105040667
0.9758674343593037,24,10.1107/S0108270103018961
0.9737967022722709,96,10.1107/S0567739480001209
0.5161539260949296,23,10.1107/S1600536804009225
0.39534151711876153,50,10.1107/S1600536804009225
0.9097082322266573,27,10.1107/S1600536804009882
0.29357847741371623,37,10.1107/S090904951200235X
0.6404970923029125,80,10.1107/S090904951200235X
0.08418062355776453,4,10.1107/S0907444906030587
0.4686675925980764,10,10.1107/S0907444906030587
0.4224625532173339,66,10.1107/S0907444906030587
0.9668419483004932,97,10.1107/S0108768199014251
0.9528317629531541,9,10.1107/S1600536804008876
0.9337378458295661,72,10.1107/S1600536802001630
0.9708278563049196,44,10.1107/S2053230X15011085
0.9174792417718062,51,10.1107/S1600536803024760
0.8756347287951697,110,10.1107/S1600536803024656
0.9586483908651772,104,10.1107/S2053230X15011759
0.957285192902942,7,10.1107/S1600536801000484
0.9337956401328459,40,10.1107/S160053680100109X
0.9097115968331875,68,10.1107/S1600536801001374
0.9179472372164755,3,10.1107/S160053680302556X
0.6277866730211539,0,10.1107/S1600536803025790
0.2977654949627091,66,10.1107/S1600536803025790
0.9097236975877787,32,10.1107/S1600536801001726
0.6010537205088111,0,10.1107/S1600536803026151
0.3347768363740852,18,10.1107/S1600536803026151
0.3637060555428722,7,10.1107/S1600536803024826
0.5666836208571348,13,10.1107/S1600536803024826
0.945283314600772,5,10.1107/S0108270196011778
0.9681020180822825,14,10.1107/S0021889809007171
0.9239407862144671,19,10.1107/S1600536803026102
0.8026224826407239,25,10.1107/S1600536803026758
0.6954251801916373,72,10.1107/S0021889808042131
0.2872287907864458,89,10.1107/S0021889808042131
0.12429649653681636,11,10.1107/S1600536803026928
0.7789465199531216,17,10.1107/S1600536803026928
0.9618629219936186,66,10.1107/S0108270196011717
0.9006292089362252,116,10.1107/S0108270196011808
0.9237392736548368,39,10.1107/S1600536803023997
0.2601318689968116,17,10.1107/S0021889808042453
0.6994286802571189,29,10.1107/S0021889808042453
0.7740829317774441,17,10.1107/S2053229613032804
0.18824823625847642,142,10.1107/S2053229613032804
0.9768136450077768,111,10.1107/S205322961402172X
0.945763456219784,0,10.1107/S0108767302005287
0.9502604329153612,89,10.1107/S2053229614022165
0.46318237018376135,29,10.1107/S0567739480001817
0.11694214286057734,48,10.1107/S0567739480001817
0.39995750754331777,59,10.1107/S0567739480001817
0.9378164638409551,58,10.1107/S0567739480001830
0.4888900321809221,5,10.1107/S0021889894012628
0.47209554960872974,10,10.1107/S0021889894012628
0.9724672549920668,2,10.1107/S056773948000191X
0.18799797832446136,1,10.1107/S0108270100013846
0.45903101949352487,26,10.1107/S0108270100013846
0.08192818587301297,104,10.1107/S0108270100013846
0.24197804449019422,132,10.1107/S0108270100013846
0.923568771854254,70,10.1107/S0567739480002008
0.9656803099106201,93,10.1107/S0567739480002033
0.9768159463008699,120,10.1107/S0907444903016779
0.9645295107916322,37,10.1107/S0108767390008030
0.9585524159309413,84,10.1107/S0108270109021519
0.9531337562418807,11,10.1107/S174430911004457X
0.9007805969578909,76,10.1107/S0108270109024445
0.975143003169563,43,10.1107/S1744309105033737
0.9336371174995429,109,10.1107/S1600536804004805
0.8895880099291392,116,10.1107/S1600536804005756
0.23938102365189068,0,10.1107/S1600536804005161
0.7072328361164634,8,10.1107/S1600536804005161
0.024437326764124197,0,10.1107/S1600536804005574
0.8795990228134735,17,10.1107/S1600536804005574
0.9502151365504732,117,10.1107/S0108270198002121
0.8898721643744603,56,10.1107/S0108270198001401
0.5803622051249399,0,10.1107/S0108270198001826
0.2619421362373257,1,10.1107/S0108270198001826
0.10857534265770623,7,10.1107/S0108270198001826
0.26979173385008925,24,10.1107/S1600536804007081
0.25951052278898906,88,10.1107/S1600536804007081
0.42396055237239777,111,10.1107/S1600536804007081
0.9680274025601399,56,10.1107/S010827019800016X
0.9678922960774621,123,10.1107/S0907444904026964
0.5649161081996683,0,10.1107/S0021889874009502
0.3779792114262347,49,10.1107/S0021889874009502
0.9177217554934042,54,10.1107/S1600536805039061
0.9342074929321428,25,10.1107/S1600536805039085
0.9602885759160518,106,10.1107/S0108767308004601
0.9476205353057449,77,10.1107/S1600536812008719
0.9724930805906032,51,10.1107/S1600536812013232
0.37923536112934014,1,10.1107/S1600536812008367
0.2287971669849395,17,10.1107/S1600536812008367
0.359173134596494,40,10.1107/S1600536812008367
0.5977055387923005,0,10.1107/S1600536812006368
0.34590067671238045,7,10.1107/S1600536812006368
0.9587735336971424,24,10.1107/S1600536812005326
0.9338990942587542,34,10.1107/S1600536812009683
0.9683594887674936,4,10.1107/S1600536812009002
0.9296690604713553,3,10.1107/S1600536812012202
0.9746451938602737,14,10.1107/S1600576716009936
0.4706613606102127,0,10.1107/S1600536812009828
0.4834137385591156,6,10.1107/S1600536812009828
0.9383019920254695,29,10.1107/S1600536812008823
0.9551096714024248,16,10.1107/S160053681201210X
0.8801277028167684,79,10.1107/S1600576716008050
0.06162310341491783,95,10.1107/S1600576716008050
0.9718615075567858,12,10.1107/S1600536812008859
0.890162427496818,22,10.1107/S1600536805037116
0.8910160168658113,4,10.1107/S1600536805037098
0.9554156432632864,4,10.1107/S1600536812009968
0.9299388679842284,4,10.1107/S1600536805037165
0.2940425130245229,7,10.1107/S1600536812010045
0.5981770672506794,16,10.1107/S1600536812010045
0.9502749044306531,87,10.1107/S1600536812011592
0.25303221008791527,7,10.1107/S1600536812012317
0.6982661426441531,55,10.1107/S1600536812012317
0.917025227584122,117,10.1107/S1600536805038304
0.9245495501078466,4,10.1107/S1600536805038596
0.9690547156644277,51,10.1107/S174430911302099X
0.8576432041717479,124,10.1107/S1600536805038912
0.45698464790048654,0,10.1107/S0108270107044563
0.2647321506357784,4,10.1107/S0108270107044563
0.23541271546535208,23,10.1107/S0108270107044563
0.3954936500690878,7,10.1107/S0108270107044812
0.5440921207248488,11,10.1107/S0108270107044812
0.38808483053923304,12,10.1107/S1600536805034732
0.21253705321928887,19,10.1107/S1600536805034732
0.3303216367740835,37,10.1107/S1600536805034732
0.9586941960701885,46,10.1107/S0108270113014765
0.17178549902819293,0,10.1107/S1600536805036275
0.7878004359521508,59,10.1107/S1600536805036275
0.9731148788713916,26,10.1107/S0907444913012687
0.9525213279856259,126,10.1107/S010827011301559X
0.9503467300996343,40,10.1107/S0108270113016168
0.9733823039072336,12,10.1107/S0108270113015229
0.9386965094210414,4,10.1107/S1600536805035075
0.8773930189740383,4,10.1107/S1600536805035300
0.9013112413203616,25,10.1107/S1600536805035531
0.9825759000379956,37,10.1107/S0909049508040430
0.29445638653899914,49,10.1107/S1600536805035506
0.6067903690254876,61,10.1107/S1600536805035506
0.9025408332799879,1,10.1107/S0021889802003035
0.9752396141238165,20,10.1107/S0909049509000211
0.1374111925304744,0,10.1107/S1600536805036603
7061162353326,6,10.1107/S0567739473000756
0.12625067329949483,0,10.1107/S1600536807060291
0.8364116510712877,49,10.1107/S1600536807060291
0.36762758244034344,3,10.1107/S1600536811025669
0.30024367731001506,82,10.1107/S1600536811025669
0.2961247674104551,93,10.1107/S1600536811025669
0.9296499758738401,5,10.1107/S1600536811025839
0.938319525825226,25,10.1107/S1600536807061405
0.9417896114005022,15,10.1107/S0108270198006763
0.4238241973416864,22,10.1107/S0108270195007463
0.10171861210661273,51,10.1107/S0108270195007463
0.4202547093528986,65,10.1107/S0108270195007463
0.8578271672584191,77,10.1107/S0108270198006015
0.9112492919959932,0,10.1107/S1600536807054001
0.9506981472143572,23,10.1107/S1600536807059570
0.9416212576920148,104,10.1107/S1600536807059326
0.9547267765111536,142,10.1107/S1600536807053561
0.9416356460244419,76,10.1107/S1600536807052774
0.27999693953683596,11,10.1107/S1600536807056231
0.5571736184798504,106,10.1107/S1600536807056231
0.9418506969100798,22,10.1107/S1600536807058849
0.9571805549783774,12,10.1107/S1600536807058916
0.9477988588485478,42,10.1107/S1600536807053597
0.9236037191535705,81,10.1107/S1600536807053950
0.9302672993154051,0,10.1107/S1600536807055730
0.26628630835443773,3,10.1107/S1600536807060904
0.6793971054562101,40,10.1107/S1600536807060904
0.9682290213810935,5,10.1107/S1600536807060771
0.3514578354981713,12,10.1107/S1600536807060357
0.463565388044504,19,10.1107/S1600536807060357
0.12063818411418113,21,10.1107/S1600536807060357
0.9288730340948749,135,10.1107/S1600536807056127
0.9350272221866586,1,10.1107/S1600536807060096
0.941921099662372,54,10.1107/S1600536807059909
0.2891801538055372,7,10.1107/S1600536807055249
0.6599874638385479,17,10.1107/S1600536807055249
0.9350272101933852,1,10.1107/S1600536807055274
0.2241808922019054,1,10.1107/S1600536807053937
0.29061146953623945,3,10.1107/S1600536807053937
0.18423313090177648,4,10.1107/S1600536807053937
0.2650137312551948,52,10.1107/S1600536807053937
0.9506612682327177,75,10.1107/S1600536812012640
0.3903935755789,95,10.1107/S1600536807050349
0.4996235043707289,135,10.1107/S1600536807050349
0.32402475801399727,0,10.1107/S1600536807053020
0.6159158342254014,8,10.1107/S1600536807053020
0.942302597164253,4,10.1107/S1600536807057492
0.24161579968344307,10,10.1107/S1600536812013153
0.2660973290748669,52,10.1107/S1600536812013153
0.17204899681154628,78,10.1107/S1600536812013153
0.2716453942867098,90,10.1107/S1600536812013153
0.9589646985209361,12,10.1107/S1600536812013207
0.8607726189714118,1,10.1107/S1600536812013256
0.9249032470735472,0,10.1107/S1600536807055857
0.9690196121664619,39,10.1107/S0108767300013180
0.2782135899653373,1,10.1107/S1600536807057844
0.4995783656852267,16,10.1107/S1600536807057844
0.16626988696363068,19,10.1107/S1600536807057844
0.6834381355939689,29,10.1107/S1600536810009992
0.2463799183830074,90,10.1107/S1600536810009992
0.9474550508956507,145,10.1107/S1600536810010974
0.8343867045953549,59,10.1107/S1600536810010895
0.7509581159311546,79,10.1107/S1600536809054300
0.9616684025697466,137,10.1107/S0108270101006667
0.9293735870622736,19,10.1107/S0108270109054602
0.9593225707542902,0,10.1107/S1600536810011098
0.29886741642104536,0,10.1107/S0907444903004815
0.2221574492155358,68,10.1107/S0907444903004815
0.2713826902632403,70,10.1107/S0907444903004815
0.16926969435624512,88,10.1107/S0907444903004815
0.9646788211154371,69,10.1107/S1600577513033158
0.2625016137574399,10,10.1107/S1600536810007014
0.4154034792993933,11,10.1107/S1600536810007014
0.27990235217532,135,10.1107/S1600536810007014
0.9512704166399939,1,10.1107/S1600536810007919
0.9337320397096639,107,10.1107/S0108270101006229
0.9674580737318704,0,10.1107/S1600577513034796
0.4805525892768278,8,10.1107/S1600536810008706
0.3564637137844507,27,10.1107/S1600536810008706
0.9528452810091775,51,10.1107/S0907444999001079
0.19886052636794302,4,10.1107/S1600536810008998
0.1902028973243122,12,10.1107/S1600536810008998
0.5632844754185465,54,10.1107/S1600536810008998
0.9727100958784304,7,10.1107/S1600536810008597
0.9738644088449834,81,10.1107/S1600536810009566
0.9291739979881334,66,10.1107/S1600536810009165
0.9235633324719772,35,10.1107/S1600536810009530
0.34849783993601013,3,10.1107/S1600536810009475
0.2784164695798115,10,10.1107/S1600536810009475
0.2103404431669414,17,10.1107/S1600536810009475
0.13291607289286525,74,10.1107/S1600536810009475
0.9382804328491902,50,10.1107/S1600536810010032
0.9503196807889791,70,10.1107/S1600536810009499
0.9419066335791833,16,10.1107/S0108270105036942
0.9716615466248545,64,10.1107/S1600536811026985
0.9382804331644939,50,10.1107/S1600536811026997
0.9783979724800789,38,10.1107/S1399004714016678
0.46337361165554786,0,10.1107/S1600536811027358
0.3336513378808479,52,10.1107/S1600536811027358
0.14916592045566185,136,10.1107/S1600536811027358
0.9381879369520146,69,10.1107/S1600536811027577
0.9569749301655903,15,10.1107/S1399004714026777
0.9657651994701575,98,10.1107/S010827010301521X
0.9478816178237045,51,10.1107/S0108270103012642
0.7877435553643987,0,10.1107/S1600536811025554
0.06301180292611673,23,10.1107/S1600536811025554
0.06266126785360145,71,10.1107/S1600536811025554
0.6314166645541814,0,10.1107/S1600536811025220
0.2724942412987991,3,10.1107/S1600536811025220
0.9603415346597798,21,10.1107/S1600536811025256
0.9103378310261202,18,10.1107/S1600536811024986
0.9419978199014484,23,10.1107/S0021889893006284
0.9450812137484081,22,10.1107/S1600536811026146
0.9245495488370998,4,10.1107/S1600536811026109
0.7066375637790633,0,10.1107/S1600536811028947
0.2195442435883196,17,10.1107/S1600536811028947
0.9531098697082977,8,10.1107/S0021889893006727
0.2465618554841393,0,10.1107/S1600536811026547
0.7163190973045865,14,10.1107/S1600536811026547
0.8003238280593001,143,10.1107/S1600536811026845
0.965959720630154,29,10.1107/S1600536811030042
0.205691254064478,8,10.1107/S2053230X13034584
0.3216928446824893,82,10.1107/S2053230X13034584
0.43382769916678604,98,10.1107/S2053230X13034584
0.979807445076152,24,10.1107/S0021889888005308
0.9453227156153812,11,10.1107/S0108270106055776
0.9445938794475244,99,10.1107/S0108270106055818
