topic,docID pairs
112,"('10.1107/S2053229615013303', 0.9668402116442157)","('10.1107/S160053681000228X', 0.9502603174663236)","('10.1107/S0108270101018017', 0.9378253967974256)","('10.1107/S1600536811035033', 0.7925150918534449)","('10.1107/S1600536802012850', 0.710443690414281)","('10.1107/S0567739474000969', 0.657389849666931)","('10.1107/S1600536805011694', 0.5329905174216583)","('10.1107/S0907444999005338', 0.5318374115383332)","('10.1107/S0909049597011758', 0.4934175686371982)","('10.1107/S0108270110049851', 0.3150004932678289)","('10.1107/S090744490102039X', 0.1951241521692417)"
7,"('10.1107/S0907444996000364', 0.9790970947153935)","('10.1107/S1600536810008597', 0.9727100958625711)","('10.1107/S1600536812020259', 0.971104807400691)","('10.1107/S010827011000572X', 0.9702291955037422)","('10.1107/S1600536812032618', 0.9649129804151235)","('10.1107/S1600536807044315', 0.9636134611712392)","('10.1107/S1600536809055639', 0.9622139789085142)","('10.1107/S1600536814005418', 0.9607025380649383)","('10.1107/S1600536801000484', 0.957285351062175)","('10.1107/S1600536803019846', 0.9532173072201647)","('10.1107/S0907444903011156', 0.9482928132333367)","('10.1107/S1600536806027760', 0.9454201914585312)","('10.1107/S1600536806045697', 0.94220961480138)","('10.1107/S1600536807044224', 0.94220961480138)","('10.1107/S0909049597015525', 0.9244278691177353)","('10.1107/S1600536810001881', 0.9106875831306012)","('10.1107/S1600536802013612', 0.901756345162346)","('10.1107/S0108270100005606', 0.8771954314529333)","('10.1107/S1600536809055135', 0.8771954314508572)","('10.1107/S160053680600448X', 0.80351269032469)","('10.1107/S1600536809055433', 0.7538054122752796)","('10.1107/S160053680604935X', 0.6061118919156259)","('10.1107/S1600536812018806', 0.6031718674499305)","('10.1107/S1600536814006266', 0.5720373569890893)","('10.1107/S1600536803019391', 0.5431923316663289)","('10.1107/S1600536813033060', 0.5345151146633534)","('10.1107/S1600536807051732', 0.46463097631310957)","('10.1107/S1600536811040608', 0.456814038288015)","('10.1107/S1600536811002017', 0.4446418803328006)","('10.1107/S0108270104028574', 0.4242588870498085)","('10.1107/S0108270102004511', 0.4202091561135147)","('10.1107/S1600536807029297', 0.38975212275020615)","('10.1107/S1600536803024826', 0.3710343156348718)","('10.1107/S1600536807051549', 0.3652650197956843)","('10.1107/S0108270107044812', 0.35560258688853896)","('10.1107/S1600536810001121', 0.3502843233559502)","('10.1107/S1600536812006368', 0.34084046184041117)","('10.1107/S160053681005422X', 0.33816062517063106)","('10.1107/S1600536810040602', 0.32607145357208217)","('10.1107/S1600536803000783', 0.3218009808850087)","('10.1107/S160053681300425X', 0.29295332410363234)","('10.1107/S1600536807055249', 0.2902099763251531)","('10.1107/S1600536810008706', 0.263409384480737)","('10.1107/S1600536807043760', 0.24962480098526746)","('10.1107/S1600536806015121', 0.2462817859814452)","('10.1107/S1600536809030281', 0.22450011204965994)","('10.1107/S2053229613032804', 0.1967499973730408)","('10.1107/S1600536810008998', 0.18008802283676145)","('10.1107/S1600536812012317', 0.16758540277622527)","('10.1107/S0907444906030587', 0.1646048951562356)","('10.1107/S1600536811051105', 0.1474998751628135)","('10.1107/S0108270198001826', 0.1323279652774796)","('10.1107/S0108270106042211', 0.08751563313309936)"
104,"('10.1107/S1600536806028352', 0.9586483908651772)","('10.1107/S1600536806018903', 0.9586483908651768)","('10.1107/S2053230X15011759', 0.9586483908642885)","('10.1107/S0567739470001341', 0.9448645211535696)","('10.1107/S1600536807028711', 0.9291115271974465)","('10.1107/S0108270197007920', 0.9236585674489948)","('10.1107/S160053680703022X', 0.9007561380764251)","('10.1107/S1600536807059326', 0.7197298780708178)","('10.1107/S0108270103010084', 0.5245715116167246)","('10.1107/S0108270195010183', 0.3845159364925788)","('10.1107/S1600536805029910', 0.29372131195555756)","('10.1107/S1600536809055433', 0.21257820263464144)","('10.1107/S1600536802019001', 0.07451468641946034)"
12,"('10.1107/S1600536810033921', 0.9733825071487219)","('10.1107/S0108270113015229', 0.9733821087356263)","('10.1107/S1600536812008859', 0.9718615075572202)","('10.1107/S1600536812031789', 0.9648268844465243)","('10.1107/S0909049595009782', 0.9635241764630622)","('10.1107/S1600536812013207', 0.9589646985208956)","('10.1107/S1600536806005320', 0.9571805549782924)","('10.1107/S1600536807058916', 0.9571805549774102)","('10.1107/S1600536811041894', 0.9552342165683037)","('10.1107/S1600536807027997', 0.9531025125952513)","('10.1107/S0907444900014104', 0.950757638225134)","('10.1107/S1600536812003820', 0.9452862646942154)","('10.1107/S1600536806047064', 0.9343435158713796)","('10.1107/S1600536809039415', 0.934342863931718)","('10.1107/S160053680400786X', 0.8905725293891874)","('10.1107/S1600536812000426', 0.8905725293891873)","('10.1107/S1600536807067578', 0.8593075377860985)","('10.1107/S1600536809054300', 0.7537881911256725)","('10.1107/S1600536812032266', 0.6776102160196449)","('10.1107/S1600536809030724', 0.5126367717841355)","('10.1107/S1600536809031882', 0.48019415246028696)","('10.1107/S160053680704398X', 0.39935905797533966)","('10.1107/S1600536805034732', 0.39496784459319156)","('10.1107/S2053273314085180', 0.3614929892491174)","('10.1107/S1600536807060357', 0.350311737899585)","('10.1107/S1600536810002229', 0.26797972523508423)","('10.1107/S1600536806027383', 0.24639462996996178)","('10.1107/S1600536810008998', 0.19438091540499516)"
86,"('10.1107/S0021889801004009', 0.9788205062840802)","('10.1107/S2053273314086689', 0.9778791954522732)","('10.1107/S1600536810002229', 0.6666680454219137)","('10.1107/S0021889888014803', 0.5011383533337905)","('10.1107/S0021889897008972', 0.3635656509785302)"
1,"('10.1107/S0907444994000491', 0.9808903594666649)","('10.1107/S1600536807046612', 0.9750104700717926)","('10.1107/S1600536812003704', 0.9663933907861567)","('10.1107/S1600536813000354', 0.9651931547428527)","('10.1107/S0108270105042125', 0.9625157051076876)","('10.1107/S1600536808040117', 0.9625157048606696)","('10.1107/S160053681200671X', 0.9625154330971994)","('10.1107/S0108270100004571', 0.9610163333119951)","('10.1107/S1600536813016759', 0.9593920138666616)","('10.1107/S0907444903006267', 0.9593919793103215)","('10.1107/S1600536813002985', 0.9576264492521686)","('10.1107/S1600536803007633', 0.9557003787636308)","('10.1107/S1600536808040646', 0.9535908729904703)","('10.1107/S1600536812023732', 0.9535908728808025)","('10.1107/S1600536810007919', 0.9512704166371778)","('10.1107/S1600536802017816', 0.9512703748072149)","('10.1107/S1600536813016887', 0.9487057017263093)","('10.1107/S0108767300010205', 0.9458560184888821)","('10.1107/S1600536811023142', 0.9458560184888821)","('10.1107/S1600536805033106', 0.9458560085017974)","('10.1107/S2414314616006738', 0.9426710783999928)","('10.1107/S1600536805042960', 0.9390880207999925)","('10.1107/S1600536807055274', 0.9350272221866586)","('10.1107/S1600536807060096', 0.9350272221863992)","('10.1107/S1600536810001789', 0.9250314102153754)","('10.1107/S1600536812007313', 0.9250314102153754)","('10.1107/S1600536810039000', 0.9250313319400197)","('10.1107/S1600536804017015', 0.9187840277333232)","('10.1107/S1600536812014791', 0.9114007575272618)","('10.1107/S1600536809033662', 0.9114007574093511)","('10.1107/S1600536803019433', 0.9025408332799879)","('10.1107/S1600536805027388', 0.9025408332799879)","('10.1107/S0021889802003035', 0.9025408332799879)","('10.1107/S1600536811036191', 0.9025408324688512)","('10.1107/S0909049597018530', 0.9025408321686631)","('10.1107/S1600536804016368', 0.8917120369777644)","('10.1107/S1600536810030308', 0.8917120369777642)","('10.1107/S1600536812013256', 0.8607726189714036)","('10.1107/S0108270106042211', 0.8486824858284562)","('10.1107/S1600536805028126', 0.8050816665599765)","('10.1107/S1600536811019209', 0.8034129150349225)","('10.1107/S1600536801008984', 0.7678886644401225)","('10.1107/S1600536807049161', 0.7215135079392572)","('10.1107/S0567739476001885', 0.6751360790779303)","('10.1107/S010827019500309X', 0.6520040377987414)","('10.1107/S1600536811054535', 0.6252270455620158)","('10.1107/S1600536805029910', 0.609575659400856)","('10.1107/S1600536806017041', 0.583622712922841)","('10.1107/S1600536806049968', 0.5578543685305906)","('10.1107/S160053681000262X', 0.523391601902296)","('10.1107/S1600536808036271', 0.5195046903403135)","('10.1107/S1600536811021623', 0.5026606319812077)","('10.1107/S1600536812035854', 0.49218265810658807)","('10.1107/S1600536812003406', 0.48960781244745033)","('10.1107/S1600536807045680', 0.458867126607286)","('10.1107/S0108270197012912', 0.4420580211064053)","('10.1107/S1600536810039449', 0.4303992186012023)","('10.1107/S1600536810053304', 0.419738987353618)","('10.1107/S1600536814004942', 0.41956042736462346)","('10.1107/S160053680705115X', 0.41050433486946136)","('10.1107/S1600536812008367', 0.3741526500341647)","('10.1107/S1600536807004126', 0.369616068745835)","('10.1107/S1600536806027425', 0.3408569446905069)","('10.1107/S1600536807042845', 0.3374258301822606)","('10.1107/S1600536805030023', 0.3271095052984631)","('10.1107/S1600536807052750', 0.32158627129909906)","('10.1107/S1600536810042327', 0.3195549718227727)","('10.1107/S1600536808000810', 0.3147396792641407)","('10.1107/S1600536807057844', 0.2983567873289207)","('10.1107/S1600536807044595', 0.2915269977678201)","('10.1107/S1600536811040232', 0.28396846041947466)","('10.1107/S1600536801009758', 0.2782557245775701)","('10.1107/S1600536806015121', 0.2729539435075283)","('10.1107/S0108270198001826', 0.26213002267665847)","('10.1107/S1600536810053274', 0.2591207888938537)","('10.1107/S1600536809052118', 0.2576263056683283)","('10.1107/S1600536807050416', 0.2543161366581581)","('10.1107/S1600536805029673', 0.25093997570612164)","('10.1107/S1600536807009051', 0.24603029732354004)","('10.1107/S1600536805032277', 0.23813629905196426)","('10.1107/S1600536811000936', 0.23670246814321558)","('10.1107/S1600536812020089', 0.2313336840119119)","('10.1107/S1600536807053937', 0.22818073450194268)","('10.1107/S1600536807059326', 0.22338598743295504)","('10.1107/S010827019600577X', 0.2208618023590704)","('10.1107/S160053680600016X', 0.21486515238150525)","('10.1107/S1600536811025554', 0.21475694773947693)","('10.1107/S1600536804023682', 0.2119184405550699)","('10.1107/S1600536813016310', 0.20878289438941786)","('10.1107/S0108270100013846', 0.20552704437285982)","('10.1107/S1600536813003711', 0.19096164201043384)","('10.1107/S1600536808040440', 0.18484298732638468)","('10.1107/S0021889873008976', 0.18438376255849948)","('10.1107/S1600536812016790', 0.18078399084984695)","('10.1107/S1600576716008050', 0.17277948696410078)","('10.1107/S1600536807005065', 0.17231769396733346)","('10.1107/S1600536810038535', 0.16749479928255473)","('10.1107/S1600536811024512', 0.1661518391272745)","('10.1107/S1600536812002061', 0.16454677383529345)","('10.1107/S1600536811035033', 0.146898325779452)","('10.1107/S1600536806047568', 0.12974016955408763)","('10.1107/S1600536811001243', 0.1266603002392108)","('10.1107/S1600536812005016', 0.11800873904724493)","('10.1107/S1600536811044230', 0.08961508492888808)","('10.1107/S1600577516006159', 0.012704166399941819)","('10.1107/S2053273316002096', 0.012704166399941817)"
4,"('10.1107/S2053273314093383', 0.9839203959310219)","('10.1107/S1600536812009002', 0.9683594887660854)","('10.1107/S1600536813010386', 0.9661773845445619)","('10.1107/S160053680301393X', 0.9607657660716921)","('10.1107/S1600536811026882', 0.957354093556187)","('10.1107/S1600536812009968', 0.9554156432632859)","('10.1107/S1600536808037914', 0.9532925786567762)","('10.1107/S1600536805010342', 0.9509565606309275)","('10.1107/S1600536812022702', 0.9483760076532618)","('10.1107/S1600536807057492', 0.942302597164253)","('10.1107/S1600536809003419', 0.9423025971642529)","('10.1107/S1600536811039274', 0.9423025971639736)","('10.1107/S1600536811020459', 0.9423025971566725)","('10.1107/S1600536805035075', 0.9386965094870161)","('10.1107/S0108270197010809', 0.9386965094869422)","('10.1107/S1600536811021416', 0.9299388679774724)","('10.1107/S1600536805037165', 0.929938841381161)","('10.1107/S0567739481001307', 0.9245495501378694)","('10.1107/S1600536812036409', 0.9245495501378694)","('10.1107/S1600536805038596', 0.9245495501378694)","('10.1107/S1600536811026109', 0.9245495501378694)","('10.1107/S1600536806044709', 0.9019144134737372)","('10.1107/S1600536802001587', 0.8910160168658113)","('10.1107/S1600536805037098', 0.891016016865811)","('10.1107/S1600536808042670', 0.8910158970499877)","('10.1107/S1600536805035300', 0.8773930189740382)","('10.1107/S0907444909023051', 0.8598777358744131)","('10.1107/S0567739475001878', 0.8365240252987176)","('10.1107/S0108270104007693', 0.7547860379480766)","('10.1107/S1600536807005065', 0.7321375544918851)","('10.1107/S1600536811042620', 0.6399778076564697)","('10.1107/S2056989015012025', 0.6137926695766575)","('10.1107/S1600536806050653', 0.5494353615520786)","('10.1107/S1600536809030736', 0.5456972631405269)","('10.1107/S1600536811000134', 0.4593534814926194)","('10.1107/S2053273314082606', 0.45836625412662885)","('10.1107/S160053680502934X', 0.4523200990717714)","('10.1107/S160053681103532X', 0.44781809211548423)","('10.1107/S1600536807051732', 0.43903978402846744)","('10.1107/S160053680702870X', 0.438918695540849)","('10.1107/S1600536811021623', 0.43364286699160465)","('10.1107/S160053681000262X', 0.42040560307371466)","('10.1107/S1600536811055887', 0.4026168244283453)","('10.1107/S1600536811044412', 0.3226332569145489)","('10.1107/S1600536807038731', 0.2841269961912441)","('10.1107/S0108270107044563', 0.26014667887883336)","('10.1107/S1600536811056091', 0.25768760613083064)","('10.1107/S1600536810054371', 0.24008471576948018)","('10.1107/S0021889801003624', 0.22866405881872356)","('10.1107/S1600536811023282', 0.20429786851402196)","('10.1107/S1600536806025347', 0.1941246129382207)","('10.1107/S1600536807053937', 0.19038217288619522)","('10.1107/S1600536809031109', 0.18347397703285737)","('10.1107/S1600536807025329', 0.17495285324386922)","('10.1107/S1600536810053274', 0.13465977807139884)"
5,"('10.1107/S2053273314088597', 0.9814169747700742)","('10.1107/S1600536807029583', 0.9733810719679441)","('10.1107/S1600536807060771', 0.9682290213139202)","('10.1107/S0021889895011757', 0.9621192178005344)","('10.1107/S1600536810001157', 0.9481631401480998)","('10.1107/S1744309113004399', 0.945283314600772)","('10.1107/S0108270196011778', 0.945283314600772)","('10.1107/S1600536810002886', 0.9296499759152783)","('10.1107/S1600536811025839', 0.9296499759152783)","('10.1107/S0108270197014960', 0.9179249675621777)","('10.1107/S1600536809031109', 0.7287300061131554)","('10.1107/S1600536807038731', 0.6514892581158362)","('10.1107/S0021889894012628', 0.614497511153335)","('10.1107/S1600536811054006', 0.5671310299703749)","('10.1107/S1600536806038608', 0.48656792830307793)","('10.1107/S1600536804021786', 0.47842931303137903)","('10.1107/S2053273314085738', 0.4454930150422322)","('10.1107/S1600536809003201', 0.334948969850292)","('10.1107/S0021889808042453', 0.11488281289329676)"
75,"('10.1107/S1600576715022062', 0.9790047949926461)","('10.1107/S2053273314083417', 0.9775733037421444)","('10.1107/S1600536813033771', 0.9588843901939313)","('10.1107/S1600536803011188', 0.9570967549849718)","('10.1107/S010827010803669X', 0.9551466072917315)","('10.1107/S1600536810002308', 0.9530107316502073)","('10.1107/S1600536812012640', 0.9506612445407641)","('10.1107/S1600536813002900', 0.9480644928762014)","('10.1107/S1600536811037925', 0.9480644827358768)","('10.1107/S1600536812003674', 0.9451791869231351)","('10.1107/S1600536812024178', 0.941954433214962)","('10.1107/S1600536813023684', 0.9295160974753104)","('10.1107/S1600536810042972', 0.9177687803878621)","('10.1107/S1600536812001067', 0.9102932149685686)","('10.1107/S1600536800019607', 0.8026450723730189)","('10.1107/S1600536812011592', 0.4135884506936763)","('10.1107/S1600536801009758', 0.22924430607548074)"
139,"('10.1107/S2053273314092377', 0.9706665221069403)","('10.1107/S1600536801013125', 0.9413330487283387)","('10.1107/S1600536806024238', 0.857523118115278)","('10.1107/S1600536811021040', 0.4864400030708467)","('10.1107/S0108270104018682', 0.4780591594259233)","('10.1107/S160053680905572X', 0.39896194724816)"
142,"('10.1107/S1600536810031144', 0.9667996361704695)","('10.1107/S1600536807053561', 0.9547267765960947)","('10.1107/S0108767308024100', 0.9475783729007413)","('10.1107/S0567739470000888', 0.9335992723409386)","('10.1107/S0108270196005628', 0.9003986870479874)","('10.1107/S1600536806050185', 0.8145102885134177)","('10.1107/S1600536806027383', 0.6446211310985683)","('10.1107/S160053680905572X', 0.5107335903423705)","('10.1107/S090744490102039X', 0.4082710074837185)","('10.1107/S0021889874008739', 0.17769795620243556)"
0,"('10.1107/S2053229615014862', 0.9800763716725741)","('10.1107/S0108270104015549', 0.9704164306653378)","('10.1107/S2056989016002498', 0.9694919168384561)","('10.1107/S1600577513034796', 0.9674580737318704)","('10.1107/S174430910504323X', 0.9624516235367735)","('10.1107/S1600536808038695', 0.9624516235367531)","('10.1107/S1600536813010441', 0.9593225921648381)","('10.1107/S1600536811020745', 0.959322592164838)","('10.1107/S1600536810011098', 0.959322592164838)","('10.1107/S0108270100008441', 0.953511533902672)","('10.1107/S1600536811038657', 0.9535115339026635)","('10.1107/S1600536812034393', 0.9486180111555849)","('10.1107/S0108767302005287', 0.945763456219784)","('10.1107/S1600536811021684', 0.9457634562191587)","('10.1107/S1600536811041262', 0.9457634562112681)","('10.1107/S1600536810001583', 0.942573071291536)","('10.1107/S1600536809001251', 0.9425730712900443)","('10.1107/S1600536807029388', 0.9425730712835184)","('10.1107/S1600536806046150', 0.938983888247257)","('10.1107/S1600536812008082', 0.9349161467816041)","('10.1107/S1600536807004758', 0.9302673008540081)","('10.1107/S1600536807043590', 0.9302673008540081)","('10.1107/S1600536807055730', 0.9302673008540081)","('10.1107/S1600536803022372', 0.9249032470735472)","('10.1107/S1600536807055857', 0.9249032470735472)","('10.1107/S1600536804015806', 0.9186451781320453)","('10.1107/S1600536811022112', 0.9112492919960103)","('10.1107/S1600536808043705', 0.9112492919960103)","('10.1107/S1600536807054001', 0.9112492919960103)","('10.1107/S1600536806018794', 0.9023742157650164)","('10.1107/S1600536810042601', 0.8915269124395683)","('10.1107/S160053680700685X', 0.8915267335121134)","('10.1107/S1600536812000888', 0.8779677764945149)","('10.1107/S1600536807027912', 0.8779677763551779)","('10.1107/S1600536807028619', 0.8605346017080169)","('10.1107/S1600536809003079', 0.8372902413502062)","('10.1107/S1600536804005574', 0.7496633292581647)","('10.1107/S1600536804024043', 0.7470140168869797)","('10.1107/S1600536811025554', 0.6988021926928865)","('10.1107/S1600536807043760', 0.6904568029884566)","('10.1107/S1600536807045515', 0.6795553474594466)","('10.1107/S1600536807050416', 0.6777660451101274)","('10.1107/S1600536811000936', 0.6768566722891479)","('10.1107/S1600536807067712', 0.6575127153731937)","('10.1107/S1600536811056194', 0.6565637938402825)","('10.1107/S1600536806045247', 0.6372392132056673)","('10.1107/S0108270102020681', 0.635972838013859)","('10.1107/S0108270104031713', 0.6345566846021957)","('10.1107/S1600536811044412', 0.6317899032639471)","('10.1107/S1600536811024111', 0.6224918390595077)","('10.1107/S1600536803025790', 0.6206479194720966)","('10.1107/S1600536810001121', 0.617759198763369)","('10.1107/S1600536807051719', 0.61668684492939)","('10.1107/S1600536803026151', 0.6057818488352641)","('10.1107/S1600536811028947', 0.6052626114203544)","('10.1107/S1600536812006368', 0.6027657536642692)","('10.1107/S1600536809003201', 0.6009738218010424)","('10.1107/S1600536811023609', 0.5830657508157623)","('10.1107/S1600536802013740', 0.5744347712405863)","('10.1107/S1600536813025415', 0.5691563359120719)","('10.1107/S0021889874009502', 0.5647945397087905)","('10.1107/S1600536810040456', 0.5647446984695252)","('10.1107/S0108270198001826', 0.5564216960658336)","('10.1107/S1600536810032381', 0.538009669885314)","('10.1107/S1600536812016935', 0.5030032198410668)","('10.1107/S1600536806047246', 0.48890045046338526)","('10.1107/S1600536806049853', 0.48102715301169263)","('10.1107/S1600536812004412', 0.48074087527180975)","('10.1107/S0108270100015742', 0.4780954845142776)","('10.1107/S1600536810032320', 0.4747222226037601)","('10.1107/S1600536812009828', 0.4701419406832637)","('10.1107/S1600536811000134', 0.46702239264187456)","('10.1107/S1600536811035641', 0.4644618314476383)","('10.1107/S1600536807026657', 0.46391140088923283)","('10.1107/S1600536811027358', 0.45854921446955693)","('10.1107/S1600536806045867', 0.45634306206519887)","('10.1107/S0108270107044563', 0.454220832286907)","('10.1107/S1600536810054371', 0.4478962537658287)","('10.1107/S1600536806038608', 0.44477791989478044)","('10.1107/S1600536806015121', 0.4418773536935041)","('10.1107/S160053680300134X', 0.4257639531598156)","('10.1107/S1600536802011832', 0.4135059771610969)","('10.1107/S0907444903004815', 0.4110418495492918)","('10.1107/S1600536806025347', 0.4051716510415787)","('10.1107/S1600536811040384', 0.40451395600434426)","('10.1107/S1600536810032915', 0.39824146655764847)","('10.1107/S1600536809052118', 0.3980912536849447)","('10.1107/S1600536813016577', 0.3943178503946403)","('10.1107/S2053229616006677', 0.3940251812690822)","('10.1107/S1600536807049616', 0.37908108820370645)","('10.1107/S1600536810043485', 0.37595163423270767)","('10.1107/S0108270111027491', 0.3729801576928804)","('10.1107/S1600536808002134', 0.36957580768343107)","('10.1107/S1600536808042803', 0.36285303245919226)","('10.1107/S1600536812018806', 0.3584803590932526)","('10.1107/S1600536812033740', 0.35269486786768095)","('10.1107/S160053680803941X', 0.3526276477996058)","('10.1107/S2414314616006891', 0.3437858181122114)","('10.1107/S1600536806001036', 0.3363425259231353)","('10.1107/S1600536807053020', 0.33075594453807144)","('10.1107/S1600536808002389', 0.3277067219119239)","('10.1107/S1600536810038535', 0.3224670013441796)","('10.1107/S1600536811042620', 0.31651692921033614)","('10.1107/S1600536811025220', 0.30849230624235635)","('10.1107/S1600536811040876', 0.3059637352986759)","('10.1107/S1600536811035495', 0.3046840968003277)","('10.1107/S2053229613032804', 0.2980913819077259)","('10.1107/S0108270109030339', 0.28259908455418326)","('10.1107/S1600536805011086', 0.27717795479902035)","('10.1107/S1600536810053304', 0.2763271493467918)","('10.1107/S1600536803026758', 0.2694070575911185)","('10.1107/S1600536812016790', 0.2654327943503887)","('10.1107/S1600536812001626', 0.25948545531624734)","('10.1107/S1600536812022258', 0.25802110853955784)","('10.1107/S0108270108003466', 0.24799490195522292)","('10.1107/S1600536808002900', 0.2461952270059833)","('10.1107/S160053680905377X', 0.2450837686825291)","('10.1107/S1600536804005161', 0.237301081237365)","('10.1107/S2056989015010051', 0.22483328581308876)","('10.1107/S1600536811026547', 0.2178221726373645)","('10.1107/S0108270197012912', 0.20632616307765345)","('10.1107/S1600536810043904', 0.20480669674795118)","('10.1107/S1600536807049161', 0.19924903745707606)","('10.1107/S160053681201358X', 0.1943053587203898)","('10.1107/S1600536812002255', 0.18271262417994139)","('10.1107/S0567739474000969', 0.18076824375955852)","('10.1107/S1600536805036275', 0.17072426976575328)","('10.1107/S1600536805036603', 0.17043933932244243)","('10.1107/S1600536812001353', 0.16830050385687648)","('10.1107/S1600536807025329', 0.1497979982351981)","('10.1107/S1600536806026833', 0.13601613543401214)","('10.1107/S1600536812014523', 0.12930514634378196)","('10.1107/S0108270100005199', 0.11679602076026639)","('10.1107/S1600536806050185', 0.11604194699159658)","('10.1107/S1600536809033480', 0.08924059024848523)","('10.1107/S1600536802002933', 0.08872349077517501)","('10.1107/S160053681300425X', 0.05204199724420871)","('10.1107/S2053273316002096', 0.011871105978059437)","('10.1107/S1600577516006159', 0.011871105978059437)"
137,"('10.1107/S1600536809054269', 0.965633741677005)","('10.1107/S0108270101006667', 0.9616684017690106)","('10.1107/S0021889887087223', 0.9525418337444361)","('10.1107/S1600536810043904', 0.7379651103455356)","('10.1107/S2052252514023306', 0.6841433562381787)","('10.1107/S1600536812016935', 0.4397685872524197)"
111,"('10.1107/S1600536812050398', 0.7613672744408496)","('10.1107/S205322961402172X', 0.7526063125386216)","('10.1107/S1600536804007081', 0.41258342253528113)","('10.1107/S0108270102020681', 0.25588593390730946)"
50,"('10.1107/S2056989015014917', 0.9717853408875283)","('10.1107/S1600536808041986', 0.9691402165641481)","('10.1107/S0567739469000349', 0.962018728117825)","('10.1107/S0021889894006357', 0.962018728117713)","('10.1107/S1600536810002564', 0.9604994729847014)","('10.1107/S090744490201449X', 0.9570646491766718)","('10.1107/S2414314616000559', 0.9529755681458786)","('10.1107/S010827010603335X', 0.9506243465531725)","('10.1107/S1600536811034933', 0.9480256279507079)","('10.1107/S1600536811026997', 0.9382804331914654)","('10.1107/S1600536810010032', 0.9382804331887074)","('10.1107/S1600536808034065', 0.9382803829758911)","('10.1107/S0108270101000750', 0.9341657954042164)","('10.1107/S1600536806003035', 0.9294633522188175)","('10.1107/S1600536805011086', 0.6769281948685782)","('10.1107/S0108270100007915', 0.5938883211166571)","('10.1107/S1600536804009225', 0.3966378927964477)","('10.1107/S2056989015012025', 0.20982252587843273)"
27,"('10.1107/S0909049597018785', 0.9805253049900674)","('10.1107/S2056989015010026', 0.9548541161133361)","('10.1107/S1600536811039705', 0.9448216974718537)","('10.1107/S1600536812032333', 0.9448216974710185)","('10.1107/S1600536804009882', 0.9097082322266714)","('10.1107/S0108270197000541', 0.8896433949437113)","('10.1107/S0108270100003371', 0.8013581108980631)","('10.1107/S1600536810002266', 0.7516976385936807)","('10.1107/S2056989016001833', 0.4749743929393198)","('10.1107/S0021889811034911', 0.34651143884588276)","('10.1107/S1600536811041985', 0.24668951761260643)"
117,"('10.1107/S0021889890010822', 0.964439383250338)","('10.1107/S0108270102021819', 0.9547410332277021)","('10.1107/S0108270198002121', 0.9502151365504732)","('10.1107/S0108270100005898', 0.9446834850560814)","('10.1107/S1600536805038304', 0.917025227584122)","('10.1107/S0108767392008365', 0.8755378413761827)","('10.1107/S002188988301033X', 0.5934554149831214)"
21,"('10.1107/S2053273314092602', 0.98260593625429)","('10.1107/S0567739468000197', 0.974577906453373)","('10.1107/S2053273314081935', 0.9716725247569866)","('10.1107/S0108270199015607', 0.9632791987590553)","('10.1107/S1600536811025256', 0.9603415346597798)","('10.1107/S010876738609935X', 0.9568929724562825)","('10.1107/S0108270199016339', 0.9504269183247248)","('10.1107/S0567739476000338', 0.6412524500492994)","('10.1107/S1600536804021786', 0.45647988892251445)","('10.1107/S1600536811023609', 0.36600164802956225)","('10.1107/S1600536807060357', 0.12751276399388728)"
93,"('10.1107/S2053273314083867', 0.9857818426772573)","('10.1107/S0567739480002033', 0.9656803099106201)","('10.1107/S1600536811054079', 0.9336485991605323)","('10.1107/S0021889889007417', 0.8009457974815962)","('10.1107/S0108270100000615', 0.42593703891202706)","('10.1107/S1600536811025669', 0.2991699288560465)","('10.1107/S0108270104000186', 0.16712975234606706)","('10.1107/S1600536810007014', 0.12497890012842017)"
110,"('10.1107/S205225251402329X', 0.9744891751374709)","('10.1107/S0567739480000150', 0.9738178376410885)","('10.1107/S160053681400453X', 0.9698507984323179)","('10.1107/S1600536803024656', 0.8756344384908684)","('10.1107/S1600536806047568', 0.8163979506215369)","('10.1107/S2053229613032804', 0.468481062793885)","('10.1107/S0108270100000615', 0.4326067921978789)"
23,"('10.1107/S205327331408749X', 0.9843486181632887)","('10.1107/S0108767300013714', 0.9765229266455762)","('10.1107/S1600536811038955', 0.9506981472143572)","('10.1107/S0108270104016130', 0.9481033128538048)","('10.1107/S0021889893006284', 0.9419978202521849)","('10.1107/S1600536806005289', 0.9419978202490024)","('10.1107/S1600536811021489', 0.9419978201599287)","('10.1107/S0108270199016923', 0.93426419628581)","('10.1107/S1600536806048070', 0.9295682802744989)","('10.1107/S1600536805027145', 0.9241509930785464)","('10.1107/S1600536811001942', 0.9178302453572627)","('10.1107/S1600536807044133', 0.9178302453572627)","('10.1107/S1600536806001978', 0.910360267662468)","('10.1107/S1600536812007842', 0.910360267662468)","('10.1107/S1600536806025451', 0.8904403271430061)","('10.1107/S0021889868005108', 0.8767453680358944)","('10.1107/S1600536807059570', 0.7751819612257602)","('10.1107/S1600536808040440', 0.751115097812751)","('10.1107/S1600536804009225', 0.5148575504172436)","('10.1107/S1600536811024512', 0.3313092617422617)","('10.1107/S1600536807051719', 0.287083670694937)","('10.1107/S1600536807067712', 0.262296047647079)","('10.1107/S0108270107044563', 0.24276200283587634)","('10.1107/S1600536807051549', 0.2094535104178531)"
71,"('10.1107/S0907444904006559', 0.969058679104438)","('10.1107/S1600536809000063', 0.9478883016495783)","('10.1107/S1600536809053203', 0.9478874589336524)","('10.1107/S0108270105041661', 0.9449932072967786)","('10.1107/S1600536813016048', 0.9449932072964776)","('10.1107/S1600536806050306', 0.9174898109451676)","('10.1107/S1600536805011992', 0.8899864145935568)","('10.1107/S1600536807051707', 0.8762347164177516)","('10.1107/S1600536807009051', 0.7057340058835551)","('10.1107/S0108270108003466', 0.21333878570249035)"
46,"('10.1107/S090744490801278X', 0.9797685858302974)","('10.1107/S0108767398014950', 0.9724627973801259)","('10.1107/S0108270113017368', 0.9680213130865976)","('10.1107/S0108270113014765', 0.9586941960701885)","('10.1107/S1744309113002522', 0.9568982915515011)","('10.1107/S056773947000133X', 0.9527933669372558)","('10.1107/S1600536804023086', 0.941685915951652)","('10.1107/S1600536811042668', 0.9339107137123013)","('10.1107/S1600536804017301', 0.8898511855591112)"
11,"('10.1107/S1744309108013602', 0.9710532023846924)","('10.1107/S1600577516004483', 0.9701760251040207)","('10.1107/S1600536812003807', 0.9671936258834565)","('10.1107/S1600536809030037', 0.9660623752096383)","('10.1107/S1600536807067499', 0.9621464954261351)","('10.1107/S174430911004457X', 0.9531337562418816)","('10.1107/S1600536811025098', 0.9482004480384948)","('10.1107/S1600536804020690', 0.9453227156155284)","('10.1107/S0108270106055776', 0.9453227155509722)","('10.1107/S1600536810049603', 0.9384880550674686)","('10.1107/S1600536806001401', 0.9105280800981379)","('10.1107/S1600536805029387', 0.9015808881079517)","('10.1107/S1600536808043717', 0.8906454312310575)","('10.1107/S056773947500188X', 0.8769759471791353)","('10.1107/S1600536806002261', 0.8594012687256459)","('10.1107/S1600536806027425', 0.5906585705865931)","('10.1107/S0108270107044812', 0.5839831839053977)","('10.1107/S1600536808036581', 0.5772038303646583)","('10.1107/S1600536810008706', 0.5754860043030946)","('10.1107/S1600536807004126', 0.5618994465312651)","('10.1107/S1600536810053274', 0.5435768574128613)","('10.1107/S0108270196007135', 0.5305444445527141)","('10.1107/S1600536810007014', 0.4306133701769645)","('10.1107/S1600536810040456', 0.3787583070031589)","('10.1107/S1600536803026928', 0.3459546273133974)","('10.1107/S0108270197012912', 0.29317577993066124)"
126,"('10.1107/S010827011301559X', 0.9525208622163297)","('10.1107/S1600536804021270', 0.9169123770220083)","('10.1107/S0909049597011758', 0.4357363508056173)"
116,"('10.1107/S002188988801060X', 0.9679449061084598)","('10.1107/S1600536808041585', 0.9585955037234273)","('10.1107/S160053680803609X', 0.9585955037234273)","('10.1107/S1600536811001334', 0.9447931646091716)","('10.1107/S1600536814004887', 0.933752563109508)","('10.1107/S0108270196011808', 0.9006292089362253)","('10.1107/S1600536804005756', 0.8895880099291392)","('10.1107/S160053680402121X', 0.8757865111702813)","('10.1107/S1600536811035495', 0.6565172752524069)"
44,"('10.1107/S2053273314090883', 0.9812857959119277)","('10.1107/S2053230X15011085', 0.9708278583332991)","('10.1107/S0021889803012998', 0.9669382394443977)","('10.1107/S1744309113002388', 0.9568759644927007)","('10.1107/S0567739469000258', 0.9291533702380083)","('10.1107/S1600536804021385', 0.9237036294870858)","('10.1107/S010827019600577X', 0.7147085653830628)","('10.1107/S0108767303012972', 0.16193669398750288)","('10.1107/S1600536807045680', 0.109031467683547)"
29,"('10.1107/S1600536811030042', 0.965959720630154)","('10.1107/S1600536814005352', 0.9620319960874795)","('10.1107/S160053681200311X', 0.9588679957614361)","('10.1107/S2414314616001255', 0.9506415934913578)","('10.1107/S1600536812017953', 0.9451573274288099)","('10.1107/S1600536805031375', 0.9419312881320064)","('10.1107/S1600536812008823', 0.9383019936421544)","('10.1107/S1600536804022160', 0.9341887932182981)","('10.1107/S1600536812034241', 0.9294879927338907)","('10.1107/S160053680604863X', 0.9177359915228726)","('10.1107/S0108270104008479', 0.9102574452976792)","('10.1107/S0021889808042453', 0.8446143354853854)","('10.1107/S1600536810009992', 0.7172231275233691)","('10.1107/S0567739480001817', 0.5123154704279455)","('10.1107/S1600536806050653', 0.36256246118126473)","('10.1107/S1600536810053304', 0.26785626495460835)","('10.1107/S1600536804024043', 0.16540181131580137)"
77,"('10.1107/S2056989015015601', 0.9792664618918607)","('10.1107/S1600536812008719', 0.9476205353057523)","('10.1107/S1600536812017345', 0.9095263791644802)","('10.1107/S0108270198006015', 0.8578271672584697)","('10.1107/S1600536804023682', 0.7234281263522081)","('10.1107/S160053680600016X', 0.4030740528216048)","('10.1107/S1600536806017041', 0.3759688913942081)","('10.1107/S0108270104018682', 0.3385808253647629)"
54,"('10.1107/S2053273314083594', 0.9700806383612444)","('10.1107/S0108270104017883', 0.9634318913159731)","('10.1107/S1600536810032472', 0.9551209575353148)","('10.1107/S160053681200205X', 0.9529838342181857)","('10.1107/S1600536811035744', 0.9506330532960519)","('10.1107/S1600536808036301', 0.9506330532960519)","('10.1107/S0108767388004714', 0.9451478369956132)","('10.1107/S002188980703854X', 0.9451478369956132)","('10.1107/S1600536807059909', 0.9419212391718257)","('10.1107/S1600536807042328', 0.9382910989344241)","('10.1107/S1600536805039061', 0.9177217554017242)","('10.1107/S1600536804015983', 0.8902942114812641)","('10.1107/S1600536807008045', 0.8765826326072906)","('10.1107/S1600536808002389', 0.6034649407935867)","('10.1107/S1600536810008998', 0.5777999258606031)","('10.1107/S1600536812035854', 0.4512331888769957)","('10.1107/S1600536808036271', 0.40650064802283364)","('10.1107/S0108270108039772', 0.36150188162214053)","('10.1107/S1600536811028947', 0.3206145638009651)","('10.1107/S1600536809052118', 0.31193111424407255)","('10.1107/S1600536810054371', 0.2690893681769396)","('10.1107/S1600536814004942', 0.18637719363542163)"
8,"('10.1107/S205327331409682X', 0.9843699565694332)","('10.1107/S0021889886088982', 0.9776206196335067)","('10.1107/S0108270198099314', 0.974751468304469)","('10.1107/S0907444999010689', 0.9671769087958084)","('10.1107/S1744309112042236', 0.9635298986620093)","('10.1107/S2053273315021865', 0.962127202456702)","('10.1107/S1600536809033315', 0.9571872723423588)","('10.1107/S0021889893006727', 0.9531098697082978)","('10.1107/S1600536808035162', 0.9507653631937126)","('10.1107/S1600536812016194', 0.9481740665089023)","('10.1107/S1600536807006770', 0.9179411346610764)","('10.1107/S1600536807007921', 0.9104824785340236)","('10.1107/S1600536806044588', 0.8593296091248948)","('10.1107/S1600536809033480', 0.8421200865965418)","('10.1107/S1600536804005161', 0.709312778530989)","('10.1107/S160053681005422X', 0.6157855993767376)","('10.1107/S1600536807053020', 0.6091846477013273)","('10.1107/S1600536811025220', 0.5954126413406815)","('10.1107/S1600536812004783', 0.5815342752188445)","('10.1107/S0021889898010632', 0.41810647003272405)","('10.1107/S2053230X13034584', 0.20775795180463413)","('10.1107/S0108270104018682', 0.14427038573192613)"
70,"('10.1107/S1600536810009499', 0.9503196932385036)","('10.1107/S0108270100001499', 0.9415525902414887)","('10.1107/S1600536812021769', 0.923568771854254)","('10.1107/S0567739480002008', 0.923568771854254)","('10.1107/S1600536807025329', 0.62243139284614)","('10.1107/S0907444903004815', 0.3041685678599841)"
2,"('10.1107/S0021889811013343', 0.9812985128248001)","('10.1107/S0907444904000915', 0.9812985128248001)","('10.1107/S2052252514014900', 0.9809388688406614)","('10.1107/S0021889880011429', 0.9752205294928601)","('10.1107/S056773948000191X', 0.9724672549920668)","('10.1107/S1600536811002467', 0.9416952777048484)","('10.1107/S2053273314082394', 0.5661269125513442)","('10.1107/S0108767393011535', 0.47567128098883327)","('10.1107/S0108767303012972', 0.45096343486234425)","('10.1107/S0108270197016752', 0.40878028189553955)","('10.1107/S0021889811034911', 0.32850918947639374)","('10.1107/S1600536811023464', 0.31940499313911097)","('10.1107/S2053273314091827', 0.29316208383283177)","('10.1107/S1600536812013153', 0.14126397212896413)"
20,"('10.1107/S2053273314090007', 0.9834930760824778)","('10.1107/S0108270112031526', 0.9764186801179205)","('10.1107/S0108767398009118', 0.9752396141238165)","('10.1107/S0909049509000211', 0.9752396141238165)","('10.1107/S0108270108006975', 0.9669858528972376)","('10.1107/S1600536812021964', 0.9646280201768793)","('10.1107/S1600536807030619', 0.9099622331775116)","('10.1107/S056773947600185X', 0.9099622331775116)","('10.1107/S1600536805034926', 0.8761980706190791)","('10.1107/S0108767303012972', 0.36638823132034787)"
24,"('10.1107/S0021889888005308', 0.9798074450761521)","('10.1107/S0108270103018961', 0.9758674343593037)","('10.1107/S0021889803001730', 0.9739622318087224)","('10.1107/S0907444997010615', 0.9604225923492566)","('10.1107/S1600536812005326', 0.9587735336971424)","('10.1107/S0108270196008116', 0.9528840385110199)","('10.1107/S0021889875011041', 0.8900627565256629)","('10.1107/S0108270197014406', 0.8763183014819224)","('10.1107/S1600536807045710', 0.8021129617462851)","('10.1107/S2056989015010051', 0.7440153277574769)","('10.1107/S174430910500223X', 0.6186965851321438)","('10.1107/S1600536807050349', 0.49879077421673224)","('10.1107/S056773947700237X', 0.32735510922497063)","('10.1107/S160053681300425X', 0.29441935068314895)","('10.1107/S1600536804007081', 0.29149105867283104)","('10.1107/S1600536814004942', 0.20481065066696402)"
98,"('10.1107/S2053230X15007359', 0.9707997289598406)","('10.1107/S1744309110035074', 0.9679738962785344)","('10.1107/S010827010301521X', 0.965765064427048)","('10.1107/S0108767300008734', 0.9602876313853826)","('10.1107/S0108270196004040', 0.9586329493597735)","('10.1107/S0108270197013620', 0.9448439324796981)","('10.1107/S0021889891002042', 0.9379494240396605)","('10.1107/S1600536809030281', 0.7330978982224285)","('10.1107/S2053230X13034584', 0.4409417513284817)","('10.1107/S090744490102039X', 0.1708305522588046)"
127,"('10.1107/S0907444904014040', 0.9751118990329488)","('10.1107/S1600536807046764', 0.956716346144151)","('10.1107/S010827010100213X', 0.9414397624304677)","('10.1107/S0108270109030339', 0.6634130361832652)","('10.1107/S160053680803941X', 0.5825868970853322)","('10.1107/S1600536802011832', 0.48931584016630997)","('10.1107/S0108270196007135', 0.34699116074696956)"
22,"('10.1107/S0108270107027862', 0.968111672499076)","('10.1107/S1600536813008933', 0.9646950659811199)","('10.1107/S0108767304005884', 0.9505730923735678)","('10.1107/S1600536814024623', 0.9505730923735677)","('10.1107/S1600536811026146', 0.9450812137481293)","('10.1107/S1600536807058849', 0.9418506969093068)","('10.1107/S1600536802002982', 0.9101328952246692)","('10.1107/S1600536806005356', 0.9011461847471363)","('10.1107/S1600536807008793', 0.890162427496818)","('10.1107/S1600536805037116', 0.890162427496818)","('10.1107/S1600536805032277', 0.6655507189700981)","('10.1107/S1600536811035641', 0.4872983647594025)","('10.1107/S0108270103010084', 0.4237981319746235)","('10.1107/S0108270195007463', 0.4115608818088563)","('10.1107/S0108767393011535', 0.3007099307702737)"
125,"('10.1107/S0907444903025927', 0.9744143184514644)","('10.1107/S1600536806001784', 0.8574512028010153)"
106,"('10.1107/S2053230X14020305', 0.9632301654452077)","('10.1107/S0108767308004601', 0.9602885786806874)","('10.1107/S1744309107047069', 0.9527244984295526)","('10.1107/S1600536805012055', 0.9503607233502303)","('10.1107/S0021889894004267', 0.9477481298431898)","('10.1107/S0108270100005886', 0.9416008510012122)","('10.1107/S0108270197011062', 0.9290867476443291)","('10.1107/S0108767385000952', 0.9290867476443291)","('10.1107/S1600536807027043', 0.9290867476443283)","('10.1107/S0108270100005199', 0.8473134858685011)","('10.1107/S1600536804001813', 0.43177140651951784)"
141,"('10.1107/S0108768197008549', 0.9783265877120447)","('10.1107/S1744309106009651', 0.9715149438501145)","('10.1107/S1600536812007878', 0.923309462793898)","('10.1107/S1600536807028164', 0.9093657304321865)"
25,"('10.1107/S2053273314095394', 0.9859016059029095)","('10.1107/S0021889801003715', 0.9775707366637193)","('10.1107/S0108270110026892', 0.9765026598506901)","('10.1107/S1600536807029030', 0.9709738945059895)","('10.1107/S0108270105003732', 0.9551414733274367)","('10.1107/S1600536807029522', 0.9530052968771389)","('10.1107/S1600536813017418', 0.9451729118446449)","('10.1107/S1600536812017564', 0.941947789011977)","('10.1107/S1600536807061405', 0.9383195258250305)","('10.1107/S1600536805039085', 0.9342074942135743)","('10.1107/S1600536807024671', 0.9240855702464299)","('10.1107/S1600536805035531', 0.9013112413203616)","('10.1107/S1600536810034173', 0.8766390516504525)","('10.1107/S1600536807056231', 0.8355187355339365)","('10.1107/S1600536807044595', 0.6397959126610012)","('10.1107/S1600536803026758', 0.5379638674408291)","('10.1107/S0108767307023896', 0.41158816500433004)","('10.1107/S0907444902010934', 0.2707996044711395)","('10.1107/S1600536802012850', 0.2428095839919137)","('10.1107/S2053273314095242', 0.1320027511136305)"
42,"('10.1107/S1600576715022797', 0.9837406289004968)","('10.1107/S0907444905016896', 0.9758092283641538)","('10.1107/S1600536812003637', 0.960326955478656)","('10.1107/S1600536807053597', 0.9477988608005046)","('10.1107/S0108767305031569', 0.9416575507606035)","('10.1107/S1600536807044108', 0.88979759588114)","('10.1107/S160053680905377X', 0.7176824072746393)","('10.1107/S1600536811021040', 0.4723450049004873)","('10.1107/S205327331408173X', 0.31032160138855835)","('10.1107/S174430910702163X', 0.23246573993810488)","('10.1107/S0108270195010183', 0.2049065506822549)"
3,"('10.1107/S0108270105014745', 0.9765563534904526)","('10.1107/S1600536809030499', 0.9621294940999604)","('10.1107/S1600536812051720', 0.9552439456252272)","('10.1107/S1600576714014289', 0.9507683423299484)","('10.1107/S1600536806049713', 0.9507683423299484)","('10.1107/S1600536810043795', 0.9481772024525773)","('10.1107/S1600536807050787', 0.9481772023150475)","('10.1107/S1600536811042632', 0.9452981581443872)","('10.1107/S1600536803020063', 0.9384604279124359)","('10.1107/S1600536812012202', 0.9296690604713553)","('10.1107/S1600536808038610', 0.9296690604713549)","('10.1107/S0108270197009682', 0.9242589758954276)","('10.1107/S1600536807068663', 0.9179472372165812)","('10.1107/S160053680803910X', 0.9179472372165812)","('10.1107/S160053680302556X', 0.9179472372164618)","('10.1107/S1600536805029302', 0.9104878951453613)","('10.1107/S1600536811020563', 0.9104878951453612)","('10.1107/S1600536811041869', 0.9104878951453612)","('10.1107/S0365110X49000758', 0.8905963162887748)","('10.1107/S1600536806025116', 0.8769208458413507)","('10.1107/S1600536805011918', 0.8593381209427109)","('10.1107/S0021889868005595', 0.8593381209321619)","('10.1107/S1600536811056091', 0.6940379428053491)","('10.1107/S1600536810030631', 0.6790672231235035)","('10.1107/S1600536803013333', 0.6583114727903349)","('10.1107/S1600536812051811', 0.6580219705770707)","('10.1107/S1600536812023495', 0.6510135984643759)","('10.1107/S1600536810042327', 0.620493476889656)","('10.1107/S1600536809000579', 0.611443793108483)","('10.1107/S1600536805030023', 0.5991039700399106)","('10.1107/S1600536800017876', 0.5936860602423688)","('10.1107/S1600536807049616', 0.5728743647240481)","('10.1107/S1600536811023282', 0.5627934461750768)","('10.1107/S1600536808002134', 0.5565095045131147)","('10.1107/S2056989016001833', 0.49243085370085443)","('10.1107/S1600536807051847', 0.4879812609016751)","('10.1107/S160053680702870X', 0.48681291972001856)","('10.1107/S1600536806047246', 0.4470401534402876)","('10.1107/S1600536810009475', 0.4289730356390877)","('10.1107/S1600536809030724', 0.41278780909259116)","('10.1107/S1600536813033060', 0.4010135718848093)","('10.1107/S1600536809032772', 0.3795948893303993)","('10.1107/S1600536812018491', 0.3779243114893949)","('10.1107/S1600536811025669', 0.36841224011395773)","('10.1107/S1600536807041530', 0.36222797491050557)","('10.1107/S174430910500223X', 0.35632730346607255)","('10.1107/S1600536806025347', 0.34838446992838923)","('10.1107/S0108270100015742', 0.3297263271967414)","('10.1107/S1600536805036603', 0.29563691914352047)","('10.1107/S1600536807053937', 0.28914454061615474)","('10.1107/S0108270104031713', 0.28536907027739533)","('10.1107/S1600536812032266', 0.2685297623748916)","('10.1107/S1600536807060904', 0.26832813856485205)","('10.1107/S0907444903012629', 0.2071193692771328)","('10.1107/S1600536806049853', 0.17628965647727185)","('10.1107/S1600536807060291', 0.17154447411114043)","('10.1107/S1600536801008984', 0.13618885349976323)"
66,"('10.1107/S0907444905017336', 0.9739062097851083)","('10.1107/S0108270196011717', 0.9618629219936193)","('10.1107/S2414314616007082', 0.9380272482376869)","('10.1107/S1600536811035343', 0.9338957314556066)","('10.1107/S1600536810009165', 0.9291716453178347)","('10.1107/S1600536806044825', 0.9008435971834099)","('10.1107/S1600536804017179', 0.8760544964792627)","('10.1107/S0907444906030587', 0.38416604664036036)","('10.1107/S1600536803019792', 0.33832274905981286)","('10.1107/S1600536803025790', 0.30490424851176645)"
51,"('10.1107/S2053273314091311', 0.9752437725315429)","('10.1107/S1600536812013232', 0.9724930805769115)","('10.1107/S174430911302099X', 0.9690547156644276)","('10.1107/S0907444900002249', 0.9680564806858607)","('10.1107/S0907444997006550', 0.9587396198248067)","('10.1107/S0907444999001079', 0.9528452810123751)","('10.1107/S0108270103012642', 0.9478816263821934)","('10.1107/S1600536803024760', 0.9174792417718062)","('10.1107/S1600536812032655', 0.9009750901261675)","('10.1107/S1600536812005016', 0.841789562371987)","('10.1107/S1600536809032620', 0.6081982062735891)","('10.1107/S010827010200032X', 0.5110126982242031)","('10.1107/S1600536807026657', 0.4958174788281758)","('10.1107/S0108270195007463', 0.11854129825951494)"
78,"('10.1107/S1600576715006214', 0.9793518576608101)","('10.1107/S2053273314000631', 0.9724691435477468)","('10.1107/S0108270113001327', 0.9708496814034966)","('10.1107/S2052252514016960', 0.9646031845613879)","('10.1107/S1600536810031065', 0.9569082246834288)","('10.1107/S1600536807051252', 0.9478362719852033)","('10.1107/S1600536806026948', 0.941699362806992)","('10.1107/S1600536801012880', 0.8898765740803134)","('10.1107/S1600536812004412', 0.28794929550273496)","('10.1107/S1600536812013153', 0.28560797081654166)","('10.1107/S1600536802000971', 0.21577425012022375)"
26,"('10.1107/S2052252514002838', 0.981231141853613)","('10.1107/S1600576714005895', 0.9801050103648298)","('10.1107/S0907444913012687', 0.9731148788713916)","('10.1107/S1600536804018124', 0.8578929311773511)","('10.1107/S0108270100005552', 0.8342084197069097)","('10.1107/S0108270100013846', 0.4532594970779114)","('10.1107/S1600536812023495', 0.29137565829094336)"
91,"('10.1107/S205327331409593X', 0.9788341431635418)","('10.1107/S1600577514025260', 0.9679098299576275)","('10.1107/S1600536807028735', 0.9656967147822916)","('10.1107/S0108270100005515', 0.9656967147822916)","('10.1107/S1600536812005338', 0.9567472248755895)","('10.1107/S1600577515022730', 0.80104094573729)"
130,"('10.1107/S1600536807018508', 0.8574118271376029)","('10.1107/S1600536808042803', 0.5721886343354315)","('10.1107/S1600536811055887', 0.5083856248221588)","('10.1107/S0907444902010934', 0.12854367630121533)"
119,"('10.1107/S1744309112042972', 0.9667595986604804)","('10.1107/S1600536802007080', 0.8891986320374509)","('10.1107/S1600536807029297', 0.29333344330046995)"
123,"('10.1107/S0907444904026964', 0.9678922960780022)","('10.1107/S1744309113024184', 0.9678922865217399)","('10.1107/S0108270197009542', 0.9476137462325299)","('10.1107/S160053681104414X', 0.9447033988010038)","('10.1107/S1744309106007305', 0.49287493476139926)","('10.1107/S1600536807029297', 0.27259682439732136)","('10.1107/S174430910702163X', 0.1952506706414496)"
40,"('10.1107/S2053273314090524', 0.9763555857617318)","('10.1107/S2056989015010464', 0.9632198000738016)","('10.1107/S0108270113016168', 0.9503467300996343)","('10.1107/S160053680100109X', 0.9337956401328459)","('10.1107/S1600536807060904', 0.6773552752457959)","('10.1107/S1600536812014110', 0.4792888933894783)","('10.1107/S1600536812008367', 0.3601010552682926)","('10.1107/S160053681300425X', 0.3292121637791334)","('10.1107/S0907444905014356', 0.2102272298480213)"
108,"('10.1107/S160053681300216X', 0.9447511345732659)","('10.1107/S0021889892004795', 0.909592765665344)","('10.1107/S0907444905014356', 0.7662597945403472)","('10.1107/S2414314616006891', 0.6076773136015339)"
132,"('10.1107/S0108768196003813', 0.9737537446887842)","('10.1107/S2053273314094170', 0.9688325718179311)","('10.1107/S0021889879013017', 0.9445912387874329)","('10.1107/S0021889871006812', 0.7506605745434479)","('10.1107/S056773947700237X', 0.6145982500047482)","('10.1107/S2053273316002096', 0.5013211490868954)","('10.1107/S1600536806045867', 0.44629538894779214)","('10.1107/S0108270100007915', 0.32403911465311336)","('10.1107/S0108270100013846', 0.22495750643696202)"
9,"('10.1107/S0907444900009197', 0.9746017185024483)","('10.1107/S090744490302794X', 0.9658436904143529)","('10.1107/S1600536811000055', 0.9549757737280107)","('10.1107/S1600536804008876', 0.9528317629531541)","('10.1107/S1600536811052809', 0.9417333542362492)","('10.1107/S0108270105024959', 0.9380916888760146)","('10.1107/S0108270101002773', 0.9339644679228954)","('10.1107/S1600536811001243', 0.8225436658037428)","('10.1107/S0907444999008410', 0.7432614607819228)","('10.1107/S1600536811054663', 0.4033872929027182)","('10.1107/S0907444998008725', 0.2864199870629329)"
74,"('10.1107/S1399004714021245', 0.976835776885439)","('10.1107/S2053273314092456', 0.9744599561263423)","('10.1107/S0021889878013229', 0.923379877390297)","('10.1107/S1600536807041530', 0.5623339676027896)","('10.1107/S160053680705115X', 0.5148300296592883)","('10.1107/S0021889884011298', 0.10425415563046105)"
64,"('10.1107/S1600536811026985', 0.9716615464656522)","('10.1107/S0021889881009230', 0.9632649678470329)","('10.1107/S0108767312044601', 0.9603261652747954)","('10.1107/S0021889800012267', 0.9603261652683943)","('10.1107/S0108767392006342', 0.938009608377691)","('10.1107/S1600536802019001', 0.8497711222447034)","('10.1107/S1600536807051549', 0.38526815844398393)","('10.1107/S1744309106007305', 0.38468537753848325)"
18,"('10.1107/S1600536810030989', 0.9718199264070212)","('10.1107/S1744309110051110', 0.9647755764741762)","('10.1107/S1600536807050106', 0.9452064522937335)","('10.1107/S1600536810041607', 0.9419833024285352)","('10.1107/S1600536812002383', 0.9383572588304577)","('10.1107/S0108270106049018', 0.9342477427524881)","('10.1107/S1600536805032952', 0.9342477427524862)","('10.1107/S1600536813033291', 0.9241320107258151)","('10.1107/S1600536808000457', 0.9103378310261202)","('10.1107/S1600536811024986', 0.9103378310261202)","('10.1107/S0108270196006002', 0.9013716141287322)","('10.1107/S1600536807043127', 0.8904129045874805)","('10.1107/S1600536806002170', 0.8027432282574658)","('10.1107/S1600536808000810', 0.6252056003663096)","('10.1107/S1600536812033740', 0.6219750887966211)","('10.1107/S1600536804001813', 0.4703216543112759)","('10.1107/S160053680502934X', 0.45096593022798503)","('10.1107/S1600536809030736', 0.40594575151345436)","('10.1107/S1600536805011694', 0.3969325176221846)","('10.1107/S1600536811054006', 0.358162493422027)","('10.1107/S1600536809000579', 0.331443441473064)","('10.1107/S1600536803026151', 0.33004870804763203)","('10.1107/S1600536803013333', 0.2723373120586869)","('10.1107/S1600536811019209', 0.1548098881862604)","('10.1107/S1600536811054663', 0.14171526389925834)"
17,"('10.1107/S2053230X1501818X', 0.9799310466085691)","('10.1107/S1600576714008188', 0.9760151532638996)","('10.1107/S2053273314092067', 0.9726839245505524)","('10.1107/S2053230X14019943', 0.9726839245505524)","('10.1107/S0021889884011845', 0.9672207094606617)","('10.1107/S205698901600712X', 0.963578566067253)","('10.1107/S1600536812036586', 0.9606648513527941)","('10.1107/S1600536812005156', 0.9590258868258269)","('10.1107/S1600576715021378', 0.9572444036443414)","('10.1107/S1600536810050841', 0.9421541931631241)","('10.1107/S1600536807051495', 0.9243554804198717)","('10.1107/S1600536806028091', 0.9180517724988275)","('10.1107/S0108270100010519', 0.8907356982022064)","('10.1107/S1600536811002339', 0.8595173262599805)","('10.1107/S1600536805034264', 0.8595173262599805)","('10.1107/S1600536811044357', 0.8595173262599805)","('10.1107/S1600536806047039', 0.859517326218416)","('10.1107/S1600536807055249', 0.6589576413297583)","('10.1107/S1600536806001036', 0.5951120094894344)","('10.1107/S1600536803026928', 0.5572883891765406)","('10.1107/S160053681103532X', 0.4833080104282418)","('10.1107/S1600536812014110', 0.45968334947380624)","('10.1107/S1600536806049968', 0.38227248250814333)","('10.1107/S1600536813025415', 0.3668678971396599)","('10.1107/S1600536808036581', 0.3260391861252797)","('10.1107/S160053680704398X', 0.32438404274017235)","('10.1107/S1600536813032492', 0.31161234101808033)","('10.1107/S1600536806049853', 0.3101221678343097)","('10.1107/S1600536812051811', 0.29588222610954035)","('10.1107/S1600536811056194', 0.2869870000204795)","('10.1107/S1600536807045515', 0.24662645990793633)","('10.1107/S1600536812008367', 0.23295195740831628)","('10.1107/S1600536810009475', 0.23192142141078592)","('10.1107/S1600536810009992', 0.21345209976908333)","('10.1107/S1600536807052750', 0.2123971168751135)","('10.1107/S1600536811023282', 0.18977833450231674)","('10.1107/S1600536804005574', 0.1543730203194329)","('10.1107/S0021889884011298', 0.13502495458498717)"
48,"('10.1107/S2053273314090834', 0.9698444509984411)","('10.1107/S0907444900003103', 0.9447148268304744)","('10.1107/S0108270101004590', 0.9289190630677522)","('10.1107/S1600536807052750', 0.4158532696978026)","('10.1107/S1600536809032772', 0.293078853354203)"
10,"('10.1107/S0021889888010817', 0.9789263804664756)","('10.1107/S0567739470000761', 0.9739352600507216)","('10.1107/S0108270100003292', 0.970868820056689)","('10.1107/S0021889803022052', 0.9680496736105612)","('10.1107/S1600536807067463', 0.9478705201013201)","('10.1107/S1600536810043485', 0.5731684675058767)","('10.1107/S0907444906030587', 0.426499296803019)","('10.1107/S1600536812013153', 0.3825027972753666)","('10.1107/S0021889894012628', 0.3464880706363169)","('10.1107/S1600536810009475', 0.30915329333594627)"
14,"('10.1107/S1600576716009936', 0.9746451938602766)","('10.1107/S0021889809007171', 0.9681020180822825)","('10.1107/S0907444902016864', 0.9633763911315094)","('10.1107/S1600536807068493', 0.9505581280232033)","('10.1107/S0021889899014922', 0.9381976600344226)","('10.1107/S0021889878014909', 0.9175968800458969)","('10.1107/S1600536812010045', 0.8901291733945292)","('10.1107/S1600536811026547', 0.7450587801513614)","('10.1107/S2053273314091827', 0.34141317498740364)","('10.1107/S1600536800017876', 0.3251913903534428)","('10.1107/S1600536807052920', 0.24781426509679896)","('10.1107/S1600536807066615', 0.23161433787666327)"
90,"('10.1107/S0021889803026670', 0.9698369956788851)","('10.1107/S1600536803021603', 0.8578029796280146)","('10.1107/S1600536811044230', 0.8411012857999035)","('10.1107/S1600536812001353', 0.8003563693482165)","('10.1107/S1600536807052920', 0.705318278615295)","('10.1107/S205327331408173X', 0.25113171729665795)"
82,"('10.1107/S0907444904002008', 0.9784303673768203)","('10.1107/S1744309113023439', 0.9716513399810007)","('10.1107/S1600536811029333', 0.9657860999611865)","('10.1107/S1744309108039894', 0.9632517370124076)","('10.1107/S1600536810030916', 0.9632517370059638)","('10.1107/S1600536808041226', 0.9379872513057471)","('10.1107/S1600536813016310', 0.7491825504860121)","('10.1107/S174430910702163X', 0.5360108650013101)","('10.1107/S0021889881009825', 0.4670773365943362)","('10.1107/S1600536807051847', 0.41433391573731065)","('10.1107/S2053230X13034584', 0.3125120947806376)","('10.1107/S1600536811025669', 0.29641385819080923)"
135,"('10.1107/S1600536806047842', 0.9585092698380001)","('10.1107/S1600536808043286', 0.9446790129696999)","('10.1107/S1600536807056127', 0.9288730340951864)","('10.1107/S1600536807066615', 0.7068472269910479)","('10.1107/S1600536807045680', 0.34462664519990105)","('10.1107/S1600536810007014', 0.19441580073499243)","('10.1107/S1600536807059570', 0.175727309855228)"
114,"('10.1107/S0907444913010457', 0.9744403908521241)","('10.1107/S010876739300354X', 0.9287982348352666)","('10.1107/S0909049597035607', 0.6266329966359397)","('10.1107/S0909049597019080', 0.2328166281427408)","('10.1107/S0108270104000186', 0.20607225577383706)"
69,"('10.1107/S1600577513033158', 0.9646788211154371)","('10.1107/S0108270105008449', 0.9646788211019766)","('10.1107/S1600536811036774', 0.957000303966619)","('10.1107/S1600536808001888', 0.9479476726529312)","('10.1107/S1600536805032514', 0.94182394066072)","('10.1107/S1600536809001093', 0.9381879369482407)","('10.1107/S1600536811027577', 0.9381878713667037)","('10.1107/S1600536807008094', 0.9175839159360111)","('10.1107/S1600536807052026', 0.9100915446312777)","('10.1107/S160053681004955X', 0.9011006991232234)","('10.1107/S1600536803019792', 0.5963067818112764)","('10.1107/S1600536806045247', 0.3024326119936049)","('10.1107/S1600536811024111', 0.28098308125932775)"
76,"('10.1107/S1600536807049136', 0.9632520734227967)","('10.1107/S2056989015014516', 0.9618385878360859)","('10.1107/S1600536813007484', 0.9448781101341945)","('10.1107/S1600536807052774', 0.9416356244812145)","('10.1107/S0108767396000918', 0.9291289987439644)","('10.1107/S0108270109024445', 0.9007805982415493)"
72,"('10.1107/S2053273314091426', 0.9792930768217398)","('10.1107/S0108767385000575', 0.9657264719808101)","('10.1107/S1600536802001630', 0.9337378458295661)","('10.1107/S0909049510039956', 0.9290048348173922)","('10.1107/S0021889808042131', 0.6954036937241987)","('10.1107/S1600536811002017', 0.5039702848812501)","('10.1107/S0021889804011288', 0.21857061905178451)","('10.1107/S0909049508030859', 0.2107374289860223)"
19,"('10.1107/S0108270110024601', 0.9845504721998138)","('10.1107/S2053273314083764', 0.9739797426523186)","('10.1107/S0907444906014855', 0.9725341727996696)","('10.1107/S1600536806019015', 0.9709185359055326)","('10.1107/S2053229615013224', 0.9670410073596023)","('10.1107/S0021889808014994', 0.9633788970662248)","('10.1107/S0108270197000784', 0.9382018887992545)","('10.1107/S0108270109054602', 0.929373587199148)","('10.1107/S1600536803026102', 0.9239403393787977)","('10.1107/S0108270100007678', 0.9101118382534611)","('10.1107/S1600536803020348', 0.9011230220788072)","('10.1107/S1600536807057844', 0.6449748922935818)","('10.1107/S1600536807060357', 0.457836921558879)","('10.1107/S0108270108003466', 0.3309880223042397)","('10.1107/S1600536811054535', 0.32406972041629745)","('10.1107/S1600536810030631', 0.2636737699992776)","('10.1107/S1600536805034732', 0.21206156009228314)","('10.1107/S160053680704398X', 0.18055732619063944)"
38,"('10.1107/S1399004714016678', 0.978397972571878)","('10.1107/S0907444906010456', 0.9689470855720732)","('10.1107/S0108270197013061', 0.9477003546477021)","('10.1107/S0021889886090052', 0.9290219098790242)","('10.1107/S0108767391001885', 0.9290218743460342)","('10.1107/S160053681003206X', 0.9235620567927953)","('10.1107/S1600536807046430', 0.6808087664825584)","('10.1107/S0907444998008725', 0.1757269934057732)"
37,"('10.1107/S0909049508040430', 0.9825759000379956)","('10.1107/S0909049503023537', 0.9774278643085506)","('10.1107/S0108767390008030', 0.9645295107916323)","('10.1107/S0021889806054409', 0.9379266155541908)","('10.1107/S2053273314095242', 0.8457231287811279)","('10.1107/S1600536812020089', 0.7328231543201469)","('10.1107/S002188987100668X', 0.4906874406454681)","('10.1107/S1600536805034732', 0.3239141158471306)","('10.1107/S090904951200235X', 0.29423444517371206)"
6,"('10.1107/S2053273314091918', 0.9840618527516098)","('10.1107/S1399004714023931', 0.9775417016045411)","('10.1107/S0907444906046488', 0.9752958717649953)","('10.1107/S2056989016002620', 0.9746624325794824)","('10.1107/S0567739473000756', 0.967061162353326)","('10.1107/S0021889807003445', 0.9634012915036947)","('10.1107/S1744309112030023', 0.9550834032090808)","('10.1107/S0108270195011061', 0.9550834032090808)","('10.1107/S0108270110009285', 0.9529445176476085)","('10.1107/S0108270104026356', 0.95059174351783)","('10.1107/S1600536812009828', 0.48393310252909594)","('10.1107/S0909049508030859', 0.3996752665691383)","('10.1107/S2053229616006677', 0.37915285031101426)","('10.1107/S0021889804011288', 0.1971362328542913)"
124,"('10.1107/S0907444903006826', 0.9723195119221061)","('10.1107/S0907444905034207', 0.947552759431697)","('10.1107/S1600536805038912', 0.8576432041717479)","('10.1107/S1600536806019167', 0.7508756072999782)","('10.1107/S2053273314098167', 0.6375089407747189)","('10.1107/S1600536803000783', 0.4283232983522222)","('10.1107/S1600536809032772', 0.26630976723725686)","('10.1107/S0021889898010632', 0.1993515482435599)"
13,"('10.1107/S0907444903006978', 0.9731862707561258)","('10.1107/S0907444902003918', 0.972441444943796)","('10.1107/S2053273314087105', 0.9708203534699017)","('10.1107/S1744309110037954', 0.968996625558875)","('10.1107/S0108270113019057', 0.9586621674156928)","('10.1107/S1744309105040613', 0.9568648703468099)","('10.1107/S1744309106031125', 0.9379932511225076)","('10.1107/S1600536806047726', 0.9007892017976631)","('10.1107/S1600536803024826', 0.5593553607651351)","('10.1107/S0907444998008725', 0.4284435939486019)","('10.1107/S0021889807034115', 0.20612970256165666)"
28,"('10.1107/S2053273314082576', 0.9819686572984087)","('10.1107/S0907444911050712', 0.9752069037853118)","('10.1107/S0021889891014826', 0.9745711833695506)","('10.1107/S1600536807067153', 0.9680087493997286)","('10.1107/S0021889890012365', 0.9416633030242609)","('10.1107/S0108270198099326', 0.9173563459510364)","('10.1107/S0108767300009740', 0.9173563459509564)","('10.1107/S1600536806050112', 0.8760345189265554)","('10.1107/S1600536801009278', 0.3645429513309415)","('10.1107/S160053680604935X', 0.29647206838796475)","('10.1107/S205322961402172X', 0.22439980110665378)"
55,"('10.1107/S1399004714017623', 0.9789022043195305)","('10.1107/S0108767300009119', 0.9478107159483106)","('10.1107/S1600536803019883', 0.9478107159483106)","('10.1107/S1600536810030837', 0.9237233540782995)","('10.1107/S0907444999016571', 0.9237233540782995)","('10.1107/S1600536807068432', 0.9008402288633666)","('10.1107/S0108768102000927', 0.8583433536892194)","('10.1107/S0909049597019080', 0.7122710880079052)","('10.1107/S1600536810032915', 0.5659120821450933)","('10.1107/S1600536803019391', 0.41042514712611744)","('10.1107/S0021889807034115', 0.30994287717845)"
34,"('10.1107/S205327331408718X', 0.9834747725395241)","('10.1107/S0907444996012991', 0.9797650288547214)","('10.1107/S0907444911006445', 0.9758167417809767)","('10.1107/S0907444905039107', 0.9732023355103068)","('10.1107/S0907444999007064', 0.9632772745881967)","('10.1107/S1600536812029777', 0.9586869339117213)","('10.1107/S0907444901018972', 0.947815074093201)","('10.1107/S0907444902022527', 0.944915911595453)","('10.1107/S1600536812009683', 0.9338990942587542)","('10.1107/S1600536808038257', 0.9173738678234428)"
89,"('10.1107/S2053273314094285', 0.9783741012675486)","('10.1107/S090744490502264X', 0.9698548078274921)","('10.1107/S2053229614022165', 0.9502604329153612)","('10.1107/S1600536802000211', 0.9336805772204816)","('10.1107/S0108270111027491', 0.5865594619014255)","('10.1107/S0021889881009825', 0.4095483581109424)","('10.1107/S0021889808042131', 0.2872502772538844)"
102,"('10.1107/S0907444911008754', 0.9657159904243187)","('10.1107/S0108270111017586', 0.9602305488922096)","('10.1107/S0108270106041783', 0.9415155130767788)","('10.1107/S0909049511017535', 0.9415155130767788)","('10.1107/S0108767304025991', 0.9415155130767787)","('10.1107/S0108270196003368', 0.9289831230218021)","('10.1107/S0567739470001183', 0.9235202863311724)","('10.1107/S0907444903012629', 0.766424700152711)","('10.1107/S0907444997005829', 0.43975836134365276)","('10.1107/S0021889873008976', 0.3578809165177804)","('10.1107/S1600536809032620', 0.3160721493854044)"
120,"('10.1107/S0907444903016779', 0.9768159463008699)","('10.1107/S0907444907006592', 0.9697904754623142)","('10.1107/S0021889874008739', 0.3663421546108091)","('10.1107/S2052252514023306', 0.26854541516994257)"
146,"('10.1107/S0909049502005472', 0.9412935471372109)","('10.1107/S160053680605046X', 0.9412935471372109)","('10.1107/S1600536804008682', 0.9168325251110487)","('10.1107/S0021889874008739', 0.4229287250995573)"
131,"('10.1107/S0021889807001136', 0.8336329184091196)","('10.1107/S1600536812016790', 0.4979566298121593)","('10.1107/S0907444997005829', 0.20126186293778442)"
96,"('10.1107/S0567739480001209', 0.9737967022722176)","('10.1107/S0021889803001821', 0.9567075950585339)","('10.1107/S0021889890006616', 0.9170228905288567)","('10.1107/S2053273314085180', 0.6007926819373813)","('10.1107/S0021889804011288', 0.43361546599164946)","('10.1107/S0021889898010632', 0.3418371641996651)"
121,"('10.1107/S0021889878013618', 0.9678745105955843)","('10.1107/S0909049597018566', 0.9616965318639658)","('10.1107/S1600536808000020', 0.958504576163922)","('10.1107/S0907444999008410', 0.23431983127442654)","('10.1107/S0021889804011288', 0.12436111650369841)"
107,"('10.1107/S2053273314093310', 0.985799722756932)","('10.1107/S2053273314088986', 0.9797138897070401)","('10.1107/S0567739474000842', 0.9337320397096639)","('10.1107/S0108270101006229', 0.9337320397096639)","('10.1107/S0108767302018196', 0.9005980595644958)","('10.1107/S1600536803012169', 0.8757475744556197)","('10.1107/S1600536808002900', 0.7097012642486111)","('10.1107/S1600536810032320', 0.48117426865083424)","('10.1107/S0021889807034115', 0.4513366274812099)"
95,"('10.1107/S0907444911039655', 0.9689353513191892)","('10.1107/S1600536803027983', 0.941525367189062)","('10.1107/S1600536802002933', 0.854198477117188)","('10.1107/S1600536812002061', 0.798197055972935)","('10.1107/S1600536805029673', 0.7029333373897803)","('10.1107/S1600536810032381', 0.4198016669543692)","('10.1107/S1600536807050349', 0.39193100922165486)","('10.1107/S0021889888014803', 0.30096065417947526)"
87,"('10.1107/S0108270110013879', 0.9783803939605672)","('10.1107/S2056989015010932', 0.96570683179952)","('10.1107/S1600536807000050', 0.9289641515847198)","('10.1107/S1600536812014043', 0.9234998555527753)","('10.1107/S1600536812011592', 0.537347723648345)"
109,"('10.1107/S0907444902003207', 0.976298969775752)","('10.1107/S0021889806050813', 0.9715587646426614)","('10.1107/S1600536812029819', 0.9698350534088834)","('10.1107/S0909049503029169', 0.9698349543522233)","('10.1107/S1600536804004805', 0.9336368919682636)"
61,"('10.1107/S0907444997010524', 0.9645353333557372)","('10.1107/S1600536812006137', 0.9290706667114084)","('10.1107/S1600536812014523', 0.8266371966524345)","('10.1107/S1600536805035506', 0.6076550271153477)","('10.1107/S0021889811034911', 0.2735373226339564)","('10.1107/S1600536812004412', 0.19437216436528698)"
97,"('10.1107/S0108768199014251', 0.9668419483004932)","('10.1107/S1600536807061454', 0.9095689499104362)","('10.1107/S1600536811051105', 0.8260899059355183)","('10.1107/S2053273314082606', 0.527696640170616)","('10.1107/S1600536801009278', 0.2203922747684533)","('10.1107/S1744309106007305', 0.08858016215883277)"
41,"('10.1107/S2053273314093450', 0.9819632399208729)","('10.1107/S2053229614027673', 0.9774540500521127)","('10.1107/S0108270107008712', 0.9731885386936512)","('10.1107/S0021889893008568', 0.9699387334028173)","('10.1107/S0909049505013580', 0.9603191280917172)","('10.1107/S0909049598000454', 0.9338652134861952)","('10.1107/S0021889871006782', 0.9098162002084446)","('10.1107/S1600536800020316', 0.8759972752866172)","('10.1107/S1600536802013740', 0.3564024012057745)","('10.1107/S1600536805036603', 0.3379190049581378)","('10.1107/S160053680600016X', 0.2946223135152634)","('10.1107/S1600536807046430', 0.2295807735719213)","('10.1107/S0108270100013846', 0.08720381124887497)"
53,"('10.1107/S0108270107021622', 0.9169903094809274)","('10.1107/S1600536811053402', 0.9003881217932086)","('10.1107/S1600536805042844', 0.8754854641327416)","('10.1107/S0108270197016752', 0.09573552238532092)"
94,"('10.1107/S0108270104007668', 0.9716298246527223)","('10.1107/S0021889812031159', 0.9716298246527221)","('10.1107/S1744309110048414', 0.967969156864176)","('10.1107/S0567739476001629', 0.9618093793278641)","('10.1107/S0021889891001619', 0.9602817545138106)","('10.1107/S0108767398010514', 0.952716374421203)","('10.1107/S1600536801009679', 0.8581490913052126)","('10.1107/S1600536811041985', 0.7040022032543274)","('10.1107/S1600536812018491', 0.5406099142976254)"
36,"('10.1107/S0108270108017502', 0.9548957757108713)","('10.1107/S1600536813033734', 0.9477740559872889)","('10.1107/S1600536813034089', 0.9448726147577315)","('10.1107/S1600536811022756', 0.9416298132858104)","('10.1107/S1600536812022258', 0.7047269405987224)","('10.1107/S1600536810040602', 0.6296226608489469)","('10.1107/S1600536801009758', 0.4470876247323498)"
84,"('10.1107/S0021889813023728', 0.9792762090074095)","('10.1107/S0907444902012726', 0.958552418014818)","('10.1107/S0108270109021519', 0.9585524180148138)","('10.1107/S160053681201358X', 0.7652363181259335)","('10.1107/S1600536813032492', 0.6131476063800352)"
16,"('10.1107/S1600536812018193', 0.9570609139687611)","('10.1107/S160053681201210X', 0.9551096700960866)","('10.1107/S1600536807006630', 0.9551095722954989)","('10.1107/S0108270105036942', 0.941906633563456)","('10.1107/S1600536812051938', 0.9240317516041039)","('10.1107/S1600536809052192', 0.9176999397963458)","('10.1107/S1600536812015450', 0.9102193427589645)","('10.1107/S0021889884011298', 0.7186762141648595)","('10.1107/S0108270104000186', 0.572371161099822)","('10.1107/S1600536810039449', 0.49558702014135425)","('10.1107/S160053680300134X', 0.4939142616606824)","('10.1107/S1600536810038535', 0.4631163651537331)","('10.1107/S1600536814006266', 0.36329439117603207)","('10.1107/S2053273314098167', 0.3317384092270184)","('10.1107/S1600536812004783', 0.33007663702912043)","('10.1107/S1600536807042845', 0.3164218708076102)","('10.1107/S1600536801009278', 0.2759143983692618)","('10.1107/S1600536812050398', 0.19174698775856716)","('10.1107/S0108270108003466', 0.1828694199048779)"
99,"('10.1107/S1600576714024005', 0.973754995527775)","('10.1107/S0108270106055818', 0.9445938793620648)","('10.1107/S0108767393011535', 0.1887249617137918)"
67,"('10.1107/S0567739473000690', 0.9668164111548313)","('10.1107/S0108270100008817', 0.9170410278870776)","('10.1107/S1600536813003711', 0.7120284247340477)","('10.1107/S0021889890011153', 0.5800421063265768)","('10.1107/S1600536802000971', 0.47289924353953633)","('10.1107/S0021889801003624', 0.3095270277528589)"
30,"('10.1107/S1600536813000366', 0.9602865585109693)","('10.1107/S0108767303022037', 0.9602865585109693)","('10.1107/S1600536812016959', 0.9338109308516156)","('10.1107/S1600536812012317', 0.7836509679436597)","('10.1107/S0021889897008972', 0.5915128834817659)","('10.1107/S1600536812003406', 0.46833011344707665)","('10.1107/S010827010200032X', 0.40706354044545656)","('10.1107/S1600536810007014', 0.20790168150720323)"
85,"('10.1107/S0108270107019312', 0.9644603026177547)","('10.1107/S0108270109029084', 0.9567342747248504)","('10.1107/S0108270197015886', 0.9502444236648566)","('10.1107/S0365110X48000703', 0.8756110591621411)","('10.1107/S1600536814023897', 0.5643240679538508)","('10.1107/S1600536811040608', 0.45431795488658505)","('10.1107/S2053273314082394', 0.4145340610371169)","('10.1107/S0021889890011153', 0.39744382112665244)","('10.1107/S090744490102039X', 0.18813100702562963)","('10.1107/S1600536805036603', 0.1672767285196925)"
81,"('10.1107/S0907444902014269', 0.9763535357507556)","('10.1107/S1600536810009566', 0.9738644342508121)","('10.1107/S2053273315022500', 0.973158067447098)","('10.1107/S1600536812001560', 0.9707896604440551)","('10.1107/S0108270105040667', 0.9415793236195126)","('10.1107/S1600536807053950', 0.9236037308870545)","('10.1107/S1600536802006220', 0.9172373751276426)","('10.1107/S1600536811040876', 0.6499722062234984)","('10.1107/S0021889873008976', 0.4071048239046061)"
147,"('10.1107/S0108768195016259', 0.9791942604505971)","('10.1107/S0907444905007894', 0.9706271919243785)","('10.1107/S0021889897015057', 0.6156553514453276)","('10.1107/S1600536811024512', 0.44924422149245846)"
115,"('10.1107/S1744309106027825', 0.9656104927000138)","('10.1107/S0907444905007948', 0.9616424726269381)","('10.1107/S2053273314085738', 0.1980918655272258)","('10.1107/S1600536814004942', 0.14972416565602223)"
140,"('10.1107/S2053273314097393', 0.9844201660344586)","('10.1107/S0108270103018869', 0.9750722656551337)","('10.1107/S010876731003446X', 0.9697845644304651)","('10.1107/S0021889890013097', 0.916907512235849)"
15,"('10.1107/S2053273314081716', 0.981674507292752)","('10.1107/S0021889894013087', 0.9775096066767724)","('10.1107/S0909049511037149', 0.9764386521865273)","('10.1107/S0108767392005841', 0.9732546863191516)","('10.1107/S0021889803000281', 0.968078173992947)","('10.1107/S0021889803024415', 0.9633490145855028)","('10.1107/S1399004714026777', 0.9569749301655903)","('10.1107/S0567739476000144', 0.9505211696904289)","('10.1107/S0108270198006763', 0.9417896114005045)","('10.1107/S1600536801008170', 0.9100384903462345)","('10.1107/S1600536810039905', 0.8763029234760263)","('10.1107/S0907444997005829', 0.3366612445042118)","('10.1107/S2053273314085738', 0.32506761442805426)"
83,"('10.1107/S0108768199000452', 0.9849119780863849)","('10.1107/S0108270195011231', 0.9525805025572085)","('10.1107/S0108767310034471', 0.9502095276850688)"
63,"('10.1107/S0108767388012243', 0.9836641673653101)","('10.1107/S0108270108039772', 0.5893068942499678)","('10.1107/S0907444999005338', 0.4062076385146418)","('10.1107/S2053229616006677', 0.21053538425171814)"
56,"('10.1107/S1600536812035519', 0.9774738518038676)","('10.1107/S0108270113004551', 0.9680274025603274)","('10.1107/S010827019800016X', 0.9680274025516036)","('10.1107/S1600536814005649', 0.9632906857639447)","('10.1107/S002188989201286X', 0.9569062708602375)","('10.1107/S1600536805012663', 0.9549475577149974)","('10.1107/S010827019809982X', 0.9380530924191812)","('10.1107/S0108270198001401', 0.8898721490392542)","('10.1107/S0108270102004511', 0.5148850392860592)","('10.1107/S1600536811023464', 0.2897288369113595)"
128,"('10.1107/S0021889811030226', 0.9643644646182303)","('10.1107/S010876739700737X', 0.9376378130819031)","('10.1107/S1600536811023464', 0.3364148181936944)"
68,"('10.1107/S1744309110001375', 0.9745340401320124)","('10.1107/S0108767308027554', 0.9679621795214538)","('10.1107/S090744499801021X', 0.9632158357468407)","('10.1107/S0108767392013126', 0.9602731026066023)","('10.1107/S0108270197014911', 0.9379267228228164)","('10.1107/S1600536801001374', 0.9097115968331874)"
31,"('10.1107/S1744309110011942', 0.9688907254008099)","('10.1107/S1600536802005421', 0.9644465433152112)","('10.1107/S1744309108011512', 0.961711662031766)","('10.1107/S1600536814024295', 0.9601801285130365)","('10.1107/S1600536813016218', 0.6681677376086412)","('10.1107/S0108270195010183', 0.3755861898437534)"
105,"('10.1107/S0108767394003648', 0.9768542829761608)","('10.1107/S0021889801002898', 0.9757252236091439)","('10.1107/S0108270195010079', 0.9502367083830998)","('10.1107/S1600536806000043', 0.9170611806645755)","('10.1107/S160053680200853X', 0.9004734167974906)","('10.1107/S1600536801013472', 0.8894149075527673)","('10.1107/S2053273314091827', 0.3480089895411944)"
122,"('10.1107/S0021889813027453', 0.9730848618965935)","('10.1107/S1600536812004758', 0.9502069941882318)","('10.1107/S0021889868005583', 0.909467262743317)","('10.1107/S1600536806026833', 0.8265947146480113)","('10.1107/S1600536813016577', 0.5516755997238378)"
138,"('10.1107/S1744309109032540', 0.9616202946134548)","('10.1107/S1600536802005342', 0.8336879433249734)"
60,"('10.1107/S2053273314097307', 0.9869196203150795)","('10.1107/S2053273314093826', 0.980117822878924)","('10.1107/S1600536811037093', 0.9631811534794879)","('10.1107/S0108270107015387', 0.8895434604384631)","('10.1107/S0108270197007531', 0.8757363929932716)"
88,"('10.1107/S0907444912044903', 0.9800993489035038)","('10.1107/S056773946900012X', 0.9800993489035038)","('10.1107/S205327331409785X', 0.9763087486946473)","('10.1107/S1399004714009626', 0.9689052326617241)","('10.1107/S2053273314081698', 0.9631469424138953)","('10.1107/S1600536804007081', 0.24918832780336236)","('10.1107/S0907444903004815', 0.24619373024018823)"
134,"('10.1107/S0021889809023589', 0.5566061245449524)","('10.1107/S0021889801003624', 0.44149676732320253)","('10.1107/S0909049508030859', 0.36997296561595355)"
129,"('10.1107/S0108768199014020', 0.9643553758595966)","('10.1107/S0108270104025648', 0.8891056137877512)"
43,"('10.1107/S2053273314099446', 0.9801144025356501)","('10.1107/S1744309111029228', 0.9792858359746358)","('10.1107/S1744309105033737', 0.975143003169563)","('10.1107/S0907444902014348', 0.9502860063383783)","('10.1107/S1600536804016642', 0.923516931158549)","('10.1107/S0907444998008725', 0.08317661220652295)"
100,"('10.1107/S0108767385000861', 0.9808363515845937)","('10.1107/S1600536804018434', 0.9377180607309247)","('10.1107/S0567739476000351', 0.8339150470657125)"
35,"('10.1107/S002188980301375X', 0.9792984025453215)","('10.1107/S2059798315019403', 0.9668774440725133)","('10.1107/S0021889880011727', 0.9585968050906416)","('10.1107/S0108270107038036', 0.9447957401208554)","('10.1107/S1600536810009530', 0.9235633324750308)","('10.1107/S1600536809032413', 0.9096657562365066)","('10.1107/S0567739476000338', 0.30079823751951834)","('10.1107/S0567739480001817', 0.06471336495494227)"
58,"('10.1107/S0567739476001708', 0.9751265855363828)","('10.1107/S0108767391000892', 0.9751265855363828)","('10.1107/S0567739470000633', 0.9414743186597491)","('10.1107/S0567739480001830', 0.9378164638409544)","('10.1107/S0108270197013358', 0.900506342145528)","('10.1107/S1600536809031882', 0.4621715055372412)","('10.1107/S002188987100668X', 0.3681539484432463)"
39,"('10.1107/S0021889894004218', 0.9763958949839721)","('10.1107/S0108270103025903', 0.975820185105449)","('10.1107/S0108767300013180', 0.9690196121664618)","('10.1107/S1600536813009860', 0.9669542529775593)","('10.1107/S010827019701305X', 0.944923443922628)","('10.1107/S1600536809033303', 0.9339084895815474)","('10.1107/S1600536803023997', 0.9237386212291072)","('10.1107/S1600536812002255', 0.7663594463152055)","('10.1107/S1600536811040384', 0.547104534059801)","('10.1107/S205327331408173X', 0.4097651168930268)"
92,"('10.1107/S1399004714005550', 0.9818689040647642)","('10.1107/S0907444907008372', 0.973048370907082)"
79,"('10.1107/S1600536812003078', 0.9616855634867847)","('10.1107/S0108270101003365', 0.9335888309149742)","('10.1107/S1600576716008050', 0.7701170304785169)"
47,"('10.1107/S2053273314095126', 0.9872856321225623)","('10.1107/S0907444904002112', 0.9769367280362754)","('10.1107/S2053273314084496', 0.968009009856768)","('10.1107/S1744309108028571', 0.9603311722223918)","('10.1107/S0907444995006445', 0.9504139652779904)","('10.1107/S0108270197011438', 0.9173565397989611)","('10.1107/S0909049597018529', 0.9098435732324636)","('10.1107/S0907444904004998', 0.8760349131949765)","('10.1107/S0021889811055087', 0.7520698263899532)","('10.1107/S1600536812001626', 0.7032844837810804)","('10.1107/S0108767307023896', 0.5340447082603049)"
136,"('10.1107/S1600536810038511', 0.9501296480240686)","('10.1107/S010876738900824X', 0.9501296480240686)","('10.1107/S1600536803000783', 0.2033832846345348)","('10.1107/S1600536811027358', 0.15387582350537082)"
80,"('10.1107/S0108270108016454', 0.9644395444137027)","('10.1107/S160057671401303X', 0.9585128018103295)","('10.1107/S0108270101010034', 0.9414298378578653)","('10.1107/S1600536803022141', 0.923408249493133)","('10.1107/S090904951200235X', 0.6398411245429168)","('10.1107/S1600536811054663', 0.39006347032384264)"
133,"('10.1107/S0108270102000707', 0.9655914257404935)","('10.1107/S0108270107016800', 0.9584229726256392)","('10.1107/S1600536814023897', 0.32534702313186464)","('10.1107/S0907444902010934', 0.1612344657154778)"
101,"('10.1107/S0907444998004934', 0.9475186089089881)","('10.1107/S0108270197014030', 0.9287753057187201)"
118,"('10.1107/S2052252515005163', 0.9768102789784654)","('10.1107/S1600536814005868', 0.928774421738757)"
33,"('10.1107/S0909049513009175', 0.9706712970905245)","('10.1107/S1600536801007838', 0.8753530126347258)"
149,"('10.1107/S0021889898004014', 0.9000757235355085)"
52,"('10.1107/S0108767394005040', 0.9723639025022746)","('10.1107/S1600536803019524', 0.9567434995332826)","('10.1107/S0909049597013150', 0.9526238328610407)","('10.1107/S0108270197000243', 0.9170917075068209)","('10.1107/S0108270104028574', 0.5243023730399456)","('10.1107/S0021889809023589', 0.4091345992686436)","('10.1107/S1600536811027358', 0.33376583214425243)","('10.1107/S1600536807053937', 0.2563317758908236)","('10.1107/S010827019500309X', 0.22680956506147648)","('10.1107/S0021889897015057', 0.21874881780646044)","('10.1107/S1600536812013153', 0.14224279575125282)"
32,"('10.1107/S2053273314093966', 0.9853964804921413)","('10.1107/S1399004714005318', 0.9797338912952143)","('10.1107/S0021889878013862', 0.9769060621736187)","('10.1107/S2053230X16000923', 0.971627447813303)","('10.1107/S160053680300792X', 0.9337973782252483)","('10.1107/S1600536801001726', 0.9097236975877787)"
143,"('10.1107/S1600576715021019', 0.9643435407248752)","('10.1107/S0108767389000401', 0.9565921365346306)","('10.1107/S1600536811026845', 0.8003233220802636)","('10.1107/S0909049597035607', 0.3022808910776483)"
59,"('10.1107/S2053273314093280', 0.9808907736071568)","('10.1107/S1600536802009066', 0.9602528091028851)","('10.1107/S1600536812000992', 0.9567965316335708)","('10.1107/S1600536811039183', 0.9503160113786064)","('10.1107/S1600536802005366', 0.9378950142232576)","('10.1107/S1600536811042103', 0.9006320227571085)","('10.1107/S1600536810010895', 0.8343867045416637)","('10.1107/S1600536805036275', 0.7888616652145904)","('10.1107/S0108270197016752', 0.4341732657852419)","('10.1107/S0567739480001817', 0.40308290845364075)"
113,"('10.1107/S2052252515002146', 0.9715078814380983)","('10.1107/S0021889805029985', 0.9616452250128239)","('10.1107/S0365110X48000740', 0.8005551700666859)","('10.1107/S1600577516006159', 0.5013879251667163)","('10.1107/S1600536802000971', 0.23564630270156534)"
57,"('10.1107/S2053273314093528', 0.9853653209834378)","('10.1107/S1744309112031259', 0.9763057577313002)","('10.1107/S0021889802007835', 0.9744831237656814)","('10.1107/S1600536802005810', 0.9170701521474861)","('10.1107/S0021889899015587', 0.889426869652636)","('10.1107/S1600536807042845', 0.26637420988737637)"
148,"('10.1107/S1744309109044789', 0.9524114704902354)"
49,"('10.1107/S1600576714006724', 0.9804995729742012)","('10.1107/S0909049513003142', 0.9723743824064114)","('10.1107/S1600536807060291', 0.790795720787753)","('10.1107/S0907444902010934', 0.4032231709686635)","('10.1107/S0021889874009502', 0.37810077991711255)","('10.1107/S1600536805035506', 0.2935917284491376)"
45,"('10.1107/S2053230X1401557X', 0.9768703994054806)","('10.1107/S2056989015014851', 0.9738270307300084)","('10.1107/S0907444999007416', 0.9631639694235415)","('10.1107/S1600576714004427', 0.9631639694235415)","('10.1107/S056773947600003X', 0.9526393892588391)","('10.1107/S0108270110049851', 0.6437759035555274)"
65,"('10.1107/S2059798315021580', 0.9778476131041893)","('10.1107/S1600536806045144', 0.9093765601412761)","('10.1107/S0108270195007463', 0.4156953387328264)"
73,"('10.1107/S2053273314093917', 0.9851384927258683)","('10.1107/S0907444993009667', 0.9730886219629995)","('10.1107/S1600536811040232', 0.6351721403946821)","('10.1107/S2056989015012025', 0.15228255693213297)"
103,"('10.1107/S2053273314096867', 0.9783267321912102)","('10.1107/S0108270107012541', 0.9584595700331525)","('10.1107/S0021889803001158', 0.9475278779366136)"
144,"('10.1107/S2053273314088676', 0.9787504363185402)"
62,"('10.1107/S2053273314082667', 0.9875531283397698)","('10.1107/S205327331408228X', 0.9715500069069435)","('10.1107/S2053273314084204', 0.9547386479870618)","('10.1107/S002188988301033X', 0.3357269420305219)"
145,"('10.1107/S0108270105013545', 0.9706366460862713)","('10.1107/S1600536810010974', 0.9474550508956507)"
